Timestamp,Source,Person,Key,Value_X,Value_Y,Value_Z,Conf
1773142864.887153,PC1,0,0,0.3634,0.59667,-0.88449,0.999697208404541
1773142864.887153,PC1,0,1,0.38069,0.52137,-0.84468,0.9993187189102173
1773142864.887153,PC1,0,2,0.39419,0.5214,-0.84471,0.9994140267372131
1773142864.887153,PC1,0,3,0.40665,0.52161,-0.84492,0.9990872740745544
1773142864.887153,PC1,0,4,0.33981,0.51725,-0.86739,0.9995037913322449
1773142864.887153,PC1,0,5,0.32474,0.51498,-0.867,0.9996387958526611
1773142864.887153,PC1,0,6,0.30787,0.51407,-0.86727,0.9995679259300232
1773142864.887153,PC1,0,7,0.41244,0.53709,-0.51476,0.9990953207015991
1773142864.887153,PC1,0,8,0.27134,0.53363,-0.60782,0.9997681975364685
1773142864.887153,PC1,0,9,0.37574,0.67134,-0.75017,0.9995518922805786
1773142864.887153,PC1,0,10,0.33406,0.66858,-0.77676,0.9998276829719543
1773142864.887153,PC1,0,11,0.50073,0.86177,-0.25208,0.995395839214325
1773142864.887153,PC1,0,12,0.13758,0.85828,-0.42371,0.9979245662689209
1773142864.887153,PC1,0,13,0.63093,1.21304,-0.16196,0.09151226282119751
1773142864.887153,PC1,0,14,0.04679,1.31799,-0.31838,0.35905128717422485
1773142864.887153,PC1,0,15,0.64701,1.07633,-0.1131,0.02931142784655094
1773142864.887153,PC1,0,16,0.15701,1.53842,-0.76066,0.06795492768287659
1773142864.887153,PC1,0,17,0.6704,1.05576,-0.18558,0.040619224309921265
1773142864.887153,PC1,0,18,0.1693,1.64006,-0.85768,0.07825290411710739
1773142864.887153,PC1,0,19,0.67322,1.17255,-0.20987,0.05951342359185219
1773142864.887153,PC1,0,20,0.18457,1.678,-0.79994,0.12095008790493011
1773142864.887153,PC1,0,21,0.64277,1.04399,-0.16169,0.05533573403954506
1773142864.887153,PC1,0,22,0.15738,1.71563,-0.69309,0.11004021018743515
1773142864.887153,PC1,0,23,0.42179,1.62616,0.01525,0.0010231917258352041
1773142864.887153,PC1,0,24,0.19414,1.66921,-0.01183,0.0009144871728494763
1773142864.887153,PC1,0,25,0.44334,2.26043,-0.02372,0.006971224211156368
1773142864.887153,PC1,0,26,0.24156,2.30596,-0.12615,0.001983947353437543
1773142864.887153,PC1,0,27,0.46971,2.84876,0.42678,0.0006384905427694321
1773142864.887153,PC1,0,28,0.28028,2.87366,0.18381,0.00013967124687042087
1773142864.887153,PC1,0,29,0.47026,2.95013,0.44344,0.0003980987530667335
1773142864.887153,PC1,0,30,0.27663,2.97256,0.19445,0.00023122844868339598
1773142864.887153,PC1,0,31,0.46412,3.04221,-0.00021,0.0009204656817018986
1773142864.887153,PC1,0,32,0.3352,3.0443,-0.29921,0.00041181209962815046
1773142864.887153,PC1,0,Width_Shoulder,0.4017,,,
1773142864.927238,PC1,0,0,0.36319,0.59878,-0.83539,0.9997157454490662
1773142864.927238,PC1,0,1,0.38076,0.52282,-0.79868,0.9993551969528198
1773142864.927238,PC1,0,2,0.39433,0.52257,-0.79866,0.9994497299194336
1773142864.927238,PC1,0,3,0.4068,0.52251,-0.79886,0.999139666557312
1773142864.927238,PC1,0,4,0.33963,0.51905,-0.81932,0.9995317459106445
1773142864.927238,PC1,0,5,0.32457,0.51673,-0.81891,0.9996610879898071
1773142864.927238,PC1,0,6,0.3077,0.51563,-0.81916,0.999593198299408
1773142864.927238,PC1,0,7,0.41247,0.53739,-0.48565,0.9991525411605835
1773142864.927238,PC1,0,8,0.27136,0.5343,-0.56972,0.9997857213020325
1773142864.927238,PC1,0,9,0.37579,0.6728,-0.70723,0.9995821118354797
1773142864.927238,PC1,0,10,0.33379,0.67054,-0.73117,0.9998397827148438
1773142864.927238,PC1,0,11,0.50132,0.86117,-0.23008,0.9957386255264282
1773142864.927238,PC1,0,12,0.13758,0.85848,-0.40282,0.9981147050857544
1773142864.927238,PC1,0,13,0.63093,1.21304,-0.16196,0.08817827701568604
1773142864.927238,PC1,0,14,0.04679,1.31799,-0.31838,0.3684261739253998
1773142864.927238,PC1,0,15,0.64701,1.07633,-0.1131,0.027358686551451683
1773142864.927238,PC1,0,16,0.15701,1.53842,-0.76066,0.06837867200374603
1773142864.927238,PC1,0,17,0.6704,1.05576,-0.18558,0.03840503841638565
1773142864.927238,PC1,0,18,0.1693,1.64006,-0.85768,0.07879990339279175
1773142864.927238,PC1,0,19,0.67322,1.17255,-0.20987,0.056613631546497345
1773142864.927238,PC1,0,20,0.18457,1.678,-0.79994,0.12141577154397964
1773142864.927238,PC1,0,21,0.64277,1.04399,-0.16169,0.05284300819039345
1773142864.927238,PC1,0,22,0.15738,1.71563,-0.69309,0.1110445186495781
1773142864.927238,PC1,0,23,0.42179,1.62616,0.01525,0.0010575040942057967
1773142864.927238,PC1,0,24,0.19414,1.66921,-0.01183,0.0009833334479480982
1773142864.927238,PC1,0,25,0.44334,2.26043,-0.02372,0.006959091871976852
1773142864.927238,PC1,0,26,0.24156,2.30596,-0.12615,0.0020885062403976917
1773142864.927238,PC1,0,27,0.46971,2.84876,0.42678,0.0006533318082801998
1773142864.927238,PC1,0,28,0.28028,2.87366,0.18381,0.0001346824283245951
1773142864.927238,PC1,0,29,0.47026,2.95013,0.44344,0.00042145949555560946
1773142864.927238,PC1,0,30,0.27663,2.97256,0.19445,0.00021963198378216475
1773142864.927238,PC1,0,31,0.46412,3.04221,-0.00021,0.000937985023483634
1773142864.927238,PC1,0,32,0.3352,3.0443,-0.29921,0.0003913648833986372
1773142864.927238,PC1,0,Width_Shoulder,0.4027,,,
1773142865.006499,PC1,0,0,0.36217,0.60434,-0.90545,0.9997000098228455
1773142865.006499,PC1,0,1,0.38088,0.52679,-0.87091,0.9993159174919128
1773142865.006499,PC1,0,2,0.39461,0.52598,-0.87087,0.9994068741798401
1773142865.006499,PC1,0,3,0.40711,0.52544,-0.87099,0.9990954399108887
1773142865.006499,PC1,0,4,0.33883,0.52382,-0.88898,0.9994954466819763
1773142865.006499,PC1,0,5,0.32348,0.52145,-0.88855,0.9996155500411987
1773142865.006499,PC1,0,6,0.30674,0.52021,-0.88877,0.9995355010032654
1773142865.006499,PC1,0,7,0.41283,0.53938,-0.55464,0.9991326332092285
1773142865.006499,PC1,0,8,0.27136,0.53654,-0.62962,0.9997709393501282
1773142865.006499,PC1,0,9,0.37562,0.67793,-0.77452,0.9995623826980591
1773142865.006499,PC1,0,10,0.33196,0.6758,-0.79522,0.9998279809951782
1773142865.006499,PC1,0,11,0.50058,0.85846,-0.27385,0.9956797361373901
1773142865.006499,PC1,0,12,0.139,0.85835,-0.4285,0.9977228045463562
1773142865.006499,PC1,0,13,0.63093,1.21304,-0.16196,0.08376073837280273
1773142865.006499,PC1,0,14,0.04679,1.31799,-0.31838,0.3421718180179596
1773142865.006499,PC1,0,15,0.64701,1.07633,-0.1131,0.047235194593667984
1773142865.006499,PC1,0,16,0.15701,1.53842,-0.76066,0.06841907650232315
1773142865.006499,PC1,0,17,0.6704,1.05576,-0.18558,0.06894208490848541
1773142865.006499,PC1,0,18,0.1693,1.64006,-0.85768,0.08131666481494904
1773142865.006499,PC1,0,19,0.67322,1.17255,-0.20987,0.09650827199220657
1773142865.006499,PC1,0,20,0.18457,1.678,-0.79994,0.12476479262113571
1773142865.006499,PC1,0,21,0.64277,1.04399,-0.16169,0.09157877415418625
1773142865.006499,PC1,0,22,0.15738,1.71563,-0.69309,0.11600158363580704
1773142865.006499,PC1,0,23,0.42179,1.62616,0.01525,0.0009744482231326401
1773142865.006499,PC1,0,24,0.19414,1.66921,-0.01183,0.0008883363334462047
1773142865.006499,PC1,0,25,0.44334,2.26043,-0.02372,0.005955003201961517
1773142865.006499,PC1,0,26,0.24156,2.30596,-0.12615,0.0018341635586693883
1773142865.006499,PC1,0,27,0.46971,2.84876,0.42678,0.0005535620148293674
1773142865.006499,PC1,0,28,0.28028,2.87366,0.18381,0.00011347664258209988
1773142865.006499,PC1,0,29,0.47026,2.95013,0.44344,0.0003626846009865403
1773142865.006499,PC1,0,30,0.27663,2.97256,0.19445,0.00018769384769257158
1773142865.006499,PC1,0,31,0.46412,3.04221,-0.00021,0.0008048177696764469
1773142865.006499,PC1,0,32,0.3352,3.0443,-0.29921,0.00034142922959290445
1773142865.006499,PC1,0,Width_Shoulder,0.3933,,,
1773142865.086546,PC1,0,0,0.36132,0.60682,-0.88307,0.9997261762619019
1773142865.086546,PC1,0,1,0.38032,0.52896,-0.84954,0.9993712306022644
1773142865.086546,PC1,0,2,0.39413,0.52794,-0.84952,0.9994566440582275
1773142865.086546,PC1,0,3,0.4067,0.52721,-0.84956,0.9991674423217773
1773142865.086546,PC1,0,4,0.33826,0.52624,-0.86606,0.9995324015617371
1773142865.086546,PC1,0,5,0.32293,0.52391,-0.86557,0.999643087387085
1773142865.086546,PC1,0,6,0.30636,0.52264,-0.86579,0.999564528465271
1773142865.086546,PC1,0,7,0.4127,0.54075,-0.54232,0.9992055296897888
1773142865.086546,PC1,0,8,0.27139,0.53822,-0.61004,0.9997891783714294
1773142865.086546,PC1,0,9,0.37518,0.68034,-0.75617,0.999596357345581
1773142865.086546,PC1,0,10,0.33108,0.67819,-0.77514,0.9998409748077393
1773142865.086546,PC1,0,11,0.50002,0.85955,-0.26591,0.9959482550621033
1773142865.086546,PC1,0,12,0.13951,0.85836,-0.40814,0.997778058052063
1773142865.086546,PC1,0,13,0.63093,1.21304,-0.16196,0.08356884866952896
1773142865.086546,PC1,0,14,0.04679,1.31799,-0.31838,0.32031482458114624
1773142865.086546,PC1,0,15,0.64701,1.07633,-0.1131,0.08795443177223206
1773142865.086546,PC1,0,16,0.15701,1.53842,-0.76066,0.06900592893362045
1773142865.086546,PC1,0,17,0.6704,1.05576,-0.18558,0.11686454713344574
1773142865.086546,PC1,0,18,0.1693,1.64006,-0.85768,0.08671005815267563
1773142865.086546,PC1,0,19,0.67322,1.17255,-0.20987,0.15129098296165466
1773142865.086546,PC1,0,20,0.18457,1.678,-0.79994,0.13418829441070557
1773142865.086546,PC1,0,21,0.64277,1.04399,-0.16169,0.1467331200838089
1773142865.086546,PC1,0,22,0.15738,1.71563,-0.69309,0.12669241428375244
1773142865.086546,PC1,0,23,0.42179,1.62616,0.01525,0.0008992896764539182
1773142865.086546,PC1,0,24,0.19414,1.66921,-0.01183,0.0008130137575790286
1773142865.086546,PC1,0,25,0.44334,2.26043,-0.02372,0.005400529596954584
1773142865.086546,PC1,0,26,0.24156,2.30596,-0.12615,0.0016631976468488574
1773142865.086546,PC1,0,27,0.46971,2.84876,0.42678,0.0004993510083295405
1773142865.086546,PC1,0,28,0.28028,2.87366,0.18381,0.00010226280573988333
1773142865.086546,PC1,0,29,0.47026,2.95013,0.44344,0.0003273093607276678
1773142865.086546,PC1,0,30,0.27663,2.97256,0.19445,0.00016931809659581631
1773142865.086546,PC1,0,31,0.46412,3.04221,-0.00021,0.0007287377375178039
1773142865.086546,PC1,0,32,0.3352,3.0443,-0.29921,0.0003097088192589581
1773142865.086546,PC1,0,Width_Shoulder,0.3876,,,
1773142865.2151198,PC1,0,0,0.3614,0.61473,-0.88916,0.9997337460517883
1773142865.2151198,PC1,0,1,0.38023,0.53589,-0.85531,0.9993966817855835
1773142865.2151198,PC1,0,2,0.39402,0.53436,-0.85532,0.9994872808456421
1773142865.2151198,PC1,0,3,0.40655,0.53309,-0.85544,0.9992085099220276
1773142865.2151198,PC1,0,4,0.33762,0.53366,-0.87164,0.9995294809341431
1773142865.2151198,PC1,0,5,0.3219,0.53114,-0.87121,0.9996357560157776
1773142865.2151198,PC1,0,6,0.30559,0.52968,-0.87142,0.9995337128639221
1773142865.2151198,PC1,0,7,0.41218,0.54476,-0.52765,0.9992833137512207
1773142865.2151198,PC1,0,8,0.27162,0.54336,-0.58667,0.9997682571411133
1773142865.2151198,PC1,0,9,0.37556,0.68799,-0.75489,0.9996084570884705
1773142865.2151198,PC1,0,10,0.33104,0.68665,-0.77382,0.9998120069503784
1773142865.2151198,PC1,0,11,0.49995,0.85955,-0.25861,0.9963458776473999
1773142865.2151198,PC1,0,12,0.13933,0.85887,-0.4049,0.9966117143630981
1773142865.2151198,PC1,0,13,0.63093,1.21304,-0.16196,0.0840340331196785
1773142865.2151198,PC1,0,14,0.04679,1.31799,-0.31838,0.30378472805023193
1773142865.2151198,PC1,0,15,0.64701,1.07633,-0.1131,0.09435730427503586
1773142865.2151198,PC1,0,16,0.15701,1.53842,-0.76066,0.09536314755678177
1773142865.2151198,PC1,0,17,0.6704,1.05576,-0.18558,0.12664258480072021
1773142865.2151198,PC1,0,18,0.1693,1.64006,-0.85768,0.11271800845861435
1773142865.2151198,PC1,0,19,0.67322,1.17255,-0.20987,0.16408468782901764
1773142865.2151198,PC1,0,20,0.18457,1.678,-0.79994,0.1626347452402115
1773142865.2151198,PC1,0,21,0.64277,1.04399,-0.16169,0.15997189283370972
1773142865.2151198,PC1,0,22,0.15738,1.71563,-0.69309,0.15368019044399261
1773142865.2151198,PC1,0,23,0.42179,1.62616,0.01525,0.0008791607106104493
1773142865.2151198,PC1,0,24,0.19414,1.66921,-0.01183,0.0007953963940963149
1773142865.2151198,PC1,0,25,0.44334,2.26043,-0.02372,0.005183938425034285
1773142865.2151198,PC1,0,26,0.24156,2.30596,-0.12615,0.001773108378984034
1773142865.2151198,PC1,0,27,0.46971,2.84876,0.42678,0.000488742021843791
1773142865.2151198,PC1,0,28,0.28028,2.87366,0.18381,9.97686802293174e-05
1773142865.2151198,PC1,0,29,0.47026,2.95013,0.44344,0.00031110853888094425
1773142865.2151198,PC1,0,30,0.27663,2.97256,0.19445,0.00015585344226565212
1773142865.2151198,PC1,0,31,0.46412,3.04221,-0.00021,0.0005988252232782543
1773142865.2151198,PC1,0,32,0.3352,3.0443,-0.29921,0.00026566561427898705
1773142865.2151198,PC1,0,Width_Shoulder,0.3892,,,
1773142865.3735318,PC1,0,0,0.36352,0.61685,-0.8343,0.9997131824493408
1773142865.3735318,PC1,0,1,0.38117,0.5373,-0.79881,0.9993629455566406
1773142865.3735318,PC1,0,2,0.39435,0.5356,-0.79885,0.9994555711746216
1773142865.3735318,PC1,0,3,0.40648,0.53416,-0.79909,0.999175488948822
1773142865.3735318,PC1,0,4,0.33939,0.53568,-0.81575,0.9995034337043762
1773142865.3735318,PC1,0,5,0.32317,0.53347,-0.81531,0.9996193051338196
1773142865.3735318,PC1,0,6,0.30692,0.53223,-0.81555,0.999525249004364
1773142865.3735318,PC1,0,7,0.41193,0.54492,-0.47577,0.9992520213127136
1773142865.3735318,PC1,0,8,0.27254,0.5452,-0.53735,0.9997701644897461
1773142865.3735318,PC1,0,9,0.37685,0.69014,-0.7018,0.9996222853660583
1773142865.3735318,PC1,0,10,0.33294,0.68965,-0.72074,0.9998218417167664
1773142865.3735318,PC1,0,11,0.50252,0.86374,-0.21402,0.9968066811561584
1773142865.3735318,PC1,0,12,0.13961,0.85763,-0.37365,0.9973281621932983
1773142865.3735318,PC1,0,13,0.63093,1.21304,-0.16196,0.08706613630056381
1773142865.3735318,PC1,0,14,0.04679,1.31799,-0.31838,0.3184505105018616
1773142865.3735318,PC1,0,15,0.64701,1.07633,-0.1131,0.0723227858543396
1773142865.3735318,PC1,0,16,0.15701,1.53842,-0.76066,0.08260725438594818
1773142865.3735318,PC1,0,17,0.6704,1.05576,-0.18558,0.09789643436670303
1773142865.3735318,PC1,0,18,0.1693,1.64006,-0.85768,0.09765037149190903
1773142865.3735318,PC1,0,19,0.67322,1.17255,-0.20987,0.12913313508033752
1773142865.3735318,PC1,0,20,0.18457,1.678,-0.79994,0.14305658638477325
1773142865.3735318,PC1,0,21,0.64277,1.04399,-0.16169,0.12563832104206085
1773142865.3735318,PC1,0,22,0.15738,1.71563,-0.69309,0.13457195460796356
1773142865.3735318,PC1,0,23,0.42179,1.62616,0.01525,0.0008613226236775517
1773142865.3735318,PC1,0,24,0.19414,1.66921,-0.01183,0.0007898546173237264
1773142865.3735318,PC1,0,25,0.44334,2.26043,-0.02372,0.0045501901768147945
1773142865.3735318,PC1,0,26,0.24156,2.30596,-0.12615,0.001584532088600099
1773142865.3735318,PC1,0,27,0.46971,2.84876,0.42678,0.00046823793672956526
1773142865.3735318,PC1,0,28,0.28028,2.87366,0.18381,9.349843458039686e-05
1773142865.3735318,PC1,0,29,0.47026,2.95013,0.44344,0.0003013231616932899
1773142865.3735318,PC1,0,30,0.27663,2.97256,0.19445,0.00015283400716725737
1773142865.3735318,PC1,0,31,0.46412,3.04221,-0.00021,0.0005727749667130411
1773142865.3735318,PC1,0,32,0.3352,3.0443,-0.29921,0.00024052095250226557
1773142865.3735318,PC1,0,Width_Shoulder,0.3965,,,
1773142865.413398,PC1,0,0,0.36343,0.6168,-0.82807,0.9996765851974487
1773142865.413398,PC1,0,1,0.38105,0.53689,-0.79394,0.999285876750946
1773142865.413398,PC1,0,2,0.39406,0.53509,-0.79397,0.9993940591812134
1773142865.413398,PC1,0,3,0.40612,0.53349,-0.79421,0.9990795850753784
1773142865.413398,PC1,0,4,0.33948,0.5357,-0.81073,0.9994436502456665
1773142865.413398,PC1,0,5,0.32303,0.53372,-0.8103,0.999578058719635
1773142865.413398,PC1,0,6,0.3069,0.53262,-0.81055,0.9994746446609497
1773142865.413398,PC1,0,7,0.41183,0.54384,-0.47854,0.9991755485534668
1773142865.413398,PC1,0,8,0.27285,0.54534,-0.54194,0.999742865562439
1773142865.413398,PC1,0,9,0.37695,0.69004,-0.69779,0.999579906463623
1773142865.413398,PC1,0,10,0.33303,0.68981,-0.71674,0.999806821346283
1773142865.413398,PC1,0,11,0.50416,0.86347,-0.21847,0.996881902217865
1773142865.413398,PC1,0,12,0.14063,0.85661,-0.37275,0.9974679946899414
1773142865.413398,PC1,0,13,0.63093,1.21304,-0.16196,0.08789145201444626
1773142865.413398,PC1,0,14,0.04679,1.31799,-0.31838,0.3162160813808441
1773142865.413398,PC1,0,15,0.64701,1.07633,-0.1131,0.06146795302629471
1773142865.413398,PC1,0,16,0.15701,1.53842,-0.76066,0.07576091587543488
1773142865.413398,PC1,0,17,0.6704,1.05576,-0.18558,0.08408397436141968
1773142865.413398,PC1,0,18,0.1693,1.64006,-0.85768,0.0902828648686409
1773142865.413398,PC1,0,19,0.67322,1.17255,-0.20987,0.11262314766645432
1773142865.413398,PC1,0,20,0.18457,1.678,-0.79994,0.13375164568424225
1773142865.413398,PC1,0,21,0.64277,1.04399,-0.16169,0.1093023344874382
1773142865.413398,PC1,0,22,0.15738,1.71563,-0.69309,0.12555406987667084
1773142865.413398,PC1,0,23,0.42179,1.62616,0.01525,0.0008858926594257355
1773142865.413398,PC1,0,24,0.19414,1.66921,-0.01183,0.0008061486878432333
1773142865.413398,PC1,0,25,0.44334,2.26043,-0.02372,0.004789622966200113
1773142865.413398,PC1,0,26,0.24156,2.30596,-0.12615,0.0016473805299028754
1773142865.413398,PC1,0,27,0.46971,2.84876,0.42678,0.0004951231530867517
1773142865.413398,PC1,0,28,0.28028,2.87366,0.18381,0.00010331552766729146
1773142865.413398,PC1,0,29,0.47026,2.95013,0.44344,0.00032284006010740995
1773142865.413398,PC1,0,30,0.27663,2.97256,0.19445,0.00016855189460329711
1773142865.413398,PC1,0,31,0.46412,3.04221,-0.00021,0.0006198185146786273
1773142865.413398,PC1,0,32,0.3352,3.0443,-0.29921,0.0002512710925657302
1773142865.413398,PC1,0,Width_Shoulder,0.395,,,
1773142865.453584,PC1,0,0,0.36289,0.61603,-0.87534,0.9996724128723145
1773142865.453584,PC1,0,1,0.38054,0.53624,-0.83993,0.999273955821991
1773142865.453584,PC1,0,2,0.39357,0.53451,-0.84001,0.9993865489959717
1773142865.453584,PC1,0,3,0.40567,0.53297,-0.84025,0.9990658760070801
1773142865.453584,PC1,0,4,0.33911,0.53496,-0.85714,0.9994339346885681
1773142865.453584,PC1,0,5,0.32269,0.53303,-0.85677,0.9995726346969604
1773142865.453584,PC1,0,6,0.30666,0.53205,-0.85705,0.9994677901268005
1773142865.453584,PC1,0,7,0.41158,0.54331,-0.51485,0.9991641640663147
1773142865.453584,PC1,0,8,0.27289,0.54507,-0.58132,0.9997342228889465
1773142865.453584,PC1,0,9,0.37649,0.68926,-0.74101,0.9995684623718262
1773142865.453584,PC1,0,10,0.3326,0.68886,-0.76082,0.9998023509979248
1773142865.453584,PC1,0,11,0.50467,0.86246,-0.24357,0.9968231320381165
1773142865.453584,PC1,0,12,0.14105,0.856,-0.39381,0.9974627494812012
1773142865.453584,PC1,0,13,0.63093,1.21304,-0.16196,0.08989667147397995
1773142865.453584,PC1,0,14,0.04679,1.31799,-0.31838,0.3163592219352722
1773142865.453584,PC1,0,15,0.64701,1.07633,-0.1131,0.056754957884550095
1773142865.453584,PC1,0,16,0.15701,1.53842,-0.76066,0.07206151634454727
1773142865.453584,PC1,0,17,0.6704,1.05576,-0.18558,0.07785636931657791
1773142865.453584,PC1,0,18,0.1693,1.64006,-0.85768,0.08586183190345764
1773142865.453584,PC1,0,19,0.67322,1.17255,-0.20987,0.10505075752735138
1773142865.453584,PC1,0,20,0.18457,1.678,-0.79994,0.12807439267635345
1773142865.453584,PC1,0,21,0.64277,1.04399,-0.16169,0.10170169919729233
1773142865.453584,PC1,0,22,0.15738,1.71563,-0.69309,0.11992887407541275
1773142865.453584,PC1,0,23,0.42179,1.62616,0.01525,0.0009344128775410354
1773142865.453584,PC1,0,24,0.19414,1.66921,-0.01183,0.0008355118334293365
1773142865.453584,PC1,0,25,0.44334,2.26043,-0.02372,0.00548331905156374
1773142865.453584,PC1,0,26,0.24156,2.30596,-0.12615,0.0017931131878867745
1773142865.453584,PC1,0,27,0.46971,2.84876,0.42678,0.0005494699580594897
1773142865.453584,PC1,0,28,0.28028,2.87366,0.18381,0.00012371002230793238
1773142865.453584,PC1,0,29,0.47026,2.95013,0.44344,0.0003463482717052102
1773142865.453584,PC1,0,30,0.27663,2.97256,0.19445,0.00019713648362085223
1773142865.453584,PC1,0,31,0.46412,3.04221,-0.00021,0.0006894919206388295
1773142865.453584,PC1,0,32,0.3352,3.0443,-0.29921,0.00029407517286017537
1773142865.453584,PC1,0,Width_Shoulder,0.3935,,,
1773142865.49305,PC1,0,0,0.36211,0.61524,-0.83659,0.9996973276138306
1773142865.49305,PC1,0,1,0.37978,0.53568,-0.80228,0.9993257522583008
1773142865.49305,PC1,0,2,0.39286,0.53404,-0.80231,0.9994307160377502
1773142865.49305,PC1,0,3,0.40502,0.53256,-0.80252,0.9991330504417419
1773142865.49305,PC1,0,4,0.33856,0.5343,-0.81847,0.9994762539863586
1773142865.49305,PC1,0,5,0.32229,0.53241,-0.81805,0.9996052384376526
1773142865.49305,PC1,0,6,0.30631,0.53153,-0.81831,0.9995091557502747
1773142865.49305,PC1,0,7,0.41123,0.54289,-0.49107,0.9992218017578125
1773142865.49305,PC1,0,8,0.27279,0.54482,-0.55343,0.9997555017471313
1773142865.49305,PC1,0,9,0.37585,0.68851,-0.70817,0.9995999336242676
1773142865.49305,PC1,0,10,0.33193,0.68775,-0.72667,0.9998176097869873
1773142865.49305,PC1,0,11,0.50502,0.86171,-0.2341,0.9969775676727295
1773142865.49305,PC1,0,12,0.14103,0.85581,-0.38219,0.9976862072944641
1773142865.49305,PC1,0,13,0.63093,1.21304,-0.16196,0.08585122227668762
1773142865.49305,PC1,0,14,0.04679,1.31799,-0.31838,0.31940343976020813
1773142865.49305,PC1,0,15,0.64701,1.07633,-0.1131,0.052088215947151184
1773142865.49305,PC1,0,16,0.15701,1.53842,-0.76066,0.0727480947971344
1773142865.49305,PC1,0,17,0.6704,1.05576,-0.18558,0.07201581448316574
1773142865.49305,PC1,0,18,0.1693,1.64006,-0.85768,0.08690446615219116
1773142865.49305,PC1,0,19,0.67322,1.17255,-0.20987,0.09793956577777863
1773142865.49305,PC1,0,20,0.18457,1.678,-0.79994,0.13044604659080505
1773142865.49305,PC1,0,21,0.64277,1.04399,-0.16169,0.09487069398164749
1773142865.49305,PC1,0,22,0.15738,1.71563,-0.69309,0.1217317208647728
1773142865.49305,PC1,0,23,0.42179,1.62616,0.01525,0.0008878240478225052
1773142865.49305,PC1,0,24,0.19414,1.66921,-0.01183,0.0008044802234508097
1773142865.49305,PC1,0,25,0.44334,2.26043,-0.02372,0.005149871576577425
1773142865.49305,PC1,0,26,0.24156,2.30596,-0.12615,0.001683991402387619
1773142865.49305,PC1,0,27,0.46971,2.84876,0.42678,0.0005184761830605567
1773142865.49305,PC1,0,28,0.28028,2.87366,0.18381,0.00011380008072592318
1773142865.49305,PC1,0,29,0.47026,2.95013,0.44344,0.00033122720196843147
1773142865.49305,PC1,0,30,0.27663,2.97256,0.19445,0.00018112272664438933
1773142865.49305,PC1,0,31,0.46412,3.04221,-0.00021,0.0006605247617699206
1773142865.49305,PC1,0,32,0.3352,3.0443,-0.29921,0.00027471178327687085
1773142865.49305,PC1,0,Width_Shoulder,0.393,,,
1773142865.5729458,PC1,0,0,0.35939,0.61332,-0.85886,0.9997202157974243
1773142865.5729458,PC1,0,1,0.37714,0.5341,-0.82432,0.9993736743927002
1773142865.5729458,PC1,0,2,0.39026,0.53256,-0.82438,0.9994775056838989
1773142865.5729458,PC1,0,3,0.40255,0.53124,-0.82461,0.9991981387138367
1773142865.5729458,PC1,0,4,0.33601,0.53294,-0.83929,0.9995126724243164
1773142865.5729458,PC1,0,5,0.31972,0.5314,-0.83886,0.9996364116668701
1773142865.5729458,PC1,0,6,0.30405,0.53094,-0.83911,0.9995444416999817
1773142865.5729458,PC1,0,7,0.41027,0.54197,-0.50976,0.9992905259132385
1773142865.5729458,PC1,0,8,0.27181,0.54493,-0.56611,0.9997743368148804
1773142865.5729458,PC1,0,9,0.37416,0.68685,-0.72889,0.9996301531791687
1773142865.5729458,PC1,0,10,0.33005,0.68599,-0.74552,0.9998316764831543
1773142865.5729458,PC1,0,11,0.50575,0.86028,-0.24843,0.9972290396690369
1773142865.5729458,PC1,0,12,0.14104,0.85565,-0.38534,0.9979322552680969
1773142865.5729458,PC1,0,13,0.63093,1.21304,-0.16196,0.09128619730472565
1773142865.5729458,PC1,0,14,0.04679,1.31799,-0.31838,0.3304339349269867
1773142865.5729458,PC1,0,15,0.64701,1.07633,-0.1131,0.044771742075681686
1773142865.5729458,PC1,0,16,0.15701,1.53842,-0.76066,0.0673036202788353
1773142865.5729458,PC1,0,17,0.6704,1.05576,-0.18558,0.06214442476630211
1773142865.5729458,PC1,0,18,0.1693,1.64006,-0.85768,0.07972492277622223
1773142865.5729458,PC1,0,19,0.67322,1.17255,-0.20987,0.08615033328533173
1773142865.5729458,PC1,0,20,0.18457,1.678,-0.79994,0.12141279876232147
1773142865.5729458,PC1,0,21,0.64277,1.04399,-0.16169,0.08326619118452072
1773142865.5729458,PC1,0,22,0.15738,1.71563,-0.69309,0.11270597577095032
1773142865.5729458,PC1,0,23,0.42179,1.62616,0.01525,0.0008646338246762753
1773142865.5729458,PC1,0,24,0.19414,1.66921,-0.01183,0.0007786010392010212
1773142865.5729458,PC1,0,25,0.44334,2.26043,-0.02372,0.004976809490472078
1773142865.5729458,PC1,0,26,0.24156,2.30596,-0.12615,0.0016096284380182624
1773142865.5729458,PC1,0,27,0.46971,2.84876,0.42678,0.0005150728393346071
1773142865.5729458,PC1,0,28,0.28028,2.87366,0.18381,0.0001137751096393913
1773142865.5729458,PC1,0,29,0.47026,2.95013,0.44344,0.00033036890090443194
1773142865.5729458,PC1,0,30,0.27663,2.97256,0.19445,0.00018487987108528614
1773142865.5729458,PC1,0,31,0.46412,3.04221,-0.00021,0.0006501132738776505
1773142865.5729458,PC1,0,32,0.3352,3.0443,-0.29921,0.0002711023553274572
1773142865.5729458,PC1,0,Width_Shoulder,0.3896,,,
1773142865.732859,PC1,0,0,0.35505,0.61002,-0.74672,0.9997733235359192
1773142865.732859,PC1,0,1,0.3728,0.53075,-0.71751,0.9994825124740601
1773142865.732859,PC1,0,2,0.38602,0.52921,-0.71743,0.9995660185813904
1773142865.732859,PC1,0,3,0.39861,0.52801,-0.7176,0.9993430376052856
1773142865.732859,PC1,0,4,0.33141,0.53082,-0.73037,0.9996026158332825
1773142865.732859,PC1,0,5,0.31476,0.53001,-0.72984,0.9997015595436096
1773142865.732859,PC1,0,6,0.29951,0.53015,-0.73001,0.9996307492256165
1773142865.732859,PC1,0,7,0.40869,0.5403,-0.43812,0.9994058012962341
1773142865.732859,PC1,0,8,0.26956,0.54526,-0.48646,0.9998183846473694
1773142865.732859,PC1,0,9,0.37177,0.68384,-0.63114,0.9996991157531738
1773142865.732859,PC1,0,10,0.32703,0.68387,-0.64479,0.999864399433136
1773142865.732859,PC1,0,11,0.50664,0.8591,-0.21722,0.9976257681846619
1773142865.732859,PC1,0,12,0.13949,0.85766,-0.34141,0.9984085559844971
1773142865.732859,PC1,0,13,0.63093,1.21304,-0.16196,0.0822661742568016
1773142865.732859,PC1,0,14,0.04679,1.31799,-0.31838,0.3237837255001068
1773142865.732859,PC1,0,15,0.64701,1.07633,-0.1131,0.036326464265584946
1773142865.732859,PC1,0,16,0.15701,1.53842,-0.76066,0.06502926349639893
1773142865.732859,PC1,0,17,0.6704,1.05576,-0.18558,0.05224303528666496
1773142865.732859,PC1,0,18,0.1693,1.64006,-0.85768,0.0779576227068901
1773142865.732859,PC1,0,19,0.67322,1.17255,-0.20987,0.07462649047374725
1773142865.732859,PC1,0,20,0.18457,1.678,-0.79994,0.11951877176761627
1773142865.732859,PC1,0,21,0.64277,1.04399,-0.16169,0.07268974930047989
1773142865.732859,PC1,0,22,0.15738,1.71563,-0.69309,0.11207925528287888
1773142865.732859,PC1,0,23,0.42179,1.62616,0.01525,0.0007833018898963928
1773142865.732859,PC1,0,24,0.19414,1.66921,-0.01183,0.0007463869405910373
1773142865.732859,PC1,0,25,0.44334,2.26043,-0.02372,0.004060186445713043
1773142865.732859,PC1,0,26,0.24156,2.30596,-0.12615,0.0013413486303761601
1773142865.732859,PC1,0,27,0.46971,2.84876,0.42678,0.00043857007403858006
1773142865.732859,PC1,0,28,0.28028,2.87366,0.18381,8.792875451035798e-05
1773142865.732859,PC1,0,29,0.47026,2.95013,0.44344,0.00029137893579900265
1773142865.732859,PC1,0,30,0.27663,2.97256,0.19445,0.00014272323460318148
1773142865.732859,PC1,0,31,0.46412,3.04221,-0.00021,0.0005567566840909421
1773142865.732859,PC1,0,32,0.3352,3.0443,-0.29921,0.0002194125554524362
1773142865.732859,PC1,0,Width_Shoulder,0.3876,,,
1773142865.874999,PC1,0,0,0.34825,0.60684,-0.68554,0.9998118877410889
1773142865.874999,PC1,0,1,0.36634,0.52789,-0.65793,0.9995589256286621
1773142865.874999,PC1,0,2,0.37967,0.52643,-0.65777,0.9996293187141418
1773142865.874999,PC1,0,3,0.39284,0.5253,-0.65789,0.9994455575942993
1773142865.874999,PC1,0,4,0.32487,0.52878,-0.66847,0.9996638894081116
1773142865.874999,PC1,0,5,0.30816,0.52854,-0.66789,0.9997467398643494
1773142865.874999,PC1,0,6,0.2936,0.52909,-0.66804,0.9996904730796814
1773142865.874999,PC1,0,7,0.40606,0.53908,-0.39902,0.9994872212409973
1773142865.874999,PC1,0,8,0.26651,0.54551,-0.43494,0.9998472332954407
1773142865.874999,PC1,0,9,0.36761,0.68132,-0.57841,0.9997445940971375
1773142865.874999,PC1,0,10,0.3214,0.6822,-0.58896,0.9998855590820312
1773142865.874999,PC1,0,11,0.50692,0.86178,-0.19613,0.9978179931640625
1773142865.874999,PC1,0,12,0.13729,0.8591,-0.31231,0.9986878633499146
1773142865.874999,PC1,0,13,0.63093,1.21304,-0.16196,0.0734906867146492
1773142865.874999,PC1,0,14,0.04679,1.31799,-0.31838,0.29173436760902405
1773142865.874999,PC1,0,15,0.64701,1.07633,-0.1131,0.029383983463048935
1773142865.874999,PC1,0,16,0.15701,1.53842,-0.76066,0.0603870265185833
1773142865.874999,PC1,0,17,0.6704,1.05576,-0.18558,0.04421600326895714
1773142865.874999,PC1,0,18,0.1693,1.64006,-0.85768,0.0754174292087555
1773142865.874999,PC1,0,19,0.67322,1.17255,-0.20987,0.06541900336742401
1773142865.874999,PC1,0,20,0.18457,1.678,-0.79994,0.11724194884300232
1773142865.874999,PC1,0,21,0.64277,1.04399,-0.16169,0.06390984356403351
1773142865.874999,PC1,0,22,0.15738,1.71563,-0.69309,0.1098145842552185
1773142865.874999,PC1,0,23,0.42179,1.62616,0.01525,0.0006537273875437677
1773142865.874999,PC1,0,24,0.19414,1.66921,-0.01183,0.0006292174803093076
1773142865.874999,PC1,0,25,0.44334,2.26043,-0.02372,0.0032644763123244047
1773142865.874999,PC1,0,26,0.24156,2.30596,-0.12615,0.0010682232677936554
1773142865.874999,PC1,0,27,0.46971,2.84876,0.42678,0.0003615665773395449
1773142865.874999,PC1,0,28,0.28028,2.87366,0.18381,6.72760943416506e-05
1773142865.874999,PC1,0,29,0.47026,2.95013,0.44344,0.0002454379282426089
1773142865.874999,PC1,0,30,0.27663,2.97256,0.19445,0.00010924195521511137
1773142865.874999,PC1,0,31,0.46412,3.04221,-0.00021,0.0004629462491720915
1773142865.874999,PC1,0,32,0.3352,3.0443,-0.29921,0.00017505360301584005
1773142865.874999,PC1,0,Width_Shoulder,0.3875,,,
1773142866.056112,PC1,0,0,0.34277,0.6006,-0.79471,0.9998201131820679
1773142866.056112,PC1,0,1,0.36042,0.51861,-0.76524,0.9995570182800293
1773142866.056112,PC1,0,2,0.37342,0.5161,-0.76509,0.9996318817138672
1773142866.056112,PC1,0,3,0.38639,0.51421,-0.76522,0.9994487762451172
1773142866.056112,PC1,0,4,0.31818,0.52421,-0.77857,0.9996707439422607
1773142866.056112,PC1,0,5,0.30147,0.52539,-0.77805,0.9997551441192627
1773142866.056112,PC1,0,6,0.28715,0.52691,-0.77824,0.9997012615203857
1773142866.056112,PC1,0,7,0.40231,0.53328,-0.48635,0.9994853138923645
1773142866.056112,PC1,0,8,0.2622,0.5456,-0.53765,0.9998573660850525
1773142866.056112,PC1,0,9,0.36413,0.67488,-0.67937,0.9997504949569702
1773142866.056112,PC1,0,10,0.31593,0.67929,-0.69363,0.999890148639679
1773142866.056112,PC1,0,11,0.50336,0.85298,-0.23341,0.99779212474823
1773142866.056112,PC1,0,12,0.13798,0.86164,-0.39009,0.9988521337509155
1773142866.056112,PC1,0,13,0.63093,1.21304,-0.16196,0.06816303730010986
1773142866.056112,PC1,0,14,0.04679,1.31799,-0.31838,0.2922002077102661
1773142866.056112,PC1,0,15,0.64701,1.07633,-0.1131,0.02465001493692398
1773142866.056112,PC1,0,16,0.15701,1.53842,-0.76066,0.05945836752653122
1773142866.056112,PC1,0,17,0.6704,1.05576,-0.18558,0.03839194402098656
1773142866.056112,PC1,0,18,0.1693,1.64006,-0.85768,0.07405277341604233
1773142866.056112,PC1,0,19,0.67322,1.17255,-0.20987,0.05830364301800728
1773142866.056112,PC1,0,20,0.18457,1.678,-0.79994,0.11554982513189316
1773142866.056112,PC1,0,21,0.64277,1.04399,-0.16169,0.05698117986321449
1773142866.056112,PC1,0,22,0.15738,1.71563,-0.69309,0.10881046950817108
1773142866.056112,PC1,0,23,0.42179,1.62616,0.01525,0.000571122916880995
1773142866.056112,PC1,0,24,0.19414,1.66921,-0.01183,0.000550313270650804
1773142866.056112,PC1,0,25,0.44334,2.26043,-0.02372,0.002756602130830288
1773142866.056112,PC1,0,26,0.24156,2.30596,-0.12615,0.000925391330383718
1773142866.056112,PC1,0,27,0.46971,2.84876,0.42678,0.0003234794712625444
1773142866.056112,PC1,0,28,0.28028,2.87366,0.18381,5.549864363274537e-05
1773142866.056112,PC1,0,29,0.47026,2.95013,0.44344,0.00022196461213752627
1773142866.056112,PC1,0,30,0.27663,2.97256,0.19445,9.128876990871504e-05
1773142866.056112,PC1,0,31,0.46412,3.04221,-0.00021,0.0004283650196157396
1773142866.056112,PC1,0,32,0.3352,3.0443,-0.29921,0.00015450317005161196
1773142866.056112,PC1,0,Width_Shoulder,0.3977,,,
1773142866.095686,PC1,0,0,0.34168,0.59936,-0.76165,0.9998352527618408
1773142866.095686,PC1,0,1,0.3594,0.51737,-0.73329,0.9995923042297363
1773142866.095686,PC1,0,2,0.37244,0.51475,-0.7331,0.9996601939201355
1773142866.095686,PC1,0,3,0.38546,0.51277,-0.73316,0.9994930028915405
1773142866.095686,PC1,0,4,0.31716,0.52351,-0.74429,0.9996975660324097
1773142866.095686,PC1,0,5,0.30047,0.52489,-0.74375,0.9997744560241699
1773142866.095686,PC1,0,6,0.28617,0.52658,-0.74393,0.9997260570526123
1773142866.095686,PC1,0,7,0.40155,0.53195,-0.46727,0.9995238184928894
1773142866.095686,PC1,0,8,0.26155,0.54557,-0.50804,0.9998686909675598
1773142866.095686,PC1,0,9,0.36329,0.67334,-0.65175,0.9997693300247192
1773142866.095686,PC1,0,10,0.31493,0.67805,-0.66316,0.9998986124992371
1773142866.095686,PC1,0,11,0.50275,0.85189,-0.23138,0.9978075623512268
1773142866.095686,PC1,0,12,0.13826,0.86234,-0.3725,0.9989314079284668
1773142866.095686,PC1,0,13,0.63093,1.21304,-0.16196,0.06444509327411652
1773142866.095686,PC1,0,14,0.04679,1.31799,-0.31838,0.282005250453949
1773142866.095686,PC1,0,15,0.64701,1.07633,-0.1131,0.023263558745384216
1773142866.095686,PC1,0,16,0.15701,1.53842,-0.76066,0.06277066469192505
1773142866.095686,PC1,0,17,0.6704,1.05576,-0.18558,0.03723159804940224
1773142866.095686,PC1,0,18,0.1693,1.64006,-0.85768,0.08077728748321533
1773142866.095686,PC1,0,19,0.67322,1.17255,-0.20987,0.05730154365301132
1773142866.095686,PC1,0,20,0.18457,1.678,-0.79994,0.1261858493089676
1773142866.095686,PC1,0,21,0.64277,1.04399,-0.16169,0.05630377680063248
1773142866.095686,PC1,0,22,0.15738,1.71563,-0.69309,0.11873580515384674
1773142866.095686,PC1,0,23,0.42179,1.62616,0.01525,0.0005334072047844529
1773142866.095686,PC1,0,24,0.19414,1.66921,-0.01183,0.0005178182036615908
1773142866.095686,PC1,0,25,0.44334,2.26043,-0.02372,0.0025277440436184406
1773142866.095686,PC1,0,26,0.24156,2.30596,-0.12615,0.000844781578052789
1773142866.095686,PC1,0,27,0.46971,2.84876,0.42678,0.00029514130437746644
1773142866.095686,PC1,0,28,0.28028,2.87366,0.18381,5.0144375563832e-05
1773142866.095686,PC1,0,29,0.47026,2.95013,0.44344,0.00020421750377863646
1773142866.095686,PC1,0,30,0.27663,2.97256,0.19445,8.245088974945247e-05
1773142866.095686,PC1,0,31,0.46412,3.04221,-0.00021,0.00039375180494971573
1773142866.095686,PC1,0,32,0.3352,3.0443,-0.29921,0.0001408605312462896
1773142866.095686,PC1,0,Width_Shoulder,0.391,,,
1773142866.135253,PC1,0,0,0.34075,0.59829,-0.72625,0.9998446702957153
1773142866.135253,PC1,0,1,0.3585,0.51634,-0.69854,0.9996129274368286
1773142866.135253,PC1,0,2,0.37158,0.51366,-0.69834,0.9996758699417114
1773142866.135253,PC1,0,3,0.38469,0.51164,-0.69838,0.9995213747024536
1773142866.135253,PC1,0,4,0.3163,0.5228,-0.70883,0.9997138381004333
1773142866.135253,PC1,0,5,0.29963,0.52429,-0.70826,0.9997848868370056
1773142866.135253,PC1,0,6,0.28537,0.52606,-0.70843,0.9997409582138062
1773142866.135253,PC1,0,7,0.40093,0.53095,-0.44081,0.9995454549789429
1773142866.135253,PC1,0,8,0.26097,0.5455,-0.47744,0.9998741149902344
1773142866.135253,PC1,0,9,0.36254,0.67211,-0.61977,0.999779224395752
1773142866.135253,PC1,0,10,0.31386,0.677,-0.63013,0.9999025464057922
1773142866.135253,PC1,0,11,0.50228,0.85199,-0.22339,0.9978603720664978
1773142866.135253,PC1,0,12,0.13791,0.86317,-0.35069,0.9989891052246094
1773142866.135253,PC1,0,13,0.63093,1.21304,-0.16196,0.06317838281393051
1773142866.135253,PC1,0,14,0.04679,1.31799,-0.31838,0.27068230509757996
1773142866.135253,PC1,0,15,0.64701,1.07633,-0.1131,0.02286730334162712
1773142866.135253,PC1,0,16,0.15701,1.53842,-0.76066,0.062127821147441864
1773142866.135253,PC1,0,17,0.6704,1.05576,-0.18558,0.037516999989748
1773142866.135253,PC1,0,18,0.1693,1.64006,-0.85768,0.08149359375238419
1773142866.135253,PC1,0,19,0.67322,1.17255,-0.20987,0.05844935029745102
1773142866.135253,PC1,0,20,0.18457,1.678,-0.79994,0.1276565045118332
1773142866.135253,PC1,0,21,0.64277,1.04399,-0.16169,0.05779247358441353
1773142866.135253,PC1,0,22,0.15738,1.71563,-0.69309,0.12070340663194656
1773142866.135253,PC1,0,23,0.42179,1.62616,0.01525,0.0005034350324422121
1773142866.135253,PC1,0,24,0.19414,1.66921,-0.01183,0.0004931525909341872
1773142866.135253,PC1,0,25,0.44334,2.26043,-0.02372,0.0023251057136803865
1773142866.135253,PC1,0,26,0.24156,2.30596,-0.12615,0.0007780766463838518
1773142866.135253,PC1,0,27,0.46971,2.84876,0.42678,0.0002717949391808361
1773142866.135253,PC1,0,28,0.28028,2.87366,0.18381,4.557586362352595e-05
1773142866.135253,PC1,0,29,0.47026,2.95013,0.44344,0.00018940588051918894
1773142866.135253,PC1,0,30,0.27663,2.97256,0.19445,7.504640961997211e-05
1773142866.135253,PC1,0,31,0.46412,3.04221,-0.00021,0.00036495650419965386
1773142866.135253,PC1,0,32,0.3352,3.0443,-0.29921,0.00012990442337468266
1773142866.135253,PC1,0,Width_Shoulder,0.3861,,,
1773142866.255018,PC1,0,0,0.33948,0.59674,-0.66569,0.9998651146888733
1773142866.255018,PC1,0,1,0.35712,0.51503,-0.63962,0.9996600151062012
1773142866.255018,PC1,0,2,0.3703,0.51231,-0.63938,0.9997155666351318
1773142866.255018,PC1,0,3,0.38355,0.51022,-0.63939,0.9995822906494141
1773142866.255018,PC1,0,4,0.31519,0.52181,-0.64923,0.999749481678009
1773142866.255018,PC1,0,5,0.29865,0.52347,-0.64862,0.9998111724853516
1773142866.255018,PC1,0,6,0.28436,0.52534,-0.64877,0.9997737407684326
1773142866.255018,PC1,0,7,0.39973,0.52968,-0.39521,0.9995980262756348
1773142866.255018,PC1,0,8,0.26009,0.54539,-0.42849,0.9998896718025208
1773142866.255018,PC1,0,9,0.36134,0.67041,-0.56428,0.9998036026954651
1773142866.255018,PC1,0,10,0.31266,0.67553,-0.57389,0.9999131560325623
1773142866.255018,PC1,0,11,0.5013,0.85266,-0.19916,0.9980897903442383
1773142866.255018,PC1,0,12,0.13663,0.86513,-0.31361,0.9991222620010376
1773142866.255018,PC1,0,13,0.63093,1.21304,-0.16196,0.060782235115766525
1773142866.255018,PC1,0,14,0.04679,1.31799,-0.31838,0.26896652579307556
1773142866.255018,PC1,0,15,0.64701,1.07633,-0.1131,0.022911421954631805
1773142866.255018,PC1,0,16,0.15701,1.53842,-0.76066,0.06730269640684128
1773142866.255018,PC1,0,17,0.6704,1.05576,-0.18558,0.03908195719122887
1773142866.255018,PC1,0,18,0.1693,1.64006,-0.85768,0.08915996551513672
1773142866.255018,PC1,0,19,0.67322,1.17255,-0.20987,0.06166781857609749
1773142866.255018,PC1,0,20,0.18457,1.678,-0.79994,0.1382254809141159
1773142866.255018,PC1,0,21,0.64277,1.04399,-0.16169,0.061423059552907944
1773142866.255018,PC1,0,22,0.15738,1.71563,-0.69309,0.131033793091774
1773142866.255018,PC1,0,23,0.42179,1.62616,0.01525,0.0005038903327658772
1773142866.255018,PC1,0,24,0.19414,1.66921,-0.01183,0.0005037194932810962
1773142866.255018,PC1,0,25,0.44334,2.26043,-0.02372,0.002113285241648555
1773142866.255018,PC1,0,26,0.24156,2.30596,-0.12615,0.0007150886813178658
1773142866.255018,PC1,0,27,0.46971,2.84876,0.42678,0.0002480401308275759
1773142866.255018,PC1,0,28,0.28028,2.87366,0.18381,3.875583206536248e-05
1773142866.255018,PC1,0,29,0.47026,2.95013,0.44344,0.00017947306332644075
1773142866.255018,PC1,0,30,0.27663,2.97256,0.19445,6.347554881358519e-05
1773142866.255018,PC1,0,31,0.46412,3.04221,-0.00021,0.0003454819670878351
1773142866.255018,PC1,0,32,0.3352,3.0443,-0.29921,0.00011715418804669753
1773142866.255018,PC1,0,Width_Shoulder,0.3824,,,
1773142866.414193,PC1,0,0,0.33699,0.59401,-0.5993,0.9999025464057922
1773142866.414193,PC1,0,1,0.35453,0.51352,-0.5733,0.9997445344924927
1773142866.414193,PC1,0,2,0.36796,0.51097,-0.57304,0.9997864961624146
1773142866.414193,PC1,0,3,0.3814,0.50887,-0.573,0.999690055847168
1773142866.414193,PC1,0,4,0.31278,0.51992,-0.58164,0.9998137950897217
1773142866.414193,PC1,0,5,0.29639,0.5216,-0.58101,0.9998587369918823
1773142866.414193,PC1,0,6,0.28193,0.52359,-0.58114,0.9998322129249573
1773142866.414193,PC1,0,7,0.39747,0.5286,-0.34306,0.9996893405914307
1773142866.414193,PC1,0,8,0.25796,0.54484,-0.36834,0.9999179244041443
1773142866.414193,PC1,0,9,0.35926,0.66755,-0.50521,0.9998499155044556
1773142866.414193,PC1,0,10,0.31043,0.67306,-0.51266,0.9999334812164307
1773142866.414193,PC1,0,11,0.49954,0.85972,-0.17209,0.998336672782898
1773142866.414193,PC1,0,12,0.13369,0.8688,-0.27232,0.9993672370910645
1773142866.414193,PC1,0,13,0.63093,1.21304,-0.16196,0.056019239127635956
1773142866.414193,PC1,0,14,0.04679,1.31799,-0.31838,0.26116132736206055
1773142866.414193,PC1,0,15,0.64701,1.07633,-0.1131,0.022852955386042595
1773142866.414193,PC1,0,16,0.15701,1.53842,-0.76066,0.08061125129461288
1773142866.414193,PC1,0,17,0.6704,1.05576,-0.18558,0.04205435886979103
1773142866.414193,PC1,0,18,0.1693,1.64006,-0.85768,0.10864696651697159
1773142866.414193,PC1,0,19,0.67322,1.17255,-0.20987,0.06778278946876526
1773142866.414193,PC1,0,20,0.18457,1.678,-0.79994,0.1648845076560974
1773142866.414193,PC1,0,21,0.64277,1.04399,-0.16169,0.06889037042856216
1773142866.414193,PC1,0,22,0.15738,1.71563,-0.69309,0.1588490605354309
1773142866.414193,PC1,0,23,0.42179,1.62616,0.01525,0.00048597907880321145
1773142866.414193,PC1,0,24,0.19414,1.66921,-0.01183,0.0005280590848997235
1773142866.414193,PC1,0,25,0.44334,2.26043,-0.02372,0.001599867013283074
1773142866.414193,PC1,0,26,0.24156,2.30596,-0.12615,0.0005450127646327019
1773142866.414193,PC1,0,27,0.46971,2.84876,0.42678,0.0002028129092650488
1773142866.414193,PC1,0,28,0.28028,2.87366,0.18381,2.6497617000131868e-05
1773142866.414193,PC1,0,29,0.47026,2.95013,0.44344,0.00015528716903645545
1773142866.414193,PC1,0,30,0.27663,2.97256,0.19445,4.294776954338886e-05
1773142866.414193,PC1,0,31,0.46412,3.04221,-0.00021,0.00028811561060138047
1773142866.414193,PC1,0,32,0.3352,3.0443,-0.29921,9.046716149896383e-05
1773142866.414193,PC1,0,Width_Shoulder,0.3794,,,
1773142866.4542148,PC1,0,0,0.33682,0.59346,-0.59059,0.9999047517776489
1773142866.4542148,PC1,0,1,0.35422,0.51329,-0.56455,0.9997500777244568
1773142866.4542148,PC1,0,2,0.36766,0.51079,-0.56429,0.9997895359992981
1773142866.4542148,PC1,0,3,0.38108,0.50878,-0.56425,0.9996976852416992
1773142866.4542148,PC1,0,4,0.31265,0.51934,-0.57309,0.9998182058334351
1773142866.4542148,PC1,0,5,0.29639,0.52089,-0.57247,0.9998610615730286
1773142866.4542148,PC1,0,6,0.28178,0.5228,-0.5726,0.9998366236686707
1773142866.4542148,PC1,0,7,0.39693,0.52855,-0.33593,0.999691367149353
1773142866.4542148,PC1,0,8,0.25771,0.54447,-0.36238,0.9999187588691711
1773142866.4542148,PC1,0,9,0.35897,0.66706,-0.49727,0.999852180480957
1773142866.4542148,PC1,0,10,0.31031,0.67254,-0.50492,0.999934196472168
1773142866.4542148,PC1,0,11,0.49876,0.86052,-0.16867,0.9982993006706238
1773142866.4542148,PC1,0,12,0.13299,0.87071,-0.2688,0.999380886554718
1773142866.4542148,PC1,0,13,0.63093,1.21304,-0.16196,0.05518687143921852
1773142866.4542148,PC1,0,14,0.04679,1.31799,-0.31838,0.257723331451416
1773142866.4542148,PC1,0,15,0.64701,1.07633,-0.1131,0.02302059717476368
1773142866.4542148,PC1,0,16,0.15701,1.53842,-0.76066,0.08326263725757599
1773142866.4542148,PC1,0,17,0.6704,1.05576,-0.18558,0.042481809854507446
1773142866.4542148,PC1,0,18,0.1693,1.64006,-0.85768,0.11167021840810776
1773142866.4542148,PC1,0,19,0.67322,1.17255,-0.20987,0.06884796172380447
1773142866.4542148,PC1,0,20,0.18457,1.678,-0.79994,0.16966232657432556
1773142866.4542148,PC1,0,21,0.64277,1.04399,-0.16169,0.07004231214523315
1773142866.4542148,PC1,0,22,0.15738,1.71563,-0.69309,0.16320942342281342
1773142866.4542148,PC1,0,23,0.42179,1.62616,0.01525,0.0004719753924291581
1773142866.4542148,PC1,0,24,0.19414,1.66921,-0.01183,0.0005195981357246637
1773142866.4542148,PC1,0,25,0.44334,2.26043,-0.02372,0.001511895563453436
1773142866.4542148,PC1,0,26,0.24156,2.30596,-0.12615,0.0005108256591483951
1773142866.4542148,PC1,0,27,0.46971,2.84876,0.42678,0.000192975188838318
1773142866.4542148,PC1,0,28,0.28028,2.87366,0.18381,2.455860339978244e-05
1773142866.4542148,PC1,0,29,0.47026,2.95013,0.44344,0.00015024149615783244
1773142866.4542148,PC1,0,30,0.27663,2.97256,0.19445,3.999800173914991e-05
1773142866.4542148,PC1,0,31,0.46412,3.04221,-0.00021,0.00027553457766771317
1773142866.4542148,PC1,0,32,0.3352,3.0443,-0.29921,8.667892689118162e-05
1773142866.4542148,PC1,0,Width_Shoulder,0.3794,,,
1773142866.493541,PC1,0,0,0.33676,0.59302,-0.58472,0.999901533126831
1773142866.493541,PC1,0,1,0.35401,0.51304,-0.55881,0.9997388124465942
1773142866.493541,PC1,0,2,0.3675,0.5106,-0.55855,0.9997803568840027
1773142866.493541,PC1,0,3,0.38093,0.50867,-0.55852,0.999687135219574
1773142866.493541,PC1,0,4,0.31255,0.51885,-0.56758,0.9998102784156799
1773142866.493541,PC1,0,5,0.2964,0.5203,-0.56696,0.9998544454574585
1773142866.493541,PC1,0,6,0.28166,0.52217,-0.5671,0.9998294711112976
1773142866.493541,PC1,0,7,0.39664,0.52851,-0.33127,0.9996788501739502
1773142866.493541,PC1,0,8,0.25744,0.54416,-0.3586,0.9999148845672607
1773142866.493541,PC1,0,9,0.35881,0.66665,-0.49172,0.9998480677604675
1773142866.493541,PC1,0,10,0.31035,0.67212,-0.4996,0.9999316334724426
1773142866.493541,PC1,0,11,0.49834,0.86038,-0.16628,0.9983243346214294
1773142866.493541,PC1,0,12,0.13251,0.87207,-0.26651,0.9993980526924133
1773142866.493541,PC1,0,13,0.63093,1.21304,-0.16196,0.05705888941884041
1773142866.493541,PC1,0,14,0.04679,1.31799,-0.31838,0.2555423378944397
1773142866.493541,PC1,0,15,0.64701,1.07633,-0.1131,0.02334682084619999
1773142866.493541,PC1,0,16,0.15701,1.53842,-0.76066,0.08296241611242294
1773142866.493541,PC1,0,17,0.6704,1.05576,-0.18558,0.042597416788339615
1773142866.493541,PC1,0,18,0.1693,1.64006,-0.85768,0.11036812514066696
1773142866.493541,PC1,0,19,0.67322,1.17255,-0.20987,0.0691819041967392
1773142866.493541,PC1,0,20,0.18457,1.678,-0.79994,0.16767027974128723
1773142866.493541,PC1,0,21,0.64277,1.04399,-0.16169,0.07056643813848495
1773142866.493541,PC1,0,22,0.15738,1.71563,-0.69309,0.16166889667510986
1773142866.493541,PC1,0,23,0.42179,1.62616,0.01525,0.0004770612868014723
1773142866.493541,PC1,0,24,0.19414,1.66921,-0.01183,0.0005286954110488296
1773142866.493541,PC1,0,25,0.44334,2.26043,-0.02372,0.001445471658371389
1773142866.493541,PC1,0,26,0.24156,2.30596,-0.12615,0.00048566717305220664
1773142866.493541,PC1,0,27,0.46971,2.84876,0.42678,0.00018808401364367455
1773142866.493541,PC1,0,28,0.28028,2.87366,0.18381,2.3213211534311995e-05
1773142866.493541,PC1,0,29,0.47026,2.95013,0.44344,0.00014916258805897087
1773142866.493541,PC1,0,30,0.27663,2.97256,0.19445,3.792706411331892e-05
1773142866.493541,PC1,0,31,0.46412,3.04221,-0.00021,0.00026718058506958187
1773142866.493541,PC1,0,32,0.3352,3.0443,-0.29921,8.405292464885861e-05
1773142866.493541,PC1,0,Width_Shoulder,0.3795,,,
1773142866.533797,PC1,0,0,0.33669,0.59274,-0.57789,0.9999077320098877
1773142866.533797,PC1,0,1,0.3538,0.51288,-0.5527,0.9997536540031433
1773142866.533797,PC1,0,2,0.36731,0.51049,-0.55244,0.9997928738594055
1773142866.533797,PC1,0,3,0.38076,0.50862,-0.55241,0.9997059106826782
1773142866.533797,PC1,0,4,0.31242,0.51855,-0.56122,0.9998210668563843
1773142866.533797,PC1,0,5,0.29628,0.51996,-0.5606,0.9998623728752136
1773142866.533797,PC1,0,6,0.28151,0.52178,-0.56074,0.999839186668396
1773142866.533797,PC1,0,7,0.39639,0.52849,-0.32748,0.9996968507766724
1773142866.533797,PC1,0,8,0.25716,0.54396,-0.35433,0.9999200105667114
1773142866.533797,PC1,0,9,0.35868,0.66636,-0.48561,0.99985671043396
1773142866.533797,PC1,0,10,0.31028,0.67199,-0.49328,0.9999355673789978
1773142866.533797,PC1,0,11,0.49791,0.86051,-0.16421,0.9984011054039001
1773142866.533797,PC1,0,12,0.13214,0.87215,-0.26411,0.9994369149208069
1773142866.533797,PC1,0,13,0.63093,1.21304,-0.16196,0.056315019726753235
1773142866.533797,PC1,0,14,0.04679,1.31799,-0.31838,0.257386714220047
1773142866.533797,PC1,0,15,0.64701,1.07633,-0.1131,0.02271973341703415
1773142866.533797,PC1,0,16,0.15701,1.53842,-0.76066,0.08354324847459793
1773142866.533797,PC1,0,17,0.6704,1.05576,-0.18558,0.042039498686790466
1773142866.533797,PC1,0,18,0.1693,1.64006,-0.85768,0.11125561594963074
1773142866.533797,PC1,0,19,0.67322,1.17255,-0.20987,0.06848365813493729
1773142866.533797,PC1,0,20,0.18457,1.678,-0.79994,0.16838611662387848
1773142866.533797,PC1,0,21,0.64277,1.04399,-0.16169,0.06998098641633987
1773142866.533797,PC1,0,22,0.15738,1.71563,-0.69309,0.16289503872394562
1773142866.533797,PC1,0,23,0.42179,1.62616,0.01525,0.00048095962847582996
1773142866.533797,PC1,0,24,0.19414,1.66921,-0.01183,0.0005367838894017041
1773142866.533797,PC1,0,25,0.44334,2.26043,-0.02372,0.0013964148238301277
1773142866.533797,PC1,0,26,0.24156,2.30596,-0.12615,0.0004762047901749611
1773142866.533797,PC1,0,27,0.46971,2.84876,0.42678,0.00018276188347954303
1773142866.533797,PC1,0,28,0.28028,2.87366,0.18381,2.190459235862363e-05
1773142866.533797,PC1,0,29,0.47026,2.95013,0.44344,0.00014708290109410882
1773142866.533797,PC1,0,30,0.27663,2.97256,0.19445,3.536093208822422e-05
1773142866.533797,PC1,0,31,0.46412,3.04221,-0.00021,0.0002616806305013597
1773142866.533797,PC1,0,32,0.3352,3.0443,-0.29921,8.105647430056706e-05
1773142866.533797,PC1,0,Width_Shoulder,0.3793,,,
1773142866.5730612,PC1,0,0,0.33686,0.59248,-0.57385,0.9999129772186279
1773142866.5730612,PC1,0,1,0.35377,0.51273,-0.54829,0.9997676610946655
1773142866.5730612,PC1,0,2,0.36729,0.51038,-0.54804,0.9998044371604919
1773142866.5730612,PC1,0,3,0.3807,0.50856,-0.54803,0.999722957611084
1773142866.5730612,PC1,0,4,0.31255,0.51827,-0.55753,0.999830961227417
1773142866.5730612,PC1,0,5,0.29647,0.51964,-0.55691,0.9998698830604553
1773142866.5730612,PC1,0,6,0.28161,0.52145,-0.55705,0.999847948551178
1773142866.5730612,PC1,0,7,0.3961,0.52846,-0.32489,0.999713122844696
1773142866.5730612,PC1,0,8,0.25696,0.54375,-0.35291,0.9999244213104248
1773142866.5730612,PC1,0,9,0.35861,0.6661,-0.48138,0.9998651742935181
1773142866.5730612,PC1,0,10,0.31061,0.67184,-0.49008,0.9999393224716187
1773142866.5730612,PC1,0,11,0.4971,0.86026,-0.16276,0.998482882976532
1773142866.5730612,PC1,0,12,0.13165,0.87248,-0.26241,0.9994656443595886
1773142866.5730612,PC1,0,13,0.63093,1.21304,-0.16196,0.05652298405766487
1773142866.5730612,PC1,0,14,0.04679,1.31799,-0.31838,0.26328638195991516
1773142866.5730612,PC1,0,15,0.64701,1.07633,-0.1131,0.022751538082957268
1773142866.5730612,PC1,0,16,0.15701,1.53842,-0.76066,0.08461225032806396
1773142866.5730612,PC1,0,17,0.6704,1.05576,-0.18558,0.04206022992730141
1773142866.5730612,PC1,0,18,0.1693,1.64006,-0.85768,0.11172440648078918
1773142866.5730612,PC1,0,19,0.67322,1.17255,-0.20987,0.06881340593099594
1773142866.5730612,PC1,0,20,0.18457,1.678,-0.79994,0.16920435428619385
1773142866.5730612,PC1,0,21,0.64277,1.04399,-0.16169,0.0701243057847023
1773142866.5730612,PC1,0,22,0.15738,1.71563,-0.69309,0.1632692813873291
1773142866.5730612,PC1,0,23,0.42179,1.62616,0.01525,0.0004903728840872645
1773142866.5730612,PC1,0,24,0.19414,1.66921,-0.01183,0.0005444128764793277
1773142866.5730612,PC1,0,25,0.44334,2.26043,-0.02372,0.0013798648724332452
1773142866.5730612,PC1,0,26,0.24156,2.30596,-0.12615,0.0004639848484657705
1773142866.5730612,PC1,0,27,0.46971,2.84876,0.42678,0.00018338121299166232
1773142866.5730612,PC1,0,28,0.28028,2.87366,0.18381,2.1065774490125477e-05
1773142866.5730612,PC1,0,29,0.47026,2.95013,0.44344,0.0001486570981796831
1773142866.5730612,PC1,0,30,0.27663,2.97256,0.19445,3.3718162740115076e-05
1773142866.5730612,PC1,0,31,0.46412,3.04221,-0.00021,0.00026292624534107745
1773142866.5730612,PC1,0,32,0.3352,3.0443,-0.29921,8.01774367573671e-05
1773142866.5730612,PC1,0,Width_Shoulder,0.379,,,
1773142866.652359,PC1,0,0,0.33638,0.59226,-0.5785,0.9999126195907593
1773142866.652359,PC1,0,1,0.35344,0.51262,-0.55272,0.9997612237930298
1773142866.652359,PC1,0,2,0.36711,0.51034,-0.55247,0.9998006820678711
1773142866.652359,PC1,0,3,0.38057,0.50864,-0.55246,0.9997146129608154
1773142866.652359,PC1,0,4,0.31241,0.51797,-0.56176,0.9998278021812439
1773142866.652359,PC1,0,5,0.29653,0.51923,-0.56114,0.9998689293861389
1773142866.652359,PC1,0,6,0.28164,0.52093,-0.5613,0.9998465180397034
1773142866.652359,PC1,0,7,0.39587,0.52854,-0.3287,0.9997029900550842
1773142866.652359,PC1,0,8,0.2568,0.5432,-0.3562,0.9999237060546875
1773142866.652359,PC1,0,9,0.35802,0.66591,-0.48568,0.9998626708984375
1773142866.652359,PC1,0,10,0.31046,0.67141,-0.49433,0.9999386072158813
1773142866.652359,PC1,0,11,0.49676,0.86006,-0.16578,0.9984517693519592
1773142866.652359,PC1,0,12,0.13123,0.87266,-0.26715,0.9994928240776062
1773142866.652359,PC1,0,13,0.63093,1.21304,-0.16196,0.055150266736745834
1773142866.652359,PC1,0,14,0.04679,1.31799,-0.31838,0.2641364336013794
1773142866.652359,PC1,0,15,0.64701,1.07633,-0.1131,0.022045109421014786
1773142866.652359,PC1,0,16,0.15701,1.53842,-0.76066,0.08719059824943542
1773142866.652359,PC1,0,17,0.6704,1.05576,-0.18558,0.04087752848863602
1773142866.652359,PC1,0,18,0.1693,1.64006,-0.85768,0.11399828642606735
1773142866.652359,PC1,0,19,0.67322,1.17255,-0.20987,0.06724775582551956
1773142866.652359,PC1,0,20,0.18457,1.678,-0.79994,0.17331278324127197
1773142866.652359,PC1,0,21,0.64277,1.04399,-0.16169,0.06850315630435944
1773142866.652359,PC1,0,22,0.15738,1.71563,-0.69309,0.16650386154651642
1773142866.652359,PC1,0,23,0.42179,1.62616,0.01525,0.00046975744771771133
1773142866.652359,PC1,0,24,0.19414,1.66921,-0.01183,0.0005247092922218144
1773142866.652359,PC1,0,25,0.44334,2.26043,-0.02372,0.0012974488781765103
1773142866.652359,PC1,0,26,0.24156,2.30596,-0.12615,0.0004310264775995165
1773142866.652359,PC1,0,27,0.46971,2.84876,0.42678,0.0001727083435980603
1773142866.652359,PC1,0,28,0.28028,2.87366,0.18381,1.937420711328741e-05
1773142866.652359,PC1,0,29,0.47026,2.95013,0.44344,0.00014245080819819123
1773142866.652359,PC1,0,30,0.27663,2.97256,0.19445,3.1108836992643774e-05
1773142866.652359,PC1,0,31,0.46412,3.04221,-0.00021,0.0002497206151019782
1773142866.652359,PC1,0,32,0.3352,3.0443,-0.29921,7.534119504271075e-05
1773142866.652359,PC1,0,Width_Shoulder,0.3795,,,
1773142866.770899,PC1,0,0,0.33673,0.59126,-0.58416,0.9999231696128845
1773142866.770899,PC1,0,1,0.35362,0.51241,-0.55773,0.9997876882553101
1773142866.770899,PC1,0,2,0.36759,0.51047,-0.55748,0.9998188614845276
1773142866.770899,PC1,0,3,0.38095,0.50912,-0.55743,0.9997477531433105
1773142866.770899,PC1,0,4,0.31331,0.51675,-0.56751,0.9998483061790466
1773142866.770899,PC1,0,5,0.29784,0.51777,-0.56686,0.9998816847801208
1773142866.770899,PC1,0,6,0.28258,0.51933,-0.56702,0.9998650550842285
1773142866.770899,PC1,0,7,0.39543,0.52881,-0.33053,0.9997299909591675
1773142866.770899,PC1,0,8,0.25641,0.54182,-0.36045,0.9999317526817322
1773142866.770899,PC1,0,9,0.35734,0.66496,-0.49049,0.9998762607574463
1773142866.770899,PC1,0,10,0.31107,0.67002,-0.50036,0.9999444484710693
1773142866.770899,PC1,0,11,0.49597,0.8596,-0.17207,0.9984670877456665
1773142866.770899,PC1,0,12,0.12945,0.87448,-0.27224,0.9995463490486145
1773142866.770899,PC1,0,13,0.63093,1.21304,-0.16196,0.05216420814394951
1773142866.770899,PC1,0,14,0.04679,1.31799,-0.31838,0.2661054730415344
1773142866.770899,PC1,0,15,0.64701,1.07633,-0.1131,0.020807133987545967
1773142866.770899,PC1,0,16,0.15701,1.53842,-0.76066,0.08948882669210434
1773142866.770899,PC1,0,17,0.6704,1.05576,-0.18558,0.039658647030591965
1773142866.770899,PC1,0,18,0.1693,1.64006,-0.85768,0.1183244064450264
1773142866.770899,PC1,0,19,0.67322,1.17255,-0.20987,0.06573847681283951
1773142866.770899,PC1,0,20,0.18457,1.678,-0.79994,0.17987219989299774
1773142866.770899,PC1,0,21,0.64277,1.04399,-0.16169,0.06744670867919922
1773142866.770899,PC1,0,22,0.15738,1.71563,-0.69309,0.17300482094287872
1773142866.770899,PC1,0,23,0.42179,1.62616,0.01525,0.0004147609870415181
1773142866.770899,PC1,0,24,0.19414,1.66921,-0.01183,0.0004728791245725006
1773142866.770899,PC1,0,25,0.44334,2.26043,-0.02372,0.001057913526892662
1773142866.770899,PC1,0,26,0.24156,2.30596,-0.12615,0.0003481329476926476
1773142866.770899,PC1,0,27,0.46971,2.84876,0.42678,0.00013844766363035887
1773142866.770899,PC1,0,28,0.28028,2.87366,0.18381,1.449987667001551e-05
1773142866.770899,PC1,0,29,0.47026,2.95013,0.44344,0.00011770027776947245
1773142866.770899,PC1,0,30,0.27663,2.97256,0.19445,2.3409229470416903e-05
1773142866.770899,PC1,0,31,0.46412,3.04221,-0.00021,0.00020925590069964528
1773142866.770899,PC1,0,32,0.3352,3.0443,-0.29921,6.242959352675825e-05
1773142866.770899,PC1,0,Width_Shoulder,0.3803,,,
1773142866.9301262,PC1,0,0,0.33668,0.58995,-0.57759,0.9999170899391174
1773142866.9301262,PC1,0,1,0.35337,0.51155,-0.55225,0.9997586607933044
1773142866.9301262,PC1,0,2,0.3676,0.5098,-0.552,0.999790608882904
1773142866.9301262,PC1,0,3,0.38101,0.50863,-0.55194,0.9997108578681946
1773142866.9301262,PC1,0,4,0.31327,0.51513,-0.56135,0.9998327493667603
1773142866.9301262,PC1,0,5,0.29802,0.51596,-0.56071,0.9998692274093628
1773142866.9301262,PC1,0,6,0.28264,0.51752,-0.56087,0.9998535513877869
1773142866.9301262,PC1,0,7,0.39493,0.5276,-0.32748,0.999677300453186
1773142866.9301262,PC1,0,8,0.25572,0.54024,-0.35883,0.9999234080314636
1773142866.9301262,PC1,0,9,0.3566,0.66376,-0.48478,0.9998602867126465
1773142866.9301262,PC1,0,10,0.31114,0.66841,-0.4941,0.9999386668205261
1773142866.9301262,PC1,0,11,0.49512,0.85368,-0.17277,0.9982646107673645
1773142866.9301262,PC1,0,12,0.1269,0.8793,-0.26823,0.9995649456977844
1773142866.9301262,PC1,0,13,0.63093,1.21304,-0.16196,0.055123236030340195
1773142866.9301262,PC1,0,14,0.04679,1.31799,-0.31838,0.26272836327552795
1773142866.9301262,PC1,0,15,0.64701,1.07633,-0.1131,0.02207677997648716
1773142866.9301262,PC1,0,16,0.15701,1.53842,-0.76066,0.09509439021348953
1773142866.9301262,PC1,0,17,0.6704,1.05576,-0.18558,0.041682396084070206
1773142866.9301262,PC1,0,18,0.1693,1.64006,-0.85768,0.12655048072338104
1773142866.9301262,PC1,0,19,0.67322,1.17255,-0.20987,0.06858061999082565
1773142866.9301262,PC1,0,20,0.18457,1.678,-0.79994,0.18995401263237
1773142866.9301262,PC1,0,21,0.64277,1.04399,-0.16169,0.07128636538982391
1773142866.9301262,PC1,0,22,0.15738,1.71563,-0.69309,0.18475553393363953
1773142866.9301262,PC1,0,23,0.42179,1.62616,0.01525,0.0003985663934145123
1773142866.9301262,PC1,0,24,0.19414,1.66921,-0.01183,0.00046691461466252804
1773142866.9301262,PC1,0,25,0.44334,2.26043,-0.02372,0.0008942480781115592
1773142866.9301262,PC1,0,26,0.24156,2.30596,-0.12615,0.0002962650323752314
1773142866.9301262,PC1,0,27,0.46971,2.84876,0.42678,0.00011966635065618902
1773142866.9301262,PC1,0,28,0.28028,2.87366,0.18381,1.2149835129093844e-05
1773142866.9301262,PC1,0,29,0.47026,2.95013,0.44344,0.00010439070319989696
1773142866.9301262,PC1,0,30,0.27663,2.97256,0.19445,2.000353197217919e-05
1773142866.9301262,PC1,0,31,0.46412,3.04221,-0.00021,0.00018634006846696138
1773142866.9301262,PC1,0,32,0.3352,3.0443,-0.29921,5.632985266856849e-05
1773142866.9301262,PC1,0,Width_Shoulder,0.3813,,,
1773142867.107816,PC1,0,0,0.32642,0.58465,-0.55793,0.9999260902404785
1773142867.107816,PC1,0,1,0.34248,0.50302,-0.53482,0.9997800588607788
1773142867.107816,PC1,0,2,0.35636,0.5004,-0.53452,0.999809980392456
1773142867.107816,PC1,0,3,0.36999,0.49874,-0.53447,0.9997426867485046
1773142867.107816,PC1,0,4,0.30097,0.50961,-0.53994,0.9998471140861511
1773142867.107816,PC1,0,5,0.28547,0.51115,-0.53928,0.9998791217803955
1773142867.107816,PC1,0,6,0.27092,0.51328,-0.53942,0.9998651146888733
1773142867.107816,PC1,0,7,0.38882,0.52098,-0.32077,0.9997098445892334
1773142867.107816,PC1,0,8,0.24755,0.53738,-0.33404,0.9999278783798218
1773142867.107816,PC1,0,9,0.35071,0.65744,-0.47022,0.9998747110366821
1773142867.107816,PC1,0,10,0.30178,0.66404,-0.47364,0.9999433159828186
1773142867.107816,PC1,0,11,0.49365,0.84826,-0.16911,0.9984341859817505
1773142867.107816,PC1,0,12,0.12517,0.88421,-0.25389,0.9995994567871094
1773142867.107816,PC1,0,13,0.63093,1.21304,-0.16196,0.0610433891415596
1773142867.107816,PC1,0,14,0.04679,1.31799,-0.31838,0.251860111951828
1773142867.107816,PC1,0,15,0.64701,1.07633,-0.1131,0.021848969161510468
1773142867.107816,PC1,0,16,0.15701,1.53842,-0.76066,0.09499423205852509
1773142867.107816,PC1,0,17,0.6704,1.05576,-0.18558,0.04199214279651642
1773142867.107816,PC1,0,18,0.1693,1.64006,-0.85768,0.12860602140426636
1773142867.107816,PC1,0,19,0.67322,1.17255,-0.20987,0.06943297386169434
1773142867.107816,PC1,0,20,0.18457,1.678,-0.79994,0.19079576432704926
1773142867.107816,PC1,0,21,0.64277,1.04399,-0.16169,0.07246147841215134
1773142867.107816,PC1,0,22,0.15738,1.71563,-0.69309,0.18674497306346893
1773142867.107816,PC1,0,23,0.42179,1.62616,0.01525,0.0004295281250961125
1773142867.107816,PC1,0,24,0.19414,1.66921,-0.01183,0.0005052860360592604
1773142867.107816,PC1,0,25,0.44334,2.26043,-0.02372,0.0007809370872564614
1773142867.107816,PC1,0,26,0.24156,2.30596,-0.12615,0.0002715524169616401
1773142867.107816,PC1,0,27,0.46971,2.84876,0.42678,0.00010988942085532472
1773142867.107816,PC1,0,28,0.28028,2.87366,0.18381,1.0517155715206172e-05
1773142867.107816,PC1,0,29,0.47026,2.95013,0.44344,9.606949606677517e-05
1773142867.107816,PC1,0,30,0.27663,2.97256,0.19445,1.6494010196765885e-05
1773142867.107816,PC1,0,31,0.46412,3.04221,-0.00021,0.0001733140816213563
1773142867.107816,PC1,0,32,0.3352,3.0443,-0.29921,5.07784825458657e-05
1773142867.107816,PC1,0,Width_Shoulder,0.3798,,,
1773142867.187386,PC1,0,0,0.32269,0.58254,-0.56117,0.999923050403595
1773142867.187386,PC1,0,1,0.33811,0.50013,-0.5385,0.9997736215591431
1773142867.187386,PC1,0,2,0.35183,0.49716,-0.53821,0.9998019337654114
1773142867.187386,PC1,0,3,0.36523,0.49512,-0.53816,0.9997356534004211
1773142867.187386,PC1,0,4,0.29649,0.50779,-0.54267,0.9998433589935303
1773142867.187386,PC1,0,5,0.28122,0.50964,-0.54202,0.9998745918273926
1773142867.187386,PC1,0,6,0.2667,0.51207,-0.54216,0.999862015247345
1773142867.187386,PC1,0,7,0.38511,0.51809,-0.32507,0.9996992349624634
1773142867.187386,PC1,0,8,0.24423,0.53673,-0.33283,0.9999244809150696
1773142867.187386,PC1,0,9,0.34774,0.65508,-0.47364,0.9998722076416016
1773142867.187386,PC1,0,10,0.29867,0.66298,-0.47548,0.999941349029541
1773142867.187386,PC1,0,11,0.49247,0.84651,-0.17441,0.9983417987823486
1773142867.187386,PC1,0,12,0.12414,0.88452,-0.25251,0.9995844960212708
1773142867.187386,PC1,0,13,0.63093,1.21304,-0.16196,0.06081068515777588
1773142867.187386,PC1,0,14,0.04679,1.31799,-0.31838,0.24854183197021484
1773142867.187386,PC1,0,15,0.64701,1.07633,-0.1131,0.022097043693065643
1773142867.187386,PC1,0,16,0.15701,1.53842,-0.76066,0.09365268796682358
1773142867.187386,PC1,0,17,0.6704,1.05576,-0.18558,0.04216177389025688
1773142867.187386,PC1,0,18,0.1693,1.64006,-0.85768,0.12618198990821838
1773142867.187386,PC1,0,19,0.67322,1.17255,-0.20987,0.06982308626174927
1773142867.187386,PC1,0,20,0.18457,1.678,-0.79994,0.18793852627277374
1773142867.187386,PC1,0,21,0.64277,1.04399,-0.16169,0.07314803451299667
1773142867.187386,PC1,0,22,0.15738,1.71563,-0.69309,0.1845187246799469
1773142867.187386,PC1,0,23,0.42179,1.62616,0.01525,0.000425550970248878
1773142867.187386,PC1,0,24,0.19414,1.66921,-0.01183,0.0005030893953517079
1773142867.187386,PC1,0,25,0.44334,2.26043,-0.02372,0.000756329798605293
1773142867.187386,PC1,0,26,0.24156,2.30596,-0.12615,0.00026082369731739163
1773142867.187386,PC1,0,27,0.46971,2.84876,0.42678,0.00010778185969684273
1773142867.187386,PC1,0,28,0.28028,2.87366,0.18381,1.0045661838375963e-05
1773142867.187386,PC1,0,29,0.47026,2.95013,0.44344,9.612868598196656e-05
1773142867.187386,PC1,0,30,0.27663,2.97256,0.19445,1.621092997083906e-05
1773142867.187386,PC1,0,31,0.46412,3.04221,-0.00021,0.00016851811960805207
1773142867.187386,PC1,0,32,0.3352,3.0443,-0.29921,5.003237311029807e-05
1773142867.187386,PC1,0,Width_Shoulder,0.3784,,,
1773142867.265902,PC1,0,0,0.29542,0.57789,-0.60264,0.9999248385429382
1773142867.265902,PC1,0,1,0.30961,0.49338,-0.57986,0.9997757077217102
1773142867.265902,PC1,0,2,0.32386,0.48924,-0.57962,0.9998095631599426
1773142867.265902,PC1,0,3,0.33732,0.48609,-0.57963,0.999739408493042
1773142867.265902,PC1,0,4,0.2669,0.50377,-0.58161,0.9998373985290527
1773142867.265902,PC1,0,5,0.25184,0.50649,-0.58095,0.9998719096183777
1773142867.265902,PC1,0,6,0.23776,0.50979,-0.58108,0.9998533129692078
1773142867.265902,PC1,0,7,0.35812,0.50792,-0.35892,0.9997177720069885
1773142867.265902,PC1,0,8,0.21893,0.53487,-0.35175,0.9999188780784607
1773142867.265902,PC1,0,9,0.32437,0.64848,-0.51142,0.9998725056648254
1773142867.265902,PC1,0,10,0.27442,0.66021,-0.50928,0.9999366402626038
1773142867.265902,PC1,0,11,0.47455,0.83628,-0.1975,0.99832683801651
1773142867.265902,PC1,0,12,0.10985,0.8844,-0.26161,0.9995434880256653
1773142867.265902,PC1,0,13,0.63093,1.21304,-0.16196,0.06022083759307861
1773142867.265902,PC1,0,14,0.04679,1.31799,-0.31838,0.23528462648391724
1773142867.265902,PC1,0,15,0.64701,1.07633,-0.1131,0.020267773419618607
1773142867.265902,PC1,0,16,0.15701,1.53842,-0.76066,0.08166275173425674
1773142867.265902,PC1,0,17,0.6704,1.05576,-0.18558,0.03823159635066986
1773142867.265902,PC1,0,18,0.1693,1.64006,-0.85768,0.11091767251491547
1773142867.265902,PC1,0,19,0.67322,1.17255,-0.20987,0.06402426958084106
1773142867.265902,PC1,0,20,0.18457,1.678,-0.79994,0.1674937605857849
1773142867.265902,PC1,0,21,0.64277,1.04399,-0.16169,0.06732124835252762
1773142867.265902,PC1,0,22,0.15738,1.71563,-0.69309,0.16454975306987762
1773142867.265902,PC1,0,23,0.42179,1.62616,0.01525,0.00042357222991995513
1773142867.265902,PC1,0,24,0.19414,1.66921,-0.01183,0.0004870426782872528
1773142867.265902,PC1,0,25,0.44334,2.26043,-0.02372,0.0007130404701456428
1773142867.265902,PC1,0,26,0.24156,2.30596,-0.12615,0.0002446735743433237
1773142867.265902,PC1,0,27,0.46971,2.84876,0.42678,0.00010367159848101437
1773142867.265902,PC1,0,28,0.28028,2.87366,0.18381,9.547075933369342e-06
1773142867.265902,PC1,0,29,0.47026,2.95013,0.44344,9.06561326701194e-05
1773142867.265902,PC1,0,30,0.27663,2.97256,0.19445,1.5936584532028064e-05
1773142867.265902,PC1,0,31,0.46412,3.04221,-0.00021,0.00015756631910335273
1773142867.265902,PC1,0,32,0.3352,3.0443,-0.29921,4.634025754057802e-05
1773142867.265902,PC1,0,Width_Shoulder,0.3734,,,
1773142867.463973,PC1,0,0,0.21961,0.57371,-0.71919,0.9998999238014221
1773142867.463973,PC1,0,1,0.23076,0.48551,-0.69012,0.9997135400772095
1773142867.463973,PC1,0,2,0.2453,0.47958,-0.69006,0.999763548374176
1773142867.463973,PC1,0,3,0.25853,0.47476,-0.69017,0.9996723532676697
1773142867.463973,PC1,0,4,0.18552,0.50199,-0.69341,0.9997698068618774
1773142867.463973,PC1,0,5,0.1698,0.50683,-0.69276,0.9998138546943665
1773142867.463973,PC1,0,6,0.15595,0.51199,-0.69296,0.9997677803039551
1773142867.463973,PC1,0,7,0.2817,0.49519,-0.43152,0.9996768236160278
1773142867.463973,PC1,0,8,0.14022,0.53714,-0.42609,0.999864399433136
1773142867.463973,PC1,0,9,0.25485,0.64204,-0.61301,0.9998420476913452
1773142867.463973,PC1,0,10,0.20233,0.66061,-0.61192,0.9999032616615295
1773142867.463973,PC1,0,11,0.41008,0.81821,-0.23938,0.9978223443031311
1773142867.463973,PC1,0,12,0.06355,0.89676,-0.28986,0.9988102912902832
1773142867.463973,PC1,0,13,0.63093,1.21304,-0.16196,0.06831707060337067
1773142867.463973,PC1,0,14,0.04679,1.31799,-0.31838,0.20657360553741455
1773142867.463973,PC1,0,15,0.64701,1.07633,-0.1131,0.022625328972935677
1773142867.463973,PC1,0,16,0.15701,1.53842,-0.76066,0.06279077380895615
1773142867.463973,PC1,0,17,0.6704,1.05576,-0.18558,0.03858266398310661
1773142867.463973,PC1,0,18,0.1693,1.64006,-0.85768,0.086348757147789
1773142867.463973,PC1,0,19,0.67322,1.17255,-0.20987,0.06428318470716476
1773142867.463973,PC1,0,20,0.18457,1.678,-0.79994,0.13167013227939606
1773142867.463973,PC1,0,21,0.64277,1.04399,-0.16169,0.06826210021972656
1773142867.463973,PC1,0,22,0.15738,1.71563,-0.69309,0.13015002012252808
1773142867.463973,PC1,0,23,0.42179,1.62616,0.01525,0.0003772198688238859
1773142867.463973,PC1,0,24,0.19414,1.66921,-0.01183,0.0003917759167961776
1773142867.463973,PC1,0,25,0.44334,2.26043,-0.02372,0.0005336101166903973
1773142867.463973,PC1,0,26,0.24156,2.30596,-0.12615,0.00018388786702416837
1773142867.463973,PC1,0,27,0.46971,2.84876,0.42678,7.921811629785225e-05
1773142867.463973,PC1,0,28,0.28028,2.87366,0.18381,7.901211574790068e-06
1773142867.463973,PC1,0,29,0.47026,2.95013,0.44344,6.76473428029567e-05
1773142867.463973,PC1,0,30,0.27663,2.97256,0.19445,1.512324161012657e-05
1773142867.463973,PC1,0,31,0.46412,3.04221,-0.00021,0.00012108209193684161
1773142867.463973,PC1,0,32,0.3352,3.0443,-0.29921,4.296259066904895e-05
1773142867.463973,PC1,0,Width_Shoulder,0.3589,,,
1773142867.552872,PC1,0,0,0.18067,0.57088,-0.77328,0.9997882843017578
1773142867.552872,PC1,0,1,0.19222,0.48119,-0.74087,0.9994409680366516
1773142867.552872,PC1,0,2,0.20739,0.47476,-0.74089,0.9995120763778687
1773142867.552872,PC1,0,3,0.22095,0.46955,-0.74104,0.9993378520011902
1773142867.552872,PC1,0,4,0.14582,0.49964,-0.74478,0.9995582103729248
1773142867.552872,PC1,0,5,0.13009,0.50501,-0.74418,0.9996285438537598
1773142867.552872,PC1,0,6,0.11616,0.51057,-0.74443,0.999557614326477
1773142867.552872,PC1,0,7,0.24646,0.48951,-0.46154,0.9993505477905273
1773142867.552872,PC1,0,8,0.10312,0.5364,-0.46182,0.9997217655181885
1773142867.552872,PC1,0,9,0.21819,0.63905,-0.66029,0.9997130632400513
1773142867.552872,PC1,0,10,0.16381,0.65974,-0.65986,0.9998205900192261
1773142867.552872,PC1,0,11,0.37909,0.80929,-0.26382,0.9946821331977844
1773142867.552872,PC1,0,12,0.03425,0.90745,-0.31297,0.9979663491249084
1773142867.552872,PC1,0,13,0.63093,1.21304,-0.16196,0.06427086889743805
1773142867.552872,PC1,0,14,0.04679,1.31799,-0.31838,0.20258913934230804
1773142867.552872,PC1,0,15,0.64701,1.07633,-0.1131,0.022460613399744034
1773142867.552872,PC1,0,16,0.15701,1.53842,-0.76066,0.060202546417713165
1773142867.552872,PC1,0,17,0.6704,1.05576,-0.18558,0.03745756298303604
1773142867.552872,PC1,0,18,0.1693,1.64006,-0.85768,0.08241058886051178
1773142867.552872,PC1,0,19,0.67322,1.17255,-0.20987,0.06153147295117378
1773142867.552872,PC1,0,20,0.18457,1.678,-0.79994,0.12517406046390533
1773142867.552872,PC1,0,21,0.64277,1.04399,-0.16169,0.06625370681285858
1773142867.552872,PC1,0,22,0.15738,1.71563,-0.69309,0.12384461611509323
1773142867.552872,PC1,0,23,0.42179,1.62616,0.01525,0.0004170697939116508
1773142867.552872,PC1,0,24,0.19414,1.66921,-0.01183,0.0004141679673921317
1773142867.552872,PC1,0,25,0.44334,2.26043,-0.02372,0.000493506551720202
1773142867.552872,PC1,0,26,0.24156,2.30596,-0.12615,0.000166337878908962
1773142867.552872,PC1,0,27,0.46971,2.84876,0.42678,7.90591147961095e-05
1773142867.552872,PC1,0,28,0.28028,2.87366,0.18381,7.865141924412455e-06
1773142867.552872,PC1,0,29,0.47026,2.95013,0.44344,6.491647945949808e-05
1773142867.552872,PC1,0,30,0.27663,2.97256,0.19445,1.7610420400160365e-05
1773142867.552872,PC1,0,31,0.46412,3.04221,-0.00021,0.00011092945351265371
1773142867.552872,PC1,0,32,0.3352,3.0443,-0.29921,4.7792025725357234e-05
1773142867.552872,PC1,0,Width_Shoulder,0.3619,,,
1773142867.6096268,PC1,0,0,0.14041,0.56905,-0.79912,0.9997040629386902
1773142867.6096268,PC1,0,1,0.15182,0.4783,-0.76385,0.9992681741714478
1773142867.6096268,PC1,0,2,0.16705,0.47162,-0.76393,0.9993559122085571
1773142867.6096268,PC1,0,3,0.18072,0.46625,-0.76409,0.9991297721862793
1773142867.6096268,PC1,0,4,0.10425,0.49834,-0.76933,0.9994229674339294
1773142867.6096268,PC1,0,5,0.08771,0.50437,-0.76875,0.9995206594467163
1773142867.6096268,PC1,0,6,0.07353,0.51051,-0.76904,0.9994389414787292
1773142867.6096268,PC1,0,7,0.20722,0.48581,-0.47412,0.9991793036460876
1773142867.6096268,PC1,0,8,0.06381,0.53681,-0.4715,0.9996505975723267
1773142867.6096268,PC1,0,9,0.17952,0.63671,-0.68154,0.9996287226676941
1773142867.6096268,PC1,0,10,0.12381,0.65994,-0.68347,0.9997683167457581
1773142867.6096268,PC1,0,11,0.34311,0.80306,-0.26236,0.9932733178138733
1773142867.6096268,PC1,0,12,-0.00592,0.92509,-0.31443,0.9976323246955872
1773142867.6096268,PC1,0,13,0.63093,1.21304,-0.16196,0.06544768065214157
1773142867.6096268,PC1,0,14,0.04679,1.31799,-0.31838,0.20488853752613068
1773142867.6096268,PC1,0,15,0.64701,1.07633,-0.1131,0.024302812293171883
1773142867.6096268,PC1,0,16,0.15701,1.53842,-0.76066,0.06072191148996353
1773142867.6096268,PC1,0,17,0.6704,1.05576,-0.18558,0.0395800918340683
1773142867.6096268,PC1,0,18,0.1693,1.64006,-0.85768,0.08283703029155731
1773142867.6096268,PC1,0,19,0.67322,1.17255,-0.20987,0.06362289935350418
1773142867.6096268,PC1,0,20,0.18457,1.678,-0.79994,0.12468492239713669
1773142867.6096268,PC1,0,21,0.64277,1.04399,-0.16169,0.06875143945217133
1773142867.6096268,PC1,0,22,0.15738,1.71563,-0.69309,0.12335123866796494
1773142867.6096268,PC1,0,23,0.42179,1.62616,0.01525,0.0005007256986573339
1773142867.6096268,PC1,0,24,0.19414,1.66921,-0.01183,0.0004868496034760028
1773142867.6096268,PC1,0,25,0.44334,2.26043,-0.02372,0.0005062581039965153
1773142867.6096268,PC1,0,26,0.24156,2.30596,-0.12615,0.00016487075481563807
1773142867.6096268,PC1,0,27,0.46971,2.84876,0.42678,8.706512016942725e-05
1773142867.6096268,PC1,0,28,0.28028,2.87366,0.18381,9.010652320284862e-06
1773142867.6096268,PC1,0,29,0.47026,2.95013,0.44344,6.739111995557323e-05
1773142867.6096268,PC1,0,30,0.27663,2.97256,0.19445,2.247123484266922e-05
1773142867.6096268,PC1,0,31,0.46412,3.04221,-0.00021,0.00011305136285955086
1773142867.6096268,PC1,0,32,0.3352,3.0443,-0.29921,5.790284194517881e-05
1773142867.6096268,PC1,0,Width_Shoulder,0.3734,,,
1773142867.6670852,PC1,0,0,0.11719,0.56809,-0.82087,0.9996439814567566
1773142867.6670852,PC1,0,1,0.12839,0.47706,-0.78503,0.9991904497146606
1773142867.6670852,PC1,0,2,0.14364,0.47023,-0.78517,0.9992808103561401
1773142867.6670852,PC1,0,3,0.15731,0.46474,-0.7854,0.9990512132644653
1773142867.6670852,PC1,0,4,0.08029,0.49778,-0.78916,0.9993405938148499
1773142867.6670852,PC1,0,5,0.06316,0.50421,-0.78855,0.9994372129440308
1773142867.6670852,PC1,0,6,0.04877,0.51073,-0.78885,0.9993484616279602
1773142867.6670852,PC1,0,7,0.18433,0.48374,-0.48268,0.9991344809532166
1773142867.6670852,PC1,0,8,0.0406,0.53722,-0.47566,0.9995852112770081
1773142867.6670852,PC1,0,9,0.15762,0.63505,-0.69827,0.9995934367179871
1773142867.6670852,PC1,0,10,0.10197,0.65995,-0.69833,0.9997283220291138
1773142867.6670852,PC1,0,11,0.32408,0.79905,-0.26447,0.9929484128952026
1773142867.6670852,PC1,0,12,-0.0286,0.93321,-0.30454,0.9971558451652527
1773142867.6670852,PC1,0,13,0.63093,1.21304,-0.16196,0.06654418259859085
1773142867.6670852,PC1,0,14,0.04679,1.31799,-0.31838,0.19845575094223022
1773142867.6670852,PC1,0,15,0.64701,1.07633,-0.1131,0.02449892833828926
1773142867.6670852,PC1,0,16,0.15701,1.53842,-0.76066,0.058082129806280136
1773142867.6670852,PC1,0,17,0.6704,1.05576,-0.18558,0.03942883014678955
1773142867.6670852,PC1,0,18,0.1693,1.64006,-0.85768,0.07974110543727875
1773142867.6670852,PC1,0,19,0.67322,1.17255,-0.20987,0.06328532099723816
1773142867.6670852,PC1,0,20,0.18457,1.678,-0.79994,0.1203332394361496
1773142867.6670852,PC1,0,21,0.64277,1.04399,-0.16169,0.06831428408622742
1773142867.6670852,PC1,0,22,0.15738,1.71563,-0.69309,0.11866658926010132
1773142867.6670852,PC1,0,23,0.42179,1.62616,0.01525,0.0005197685677558184
1773142867.6670852,PC1,0,24,0.19414,1.66921,-0.01183,0.00048751014401204884
1773142867.6670852,PC1,0,25,0.44334,2.26043,-0.02372,0.0005240761092863977
1773142867.6670852,PC1,0,26,0.24156,2.30596,-0.12615,0.00016524663078598678
1773142867.6670852,PC1,0,27,0.46971,2.84876,0.42678,9.205366222886369e-05
1773142867.6670852,PC1,0,28,0.28028,2.87366,0.18381,9.385437806486152e-06
1773142867.6670852,PC1,0,29,0.47026,2.95013,0.44344,6.98554067639634e-05
1773142867.6670852,PC1,0,30,0.27663,2.97256,0.19445,2.5177369025186636e-05
1773142867.6670852,PC1,0,31,0.46412,3.04221,-0.00021,0.00011249614908592775
1773142867.6670852,PC1,0,32,0.3352,3.0443,-0.29921,6.238161586225033e-05
1773142867.6670852,PC1,0,Width_Shoulder,0.3795,,,
1773142867.71586,PC1,0,0,0.09593,0.56713,-0.83516,0.9995711445808411
1773142867.71586,PC1,0,1,0.10885,0.47539,-0.80021,0.9991000294685364
1773142867.71586,PC1,0,2,0.12431,0.46854,-0.80041,0.9991964101791382
1773142867.71586,PC1,0,3,0.13816,0.46307,-0.80072,0.9989712238311768
1773142867.71586,PC1,0,4,0.0589,0.49669,-0.80309,0.9992329478263855
1773142867.71586,PC1,0,5,0.04059,0.50344,-0.80245,0.9993181824684143
1773142867.71586,PC1,0,6,0.02557,0.51015,-0.80274,0.9992087483406067
1773142867.71586,PC1,0,7,0.16643,0.48124,-0.49206,0.9990824460983276
1773142867.71586,PC1,0,8,0.01853,0.53585,-0.47991,0.9994760155677795
1773142867.71586,PC1,0,9,0.138,0.63361,-0.71006,0.9995501041412354
1773142867.71586,PC1,0,10,0.08072,0.6599,-0.70838,0.9996696710586548
1773142867.71586,PC1,0,11,0.30544,0.79463,-0.26911,0.9926646947860718
1773142867.71586,PC1,0,12,-0.05025,0.93848,-0.29428,0.996077299118042
1773142867.71586,PC1,0,13,0.63093,1.21304,-0.16196,0.06741774827241898
1773142867.71586,PC1,0,14,0.04679,1.31799,-0.31838,0.18402980268001556
1773142867.71586,PC1,0,15,0.64701,1.07633,-0.1131,0.025380011647939682
1773142867.71586,PC1,0,16,0.15701,1.53842,-0.76066,0.05436200648546219
1773142867.71586,PC1,0,17,0.6704,1.05576,-0.18558,0.040407367050647736
1773142867.71586,PC1,0,18,0.1693,1.64006,-0.85768,0.0753244161605835
1773142867.71586,PC1,0,19,0.67322,1.17255,-0.20987,0.06476553529500961
1773142867.71586,PC1,0,20,0.18457,1.678,-0.79994,0.11392772197723389
1773142867.71586,PC1,0,21,0.64277,1.04399,-0.16169,0.06947766244411469
1773142867.71586,PC1,0,22,0.15738,1.71563,-0.69309,0.11206294596195221
1773142867.71586,PC1,0,23,0.42179,1.62616,0.01525,0.0005268353852443397
1773142867.71586,PC1,0,24,0.19414,1.66921,-0.01183,0.00047176340012811124
1773142867.71586,PC1,0,25,0.44334,2.26043,-0.02372,0.0005828161374665797
1773142867.71586,PC1,0,26,0.24156,2.30596,-0.12615,0.00017200504953507334
1773142867.71586,PC1,0,27,0.46971,2.84876,0.42678,0.00010285307507729158
1773142867.71586,PC1,0,28,0.28028,2.87366,0.18381,9.938221410266124e-06
1773142867.71586,PC1,0,29,0.47026,2.95013,0.44344,7.434392318828031e-05
1773142867.71586,PC1,0,30,0.27663,2.97256,0.19445,2.7711643269867636e-05
1773142867.71586,PC1,0,31,0.46412,3.04221,-0.00021,0.00011538738908711821
1773142867.71586,PC1,0,32,0.3352,3.0443,-0.29921,6.82557001709938e-05
1773142867.71586,PC1,0,Width_Shoulder,0.3845,,,
1773142867.8582668,PC1,0,0,0.0779,0.5677,-0.83373,0.9994696378707886
1773142867.8582668,PC1,0,1,0.09095,0.47426,-0.8014,0.998991847038269
1773142867.8582668,PC1,0,2,0.10663,0.46709,-0.80166,0.9990836381912231
1773142867.8582668,PC1,0,3,0.12063,0.46134,-0.80203,0.9988622069358826
1773142867.8582668,PC1,0,4,0.03914,0.49732,-0.80104,0.9991356730461121
1773142867.8582668,PC1,0,5,0.0205,0.50513,-0.80043,0.999206006526947
1773142867.8582668,PC1,0,6,0.00555,0.51295,-0.80069,0.9990916848182678
1773142867.8582668,PC1,0,7,0.14956,0.47824,-0.49399,0.9990271329879761
1773142867.8582668,PC1,0,8,-0.00097,0.54408,-0.46765,0.9993672966957092
1773142867.8582668,PC1,0,9,0.12242,0.63275,-0.70844,0.9994550943374634
1773142867.8582668,PC1,0,10,0.06446,0.663,-0.70223,0.9995638132095337
1773142867.8582668,PC1,0,11,0.29066,0.78962,-0.27032,0.9920766949653625
1773142867.8582668,PC1,0,12,-0.06392,0.94569,-0.26588,0.9949809908866882
1773142867.8582668,PC1,0,13,0.63093,1.21304,-0.16196,0.07548534870147705
1773142867.8582668,PC1,0,14,0.04679,1.31799,-0.31838,0.17521332204341888
1773142867.8582668,PC1,0,15,0.64701,1.07633,-0.1131,0.029735900461673737
1773142867.8582668,PC1,0,16,0.15701,1.53842,-0.76066,0.05288228765130043
1773142867.8582668,PC1,0,17,0.6704,1.05576,-0.18558,0.0456564798951149
1773142867.8582668,PC1,0,18,0.1693,1.64006,-0.85768,0.07541792094707489
1773142867.8582668,PC1,0,19,0.67322,1.17255,-0.20987,0.0711585059762001
1773142867.8582668,PC1,0,20,0.18457,1.678,-0.79994,0.11354506760835648
1773142867.8582668,PC1,0,21,0.64277,1.04399,-0.16169,0.07639716565608978
1773142867.8582668,PC1,0,22,0.15738,1.71563,-0.69309,0.11184621602296829
1773142867.8582668,PC1,0,23,0.42179,1.62616,0.01525,0.0005657090805470943
1773142867.8582668,PC1,0,24,0.19414,1.66921,-0.01183,0.0004845433577429503
1773142867.8582668,PC1,0,25,0.44334,2.26043,-0.02372,0.000639320001937449
1773142867.8582668,PC1,0,26,0.24156,2.30596,-0.12615,0.00019704147416632622
1773142867.8582668,PC1,0,27,0.46971,2.84876,0.42678,0.00010817165457410738
1773142867.8582668,PC1,0,28,0.28028,2.87366,0.18381,1.2393588804116007e-05
1773142867.8582668,PC1,0,29,0.47026,2.95013,0.44344,7.502703374484554e-05
1773142867.8582668,PC1,0,30,0.27663,2.97256,0.19445,3.607948747230694e-05
1773142867.8582668,PC1,0,31,0.46412,3.04221,-0.00021,0.00012228502600919455
1773142867.8582668,PC1,0,32,0.3352,3.0443,-0.29921,7.926040416350588e-05
1773142867.8582668,PC1,0,Width_Shoulder,0.3874,,,
1773142867.989156,PC1,0,0,0.00434,0.57787,-0.70678,0.9606417417526245
1773142867.989156,PC1,0,1,0.02405,0.47724,-0.68237,0.9645645022392273
1773142867.989156,PC1,0,2,0.04072,0.47214,-0.68285,0.9700326919555664
1773142867.989156,PC1,0,3,0.05501,0.4691,-0.68344,0.9755187034606934
1773142867.989156,PC1,0,4,-0.02936,0.50669,-0.66854,0.9582484364509583
1773142867.989156,PC1,0,5,-0.04687,0.51673,-0.66795,0.9541390538215637
1773142867.989156,PC1,0,6,-0.06069,0.52365,-0.66824,0.9528937935829163
1773142867.989156,PC1,0,7,0.08003,0.47896,-0.41346,0.9834490418434143
1773142867.989156,PC1,0,8,-0.05709,0.55259,-0.32767,0.948111891746521
1773142867.989156,PC1,0,9,0.0589,0.63284,-0.59732,0.9784389138221741
1773142867.989156,PC1,0,10,-0.004,0.66453,-0.57308,0.9676876068115234
1773142867.989156,PC1,0,11,0.20582,0.76591,-0.26835,0.9875791668891907
1773142867.989156,PC1,0,12,-0.11373,0.92661,-0.0926,0.9733489751815796
1773142867.989156,PC1,0,13,0.63093,1.21304,-0.16196,0.1092681735754013
1773142867.989156,PC1,0,14,0.04679,1.31799,-0.31838,0.13176628947257996
1773142867.989156,PC1,0,15,0.64701,1.07633,-0.1131,0.0718027651309967
1773142867.989156,PC1,0,16,0.15701,1.53842,-0.76066,0.04939467832446098
1773142867.989156,PC1,0,17,0.6704,1.05576,-0.18558,0.08679083734750748
1773142867.989156,PC1,0,18,0.1693,1.64006,-0.85768,0.07579325139522552
1773142867.989156,PC1,0,19,0.67322,1.17255,-0.20987,0.11762505024671555
1773142867.989156,PC1,0,20,0.18457,1.678,-0.79994,0.11220592260360718
1773142867.989156,PC1,0,21,0.64277,1.04399,-0.16169,0.12266143411397934
1773142867.989156,PC1,0,22,0.15738,1.71563,-0.69309,0.11229602992534637
1773142867.989156,PC1,0,23,0.42179,1.62616,0.01525,0.0007701853755861521
1773142867.989156,PC1,0,24,0.19414,1.66921,-0.01183,0.0005461645778268576
1773142867.989156,PC1,0,25,0.44334,2.26043,-0.02372,0.000984201324172318
1773142867.989156,PC1,0,26,0.24156,2.30596,-0.12615,0.0005457018851302564
1773142867.989156,PC1,0,27,0.46971,2.84876,0.42678,0.00012583969510160387
1773142867.989156,PC1,0,28,0.28028,2.87366,0.18381,1.8933349565486424e-05
1773142867.989156,PC1,0,29,0.47026,2.95013,0.44344,9.392827632836998e-05
1773142867.989156,PC1,0,30,0.27663,2.97256,0.19445,6.928251241333783e-05
1773142867.989156,PC1,0,31,0.46412,3.04221,-0.00021,0.00011979405826423317
1773142867.989156,PC1,0,32,0.3352,3.0443,-0.29921,9.647135448176414e-05
1773142867.989156,PC1,0,Width_Shoulder,0.3985,,,
1773142868.0382578,PC1,0,0,-0.00948,0.57644,-0.63192,0.9271848201751709
1773142868.0382578,PC1,0,1,0.0087,0.48002,-0.61315,0.9336645603179932
1773142868.0382578,PC1,0,2,0.02409,0.47556,-0.61369,0.94107586145401
1773142868.0382578,PC1,0,3,0.04386,0.47149,-0.61436,0.9542216658592224
1773142868.0382578,PC1,0,4,-0.03971,0.50726,-0.59628,0.9260339736938477
1773142868.0382578,PC1,0,5,-0.05577,0.51809,-0.59577,0.9175845980644226
1773142868.0382578,PC1,0,6,-0.06876,0.52459,-0.59611,0.9205136299133301
1773142868.0382578,PC1,0,7,0.06745,0.481,-0.37507,0.9675046801567078
1773142868.0382578,PC1,0,8,-0.06657,0.55161,-0.27628,0.9100232124328613
1773142868.0382578,PC1,0,9,0.04658,0.62616,-0.53406,0.9636226892471313
1773142868.0382578,PC1,0,10,-0.01824,0.65764,-0.5063,0.9453164935112
1773142868.0382578,PC1,0,11,0.18515,0.75889,-0.25493,0.9870636463165283
1773142868.0382578,PC1,0,12,-0.12378,0.907,-0.05912,0.970569908618927
1773142868.0382578,PC1,0,13,0.63093,1.21304,-0.16196,0.13704077899456024
1773142868.0382578,PC1,0,14,0.04679,1.31799,-0.31838,0.12413784861564636
1773142868.0382578,PC1,0,15,0.64701,1.07633,-0.1131,0.074835866689682
1773142868.0382578,PC1,0,16,0.15701,1.53842,-0.76066,0.04716625064611435
1773142868.0382578,PC1,0,17,0.6704,1.05576,-0.18558,0.08858320862054825
1773142868.0382578,PC1,0,18,0.1693,1.64006,-0.85768,0.07265232503414154
1773142868.0382578,PC1,0,19,0.67322,1.17255,-0.20987,0.11870387196540833
1773142868.0382578,PC1,0,20,0.18457,1.678,-0.79994,0.1069970354437828
1773142868.0382578,PC1,0,21,0.64277,1.04399,-0.16169,0.12354264408349991
1773142868.0382578,PC1,0,22,0.15738,1.71563,-0.69309,0.10767241567373276
1773142868.0382578,PC1,0,23,0.42179,1.62616,0.01525,0.0009741566027514637
1773142868.0382578,PC1,0,24,0.19414,1.66921,-0.01183,0.0006982944905757904
1773142868.0382578,PC1,0,25,0.44334,2.26043,-0.02372,0.0012996006989851594
1773142868.0382578,PC1,0,26,0.24156,2.30596,-0.12615,0.000888069742359221
1773142868.0382578,PC1,0,27,0.46971,2.84876,0.42678,0.00015023074229247868
1773142868.0382578,PC1,0,28,0.28028,2.87366,0.18381,4.091411756235175e-05
1773142868.0382578,PC1,0,29,0.47026,2.95013,0.44344,0.0001137333019869402
1773142868.0382578,PC1,0,30,0.27663,2.97256,0.19445,0.0001268984196940437
1773142868.0382578,PC1,0,31,0.46412,3.04221,-0.00021,0.00013987392594572157
1773142868.0382578,PC1,0,32,0.3352,3.0443,-0.29921,0.00012676238839048892
1773142868.0382578,PC1,0,Width_Shoulder,0.3946,,,
1773142868.2025442,PC1,0,0,-0.0454,0.5739,-0.44286,0.909417986869812
1773142868.2025442,PC1,0,1,-0.0192,0.48589,-0.44107,0.8997750878334045
1773142868.2025442,PC1,0,2,-0.00234,0.48354,-0.44163,0.908835232257843
1773142868.2025442,PC1,0,3,0.01634,0.48018,-0.44235,0.9274224042892456
1773142868.2025442,PC1,0,4,-0.06677,0.51132,-0.41722,0.8960321545600891
1773142868.2025442,PC1,0,5,-0.07666,0.51954,-0.41684,0.8855817317962646
1773142868.2025442,PC1,0,6,-0.08887,0.52754,-0.41724,0.8912562727928162
1773142868.2025442,PC1,0,7,0.03642,0.48816,-0.28275,0.948601484298706
1773142868.2025442,PC1,0,8,-0.0903,0.55016,-0.15864,0.8813430666923523
1773142868.2025442,PC1,0,9,0.00378,0.61147,-0.37553,0.9529387950897217
1773142868.2025442,PC1,0,10,-0.0542,0.64062,-0.33935,0.931577205657959
1773142868.2025442,PC1,0,11,0.13236,0.72102,-0.21832,0.9872186779975891
1773142868.2025442,PC1,0,12,-0.1458,0.85241,0.0187,0.9703709483146667
1773142868.2025442,PC1,0,13,0.63093,1.21304,-0.16196,0.1845993846654892
1773142868.2025442,PC1,0,14,0.04679,1.31799,-0.31838,0.10144779086112976
1773142868.2025442,PC1,0,15,0.64701,1.07633,-0.1131,0.0874793529510498
1773142868.2025442,PC1,0,16,0.15701,1.53842,-0.76066,0.041523441672325134
1773142868.2025442,PC1,0,17,0.6704,1.05576,-0.18558,0.10109882056713104
1773142868.2025442,PC1,0,18,0.1693,1.64006,-0.85768,0.06620191037654877
1773142868.2025442,PC1,0,19,0.67322,1.17255,-0.20987,0.1343023180961609
1773142868.2025442,PC1,0,20,0.18457,1.678,-0.79994,0.09768690168857574
1773142868.2025442,PC1,0,21,0.64277,1.04399,-0.16169,0.13827809691429138
1773142868.2025442,PC1,0,22,0.15738,1.71563,-0.69309,0.09885377436876297
1773142868.2025442,PC1,0,23,0.42179,1.62616,0.01525,0.000924465770367533
1773142868.2025442,PC1,0,24,0.19414,1.66921,-0.01183,0.000662841135635972
1773142868.2025442,PC1,0,25,0.44334,2.26043,-0.02372,0.001154466182924807
1773142868.2025442,PC1,0,26,0.24156,2.30596,-0.12615,0.0007881256169639528
1773142868.2025442,PC1,0,27,0.46971,2.84876,0.42678,0.00011983825243078172
1773142868.2025442,PC1,0,28,0.28028,2.87366,0.18381,3.6174194974591956e-05
1773142868.2025442,PC1,0,29,0.47026,2.95013,0.44344,9.206745016854256e-05
1773142868.2025442,PC1,0,30,0.27663,2.97256,0.19445,0.00010923009540420026
1773142868.2025442,PC1,0,31,0.46412,3.04221,-0.00021,0.00011930808250326663
1773142868.2025442,PC1,0,32,0.3352,3.0443,-0.29921,0.0001104879193007946
1773142868.2025442,PC1,0,Width_Shoulder,0.3883,,,
1773142868.260273,PC1,0,0,-0.05331,0.56877,-0.39212,0.9094718098640442
1773142868.260273,PC1,0,1,-0.02493,0.48067,-0.39416,0.8969177603721619
1773142868.260273,PC1,0,2,-0.00695,0.47858,-0.39471,0.9051786065101624
1773142868.260273,PC1,0,3,0.01041,0.47626,-0.39541,0.9244962930679321
1773142868.260273,PC1,0,4,-0.07357,0.50894,-0.36951,0.8942485451698303
1773142868.260273,PC1,0,5,-0.08254,0.51555,-0.36916,0.8837117552757263
1773142868.260273,PC1,0,6,-0.09158,0.52227,-0.36958,0.8907822370529175
1773142868.260273,PC1,0,7,0.03023,0.48651,-0.26022,0.945931613445282
1773142868.260273,PC1,0,8,-0.09321,0.54344,-0.13101,0.880619466304779
1773142868.260273,PC1,0,9,-0.00673,0.6011,-0.33307,0.9522193074226379
1773142868.260273,PC1,0,10,-0.06184,0.63091,-0.29608,0.9317212104797363
1773142868.260273,PC1,0,11,0.121,0.71272,-0.21075,0.9874275326728821
1773142868.260273,PC1,0,12,-0.14941,0.83575,0.03207,0.971031665802002
1773142868.260273,PC1,0,13,0.63093,1.21304,-0.16196,0.19865667819976807
1773142868.260273,PC1,0,14,0.04679,1.31799,-0.31838,0.09605769068002701
1773142868.260273,PC1,0,15,0.64701,1.07633,-0.1131,0.08923768997192383
1773142868.260273,PC1,0,16,0.15701,1.53842,-0.76066,0.039323773235082626
1773142868.260273,PC1,0,17,0.6704,1.05576,-0.18558,0.10265801846981049
1773142868.260273,PC1,0,18,0.1693,1.64006,-0.85768,0.06342432647943497
1773142868.260273,PC1,0,19,0.67322,1.17255,-0.20987,0.13646121323108673
1773142868.260273,PC1,0,20,0.18457,1.678,-0.79994,0.09385298192501068
1773142868.260273,PC1,0,21,0.64277,1.04399,-0.16169,0.1406535804271698
1773142868.260273,PC1,0,22,0.15738,1.71563,-0.69309,0.09516283124685287
1773142868.260273,PC1,0,23,0.42179,1.62616,0.01525,0.0008937663515098393
1773142868.260273,PC1,0,24,0.19414,1.66921,-0.01183,0.0006476215203292668
1773142868.260273,PC1,0,25,0.44334,2.26043,-0.02372,0.0011047255247831345
1773142868.260273,PC1,0,26,0.24156,2.30596,-0.12615,0.0007628810126334429
1773142868.260273,PC1,0,27,0.46971,2.84876,0.42678,0.00011052170884795487
1773142868.260273,PC1,0,28,0.28028,2.87366,0.18381,3.4414442779961973e-05
1773142868.260273,PC1,0,29,0.47026,2.95013,0.44344,8.523771248292178e-05
1773142868.260273,PC1,0,30,0.27663,2.97256,0.19445,0.00010379358718637377
1773142868.260273,PC1,0,31,0.46412,3.04221,-0.00021,0.0001130480450228788
1773142868.260273,PC1,0,32,0.3352,3.0443,-0.29921,0.0001056530891219154
1773142868.260273,PC1,0,Width_Shoulder,0.3837,,,
1773142868.367701,PC1,0,0,-0.05774,0.56298,-0.36641,0.9102475047111511
1773142868.367701,PC1,0,1,-0.02854,0.4759,-0.37267,0.8965480327606201
1773142868.367701,PC1,0,2,-0.00988,0.47415,-0.37327,0.9048977494239807
1773142868.367701,PC1,0,3,0.00655,0.47219,-0.37392,0.924040675163269
1773142868.367701,PC1,0,4,-0.07702,0.50578,-0.34525,0.8943138718605042
1773142868.367701,PC1,0,5,-0.08581,0.51113,-0.34495,0.8842077851295471
1773142868.367701,PC1,0,6,-0.093,0.51662,-0.34541,0.8908829689025879
1773142868.367701,PC1,0,7,0.02412,0.48429,-0.26183,0.9460045099258423
1773142868.367701,PC1,0,8,-0.0948,0.53746,-0.12657,0.8809998035430908
1773142868.367701,PC1,0,9,-0.01302,0.59287,-0.32163,0.9531758427619934
1773142868.367701,PC1,0,10,-0.06635,0.6227,-0.28249,0.9328505992889404
1773142868.367701,PC1,0,11,0.1145,0.7073,-0.22206,0.9875108003616333
1773142868.367701,PC1,0,12,-0.15122,0.82561,0.02091,0.9716112017631531
1773142868.367701,PC1,0,13,0.63093,1.21304,-0.16196,0.20395445823669434
1773142868.367701,PC1,0,14,0.04679,1.31799,-0.31838,0.09166893362998962
1773142868.367701,PC1,0,15,0.64701,1.07633,-0.1131,0.09002795070409775
1773142868.367701,PC1,0,16,0.15701,1.53842,-0.76066,0.03738528490066528
1773142868.367701,PC1,0,17,0.6704,1.05576,-0.18558,0.103584885597229
1773142868.367701,PC1,0,18,0.1693,1.64006,-0.85768,0.060605984181165695
1773142868.367701,PC1,0,19,0.67322,1.17255,-0.20987,0.1380155235528946
1773142868.367701,PC1,0,20,0.18457,1.678,-0.79994,0.08997460454702377
1773142868.367701,PC1,0,21,0.64277,1.04399,-0.16169,0.1426575481891632
1773142868.367701,PC1,0,22,0.15738,1.71563,-0.69309,0.09134946018457413
1773142868.367701,PC1,0,23,0.42179,1.62616,0.01525,0.0008772936998866498
1773142868.367701,PC1,0,24,0.19414,1.66921,-0.01183,0.0006346821319311857
1773142868.367701,PC1,0,25,0.44334,2.26043,-0.02372,0.001059107598848641
1773142868.367701,PC1,0,26,0.24156,2.30596,-0.12615,0.0007416935986839235
1773142868.367701,PC1,0,27,0.46971,2.84876,0.42678,0.00010698328696889803
1773142868.367701,PC1,0,28,0.28028,2.87366,0.18381,3.413264494156465e-05
1773142868.367701,PC1,0,29,0.47026,2.95013,0.44344,8.256300498032942e-05
1773142868.367701,PC1,0,30,0.27663,2.97256,0.19445,0.00010483713413123041
1773142868.367701,PC1,0,31,0.46412,3.04221,-0.00021,0.00011159670975757763
1773142868.367701,PC1,0,32,0.3352,3.0443,-0.29921,0.0001080824586097151
1773142868.367701,PC1,0,Width_Shoulder,0.379,,,
1773142868.5237691,PC1,0,0,-0.05374,0.58282,-0.25573,0.9008356332778931
1773142868.5237691,PC1,0,1,-0.03094,0.49767,-0.2782,0.8927977681159973
1773142868.5237691,PC1,0,2,-0.01858,0.49473,-0.27873,0.8945437669754028
1773142868.5237691,PC1,0,3,-0.00982,0.49573,-0.27941,0.9192097783088684
1773142868.5237691,PC1,0,4,-0.06447,0.53155,-0.24098,0.890426754951477
1773142868.5237691,PC1,0,5,-0.07096,0.53445,-0.2407,0.8738155961036682
1773142868.5237691,PC1,0,6,-0.07605,0.5375,-0.24114,0.8861786723136902
1773142868.5237691,PC1,0,7,0.01278,0.50362,-0.23985,0.944614589214325
1773142868.5237691,PC1,0,8,-0.07664,0.55918,-0.05659,0.88801509141922
1773142868.5237691,PC1,0,9,-0.02226,0.61452,-0.23267,0.9563456177711487
1773142868.5237691,PC1,0,10,-0.0614,0.63159,-0.18109,0.9382559657096863
1773142868.5237691,PC1,0,11,0.08749,0.70082,-0.27547,0.9901920557022095
1773142868.5237691,PC1,0,12,-0.12584,0.82478,0.11819,0.9765071868896484
1773142868.5237691,PC1,0,13,0.63093,1.21304,-0.16196,0.3190990388393402
1773142868.5237691,PC1,0,14,0.04679,1.31799,-0.31838,0.07711388170719147
1773142868.5237691,PC1,0,15,0.64701,1.07633,-0.1131,0.12972494959831238
1773142868.5237691,PC1,0,16,0.15701,1.53842,-0.76066,0.03659026324748993
1773142868.5237691,PC1,0,17,0.6704,1.05576,-0.18558,0.1287587583065033
1773142868.5237691,PC1,0,18,0.1693,1.64006,-0.85768,0.058647092431783676
1773142868.5237691,PC1,0,19,0.67322,1.17255,-0.20987,0.16234968602657318
1773142868.5237691,PC1,0,20,0.18457,1.678,-0.79994,0.08523514866828918
1773142868.5237691,PC1,0,21,0.64277,1.04399,-0.16169,0.1680566966533661
1773142868.5237691,PC1,0,22,0.15738,1.71563,-0.69309,0.09066741913557053
1773142868.5237691,PC1,0,23,0.42179,1.62616,0.01525,0.0028990956488996744
1773142868.5237691,PC1,0,24,0.19414,1.66921,-0.01183,0.002813612809404731
1773142868.5237691,PC1,0,25,0.44334,2.26043,-0.02372,0.0009715222404338419
1773142868.5237691,PC1,0,26,0.24156,2.30596,-0.12615,0.0006614341400563717
1773142868.5237691,PC1,0,27,0.46971,2.84876,0.42678,7.858006574679166e-05
1773142868.5237691,PC1,0,28,0.28028,2.87366,0.18381,3.0471934223896824e-05
1773142868.5237691,PC1,0,29,0.47026,2.95013,0.44344,6.238065543584526e-05
1773142868.5237691,PC1,0,30,0.27663,2.97256,0.19445,9.616276656743139e-05
1773142868.5237691,PC1,0,31,0.46412,3.04221,-0.00021,8.803118544165045e-05
1773142868.5237691,PC1,0,32,0.3352,3.0443,-0.29921,8.534756489098072e-05
1773142868.5237691,PC1,0,Width_Shoulder,0.4646,,,
1773142868.5729122,PC1,0,0,-0.04835,0.57145,-0.26631,0.9086887240409851
1773142868.5729122,PC1,0,1,-0.02564,0.49018,-0.28547,0.9014174342155457
1773142868.5729122,PC1,0,2,-0.01493,0.4878,-0.28596,0.9025431871414185
1773142868.5729122,PC1,0,3,-0.00541,0.48763,-0.28661,0.9255858063697815
1773142868.5729122,PC1,0,4,-0.05708,0.52292,-0.24877,0.8995797038078308
1773142868.5729122,PC1,0,5,-0.06484,0.52801,-0.24845,0.8837621808052063
1773142868.5729122,PC1,0,6,-0.07014,0.53072,-0.24885,0.8954278230667114
1773142868.5729122,PC1,0,7,0.01338,0.49897,-0.24096,0.9487159848213196
1773142868.5729122,PC1,0,8,-0.0705,0.55176,-0.05867,0.8966963887214661
1773142868.5729122,PC1,0,9,-0.01604,0.60531,-0.24121,0.9600009918212891
1773142868.5729122,PC1,0,10,-0.05379,0.62342,-0.18994,0.9434898495674133
1773142868.5729122,PC1,0,11,0.08839,0.69994,-0.28733,0.9908851981163025
1773142868.5729122,PC1,0,12,-0.11928,0.82401,0.12047,0.9785169959068298
1773142868.5729122,PC1,0,13,0.63093,1.21304,-0.16196,0.3470105230808258
1773142868.5729122,PC1,0,14,0.04679,1.31799,-0.31838,0.08430075645446777
1773142868.5729122,PC1,0,15,0.64701,1.07633,-0.1131,0.13964620232582092
1773142868.5729122,PC1,0,16,0.15701,1.53842,-0.76066,0.037412647157907486
1773142868.5729122,PC1,0,17,0.6704,1.05576,-0.18558,0.13658910989761353
1773142868.5729122,PC1,0,18,0.1693,1.64006,-0.85768,0.059418778866529465
1773142868.5729122,PC1,0,19,0.67322,1.17255,-0.20987,0.1715289205312729
1773142868.5729122,PC1,0,20,0.18457,1.678,-0.79994,0.08627241849899292
1773142868.5729122,PC1,0,21,0.64277,1.04399,-0.16169,0.17805072665214539
1773142868.5729122,PC1,0,22,0.15738,1.71563,-0.69309,0.09237775951623917
1773142868.5729122,PC1,0,23,0.42179,1.62616,0.01525,0.003243948332965374
1773142868.5729122,PC1,0,24,0.19414,1.66921,-0.01183,0.0031958231702446938
1773142868.5729122,PC1,0,25,0.44334,2.26043,-0.02372,0.0009982321644201875
1773142868.5729122,PC1,0,26,0.24156,2.30596,-0.12615,0.0006686377455480397
1773142868.5729122,PC1,0,27,0.46971,2.84876,0.42678,8.037941734073684e-05
1773142868.5729122,PC1,0,28,0.28028,2.87366,0.18381,3.2297564757755026e-05
1773142868.5729122,PC1,0,29,0.47026,2.95013,0.44344,6.265151023399085e-05
1773142868.5729122,PC1,0,30,0.27663,2.97256,0.19445,0.0001131263270508498
1773142868.5729122,PC1,0,31,0.46412,3.04221,-0.00021,9.248785499949008e-05
1773142868.5729122,PC1,0,32,0.3352,3.0443,-0.29921,8.879573579179123e-05
1773142868.5729122,PC1,0,Width_Shoulder,0.4742,,,
1773142868.6221068,PC1,0,0,-0.0463,0.55951,-0.35959,0.9146947264671326
1773142868.6221068,PC1,0,1,-0.02331,0.48068,-0.36835,0.9083418250083923
1773142868.6221068,PC1,0,2,-0.01262,0.47834,-0.36887,0.9094710350036621
1773142868.6221068,PC1,0,3,-0.0028,0.47741,-0.36954,0.9307573437690735
1773142868.6221068,PC1,0,4,-0.05658,0.50911,-0.33753,0.9062486886978149
1773142868.6221068,PC1,0,5,-0.0662,0.51472,-0.33719,0.8910284042358398
1773142868.6221068,PC1,0,6,-0.07241,0.51741,-0.33757,0.9008572101593018
1773142868.6221068,PC1,0,7,0.0136,0.48936,-0.27633,0.9522479772567749
1773142868.6221068,PC1,0,8,-0.07157,0.5372,-0.11894,0.901740550994873
1773142868.6221068,PC1,0,9,-0.01182,0.59721,-0.31705,0.9630656838417053
1773142868.6221068,PC1,0,10,-0.0487,0.6152,-0.27323,0.947388231754303
1773142868.6221068,PC1,0,11,0.09053,0.69947,-0.29884,0.9910793304443359
1773142868.6221068,PC1,0,12,-0.12354,0.82284,0.08528,0.9770863056182861
1773142868.6221068,PC1,0,13,0.63093,1.21304,-0.16196,0.34118518233299255
1773142868.6221068,PC1,0,14,0.04679,1.31799,-0.31838,0.08031243085861206
1773142868.6221068,PC1,0,15,0.64701,1.07633,-0.1131,0.13675181567668915
1773142868.6221068,PC1,0,16,0.15701,1.53842,-0.76066,0.03450264409184456
1773142868.6221068,PC1,0,17,0.6704,1.05576,-0.18558,0.1314520537853241
1773142868.6221068,PC1,0,18,0.1693,1.64006,-0.85768,0.05479550361633301
1773142868.6221068,PC1,0,19,0.67322,1.17255,-0.20987,0.16541644930839539
1773142868.6221068,PC1,0,20,0.18457,1.678,-0.79994,0.07959344238042831
1773142868.6221068,PC1,0,21,0.64277,1.04399,-0.16169,0.17127379775047302
1773142868.6221068,PC1,0,22,0.15738,1.71563,-0.69309,0.08543724566698074
1773142868.6221068,PC1,0,23,0.42179,1.62616,0.01525,0.0031724427826702595
1773142868.6221068,PC1,0,24,0.19414,1.66921,-0.01183,0.0030074864625930786
1773142868.6221068,PC1,0,25,0.44334,2.26043,-0.02372,0.0009554934222251177
1773142868.6221068,PC1,0,26,0.24156,2.30596,-0.12615,0.0006340006948448718
1773142868.6221068,PC1,0,27,0.46971,2.84876,0.42678,7.637164526386186e-05
1773142868.6221068,PC1,0,28,0.28028,2.87366,0.18381,3.105502764810808e-05
1773142868.6221068,PC1,0,29,0.47026,2.95013,0.44344,5.843344843015075e-05
1773142868.6221068,PC1,0,30,0.27663,2.97256,0.19445,0.0001148685478256084
1773142868.6221068,PC1,0,31,0.46412,3.04221,-0.00021,8.683023042976856e-05
1773142868.6221068,PC1,0,32,0.3352,3.0443,-0.29921,9.042214514920488e-05
1773142868.6221068,PC1,0,Width_Shoulder,0.4567,,,
1773142868.671478,PC1,0,0,-0.03987,0.5501,-0.35424,0.9203765392303467
1773142868.671478,PC1,0,1,-0.01925,0.47386,-0.36088,0.9142789840698242
1773142868.671478,PC1,0,2,-0.00782,0.47123,-0.36138,0.9146439433097839
1773142868.671478,PC1,0,3,0.00129,0.46972,-0.36207,0.9352074265480042
1773142868.671478,PC1,0,4,-0.05381,0.4989,-0.33348,0.9130623936653137
1773142868.671478,PC1,0,5,-0.06423,0.50436,-0.3331,0.8980354070663452
1773142868.671478,PC1,0,6,-0.07133,0.50783,-0.33347,0.9077418446540833
1773142868.671478,PC1,0,7,0.01475,0.48207,-0.26079,0.9552493095397949
1773142868.671478,PC1,0,8,-0.07233,0.52746,-0.11768,0.9083974957466125
1773142868.671478,PC1,0,9,-0.00701,0.59014,-0.30794,0.9654118418693542
1773142868.671478,PC1,0,10,-0.04232,0.60814,-0.26862,0.9510699510574341
1773142868.671478,PC1,0,11,0.09207,0.6975,-0.29062,0.9913687705993652
1773142868.671478,PC1,0,12,-0.12654,0.81705,0.08936,0.9784381985664368
1773142868.671478,PC1,0,13,0.63093,1.21304,-0.16196,0.3381837010383606
1773142868.671478,PC1,0,14,0.04679,1.31799,-0.31838,0.07487276196479797
1773142868.671478,PC1,0,15,0.64701,1.07633,-0.1131,0.13452757894992828
1773142868.671478,PC1,0,16,0.15701,1.53842,-0.76066,0.032255202531814575
1773142868.671478,PC1,0,17,0.6704,1.05576,-0.18558,0.1285628229379654
1773142868.671478,PC1,0,18,0.1693,1.64006,-0.85768,0.05190303176641464
1773142868.671478,PC1,0,19,0.67322,1.17255,-0.20987,0.1612686812877655
1773142868.671478,PC1,0,20,0.18457,1.678,-0.79994,0.0753389373421669
1773142868.671478,PC1,0,21,0.64277,1.04399,-0.16169,0.1684190183877945
1773142868.671478,PC1,0,22,0.15738,1.71563,-0.69309,0.08148420602083206
1773142868.671478,PC1,0,23,0.42179,1.62616,0.01525,0.002997439820319414
1773142868.671478,PC1,0,24,0.19414,1.66921,-0.01183,0.0028425827622413635
1773142868.671478,PC1,0,25,0.44334,2.26043,-0.02372,0.000880284293089062
1773142868.671478,PC1,0,26,0.24156,2.30596,-0.12615,0.0005852012545801699
1773142868.671478,PC1,0,27,0.46971,2.84876,0.42678,6.94861591910012e-05
1773142868.671478,PC1,0,28,0.28028,2.87366,0.18381,2.8616403142223135e-05
1773142868.671478,PC1,0,29,0.47026,2.95013,0.44344,5.3211777412798256e-05
1773142868.671478,PC1,0,30,0.27663,2.97256,0.19445,0.00010621449473546818
1773142868.671478,PC1,0,31,0.46412,3.04221,-0.00021,8.00478519522585e-05
1773142868.671478,PC1,0,32,0.3352,3.0443,-0.29921,8.433280163444579e-05
1773142868.671478,PC1,0,Width_Shoulder,0.4544,,,
1773142868.71999,PC1,0,0,-0.03353,0.5436,-0.42313,0.9265491962432861
1773142868.71999,PC1,0,1,-0.01414,0.46886,-0.42378,0.9208705425262451
1773142868.71999,PC1,0,2,-0.00251,0.46594,-0.42427,0.9211698174476624
1773142868.71999,PC1,0,3,0.0059,0.46408,-0.42494,0.9400039315223694
1773142868.71999,PC1,0,4,-0.04884,0.49045,-0.40112,0.919594943523407
1773142868.71999,PC1,0,5,-0.06105,0.49559,-0.40071,0.9055564999580383
1773142868.71999,PC1,0,6,-0.0698,0.50102,-0.40106,0.9141343832015991
1773142868.71999,PC1,0,7,0.01654,0.47599,-0.29035,0.958564043045044
1773142868.71999,PC1,0,8,-0.0733,0.52094,-0.16881,0.9151089191436768
1773142868.71999,PC1,0,9,-0.0012,0.58509,-0.36379,0.9681156277656555
1773142868.71999,PC1,0,10,-0.03672,0.60285,-0.33072,0.9549705386161804
1773142868.71999,PC1,0,11,0.095,0.69793,-0.28786,0.9917809367179871
1773142868.71999,PC1,0,12,-0.13103,0.81205,0.05042,0.9789968132972717
1773142868.71999,PC1,0,13,0.63093,1.21304,-0.16196,0.3201959729194641
1773142868.71999,PC1,0,14,0.04679,1.31799,-0.31838,0.06891891360282898
1773142868.71999,PC1,0,15,0.64701,1.07633,-0.1131,0.1309685856103897
1773142868.71999,PC1,0,16,0.15701,1.53842,-0.76066,0.029754072427749634
1773142868.71999,PC1,0,17,0.6704,1.05576,-0.18558,0.12641757726669312
1773142868.71999,PC1,0,18,0.1693,1.64006,-0.85768,0.04839693382382393
1773142868.71999,PC1,0,19,0.67322,1.17255,-0.20987,0.1594751477241516
1773142868.71999,PC1,0,20,0.18457,1.678,-0.79994,0.07043547928333282
1773142868.71999,PC1,0,21,0.64277,1.04399,-0.16169,0.16555634140968323
1773142868.71999,PC1,0,22,0.15738,1.71563,-0.69309,0.0762874186038971
1773142868.71999,PC1,0,23,0.42179,1.62616,0.01525,0.0027484314050525427
1773142868.71999,PC1,0,24,0.19414,1.66921,-0.01183,0.002590638818219304
1773142868.71999,PC1,0,25,0.44334,2.26043,-0.02372,0.0008156563853845
1773142868.71999,PC1,0,26,0.24156,2.30596,-0.12615,0.0005375097971409559
1773142868.71999,PC1,0,27,0.46971,2.84876,0.42678,6.466626655310392e-05
1773142868.71999,PC1,0,28,0.28028,2.87366,0.18381,2.6330877517466433e-05
1773142868.71999,PC1,0,29,0.47026,2.95013,0.44344,4.898959741694853e-05
1773142868.71999,PC1,0,30,0.27663,2.97256,0.19445,9.782273264136165e-05
1773142868.71999,PC1,0,31,0.46412,3.04221,-0.00021,7.596365321660414e-05
1773142868.71999,PC1,0,32,0.3352,3.0443,-0.29921,8.0712023191154e-05
1773142868.71999,PC1,0,Width_Shoulder,0.4225,,,
1773142868.847181,PC1,0,0,-0.01701,0.53,-0.59481,0.936509907245636
1773142868.847181,PC1,0,1,0.00038,0.45922,-0.57921,0.9322808384895325
1773142868.847181,PC1,0,2,0.01156,0.45717,-0.57971,0.9334503412246704
1773142868.847181,PC1,0,3,0.01972,0.45557,-0.58033,0.9477705955505371
1773142868.847181,PC1,0,4,-0.03649,0.47185,-0.56721,0.9293089509010315
1773142868.847181,PC1,0,5,-0.04982,0.4753,-0.5668,0.918317973613739
1773142868.847181,PC1,0,6,-0.06057,0.4805,-0.56715,0.9225068092346191
1773142868.847181,PC1,0,7,0.02459,0.46702,-0.36651,0.9647454619407654
1773142868.847181,PC1,0,8,-0.07591,0.49739,-0.29179,0.9278810024261475
1773142868.847181,PC1,0,9,0.01179,0.57855,-0.50559,0.9732219576835632
1773142868.847181,PC1,0,10,-0.02708,0.59193,-0.48597,0.9621481895446777
1773142868.847181,PC1,0,11,0.10368,0.70748,-0.27057,0.9906705021858215
1773142868.847181,PC1,0,12,-0.14557,0.79398,-0.06193,0.9707103371620178
1773142868.847181,PC1,0,13,0.63093,1.21304,-0.16196,0.29015594720840454
1773142868.847181,PC1,0,14,0.04679,1.31799,-0.31838,0.05885758250951767
1773142868.847181,PC1,0,15,0.64701,1.07633,-0.1131,0.13420794904232025
1773142868.847181,PC1,0,16,0.15701,1.53842,-0.76066,0.023948369547724724
1773142868.847181,PC1,0,17,0.6704,1.05576,-0.18558,0.12682874500751495
1773142868.847181,PC1,0,18,0.1693,1.64006,-0.85768,0.03926979377865791
1773142868.847181,PC1,0,19,0.67322,1.17255,-0.20987,0.16041186451911926
1773142868.847181,PC1,0,20,0.18457,1.678,-0.79994,0.057467810809612274
1773142868.847181,PC1,0,21,0.64277,1.04399,-0.16169,0.16200494766235352
1773142868.847181,PC1,0,22,0.15738,1.71563,-0.69309,0.06221277639269829
1773142868.847181,PC1,0,23,0.42179,1.62616,0.01525,0.0023196351248770952
1773142868.847181,PC1,0,24,0.19414,1.66921,-0.01183,0.002043551066890359
1773142868.847181,PC1,0,25,0.44334,2.26043,-0.02372,0.0008419270161539316
1773142868.847181,PC1,0,26,0.24156,2.30596,-0.12615,0.0005215961718931794
1773142868.847181,PC1,0,27,0.46971,2.84876,0.42678,7.223878492368385e-05
1773142868.847181,PC1,0,28,0.28028,2.87366,0.18381,2.5498660761513747e-05
1773142868.847181,PC1,0,29,0.47026,2.95013,0.44344,5.003703336114995e-05
1773142868.847181,PC1,0,30,0.27663,2.97256,0.19445,9.799346298677847e-05
1773142868.847181,PC1,0,31,0.46412,3.04221,-0.00021,7.948578422656283e-05
1773142868.847181,PC1,0,32,0.3352,3.0443,-0.29921,9.593662980478257e-05
1773142868.847181,PC1,0,Width_Shoulder,0.3364,,,
1773142868.895647,PC1,0,0,-0.01437,0.52791,-0.63209,0.9380011558532715
1773142868.895647,PC1,0,1,0.0031,0.45804,-0.61246,0.9346785545349121
1773142868.895647,PC1,0,2,0.01367,0.45643,-0.61296,0.9363510608673096
1773142868.895647,PC1,0,3,0.02199,0.45508,-0.61357,0.9491726160049438
1773142868.895647,PC1,0,4,-0.03501,0.4692,-0.60317,0.9307475686073303
1773142868.895647,PC1,0,5,-0.04839,0.47236,-0.6028,0.921043336391449
1773142868.895647,PC1,0,6,-0.05886,0.47713,-0.60316,0.9238044619560242
1773142868.895647,PC1,0,7,0.02635,0.46657,-0.38083,0.9663916230201721
1773142868.895647,PC1,0,8,-0.07538,0.4929,-0.31628,0.9313123822212219
1773142868.895647,PC1,0,9,0.01427,0.57852,-0.53495,0.9740289449691772
1773142868.895647,PC1,0,10,-0.02587,0.59032,-0.51875,0.9632350206375122
1773142868.895647,PC1,0,11,0.10701,0.71283,-0.26422,0.9903463125228882
1773142868.895647,PC1,0,12,-0.15026,0.79097,-0.08706,0.9662678241729736
1773142868.895647,PC1,0,13,0.63093,1.21304,-0.16196,0.28438451886177063
1773142868.895647,PC1,0,14,0.04679,1.31799,-0.31838,0.057799287140369415
1773142868.895647,PC1,0,15,0.64701,1.07633,-0.1131,0.1446782350540161
1773142868.895647,PC1,0,16,0.15701,1.53842,-0.76066,0.0230562761425972
1773142868.895647,PC1,0,17,0.6704,1.05576,-0.18558,0.13567040860652924
1773142868.895647,PC1,0,18,0.1693,1.64006,-0.85768,0.03770733252167702
1773142868.895647,PC1,0,19,0.67322,1.17255,-0.20987,0.1711270958185196
1773142868.895647,PC1,0,20,0.18457,1.678,-0.79994,0.05539177730679512
1773142868.895647,PC1,0,21,0.64277,1.04399,-0.16169,0.16919763386249542
1773142868.895647,PC1,0,22,0.15738,1.71563,-0.69309,0.05954885855317116
1773142868.895647,PC1,0,23,0.42179,1.62616,0.01525,0.0022428594529628754
1773142868.895647,PC1,0,24,0.19414,1.66921,-0.01183,0.0019208247540518641
1773142868.895647,PC1,0,25,0.44334,2.26043,-0.02372,0.0010112138697877526
1773142868.895647,PC1,0,26,0.24156,2.30596,-0.12615,0.0006166712264530361
1773142868.895647,PC1,0,27,0.46971,2.84876,0.42678,9.453047823626548e-05
1773142868.895647,PC1,0,28,0.28028,2.87366,0.18381,3.0004319341969676e-05
1773142868.895647,PC1,0,29,0.47026,2.95013,0.44344,6.50697184028104e-05
1773142868.895647,PC1,0,30,0.27663,2.97256,0.19445,0.0001176028381451033
1773142868.895647,PC1,0,31,0.46412,3.04221,-0.00021,9.486428461968899e-05
1773142868.895647,PC1,0,32,0.3352,3.0443,-0.29921,0.00012565474025905132
1773142868.895647,PC1,0,Width_Shoulder,0.322,,,
1773142869.1174212,PC1,0,0,-0.00019,0.53339,-0.7303,0.9447503089904785
1773142869.1174212,PC1,0,1,0.01297,0.46185,-0.69742,0.9435518383979797
1773142869.1174212,PC1,0,2,0.02196,0.4603,-0.69793,0.9469397664070129
1773142869.1174212,PC1,0,3,0.02923,0.45929,-0.69849,0.9553521871566772
1773142869.1174212,PC1,0,4,-0.02366,0.46797,-0.70486,0.9382703304290771
1773142869.1174212,PC1,0,5,-0.0379,0.46933,-0.70458,0.9330812692642212
1773142869.1174212,PC1,0,6,-0.0496,0.47142,-0.70499,0.9317036867141724
1773142869.1174212,PC1,0,7,0.02948,0.46866,-0.41341,0.9721939563751221
1773142869.1174212,PC1,0,8,-0.07445,0.49186,-0.41432,0.9442078471183777
1773142869.1174212,PC1,0,9,0.02233,0.58354,-0.60804,0.9760237336158752
1773142869.1174212,PC1,0,10,-0.01712,0.59523,-0.61404,0.9664492607116699
1773142869.1174212,PC1,0,11,0.11351,0.72902,-0.21792,0.9889177083969116
1773142869.1174212,PC1,0,12,-0.16502,0.78729,-0.21151,0.9428590536117554
1773142869.1174212,PC1,0,13,0.63093,1.21304,-0.16196,0.2660302221775055
1773142869.1174212,PC1,0,14,0.04679,1.31799,-0.31838,0.07418092340230942
1773142869.1174212,PC1,0,15,0.64701,1.07633,-0.1131,0.19833554327487946
1773142869.1174212,PC1,0,16,0.15701,1.53842,-0.76066,0.032536424696445465
1773142869.1174212,PC1,0,17,0.6704,1.05576,-0.18558,0.17951837182044983
1773142869.1174212,PC1,0,18,0.1693,1.64006,-0.85768,0.043065015226602554
1773142869.1174212,PC1,0,19,0.67322,1.17255,-0.20987,0.2198169082403183
1773142869.1174212,PC1,0,20,0.18457,1.678,-0.79994,0.0613492950797081
1773142869.1174212,PC1,0,21,0.64277,1.04399,-0.16169,0.20698925852775574
1773142869.1174212,PC1,0,22,0.15738,1.71563,-0.69309,0.06135536730289459
1773142869.1174212,PC1,0,23,0.42179,1.62616,0.01525,0.0028508026152849197
1773142869.1174212,PC1,0,24,0.19414,1.66921,-0.01183,0.0019871836993843317
1773142869.1174212,PC1,0,25,0.44334,2.26043,-0.02372,0.0051192925311625
1773142869.1174212,PC1,0,26,0.24156,2.30596,-0.12615,0.0024042248260229826
1773142869.1174212,PC1,0,27,0.46971,2.84876,0.42678,0.0004440532356966287
1773142869.1174212,PC1,0,28,0.28028,2.87366,0.18381,0.0001348400255665183
1773142869.1174212,PC1,0,29,0.47026,2.95013,0.44344,0.00024366240540985018
1773142869.1174212,PC1,0,30,0.27663,2.97256,0.19445,0.0003099710156675428
1773142869.1174212,PC1,0,31,0.46412,3.04221,-0.00021,0.00036825440474785864
1773142869.1174212,PC1,0,32,0.3352,3.0443,-0.29921,0.0005545124877244234
1773142869.1174212,PC1,0,Width_Shoulder,0.2846,,,
1773142869.1961558,PC1,0,0,0.01226,0.54144,-0.80229,0.9264841675758362
1773142869.1961558,PC1,0,1,0.02271,0.46648,-0.75531,0.9249394536018372
1773142869.1961558,PC1,0,2,0.03012,0.46491,-0.75595,0.9340216517448425
1773142869.1961558,PC1,0,3,0.03625,0.46393,-0.75662,0.938488781452179
1773142869.1961558,PC1,0,4,-0.01138,0.46819,-0.77655,0.9116715788841248
1773142869.1961558,PC1,0,5,-0.02494,0.46765,-0.77629,0.9141977429389954
1773142869.1961558,PC1,0,6,-0.03924,0.46739,-0.77673,0.906164824962616
1773142869.1961558,PC1,0,7,0.03143,0.47055,-0.40573,0.9633734226226807
1773142869.1961558,PC1,0,8,-0.0686,0.47571,-0.47205,0.9274262189865112
1773142869.1961558,PC1,0,9,0.02689,0.58931,-0.65479,0.9635798335075378
1773142869.1961558,PC1,0,10,-0.00966,0.60163,-0.67974,0.9483080506324768
1773142869.1961558,PC1,0,11,0.11637,0.74174,-0.17682,0.9839947819709778
1773142869.1961558,PC1,0,12,-0.17989,0.78205,-0.29007,0.9153308868408203
1773142869.1961558,PC1,0,13,0.63093,1.21304,-0.16196,0.2255450338125229
1773142869.1961558,PC1,0,14,0.04679,1.31799,-0.31838,0.09334083646535873
1773142869.1961558,PC1,0,15,0.64701,1.07633,-0.1131,0.178780198097229
1773142869.1961558,PC1,0,16,0.15701,1.53842,-0.76066,0.05782579258084297
1773142869.1961558,PC1,0,17,0.6704,1.05576,-0.18558,0.1664458066225052
1773142869.1961558,PC1,0,18,0.1693,1.64006,-0.85768,0.0644521713256836
1773142869.1961558,PC1,0,19,0.67322,1.17255,-0.20987,0.2067985236644745
1773142869.1961558,PC1,0,20,0.18457,1.678,-0.79994,0.08679933100938797
1773142869.1961558,PC1,0,21,0.64277,1.04399,-0.16169,0.1925458014011383
1773142869.1961558,PC1,0,22,0.15738,1.71563,-0.69309,0.0825333297252655
1773142869.1961558,PC1,0,23,0.42179,1.62616,0.01525,0.002534837694838643
1773142869.1961558,PC1,0,24,0.19414,1.66921,-0.01183,0.0017125284066423774
1773142869.1961558,PC1,0,25,0.44334,2.26043,-0.02372,0.006498218514025211
1773142869.1961558,PC1,0,26,0.24156,2.30596,-0.12615,0.0035863034427165985
1773142869.1961558,PC1,0,27,0.46971,2.84876,0.42678,0.0005759067717008293
1773142869.1961558,PC1,0,28,0.28028,2.87366,0.18381,0.00017605061293579638
1773142869.1961558,PC1,0,29,0.47026,2.95013,0.44344,0.000324548251228407
1773142869.1961558,PC1,0,30,0.27663,2.97256,0.19445,0.00041046072146855295
1773142869.1961558,PC1,0,31,0.46412,3.04221,-0.00021,0.00039868513704277575
1773142869.1961558,PC1,0,32,0.3352,3.0443,-0.29921,0.0006540481117554009
1773142869.1961558,PC1,0,Width_Shoulder,0.3197,,,
1773142869.235978,PC1,0,0,0.01291,0.543,-0.7687,0.9255301356315613
1773142869.235978,PC1,0,1,0.02352,0.46755,-0.72274,0.9223018288612366
1773142869.235978,PC1,0,2,0.03088,0.46601,-0.72338,0.9323410391807556
1773142869.235978,PC1,0,3,0.03698,0.46508,-0.72403,0.9359919428825378
1773142869.235978,PC1,0,4,-0.01029,0.46842,-0.74299,0.9091787338256836
1773142869.235978,PC1,0,5,-0.02458,0.46782,-0.74276,0.9130299091339111
1773142869.235978,PC1,0,6,-0.03845,0.46735,-0.7432,0.9036473631858826
1773142869.235978,PC1,0,7,0.0317,0.47172,-0.37937,0.9624699950218201
1773142869.235978,PC1,0,8,-0.06818,0.47314,-0.44437,0.9262046813964844
1773142869.235978,PC1,0,9,0.02711,0.58985,-0.62458,0.9620825052261353
1773142869.235978,PC1,0,10,-0.0096,0.60211,-0.64859,0.9469397068023682
1773142869.235978,PC1,0,11,0.11484,0.74253,-0.16053,0.9832583665847778
1773142869.235978,PC1,0,12,-0.18075,0.7785,-0.27308,0.9129807353019714
1773142869.235978,PC1,0,13,0.63093,1.21304,-0.16196,0.2145567685365677
1773142869.235978,PC1,0,14,0.04679,1.31799,-0.31838,0.09399661421775818
1773142869.235978,PC1,0,15,0.64701,1.07633,-0.1131,0.1747436225414276
1773142869.235978,PC1,0,16,0.15701,1.53842,-0.76066,0.06504899263381958
1773142869.235978,PC1,0,17,0.6704,1.05576,-0.18558,0.16444499790668488
1773142869.235978,PC1,0,18,0.1693,1.64006,-0.85768,0.07114899903535843
1773142869.235978,PC1,0,19,0.67322,1.17255,-0.20987,0.2046409398317337
1773142869.235978,PC1,0,20,0.18457,1.678,-0.79994,0.09487228840589523
1773142869.235978,PC1,0,21,0.64277,1.04399,-0.16169,0.19035902619361877
1773142869.235978,PC1,0,22,0.15738,1.71563,-0.69309,0.08978144079446793
1773142869.235978,PC1,0,23,0.42179,1.62616,0.01525,0.002504304051399231
1773142869.235978,PC1,0,24,0.19414,1.66921,-0.01183,0.0016704644076526165
1773142869.235978,PC1,0,25,0.44334,2.26043,-0.02372,0.006917860824614763
1773142869.235978,PC1,0,26,0.24156,2.30596,-0.12615,0.0037557329051196575
1773142869.235978,PC1,0,27,0.46971,2.84876,0.42678,0.0005758407642133534
1773142869.235978,PC1,0,28,0.28028,2.87366,0.18381,0.00017326445959042758
1773142869.235978,PC1,0,29,0.47026,2.95013,0.44344,0.0003209205169696361
1773142869.235978,PC1,0,30,0.27663,2.97256,0.19445,0.00038957217475399375
1773142869.235978,PC1,0,31,0.46412,3.04221,-0.00021,0.00039499037666246295
1773142869.235978,PC1,0,32,0.3352,3.0443,-0.29921,0.0006333027267828584
1773142869.235978,PC1,0,Width_Shoulder,0.3183,,,
1773142869.284342,PC1,0,0,0.01364,0.54437,-0.74448,0.9201514720916748
1773142869.284342,PC1,0,1,0.0241,0.46901,-0.6984,0.916007936000824
1773142869.284342,PC1,0,2,0.03143,0.46755,-0.69903,0.926795244216919
1773142869.284342,PC1,0,3,0.03754,0.46669,-0.69967,0.9303119778633118
1773142869.284342,PC1,0,4,-0.00949,0.46911,-0.71989,0.9023957252502441
1773142869.284342,PC1,0,5,-0.02396,0.46859,-0.71969,0.9079955816268921
1773142869.284342,PC1,0,6,-0.03734,0.46807,-0.72014,0.8971077799797058
1773142869.284342,PC1,0,7,0.03185,0.47366,-0.35741,0.9587836861610413
1773142869.284342,PC1,0,8,-0.06748,0.47255,-0.42555,0.9195465445518494
1773142869.284342,PC1,0,9,0.02727,0.59029,-0.60217,0.9552825689315796
1773142869.284342,PC1,0,10,-0.00938,0.60249,-0.62807,0.9375081062316895
1773142869.284342,PC1,0,11,0.11133,0.7431,-0.14236,0.9803246259689331
1773142869.284342,PC1,0,12,-0.18144,0.77238,-0.27085,0.8973390460014343
1773142869.284342,PC1,0,13,0.63093,1.21304,-0.16196,0.20644037425518036
1773142869.284342,PC1,0,14,0.04679,1.31799,-0.31838,0.09819409251213074
1773142869.284342,PC1,0,15,0.64701,1.07633,-0.1131,0.16695088148117065
1773142869.284342,PC1,0,16,0.15701,1.53842,-0.76066,0.0689997673034668
1773142869.284342,PC1,0,17,0.6704,1.05576,-0.18558,0.1578974574804306
1773142869.284342,PC1,0,18,0.1693,1.64006,-0.85768,0.0746215432882309
1773142869.284342,PC1,0,19,0.67322,1.17255,-0.20987,0.19658860564231873
1773142869.284342,PC1,0,20,0.18457,1.678,-0.79994,0.0986127182841301
1773142869.284342,PC1,0,21,0.64277,1.04399,-0.16169,0.18338842689990997
1773142869.284342,PC1,0,22,0.15738,1.71563,-0.69309,0.09366241842508316
1773142869.284342,PC1,0,23,0.42179,1.62616,0.01525,0.0025874648708850145
1773142869.284342,PC1,0,24,0.19414,1.66921,-0.01183,0.0016874283319339156
1773142869.284342,PC1,0,25,0.44334,2.26043,-0.02372,0.006800366099923849
1773142869.284342,PC1,0,26,0.24156,2.30596,-0.12615,0.0037103034555912018
1773142869.284342,PC1,0,27,0.46971,2.84876,0.42678,0.0005302760400809348
1773142869.284342,PC1,0,28,0.28028,2.87366,0.18381,0.0001666983007453382
1773142869.284342,PC1,0,29,0.47026,2.95013,0.44344,0.0002965355524793267
1773142869.284342,PC1,0,30,0.27663,2.97256,0.19445,0.0003647147968877107
1773142869.284342,PC1,0,31,0.46412,3.04221,-0.00021,0.00037017493741586804
1773142869.284342,PC1,0,32,0.3352,3.0443,-0.29921,0.0005955747328698635
1773142869.284342,PC1,0,Width_Shoulder,0.3211,,,
1773142869.383679,PC1,0,0,0.0121,0.54691,-0.73979,0.9173079133033752
1773142869.383679,PC1,0,1,0.0234,0.47328,-0.6997,0.9138069152832031
1773142869.383679,PC1,0,2,0.03081,0.47291,-0.70026,0.9248974323272705
1773142869.383679,PC1,0,3,0.03696,0.47237,-0.70085,0.9276255369186401
1773142869.383679,PC1,0,4,-0.00953,0.47232,-0.72544,0.901836633682251
1773142869.383679,PC1,0,5,-0.02436,0.4718,-0.72531,0.907868504524231
1773142869.383679,PC1,0,6,-0.03665,0.47124,-0.72576,0.895601749420166
1773142869.383679,PC1,0,7,0.03094,0.4783,-0.37931,0.9579935073852539
1773142869.383679,PC1,0,8,-0.06684,0.4741,-0.46936,0.9205736517906189
1773142869.383679,PC1,0,9,0.0249,0.59151,-0.60533,0.9539299011230469
1773142869.383679,PC1,0,10,-0.01181,0.60289,-0.63747,0.9373316168785095
1773142869.383679,PC1,0,11,0.10296,0.74312,-0.1618,0.9790393710136414
1773142869.383679,PC1,0,12,-0.18479,0.76559,-0.31988,0.8957050442695618
1773142869.383679,PC1,0,13,0.63093,1.21304,-0.16196,0.1957492232322693
1773142869.383679,PC1,0,14,0.04679,1.31799,-0.31838,0.0940517857670784
1773142869.383679,PC1,0,15,0.64701,1.07633,-0.1131,0.164768785238266
1773142869.383679,PC1,0,16,0.15701,1.53842,-0.76066,0.06754853576421738
1773142869.383679,PC1,0,17,0.6704,1.05576,-0.18558,0.1582217812538147
1773142869.383679,PC1,0,18,0.1693,1.64006,-0.85768,0.07298947870731354
1773142869.383679,PC1,0,19,0.67322,1.17255,-0.20987,0.19498461484909058
1773142869.383679,PC1,0,20,0.18457,1.678,-0.79994,0.09562309831380844
1773142869.383679,PC1,0,21,0.64277,1.04399,-0.16169,0.18268638849258423
1773142869.383679,PC1,0,22,0.15738,1.71563,-0.69309,0.09188152849674225
1773142869.383679,PC1,0,23,0.42179,1.62616,0.01525,0.0030033125076442957
1773142869.383679,PC1,0,24,0.19414,1.66921,-0.01183,0.001840100740082562
1773142869.383679,PC1,0,25,0.44334,2.26043,-0.02372,0.006917157210409641
1773142869.383679,PC1,0,26,0.24156,2.30596,-0.12615,0.0038112339098006487
1773142869.383679,PC1,0,27,0.46971,2.84876,0.42678,0.0004987838910892606
1773142869.383679,PC1,0,28,0.28028,2.87366,0.18381,0.00016097124898806214
1773142869.383679,PC1,0,29,0.47026,2.95013,0.44344,0.0002773349988274276
1773142869.383679,PC1,0,30,0.27663,2.97256,0.19445,0.0003406116447877139
1773142869.383679,PC1,0,31,0.46412,3.04221,-0.00021,0.00036486078170128167
1773142869.383679,PC1,0,32,0.3352,3.0443,-0.29921,0.0005642899195663631
1773142869.383679,PC1,0,Width_Shoulder,0.3291,,,
1773142869.553762,PC1,0,0,0.46823,0.54092,-0.66173,0.9396564364433289
1773142869.553762,PC1,0,1,0.4793,0.48547,-0.62418,0.937047004699707
1773142869.553762,PC1,0,2,0.48742,0.48612,-0.62444,0.9451445937156677
1773142869.553762,PC1,0,3,0.49473,0.48712,-0.6247,0.9471083879470825
1773142869.553762,PC1,0,4,0.44873,0.48312,-0.64467,0.9283414483070374
1773142869.553762,PC1,0,5,0.43525,0.48276,-0.64455,0.9327577948570251
1773142869.553762,PC1,0,6,0.42344,0.48332,-0.64485,0.9237971305847168
1773142869.553762,PC1,0,7,0.49799,0.50452,-0.35133,0.9692861437797546
1773142869.553762,PC1,0,8,0.39909,0.5018,-0.43247,0.9420269131660461
1773142869.553762,PC1,0,9,0.48077,0.59314,-0.55218,0.9663373231887817
1773142869.553762,PC1,0,10,0.44526,0.59558,-0.57704,0.9542607665061951
1773142869.553762,PC1,0,11,0.56093,0.72436,-0.12468,0.9844001531600952
1773142869.553762,PC1,0,12,0.31182,0.75073,-0.32953,0.9229223728179932
1773142869.553762,PC1,0,13,0.63093,1.21304,-0.16196,0.32828179001808167
1773142869.553762,PC1,0,14,0.04679,1.31799,-0.31838,0.2650434970855713
1773142869.553762,PC1,0,15,0.64701,1.07633,-0.1131,0.2543562948703766
1773142869.553762,PC1,0,16,0.15701,1.53842,-0.76066,0.22960731387138367
1773142869.553762,PC1,0,17,0.6704,1.05576,-0.18558,0.24647387862205505
1773142869.553762,PC1,0,18,0.1693,1.64006,-0.85768,0.2130969613790512
1773142869.553762,PC1,0,19,0.67322,1.17255,-0.20987,0.29937276244163513
1773142869.553762,PC1,0,20,0.18457,1.678,-0.79994,0.24294358491897583
1773142869.553762,PC1,0,21,0.64277,1.04399,-0.16169,0.2923998236656189
1773142869.553762,PC1,0,22,0.15738,1.71563,-0.69309,0.22357918322086334
1773142869.553762,PC1,0,23,0.42179,1.62616,0.01525,0.005054449662566185
1773142869.553762,PC1,0,24,0.19414,1.66921,-0.01183,0.0031192530877888203
1773142869.553762,PC1,0,25,0.44334,2.26043,-0.02372,0.01031650323420763
1773142869.553762,PC1,0,26,0.24156,2.30596,-0.12615,0.006550017278641462
1773142869.553762,PC1,0,27,0.46971,2.84876,0.42678,0.0007361595053225756
1773142869.553762,PC1,0,28,0.28028,2.87366,0.18381,0.0003962225455325097
1773142869.553762,PC1,0,29,0.47026,2.95013,0.44344,0.0004915989120490849
1773142869.553762,PC1,0,30,0.27663,2.97256,0.19445,0.0004773553810082376
1773142869.553762,PC1,0,31,0.46412,3.04221,-0.00021,0.0007940661162137985
1773142869.553762,PC1,0,32,0.3352,3.0443,-0.29921,0.000918916950467974
1773142869.553762,PC1,0,Width_Shoulder,0.3236,,,
1773142869.670326,PC1,0,0,0.52131,0.54123,-0.61836,0.9456787705421448
1773142869.670326,PC1,0,1,0.53245,0.48859,-0.58186,0.943310558795929
1773142869.670326,PC1,0,2,0.5406,0.48943,-0.58205,0.9505988359451294
1773142869.670326,PC1,0,3,0.54804,0.49069,-0.58226,0.9523552656173706
1773142869.670326,PC1,0,4,0.50243,0.4858,-0.60266,0.9354879260063171
1773142869.670326,PC1,0,5,0.48909,0.48521,-0.60255,0.9394676685333252
1773142869.670326,PC1,0,6,0.47716,0.48573,-0.60282,0.9314000010490417
1773142869.670326,PC1,0,7,0.55142,0.50837,-0.31958,0.972328782081604
1773142869.670326,PC1,0,8,0.45266,0.50519,-0.40303,0.9478139281272888
1773142869.670326,PC1,0,9,0.53324,0.59411,-0.51365,0.96969074010849
1773142869.670326,PC1,0,10,0.49845,0.59505,-0.53869,0.9588280916213989
1773142869.670326,PC1,0,11,0.61182,0.72147,-0.09936,0.9859082698822021
1773142869.670326,PC1,0,12,0.368,0.74912,-0.32041,0.9305880665779114
1773142869.670326,PC1,0,13,0.63093,1.21304,-0.16196,0.3749072849750519
1773142869.670326,PC1,0,14,0.04679,1.31799,-0.31838,0.33125683665275574
1773142869.670326,PC1,0,15,0.64701,1.07633,-0.1131,0.2959389388561249
1773142869.670326,PC1,0,16,0.15701,1.53842,-0.76066,0.30115070939064026
1773142869.670326,PC1,0,17,0.6704,1.05576,-0.18558,0.28077661991119385
1773142869.670326,PC1,0,18,0.1693,1.64006,-0.85768,0.2802392840385437
1773142869.670326,PC1,0,19,0.67322,1.17255,-0.20987,0.3368736505508423
1773142869.670326,PC1,0,20,0.18457,1.678,-0.79994,0.3083401918411255
1773142869.670326,PC1,0,21,0.64277,1.04399,-0.16169,0.3332539200782776
1773142869.670326,PC1,0,22,0.15738,1.71563,-0.69309,0.2879495918750763
1773142869.670326,PC1,0,23,0.42179,1.62616,0.01525,0.006361070089042187
1773142869.670326,PC1,0,24,0.19414,1.66921,-0.01183,0.004168763291090727
1773142869.670326,PC1,0,25,0.44334,2.26043,-0.02372,0.009748165495693684
1773142869.670326,PC1,0,26,0.24156,2.30596,-0.12615,0.00632829824462533
1773142869.670326,PC1,0,27,0.46971,2.84876,0.42678,0.0007162858382798731
1773142869.670326,PC1,0,28,0.28028,2.87366,0.18381,0.0003862005250994116
1773142869.670326,PC1,0,29,0.47026,2.95013,0.44344,0.0004940005601383746
1773142869.670326,PC1,0,30,0.27663,2.97256,0.19445,0.0004708269261755049
1773142869.670326,PC1,0,31,0.46412,3.04221,-0.00021,0.0007883363869041204
1773142869.670326,PC1,0,32,0.3352,3.0443,-0.29921,0.000886665191501379
1773142869.670326,PC1,0,Width_Shoulder,0.3303,,,
1773142869.729266,PC1,0,0,0.59636,0.5409,-0.55319,0.9559953212738037
1773142869.729266,PC1,0,1,0.60708,0.49302,-0.51745,0.9540702700614929
1773142869.729266,PC1,0,2,0.61529,0.49413,-0.5175,0.9599745273590088
1773142869.729266,PC1,0,3,0.62288,0.49574,-0.5176,0.9613933563232422
1773142869.729266,PC1,0,4,0.57811,0.4895,-0.53905,0.9477373361587524
1773142869.729266,PC1,0,5,0.56514,0.48857,-0.53889,0.9509627223014832
1773142869.729266,PC1,0,6,0.55292,0.48897,-0.53911,0.9444263577461243
1773142869.729266,PC1,0,7,0.62522,0.51346,-0.27201,0.9775774478912354
1773142869.729266,PC1,0,8,0.52682,0.50967,-0.36062,0.9577251076698303
1773142869.729266,PC1,0,9,0.60702,0.594,-0.45654,0.9754430651664734
1773142869.729266,PC1,0,10,0.57408,0.59335,-0.48252,0.9666473269462585
1773142869.729266,PC1,0,11,0.68249,0.71536,-0.06182,0.9885353446006775
1773142869.729266,PC1,0,12,0.44572,0.74648,-0.30858,0.9437297582626343
1773142869.729266,PC1,0,13,0.63093,1.21304,-0.16196,0.44992172718048096
1773142869.729266,PC1,0,14,0.04679,1.31799,-0.31838,0.4448690414428711
1773142869.729266,PC1,0,15,0.64701,1.07633,-0.1131,0.37748435139656067
1773142869.729266,PC1,0,16,0.15701,1.53842,-0.76066,0.4265753924846649
1773142869.729266,PC1,0,17,0.6704,1.05576,-0.18558,0.35481590032577515
1773142869.729266,PC1,0,18,0.1693,1.64006,-0.85768,0.4041662812232971
1773142869.729266,PC1,0,19,0.67322,1.17255,-0.20987,0.41558676958084106
1773142869.729266,PC1,0,20,0.18457,1.678,-0.79994,0.4285763204097748
1773142869.729266,PC1,0,21,0.64277,1.04399,-0.16169,0.4186406135559082
1773142869.729266,PC1,0,22,0.15738,1.71563,-0.69309,0.40885475277900696
1773142869.729266,PC1,0,23,0.42179,1.62616,0.01525,0.007230042479932308
1773142869.729266,PC1,0,24,0.19414,1.66921,-0.01183,0.004766728263348341
1773142869.729266,PC1,0,25,0.44334,2.26043,-0.02372,0.008065476082265377
1773142869.729266,PC1,0,26,0.24156,2.30596,-0.12615,0.005354210734367371
1773142869.729266,PC1,0,27,0.46971,2.84876,0.42678,0.000586857320740819
1773142869.729266,PC1,0,28,0.28028,2.87366,0.18381,0.00031746094464324415
1773142869.729266,PC1,0,29,0.47026,2.95013,0.44344,0.0004079812206327915
1773142869.729266,PC1,0,30,0.27663,2.97256,0.19445,0.00038670431240461767
1773142869.729266,PC1,0,31,0.46412,3.04221,-0.00021,0.0006556320004165173
1773142869.729266,PC1,0,32,0.3352,3.0443,-0.29921,0.0007296024123206735
1773142869.729266,PC1,0,Width_Shoulder,0.3434,,,
1773142869.7876558,PC1,0,0,0.61934,0.54066,-0.53048,0.9603922963142395
1773142869.7876558,PC1,0,1,0.62969,0.4944,-0.4946,0.9586542248725891
1773142869.7876558,PC1,0,2,0.63781,0.49558,-0.49461,0.9639685750007629
1773142869.7876558,PC1,0,3,0.64535,0.49729,-0.49467,0.9652417898178101
1773142869.7876558,PC1,0,4,0.60135,0.49062,-0.51651,0.9529584646224976
1773142869.7876558,PC1,0,5,0.58856,0.48956,-0.51634,0.9558626413345337
1773142869.7876558,PC1,0,6,0.5762,0.48989,-0.51655,0.9499790072441101
1773142869.7876558,PC1,0,7,0.64695,0.51487,-0.25328,0.9798107147216797
1773142869.7876558,PC1,0,8,0.54906,0.5107,-0.34304,0.9619498252868652
1773142869.7876558,PC1,0,9,0.62916,0.59368,-0.43617,0.9778937697410583
1773142869.7876558,PC1,0,10,0.59735,0.59262,-0.46222,0.9699803590774536
1773142869.7876558,PC1,0,11,0.70341,0.71285,-0.04773,0.9896525144577026
1773142869.7876558,PC1,0,12,0.46833,0.74612,-0.30185,0.9493327736854553
1773142869.7876558,PC1,0,13,0.63093,1.21304,-0.16196,0.4953010082244873
1773142869.7876558,PC1,0,14,0.04679,1.31799,-0.31838,0.4980345368385315
1773142869.7876558,PC1,0,15,0.64701,1.07633,-0.1131,0.418542742729187
1773142869.7876558,PC1,0,16,0.15701,1.53842,-0.76066,0.4816432297229767
1773142869.7876558,PC1,0,17,0.6704,1.05576,-0.18558,0.3873039186000824
1773142869.7876558,PC1,0,18,0.1693,1.64006,-0.85768,0.4581007659435272
1773142869.7876558,PC1,0,19,0.67322,1.17255,-0.20987,0.44848915934562683
1773142869.7876558,PC1,0,20,0.18457,1.678,-0.79994,0.4802974760532379
1773142869.7876558,PC1,0,21,0.64277,1.04399,-0.16169,0.45412757992744446
1773142869.7876558,PC1,0,22,0.15738,1.71563,-0.69309,0.46097031235694885
1773142869.7876558,PC1,0,23,0.42179,1.62616,0.01525,0.008996443822979927
1773142869.7876558,PC1,0,24,0.19414,1.66921,-0.01183,0.006144918501377106
1773142869.7876558,PC1,0,25,0.44334,2.26043,-0.02372,0.007489977404475212
1773142869.7876558,PC1,0,26,0.24156,2.30596,-0.12615,0.0050585344433784485
1773142869.7876558,PC1,0,27,0.46971,2.84876,0.42678,0.0005507568712346256
1773142869.7876558,PC1,0,28,0.28028,2.87366,0.18381,0.0002986696781590581
1773142869.7876558,PC1,0,29,0.47026,2.95013,0.44344,0.00038515834603458643
1773142869.7876558,PC1,0,30,0.27663,2.97256,0.19445,0.00036267939140088856
1773142869.7876558,PC1,0,31,0.46412,3.04221,-0.00021,0.0006283991388045251
1773142869.7876558,PC1,0,32,0.3352,3.0443,-0.29921,0.0006821123533882201
1773142869.7876558,PC1,0,Width_Shoulder,0.3478,,,
1773142869.944126,PC1,0,0,0.65176,0.54074,-0.51569,0.9711143970489502
1773142869.944126,PC1,0,1,0.66112,0.49677,-0.47911,0.9698274731636047
1773142869.944126,PC1,0,2,0.66895,0.49803,-0.47907,0.9737021923065186
1773142869.944126,PC1,0,3,0.67619,0.49979,-0.47906,0.9746155738830566
1773142869.944126,PC1,0,4,0.63399,0.49271,-0.49933,0.9656881093978882
1773142869.944126,PC1,0,5,0.62169,0.49147,-0.49914,0.9678099155426025
1773142869.944126,PC1,0,6,0.60894,0.49167,-0.49931,0.9635177254676819
1773142869.944126,PC1,0,7,0.67697,0.51679,-0.23359,0.9852495193481445
1773142869.944126,PC1,0,8,0.57856,0.51193,-0.31207,0.9722514748573303
1773142869.944126,PC1,0,9,0.66034,0.59224,-0.42168,0.9838652610778809
1773142869.944126,PC1,0,10,0.63058,0.59129,-0.44426,0.978104829788208
1773142869.944126,PC1,0,11,0.73512,0.7109,-0.02613,0.9923380017280579
1773142869.944126,PC1,0,12,0.49471,0.746,-0.27608,0.9629641771316528
1773142869.944126,PC1,0,13,0.89521,0.91917,0.06293,0.6063483953475952
1773142869.944126,PC1,0,14,0.47933,1.11272,-0.6039,0.6269058585166931
1773142869.944126,PC1,0,15,1.05406,0.98411,-0.14009,0.5443474650382996
1773142869.944126,PC1,0,16,0.61573,0.90113,-1.06814,0.6200149655342102
1773142869.944126,PC1,0,17,1.13964,1.02687,-0.16371,0.5091397166252136
1773142869.944126,PC1,0,18,0.66427,0.85446,-1.15524,0.6001337766647339
1773142869.944126,PC1,0,19,1.07212,1.03345,-0.22187,0.5644087791442871
1773142869.944126,PC1,0,20,0.66272,0.80543,-1.13378,0.6165334582328796
1773142869.944126,PC1,0,21,1.04459,1.03525,-0.17578,0.5710916519165039
1773142869.944126,PC1,0,22,0.65386,0.8165,-1.06557,0.601137638092041
1773142869.944126,PC1,0,23,0.42179,1.62616,0.01525,0.009034216403961182
1773142869.944126,PC1,0,24,0.19414,1.66921,-0.01183,0.00632256455719471
1773142869.944126,PC1,0,25,0.44334,2.26043,-0.02372,0.00605780491605401
1773142869.944126,PC1,0,26,0.24156,2.30596,-0.12615,0.004189752042293549
1773142869.944126,PC1,0,27,0.46971,2.84876,0.42678,0.000503265589941293
1773142869.944126,PC1,0,28,0.28028,2.87366,0.18381,0.0002465953293722123
1773142869.944126,PC1,0,29,0.47026,2.95013,0.44344,0.0003308542654849589
1773142869.944126,PC1,0,30,0.27663,2.97256,0.19445,0.00030371762113645673
1773142869.944126,PC1,0,31,0.46412,3.04221,-0.00021,0.0005471047479659319
1773142869.944126,PC1,0,32,0.3352,3.0443,-0.29921,0.0005531991482712328
1773142869.944126,PC1,0,Angle_Elbow_L,106.45,,,
1773142869.944126,PC1,0,Angle_Elbow_R,106.2,,,
1773142869.944126,PC1,0,Angle_Shoulder_L,124.96,,,
1773142869.944126,PC1,0,Angle_Shoulder_R,127.17,,,
1773142869.944126,PC1,0,Length_UpperArm_L,0.2774,,,
1773142869.944126,PC1,0,Length_LowerArm_L,0.2658,,,
1773142869.944126,PC1,0,Length_UpperArm_R,0.4921,,,
1773142869.944126,PC1,0,Length_LowerArm_R,0.5281,,,
1773142869.944126,PC1,0,Width_Shoulder,0.3486,,,
1773142870.1018329,PC1,0,0,0.65646,0.54285,-0.48091,0.9766019582748413
1773142870.1018329,PC1,0,1,0.66633,0.49839,-0.44324,0.975558876991272
1773142870.1018329,PC1,0,2,0.67437,0.49965,-0.44317,0.9786971807479858
1773142870.1018329,PC1,0,3,0.68189,0.50146,-0.44309,0.9794369339942932
1773142870.1018329,PC1,0,4,0.639,0.49459,-0.46078,0.9722061157226562
1773142870.1018329,PC1,0,5,0.62689,0.49363,-0.46051,0.9739245772361755
1773142870.1018329,PC1,0,6,0.61399,0.4941,-0.46064,0.9704478979110718
1773142870.1018329,PC1,0,7,0.68308,0.51812,-0.19752,0.9880504608154297
1773142870.1018329,PC1,0,8,0.58285,0.51336,-0.26799,0.9775228500366211
1773142870.1018329,PC1,0,9,0.66514,0.59507,-0.38767,0.986929178237915
1773142870.1018329,PC1,0,10,0.63461,0.59478,-0.40789,0.9822638630867004
1773142870.1018329,PC1,0,11,0.74383,0.717,-0.00247,0.9937744736671448
1773142870.1018329,PC1,0,12,0.49763,0.74884,-0.21589,0.9699373841285706
1773142870.1018329,PC1,0,13,0.89378,0.93645,-0.0074,0.6708760261535645
1773142870.1018329,PC1,0,14,0.45641,1.08785,-0.54031,0.6868576407432556
1773142870.1018329,PC1,0,15,1.02517,0.93026,-0.27011,0.629524827003479
1773142870.1018329,PC1,0,16,0.58524,0.88763,-0.99576,0.6901026964187622
1773142870.1018329,PC1,0,17,1.08455,0.92367,-0.31238,0.5997786521911621
1773142870.1018329,PC1,0,18,0.62288,0.82421,-1.08197,0.6721140742301941
1773142870.1018329,PC1,0,19,1.04056,0.90289,-0.33769,0.6450531482696533
1773142870.1018329,PC1,0,20,0.62379,0.77777,-1.05232,0.6860942244529724
1773142870.1018329,PC1,0,21,1.01669,0.9167,-0.29446,0.650385320186615
1773142870.1018329,PC1,0,22,0.6178,0.79405,-0.99369,0.6730437278747559
1773142870.1018329,PC1,0,23,0.42179,1.62616,0.01525,0.008188320323824883
1773142870.1018329,PC1,0,24,0.19414,1.66921,-0.01183,0.005678722634911537
1773142870.1018329,PC1,0,25,0.44334,2.26043,-0.02372,0.005086476448923349
1773142870.1018329,PC1,0,26,0.24156,2.30596,-0.12615,0.0034330582711845636
1773142870.1018329,PC1,0,27,0.46971,2.84876,0.42678,0.0004135457274969667
1773142870.1018329,PC1,0,28,0.28028,2.87366,0.18381,0.00020024825062137097
1773142870.1018329,PC1,0,29,0.47026,2.95013,0.44344,0.00027304686955176294
1773142870.1018329,PC1,0,30,0.27663,2.97256,0.19445,0.0002468973689246923
1773142870.1018329,PC1,0,31,0.46412,3.04221,-0.00021,0.00045386687270365655
1773142870.1018329,PC1,0,32,0.3352,3.0443,-0.29921,0.0004523750103544444
1773142870.1018329,PC1,0,Angle_Elbow_L,104.56,,,
1773142870.1018329,PC1,0,Angle_Elbow_R,107.94,,,
1773142870.1018329,PC1,0,Angle_Shoulder_L,126.34,,,
1773142870.1018329,PC1,0,Angle_Shoulder_R,128.77,,,
1773142870.1018329,PC1,0,Length_UpperArm_L,0.2658,,,
1773142870.1018329,PC1,0,Length_LowerArm_L,0.2938,,,
1773142870.1018329,PC1,0,Length_UpperArm_R,0.471,,,
1773142870.1018329,PC1,0,Length_LowerArm_R,0.5139,,,
1773142870.1018329,PC1,0,Width_Shoulder,0.3274,,,
1773142870.356544,PC1,0,0,0.63376,0.55479,-0.38677,0.9861819744110107
1773142870.356544,PC1,0,1,0.64621,0.50937,-0.34658,0.9855644702911377
1773142870.356544,PC1,0,2,0.65413,0.50982,-0.34646,0.9874177575111389
1773142870.356544,PC1,0,3,0.66143,0.51088,-0.34626,0.9878541827201843
1773142870.356544,PC1,0,4,0.61867,0.50779,-0.36235,0.9835845232009888
1773142870.356544,PC1,0,5,0.60664,0.50738,-0.36202,0.9845994114875793
1773142870.356544,PC1,0,6,0.59471,0.508,-0.36214,0.982545793056488
1773142870.356544,PC1,0,7,0.66421,0.52698,-0.09798,0.9929409623146057
1773142870.356544,PC1,0,8,0.56788,0.52669,-0.1709,0.9867251515388489
1773142870.356544,PC1,0,9,0.64463,0.60492,-0.293,0.992277979850769
1773142870.356544,PC1,0,10,0.61201,0.60886,-0.31186,0.9895236492156982
1773142870.356544,PC1,0,11,0.72582,0.74012,0.07719,0.996296226978302
1773142870.356544,PC1,0,12,0.49097,0.76319,-0.14119,0.982082188129425
1773142870.356544,PC1,0,13,0.84704,0.96141,-0.09389,0.7920244336128235
1773142870.356544,PC1,0,14,0.46225,1.07646,-0.50454,0.7825877666473389
1773142870.356544,PC1,0,15,0.90381,0.80149,-0.42497,0.7804795503616333
1773142870.356544,PC1,0,16,0.54634,0.82691,-0.9519,0.8144566416740417
1773142870.356544,PC1,0,17,0.92884,0.73868,-0.48784,0.762151837348938
1773142870.356544,PC1,0,18,0.56538,0.7495,-1.0378,0.8022078275680542
1773142870.356544,PC1,0,19,0.90075,0.70389,-0.46297,0.7890990376472473
1773142870.356544,PC1,0,20,0.56678,0.70628,-1.00078,0.8109754920005798
1773142870.356544,PC1,0,21,0.88716,0.73069,-0.42984,0.7919265627861023
1773142870.356544,PC1,0,22,0.56458,0.73469,-0.94923,0.8024553060531616
1773142870.356544,PC1,0,23,0.42179,1.62616,0.01525,0.007337591610848904
1773142870.356544,PC1,0,24,0.19414,1.66921,-0.01183,0.004966889973729849
1773142870.356544,PC1,0,25,0.44334,2.26043,-0.02372,0.0033126724883913994
1773142870.356544,PC1,0,26,0.24156,2.30596,-0.12615,0.0021423001307994127
1773142870.356544,PC1,0,27,0.46971,2.84876,0.42678,0.00026164803421124816
1773142870.356544,PC1,0,28,0.28028,2.87366,0.18381,0.00012096397404093295
1773142870.356544,PC1,0,29,0.47026,2.95013,0.44344,0.00017563511210028082
1773142870.356544,PC1,0,30,0.27663,2.97256,0.19445,0.00014911375183146447
1773142870.356544,PC1,0,31,0.46412,3.04221,-0.00021,0.0003161886997986585
1773142870.356544,PC1,0,32,0.3352,3.0443,-0.29921,0.0002848948061000556
1773142870.356544,PC1,0,Angle_Elbow_L,104.36,,,
1773142870.356544,PC1,0,Angle_Elbow_R,109.18,,,
1773142870.356544,PC1,0,Angle_Shoulder_L,122.78,,,
1773142870.356544,PC1,0,Angle_Shoulder_R,127.56,,,
1773142870.356544,PC1,0,Length_UpperArm_L,0.3048,,,
1773142870.356544,PC1,0,Length_LowerArm_L,0.372,,,
1773142870.356544,PC1,0,Length_UpperArm_R,0.4806,,,
1773142870.356544,PC1,0,Length_LowerArm_R,0.5191,,,
1773142870.356544,PC1,0,Width_Shoulder,0.3215,,,
1773142870.4048839,PC1,0,0,0.62848,0.55851,-0.35739,0.9875634908676147
1773142870.4048839,PC1,0,1,0.64066,0.51329,-0.31682,0.9870072603225708
1773142870.4048839,PC1,0,2,0.64834,0.5134,-0.31669,0.9886753559112549
1773142870.4048839,PC1,0,3,0.65545,0.51415,-0.31648,0.9890680313110352
1773142870.4048839,PC1,0,4,0.61375,0.51244,-0.33341,0.9852253198623657
1773142870.4048839,PC1,0,5,0.60211,0.51206,-0.33309,0.9861388802528381
1773142870.4048839,PC1,0,6,0.59048,0.51254,-0.33323,0.9842904210090637
1773142870.4048839,PC1,0,7,0.65754,0.52983,-0.07277,0.9936462044715881
1773142870.4048839,PC1,0,8,0.56387,0.53071,-0.14809,0.9880521893501282
1773142870.4048839,PC1,0,9,0.6394,0.60742,-0.26587,0.993049144744873
1773142870.4048839,PC1,0,10,0.60754,0.61253,-0.28597,0.9905703663825989
1773142870.4048839,PC1,0,11,0.71997,0.74238,0.09669,0.9966628551483154
1773142870.4048839,PC1,0,12,0.48781,0.76644,-0.12464,0.983852744102478
1773142870.4048839,PC1,0,13,0.84149,0.96376,-0.07662,0.8120803833007812
1773142870.4048839,PC1,0,14,0.46213,1.07414,-0.48958,0.8023581504821777
1773142870.4048839,PC1,0,15,0.88732,0.78043,-0.39584,0.8023778200149536
1773142870.4048839,PC1,0,16,0.53754,0.81605,-0.92732,0.8328607678413391
1773142870.4048839,PC1,0,17,0.90594,0.7148,-0.45677,0.7857861518859863
1773142870.4048839,PC1,0,18,0.55445,0.73714,-1.01138,0.8216757774353027
1773142870.4048839,PC1,0,19,0.8801,0.68053,-0.4262,0.8100418448448181
1773142870.4048839,PC1,0,20,0.55563,0.69573,-0.97332,0.8295603394508362
1773142870.4048839,PC1,0,21,0.86837,0.70886,-0.39761,0.8125544786453247
1773142870.4048839,PC1,0,22,0.55446,0.72604,-0.92387,0.8218497633934021
1773142870.4048839,PC1,0,23,0.42179,1.62616,0.01525,0.00818999856710434
1773142870.4048839,PC1,0,24,0.19414,1.66921,-0.01183,0.005599966272711754
1773142870.4048839,PC1,0,25,0.44334,2.26043,-0.02372,0.0030935199465602636
1773142870.4048839,PC1,0,26,0.24156,2.30596,-0.12615,0.0019741582218557596
1773142870.4048839,PC1,0,27,0.46971,2.84876,0.42678,0.00024264292733278126
1773142870.4048839,PC1,0,28,0.28028,2.87366,0.18381,0.00011009023000951856
1773142870.4048839,PC1,0,29,0.47026,2.95013,0.44344,0.00016354155377484858
1773142870.4048839,PC1,0,30,0.27663,2.97256,0.19445,0.00013567603309638798
1773142870.4048839,PC1,0,31,0.46412,3.04221,-0.00021,0.00030041165882721543
1773142870.4048839,PC1,0,32,0.3352,3.0443,-0.29921,0.00026116048684343696
1773142870.4048839,PC1,0,Angle_Elbow_L,100.3,,,
1773142870.4048839,PC1,0,Angle_Elbow_R,108.62,,,
1773142870.4048839,PC1,0,Angle_Shoulder_L,123.49,,,
1773142870.4048839,PC1,0,Angle_Shoulder_R,127.96,,,
1773142870.4048839,PC1,0,Length_UpperArm_L,0.3063,,,
1773142870.4048839,PC1,0,Length_LowerArm_L,0.371,,,
1773142870.4048839,PC1,0,Length_UpperArm_R,0.478,,,
1773142870.4048839,PC1,0,Length_LowerArm_R,0.5137,,,
1773142870.4048839,PC1,0,Width_Shoulder,0.3217,,,
1773142870.452551,PC1,0,0,0.6175,0.56431,-0.3345,0.9888061881065369
1773142870.452551,PC1,0,1,0.62778,0.52048,-0.29256,0.9883038997650146
1773142870.452551,PC1,0,2,0.63487,0.52022,-0.29239,0.9898056387901306
1773142870.452551,PC1,0,3,0.64171,0.52044,-0.29213,0.9901584386825562
1773142870.452551,PC1,0,4,0.60148,0.52046,-0.31187,0.9867002964019775
1773142870.452551,PC1,0,5,0.5902,0.52022,-0.3116,0.9875229597091675
1773142870.452551,PC1,0,6,0.57895,0.52062,-0.31177,0.9858588576316833
1773142870.452551,PC1,0,7,0.64178,0.53557,-0.05265,0.9942795038223267
1773142870.452551,PC1,0,8,0.55268,0.53881,-0.13385,0.9892457723617554
1773142870.452551,PC1,0,9,0.62783,0.61187,-0.24556,0.9937413334846497
1773142870.452551,PC1,0,10,0.59763,0.61754,-0.26899,0.9915111064910889
1773142870.452551,PC1,0,11,0.70514,0.75156,0.11308,0.9969881176948547
1773142870.452551,PC1,0,12,0.47838,0.77594,-0.10711,0.9854305982589722
1773142870.452551,PC1,0,13,0.83125,0.96548,-0.06011,0.8296077847480774
1773142870.452551,PC1,0,14,0.44913,1.07085,-0.47841,0.8202788233757019
1773142870.452551,PC1,0,15,0.85664,0.74297,-0.37704,0.8220741748809814
1773142870.452551,PC1,0,16,0.51475,0.78613,-0.88843,0.8494231700897217
1773142870.452551,PC1,0,17,0.86371,0.67112,-0.43536,0.806988000869751
1773142870.452551,PC1,0,18,0.52407,0.70034,-0.96726,0.8391521573066711
1773142870.452551,PC1,0,19,0.84205,0.64126,-0.39411,0.8288047909736633
1773142870.452551,PC1,0,20,0.52589,0.66833,-0.92589,0.8462411761283875
1773142870.452551,PC1,0,21,0.83318,0.67367,-0.37482,0.8310229182243347
1773142870.452551,PC1,0,22,0.52759,0.70273,-0.88367,0.8392448425292969
1773142870.452551,PC1,0,23,0.42179,1.62616,0.01525,0.008587936870753765
1773142870.452551,PC1,0,24,0.19414,1.66921,-0.01183,0.005951652303338051
1773142870.452551,PC1,0,25,0.44334,2.26043,-0.02372,0.002918667858466506
1773142870.452551,PC1,0,26,0.24156,2.30596,-0.12615,0.0018304174300283194
1773142870.452551,PC1,0,27,0.46971,2.84876,0.42678,0.00022810377413406968
1773142870.452551,PC1,0,28,0.28028,2.87366,0.18381,0.00010066784307127818
1773142870.452551,PC1,0,29,0.47026,2.95013,0.44344,0.00015622923092450947
1773142870.452551,PC1,0,30,0.27663,2.97256,0.19445,0.00012509200314525515
1773142870.452551,PC1,0,31,0.46412,3.04221,-0.00021,0.00029883833485655487
1773142870.452551,PC1,0,32,0.3352,3.0443,-0.29921,0.00024397946253884584
1773142870.452551,PC1,0,Angle_Elbow_L,95.12,,,
1773142870.452551,PC1,0,Angle_Elbow_R,106.11,,,
1773142870.452551,PC1,0,Angle_Shoulder_L,123.11,,,
1773142870.452551,PC1,0,Angle_Shoulder_R,127.66,,,
1773142870.452551,PC1,0,Length_UpperArm_L,0.3028,,,
1773142870.452551,PC1,0,Length_LowerArm_L,0.3881,,,
1773142870.452551,PC1,0,Length_UpperArm_R,0.4751,,,
1773142870.452551,PC1,0,Length_LowerArm_R,0.5035,,,
1773142870.452551,PC1,0,Width_Shoulder,0.317,,,
1773142870.644759,PC1,0,0,0.60713,0.5597,-0.28293,0.9926548600196838
1773142870.644759,PC1,0,1,0.61486,0.51995,-0.23519,0.9923239946365356
1773142870.644759,PC1,0,2,0.62217,0.52011,-0.23491,0.9933096766471863
1773142870.644759,PC1,0,3,0.629,0.52052,-0.2347,0.9935410618782043
1773142870.644759,PC1,0,4,0.58868,0.5198,-0.25599,0.9912716746330261
1773142870.644759,PC1,0,5,0.57737,0.51993,-0.25575,0.9918117523193359
1773142870.644759,PC1,0,6,0.56572,0.52038,-0.25587,0.9907197952270508
1773142870.644759,PC1,0,7,0.62607,0.53734,0.00165,0.9962454438209534
1773142870.644759,PC1,0,8,0.53674,0.54317,-0.08815,0.9929428696632385
1773142870.644759,PC1,0,9,0.61707,0.60602,-0.19859,0.9958916902542114
1773142870.644759,PC1,0,10,0.58625,0.61121,-0.22489,0.9944285154342651
1773142870.644759,PC1,0,11,0.6891,0.76045,0.13019,0.998014509677887
1773142870.644759,PC1,0,12,0.46539,0.77296,-0.07316,0.9903771877288818
1773142870.644759,PC1,0,13,0.82994,0.93714,-0.10832,0.8858665823936462
1773142870.644759,PC1,0,14,0.41464,1.03679,-0.43729,0.8757234215736389
1773142870.644759,PC1,0,15,0.82143,0.68315,-0.42472,0.8829888701438904
1773142870.644759,PC1,0,16,0.48477,0.71585,-0.80583,0.8999891877174377
1773142870.644759,PC1,0,17,0.81313,0.59982,-0.49149,0.872344970703125
1773142870.644759,PC1,0,18,0.48918,0.61674,-0.88306,0.8912825584411621
1773142870.644759,PC1,0,19,0.79368,0.58336,-0.42936,0.8866041302680969
1773142870.644759,PC1,0,20,0.49606,0.60299,-0.83294,0.8957703709602356
1773142870.644759,PC1,0,21,0.78881,0.61324,-0.41787,0.8877964019775391
1773142870.644759,PC1,0,22,0.50112,0.63851,-0.79841,0.8906691670417786
1773142870.644759,PC1,0,23,0.42179,1.62616,0.01525,0.015630733221769333
1773142870.644759,PC1,0,24,0.19414,1.66921,-0.01183,0.011117738671600819
1773142870.644759,PC1,0,25,0.44334,2.26043,-0.02372,0.0031075123697519302
1773142870.644759,PC1,0,26,0.24156,2.30596,-0.12615,0.0016633777413517237
1773142870.644759,PC1,0,27,0.46971,2.84876,0.42678,0.00021689133427571505
1773142870.644759,PC1,0,28,0.28028,2.87366,0.18381,7.809250382706523e-05
1773142870.644759,PC1,0,29,0.47026,2.95013,0.44344,0.0001687597978161648
1773142870.644759,PC1,0,30,0.27663,2.97256,0.19445,0.00010196008224738762
1773142870.644759,PC1,0,31,0.46412,3.04221,-0.00021,0.0003006179758813232
1773142870.644759,PC1,0,32,0.3352,3.0443,-0.29921,0.00020149753254372627
1773142870.644759,PC1,0,Angle_Elbow_L,102.73,,,
1773142870.644759,PC1,0,Angle_Elbow_R,101.87,,,
1773142870.644759,PC1,0,Angle_Shoulder_L,114.2,,,
1773142870.644759,PC1,0,Angle_Shoulder_R,127.84,,,
1773142870.644759,PC1,0,Length_UpperArm_L,0.3285,,,
1773142870.644759,PC1,0,Length_LowerArm_L,0.4058,,,
1773142870.644759,PC1,0,Length_UpperArm_R,0.4525,,,
1773142870.644759,PC1,0,Length_LowerArm_R,0.4937,,,
1773142870.644759,PC1,0,Width_Shoulder,0.3026,,,
1773142870.742054,PC1,0,0,0.60427,0.55666,-0.26815,0.9940500855445862
1773142870.742054,PC1,0,1,0.61175,0.51806,-0.21976,0.9937815070152283
1773142870.742054,PC1,0,2,0.61912,0.51834,-0.21947,0.9945800304412842
1773142870.742054,PC1,0,3,0.62604,0.51879,-0.21927,0.994767427444458
1773142870.742054,PC1,0,4,0.58556,0.51801,-0.23961,0.9929290413856506
1773142870.742054,PC1,0,5,0.57426,0.51841,-0.2394,0.9933666586875916
1773142870.742054,PC1,0,6,0.56247,0.51916,-0.23951,0.9924821257591248
1773142870.742054,PC1,0,7,0.62245,0.53581,0.01655,0.9969581961631775
1773142870.742054,PC1,0,8,0.53343,0.54304,-0.0677,0.9942831993103027
1773142870.742054,PC1,0,9,0.61394,0.60295,-0.18451,0.996671199798584
1773142870.742054,PC1,0,10,0.58307,0.60779,-0.20996,0.9954861402511597
1773142870.742054,PC1,0,11,0.68546,0.7599,0.13465,0.9983850717544556
1773142870.742054,PC1,0,12,0.46327,0.77049,-0.05465,0.9921723008155823
1773142870.742054,PC1,0,13,0.83611,0.9148,-0.1269,0.9059346318244934
1773142870.742054,PC1,0,14,0.40484,1.01755,-0.42461,0.8955442905426025
1773142870.742054,PC1,0,15,0.80987,0.65137,-0.4319,0.9050198197364807
1773142870.742054,PC1,0,16,0.47737,0.68376,-0.78871,0.9181344509124756
1773142870.742054,PC1,0,17,0.79669,0.56624,-0.49749,0.8957962989807129
1773142870.742054,PC1,0,18,0.481,0.58282,-0.8663,0.9096664786338806
1773142870.742054,PC1,0,19,0.7783,0.55211,-0.42787,0.9072999358177185
1773142870.742054,PC1,0,20,0.48988,0.5746,-0.81362,0.9131945967674255
1773142870.742054,PC1,0,21,0.77436,0.58015,-0.42001,0.9080760478973389
1773142870.742054,PC1,0,22,0.49574,0.61033,-0.78105,0.9087602496147156
1773142870.742054,PC1,0,23,0.42179,1.62616,0.01525,0.017597828060388565
1773142870.742054,PC1,0,24,0.19414,1.66921,-0.01183,0.012940590269863605
1773142870.742054,PC1,0,25,0.44334,2.26043,-0.02372,0.003332948312163353
1773142870.742054,PC1,0,26,0.24156,2.30596,-0.12615,0.0016799467848613858
1773142870.742054,PC1,0,27,0.46971,2.84876,0.42678,0.00021450647909659892
1773142870.742054,PC1,0,28,0.28028,2.87366,0.18381,7.223035936476663e-05
1773142870.742054,PC1,0,29,0.47026,2.95013,0.44344,0.0001727767667034641
1773142870.742054,PC1,0,30,0.27663,2.97256,0.19445,9.671904990682378e-05
1773142870.742054,PC1,0,31,0.46412,3.04221,-0.00021,0.0003078228619415313
1773142870.742054,PC1,0,32,0.3352,3.0443,-0.29921,0.00019324125605635345
1773142870.742054,PC1,0,Angle_Elbow_L,104.81,,,
1773142870.742054,PC1,0,Angle_Elbow_R,102.37,,,
1773142870.742054,PC1,0,Angle_Shoulder_L,109.91,,,
1773142870.742054,PC1,0,Angle_Shoulder_R,126.76,,,
1773142870.742054,PC1,0,Length_UpperArm_L,0.3393,,,
1773142870.742054,PC1,0,Length_LowerArm_L,0.4039,,,
1773142870.742054,PC1,0,Length_UpperArm_R,0.4487,,,
1773142870.742054,PC1,0,Length_LowerArm_R,0.4992,,,
1773142870.742054,PC1,0,Width_Shoulder,0.2921,,,
1773142870.963763,PC1,0,0,0.60225,0.55474,-0.26197,0.9951803088188171
1773142870.963763,PC1,0,1,0.60971,0.51667,-0.21364,0.9949622750282288
1773142870.963763,PC1,0,2,0.61694,0.51693,-0.21332,0.9956091046333313
1773142870.963763,PC1,0,3,0.62388,0.51735,-0.21314,0.995760977268219
1773142870.963763,PC1,0,4,0.5836,0.51686,-0.23092,0.9942716956138611
1773142870.963763,PC1,0,5,0.57226,0.51752,-0.23069,0.9946262240409851
1773142870.963763,PC1,0,6,0.56049,0.51861,-0.23079,0.9939097762107849
1773142870.963763,PC1,0,7,0.6205,0.53428,0.02132,0.9975356459617615
1773142870.963763,PC1,0,8,0.53204,0.54292,-0.05301,0.9953688979148865
1773142870.963763,PC1,0,9,0.61202,0.60107,-0.17973,0.997302770614624
1773142870.963763,PC1,0,10,0.58136,0.60548,-0.20229,0.9963429570198059
1773142870.963763,PC1,0,11,0.68482,0.75775,0.12569,0.9986868500709534
1773142870.963763,PC1,0,12,0.46367,0.77032,-0.03282,0.9936290383338928
1773142870.963763,PC1,0,13,0.8421,0.89869,-0.14352,0.9231327176094055
1773142870.963763,PC1,0,14,0.39464,1.0019,-0.39593,0.9127452969551086
1773142870.963763,PC1,0,15,0.80277,0.62835,-0.41688,0.9227784276008606
1773142870.963763,PC1,0,16,0.47277,0.66179,-0.74951,0.9322774410247803
1773142870.963763,PC1,0,17,0.7872,0.54179,-0.48002,0.9143489003181458
1773142870.963763,PC1,0,18,0.47719,0.55959,-0.82809,0.9228541254997253
1773142870.963763,PC1,0,19,0.76903,0.53003,-0.40786,0.9236230850219727
1773142870.963763,PC1,0,20,0.48698,0.55584,-0.76767,0.9254137873649597
1773142870.963763,PC1,0,21,0.76531,0.55821,-0.40211,0.9240115284919739
1773142870.963763,PC1,0,22,0.49316,0.59326,-0.73967,0.9214093089103699
1773142870.963763,PC1,0,23,0.42179,1.62616,0.01525,0.020772762596607208
1773142870.963763,PC1,0,24,0.19414,1.66921,-0.01183,0.015554430894553661
1773142870.963763,PC1,0,25,0.44334,2.26043,-0.02372,0.0032349599059671164
1773142870.963763,PC1,0,26,0.24156,2.30596,-0.12615,0.0015647378750145435
1773142870.963763,PC1,0,27,0.46971,2.84876,0.42678,0.0001962865935638547
1773142870.963763,PC1,0,28,0.28028,2.87366,0.18381,6.374317308655009e-05
1773142870.963763,PC1,0,29,0.47026,2.95013,0.44344,0.00016167890862561762
1773142870.963763,PC1,0,30,0.27663,2.97256,0.19445,8.534546941518784e-05
1773142870.963763,PC1,0,31,0.46412,3.04221,-0.00021,0.0002843817346729338
1773142870.963763,PC1,0,32,0.3352,3.0443,-0.29921,0.00017170517821796238
1773142870.963763,PC1,0,Angle_Elbow_L,102.8,,,
1773142870.963763,PC1,0,Angle_Elbow_R,101.78,,,
1773142870.963763,PC1,0,Angle_Shoulder_L,107.43,,,
1773142870.963763,PC1,0,Angle_Shoulder_R,126.42,,,
1773142870.963763,PC1,0,Length_UpperArm_L,0.3422,,,
1773142870.963763,PC1,0,Length_LowerArm_L,0.3865,,,
1773142870.963763,PC1,0,Length_UpperArm_R,0.4362,,,
1773142870.963763,PC1,0,Length_LowerArm_R,0.4968,,,
1773142870.963763,PC1,0,Width_Shoulder,0.2724,,,
1773142871.0124319,PC1,0,0,0.60071,0.55374,-0.26153,0.9956622123718262
1773142871.0124319,PC1,0,1,0.60809,0.5158,-0.21523,0.9954657554626465
1773142871.0124319,PC1,0,2,0.61511,0.516,-0.21481,0.9960479140281677
1773142871.0124319,PC1,0,3,0.62206,0.51638,-0.21462,0.9961845874786377
1773142871.0124319,PC1,0,4,0.58212,0.51636,-0.22447,0.9948442578315735
1773142871.0124319,PC1,0,5,0.57075,0.51743,-0.2243,0.9951633810997009
1773142871.0124319,PC1,0,6,0.5591,0.51917,-0.2243,0.9945185780525208
1773142871.0124319,PC1,0,7,0.6192,0.53332,0.01241,0.9977818727493286
1773142871.0124319,PC1,0,8,0.53144,0.54324,-0.0427,0.9958318471908569
1773142871.0124319,PC1,0,9,0.61064,0.6004,-0.18265,0.9975722432136536
1773142871.0124319,PC1,0,10,0.57999,0.60477,-0.1972,0.9967084527015686
1773142871.0124319,PC1,0,11,0.68452,0.75578,0.10766,0.998816967010498
1773142871.0124319,PC1,0,12,0.46644,0.76618,-0.00831,0.9942626357078552
1773142871.0124319,PC1,0,13,0.8478,0.88136,-0.15192,0.9305931329727173
1773142871.0124319,PC1,0,14,0.38165,0.97922,-0.3583,0.9209539890289307
1773142871.0124319,PC1,0,15,0.79751,0.60985,-0.39539,0.9304418563842773
1773142871.0124319,PC1,0,16,0.46505,0.64388,-0.70939,0.9389031529426575
1773142871.0124319,PC1,0,17,0.77935,0.51935,-0.45301,0.9226406812667847
1773142871.0124319,PC1,0,18,0.4681,0.53936,-0.78713,0.9300843477249146
1773142871.0124319,PC1,0,19,0.76089,0.50816,-0.37906,0.9309574961662292
1773142871.0124319,PC1,0,20,0.48004,0.53874,-0.71999,0.9323243498802185
1773142871.0124319,PC1,0,21,0.75714,0.53759,-0.378,0.9312431216239929
1773142871.0124319,PC1,0,22,0.48752,0.57636,-0.69762,0.9286479353904724
1773142871.0124319,PC1,0,23,0.42179,1.62616,0.01525,0.02104143239557743
1773142871.0124319,PC1,0,24,0.19414,1.66921,-0.01183,0.016298091039061546
1773142871.0124319,PC1,0,25,0.44334,2.26043,-0.02372,0.003166039939969778
1773142871.0124319,PC1,0,26,0.24156,2.30596,-0.12615,0.0015401970595121384
1773142871.0124319,PC1,0,27,0.46971,2.84876,0.42678,0.000194765831110999
1773142871.0124319,PC1,0,28,0.28028,2.87366,0.18381,6.250002479646355e-05
1773142871.0124319,PC1,0,29,0.47026,2.95013,0.44344,0.00016157503705471754
1773142871.0124319,PC1,0,30,0.27663,2.97256,0.19445,8.511704072589055e-05
1773142871.0124319,PC1,0,31,0.46412,3.04221,-0.00021,0.00028209597803652287
1773142871.0124319,PC1,0,32,0.3352,3.0443,-0.29921,0.00016830078675411642
1773142871.0124319,PC1,0,Angle_Elbow_L,99.86,,,
1773142871.0124319,PC1,0,Angle_Elbow_R,102.43,,,
1773142871.0124319,PC1,0,Angle_Shoulder_L,105.11,,,
1773142871.0124319,PC1,0,Angle_Shoulder_R,126.05,,,
1773142871.0124319,PC1,0,Length_UpperArm_L,0.3314,,,
1773142871.0124319,PC1,0,Length_LowerArm_L,0.3681,,,
1773142871.0124319,PC1,0,Length_UpperArm_R,0.4184,,,
1773142871.0124319,PC1,0,Length_LowerArm_R,0.4926,,,
1773142871.0124319,PC1,0,Width_Shoulder,0.2472,,,
1773142871.012532,PC1,0,0,0.60053,0.55374,-0.26259,0.9960958361625671
1773142871.012532,PC1,0,1,0.60777,0.51576,-0.2164,0.9959187507629395
1773142871.012532,PC1,0,2,0.61473,0.51594,-0.21598,0.9964427351951599
1773142871.012532,PC1,0,3,0.62168,0.51634,-0.21579,0.9965656995773315
1773142871.012532,PC1,0,4,0.58187,0.51637,-0.22628,0.995359480381012
1773142871.012532,PC1,0,5,0.57046,0.51751,-0.22613,0.9956467151641846
1773142871.012532,PC1,0,6,0.55883,0.5194,-0.22614,0.9950664043426514
1773142871.012532,PC1,0,7,0.61892,0.53319,0.01049,0.998003363609314
1773142871.012532,PC1,0,8,0.5312,0.54337,-0.04774,0.9962484836578369
1773142871.012532,PC1,0,9,0.61038,0.60039,-0.18373,0.9978145956993103
1773142871.012532,PC1,0,10,0.57974,0.60477,-0.199,0.9970373511314392
1773142871.012532,PC1,0,11,0.68435,0.75535,0.10611,0.9989328384399414
1773142871.012532,PC1,0,12,0.46682,0.7664,-0.01314,0.9948303699493408
1773142871.012532,PC1,0,13,0.84892,0.87773,-0.15148,0.9369351267814636
1773142871.012532,PC1,0,14,0.37909,0.97608,-0.36218,0.9283032417297363
1773142871.012532,PC1,0,15,0.79647,0.60559,-0.40193,0.9373031258583069
1773142871.012532,PC1,0,16,0.46007,0.64041,-0.71696,0.9448632001876831
1773142871.012532,PC1,0,17,0.7778,0.51482,-0.46097,0.9299790859222412
1773142871.012532,PC1,0,18,0.46364,0.5348,-0.79506,0.936557948589325
1773142871.012532,PC1,0,19,0.7593,0.50321,-0.38803,0.9374333620071411
1773142871.012532,PC1,0,20,0.47584,0.53273,-0.72952,0.9385433197021484
1773142871.012532,PC1,0,21,0.75554,0.53294,-0.38527,0.9375962615013123
1773142871.012532,PC1,0,22,0.48327,0.5704,-0.7058,0.9351503252983093
1773142871.012532,PC1,0,23,0.42179,1.62616,0.01525,0.02171674184501171
1773142871.012532,PC1,0,24,0.19414,1.66921,-0.01183,0.017543470486998558
1773142871.012532,PC1,0,25,0.44334,2.26043,-0.02372,0.003308734856545925
1773142871.012532,PC1,0,26,0.24156,2.30596,-0.12615,0.0015680623473599553
1773142871.012532,PC1,0,27,0.46971,2.84876,0.42678,0.00019404449267312884
1773142871.012532,PC1,0,28,0.28028,2.87366,0.18381,6.0847065469715744e-05
1773142871.012532,PC1,0,29,0.47026,2.95013,0.44344,0.00016571703599765897
1773142871.012532,PC1,0,30,0.27663,2.97256,0.19445,8.439956582151353e-05
1773142871.012532,PC1,0,31,0.46412,3.04221,-0.00021,0.0002842527464963496
1773142871.012532,PC1,0,32,0.3352,3.0443,-0.29921,0.00016586467972956598
1773142871.012532,PC1,0,Angle_Elbow_L,100.58,,,
1773142871.012532,PC1,0,Angle_Elbow_R,102.99,,,
1773142871.012532,PC1,0,Angle_Shoulder_L,104.42,,,
1773142871.012532,PC1,0,Angle_Shoulder_R,125.63,,,
1773142871.012532,PC1,0,Length_UpperArm_L,0.3293,,,
1773142871.012532,PC1,0,Length_LowerArm_L,0.3735,,,
1773142871.012532,PC1,0,Length_UpperArm_R,0.4165,,,
1773142871.012532,PC1,0,Length_LowerArm_R,0.4951,,,
1773142871.012532,PC1,0,Width_Shoulder,0.2483,,,
1773142871.159607,PC1,0,0,0.60082,0.55375,-0.26606,0.9964861273765564
1773142871.159607,PC1,0,1,0.60769,0.51574,-0.21971,0.9963265657424927
1773142871.159607,PC1,0,2,0.61468,0.5159,-0.21929,0.9967981576919556
1773142871.159607,PC1,0,3,0.62164,0.5163,-0.2191,0.9969088435173035
1773142871.159607,PC1,0,4,0.58184,0.51639,-0.23072,0.9958232045173645
1773142871.159607,PC1,0,5,0.57044,0.51758,-0.23056,0.9960817694664001
1773142871.159607,PC1,0,6,0.55874,0.51959,-0.23058,0.9955595135688782
1773142871.159607,PC1,0,7,0.61891,0.53309,0.00762,0.9982027411460876
1773142871.159607,PC1,0,8,0.53105,0.54363,-0.05311,0.9966234564781189
1773142871.159607,PC1,0,9,0.61053,0.60042,-0.18678,0.9980327486991882
1773142871.159607,PC1,0,10,0.58009,0.60479,-0.2031,0.9973333477973938
1773142871.159607,PC1,0,11,0.68442,0.75503,0.10481,0.9990355968475342
1773142871.159607,PC1,0,12,0.46681,0.76801,-0.01705,0.9953328371047974
1773142871.159607,PC1,0,13,0.85007,0.87507,-0.14907,0.9426644444465637
1773142871.159607,PC1,0,14,0.37628,0.97309,-0.36523,0.9345014095306396
1773142871.159607,PC1,0,15,0.7957,0.60132,-0.40212,0.943490743637085
1773142871.159607,PC1,0,16,0.45512,0.63641,-0.72173,0.950054407119751
1773142871.159607,PC1,0,17,0.77669,0.51085,-0.46222,0.936640739440918
1773142871.159607,PC1,0,18,0.45891,0.53074,-0.79999,0.941907525062561
1773142871.159607,PC1,0,19,0.75815,0.49837,-0.38976,0.9433362483978271
1773142871.159607,PC1,0,20,0.47106,0.52645,-0.73535,0.9436739087104797
1773142871.159607,PC1,0,21,0.75482,0.52868,-0.38573,0.9433953166007996
1773142871.159607,PC1,0,22,0.47886,0.56411,-0.71085,0.9404719471931458
1773142871.159607,PC1,0,23,0.42179,1.62616,0.01525,0.021635793149471283
1773142871.159607,PC1,0,24,0.19414,1.66921,-0.01183,0.017663614824414253
1773142871.159607,PC1,0,25,0.44334,2.26043,-0.02372,0.003269580425694585
1773142871.159607,PC1,0,26,0.24156,2.30596,-0.12615,0.0014940757537260652
1773142871.159607,PC1,0,27,0.46971,2.84876,0.42678,0.00018645546515472233
1773142871.159607,PC1,0,28,0.28028,2.87366,0.18381,5.6656957895029336e-05
1773142871.159607,PC1,0,29,0.47026,2.95013,0.44344,0.00016065344971138984
1773142871.159607,PC1,0,30,0.27663,2.97256,0.19445,7.916483446024358e-05
1773142871.159607,PC1,0,31,0.46412,3.04221,-0.00021,0.0002767867408692837
1773142871.159607,PC1,0,32,0.3352,3.0443,-0.29921,0.00015712360618636012
1773142871.159607,PC1,0,Angle_Elbow_L,100.5,,,
1773142871.159607,PC1,0,Angle_Elbow_R,103.48,,,
1773142871.159607,PC1,0,Angle_Shoulder_L,103.93,,,
1773142871.159607,PC1,0,Angle_Shoulder_R,125.1,,,
1773142871.159607,PC1,0,Length_UpperArm_L,0.326,,,
1773142871.159607,PC1,0,Length_LowerArm_L,0.3767,,,
1773142871.159607,PC1,0,Length_UpperArm_R,0.4141,,,
1773142871.159607,PC1,0,Length_LowerArm_R,0.4967,,,
1773142871.159607,PC1,0,Width_Shoulder,0.2497,,,
1773142871.2078102,PC1,0,0,0.60192,0.55358,-0.27444,0.997153639793396
1773142871.2078102,PC1,0,1,0.60858,0.51569,-0.22801,0.99702388048172
1773142871.2078102,PC1,0,2,0.61563,0.51585,-0.2276,0.9974058866500854
1773142871.2078102,PC1,0,3,0.62261,0.51628,-0.22739,0.9974954724311829
1773142871.2078102,PC1,0,4,0.58334,0.51617,-0.23914,0.9966162443161011
1773142871.2078102,PC1,0,5,0.572,0.51728,-0.239,0.9968257546424866
1773142871.2078102,PC1,0,6,0.56011,0.51921,-0.23902,0.9964027404785156
1773142871.2078102,PC1,0,7,0.62032,0.5329,-0.00209,0.9985437393188477
1773142871.2078102,PC1,0,8,0.53168,0.54332,-0.06101,0.9972647428512573
1773142871.2078102,PC1,0,9,0.6113,0.60025,-0.19597,0.9984058141708374
1773142871.2078102,PC1,0,10,0.58152,0.60407,-0.21231,0.9978395104408264
1773142871.2078102,PC1,0,11,0.68413,0.75492,0.09841,0.9992114901542664
1773142871.2078102,PC1,0,12,0.46758,0.76708,-0.01882,0.9962035417556763
1773142871.2078102,PC1,0,13,0.84996,0.87239,-0.13453,0.952167809009552
1773142871.2078102,PC1,0,14,0.37299,0.95918,-0.361,0.9452794790267944
1773142871.2078102,PC1,0,15,0.79642,0.59226,-0.36387,0.954121470451355
1773142871.2078102,PC1,0,16,0.44192,0.61564,-0.7165,0.9592828750610352
1773142871.2078102,PC1,0,17,0.77995,0.50231,-0.41758,0.9482586979866028
1773142871.2078102,PC1,0,18,0.44347,0.51239,-0.79314,0.9521356821060181
1773142871.2078102,PC1,0,19,0.76128,0.48763,-0.34612,0.9536327719688416
1773142871.2078102,PC1,0,20,0.45645,0.50676,-0.72913,0.953521728515625
1773142871.2078102,PC1,0,21,0.75804,0.51929,-0.34737,0.9535877108573914
1773142871.2078102,PC1,0,22,0.46517,0.54607,-0.7073,0.9508687853813171
1773142871.2078102,PC1,0,23,0.42179,1.62616,0.01525,0.020108992233872414
1773142871.2078102,PC1,0,24,0.19414,1.66921,-0.01183,0.016975162550807
1773142871.2078102,PC1,0,25,0.44334,2.26043,-0.02372,0.003046863479539752
1773142871.2078102,PC1,0,26,0.24156,2.30596,-0.12615,0.0013655406655743718
1773142871.2078102,PC1,0,27,0.46971,2.84876,0.42678,0.00017324707005172968
1773142871.2078102,PC1,0,28,0.28028,2.87366,0.18381,4.9992486310657114e-05
1773142871.2078102,PC1,0,29,0.47026,2.95013,0.44344,0.00015259468636941165
1773142871.2078102,PC1,0,30,0.27663,2.97256,0.19445,7.320821168832481e-05
1773142871.2078102,PC1,0,31,0.46412,3.04221,-0.00021,0.0002593417011667043
1773142871.2078102,PC1,0,32,0.3352,3.0443,-0.29921,0.00014390669821295887
1773142871.2078102,PC1,0,Angle_Elbow_L,95.9,,,
1773142871.2078102,PC1,0,Angle_Elbow_R,104.11,,,
1773142871.2078102,PC1,0,Angle_Shoulder_L,103.85,,,
1773142871.2078102,PC1,0,Angle_Shoulder_R,123.9,,,
1773142871.2078102,PC1,0,Length_UpperArm_L,0.3091,,,
1773142871.2078102,PC1,0,Length_LowerArm_L,0.366,,,
1773142871.2078102,PC1,0,Length_UpperArm_R,0.4037,,,
1773142871.2078102,PC1,0,Length_LowerArm_R,0.4992,,,
1773142871.2078102,PC1,0,Width_Shoulder,0.2465,,,
1773142871.255988,PC1,0,0,0.60232,0.55343,-0.27906,0.9974381923675537
1773142871.255988,PC1,0,1,0.60902,0.51566,-0.23286,0.9973212480545044
1773142871.255988,PC1,0,2,0.61617,0.51585,-0.23245,0.9976650476455688
1773142871.255988,PC1,0,3,0.62321,0.5163,-0.23223,0.99774569272995
1773142871.255988,PC1,0,4,0.58389,0.51598,-0.24329,0.9969543218612671
1773142871.255988,PC1,0,5,0.57257,0.517,-0.24315,0.9971429109573364
1773142871.255988,PC1,0,6,0.56059,0.5188,-0.24318,0.9967621564865112
1773142871.255988,PC1,0,7,0.62162,0.53288,-0.0098,0.9986891746520996
1773142871.255988,PC1,0,8,0.53222,0.54285,-0.06355,0.9975380897521973
1773142871.255988,PC1,0,9,0.61168,0.6001,-0.20167,0.9985648989677429
1773142871.255988,PC1,0,10,0.58204,0.60351,-0.21681,0.9980552792549133
1773142871.255988,PC1,0,11,0.68411,0.75444,0.08792,0.9992870688438416
1773142871.255988,PC1,0,12,0.46784,0.76601,-0.01706,0.9965654015541077
1773142871.255988,PC1,0,13,0.84889,0.87241,-0.13936,0.9561638236045837
1773142871.255988,PC1,0,14,0.37188,0.95144,-0.35611,0.9488000273704529
1773142871.255988,PC1,0,15,0.80085,0.58948,-0.36084,0.958636462688446
1773142871.255988,PC1,0,16,0.43345,0.60812,-0.71213,0.9629054665565491
1773142871.255988,PC1,0,17,0.78779,0.49909,-0.41279,0.9531553387641907
1773142871.255988,PC1,0,18,0.43212,0.50582,-0.7882,0.9557349681854248
1773142871.255988,PC1,0,19,0.76958,0.48357,-0.3446,0.9579800963401794
1773142871.255988,PC1,0,20,0.44536,0.49939,-0.72365,0.9569612145423889
1773142871.255988,PC1,0,21,0.76583,0.51572,-0.34541,0.9578794240951538
1773142871.255988,PC1,0,22,0.45471,0.53943,-0.70327,0.9545468091964722
1773142871.255988,PC1,0,23,0.42179,1.62616,0.01525,0.01930178329348564
1773142871.255988,PC1,0,24,0.19414,1.66921,-0.01183,0.016448840498924255
1773142871.255988,PC1,0,25,0.44334,2.26043,-0.02372,0.0028733694925904274
1773142871.255988,PC1,0,26,0.24156,2.30596,-0.12615,0.001271498273126781
1773142871.255988,PC1,0,27,0.46971,2.84876,0.42678,0.00016087312542367727
1773142871.255988,PC1,0,28,0.28028,2.87366,0.18381,4.59011789644137e-05
1773142871.255988,PC1,0,29,0.47026,2.95013,0.44344,0.00014221129822544754
1773142871.255988,PC1,0,30,0.27663,2.97256,0.19445,6.738363299518824e-05
1773142871.255988,PC1,0,31,0.46412,3.04221,-0.00021,0.00024348405713681132
1773142871.255988,PC1,0,32,0.3352,3.0443,-0.29921,0.00013372879766393453
1773142871.255988,PC1,0,Angle_Elbow_L,94.7,,,
1773142871.255988,PC1,0,Angle_Elbow_R,104.93,,,
1773142871.255988,PC1,0,Angle_Shoulder_L,103.97,,,
1773142871.255988,PC1,0,Angle_Shoulder_R,123.1,,,
1773142871.255988,PC1,0,Length_UpperArm_L,0.3045,,,
1773142871.255988,PC1,0,Length_LowerArm_L,0.3625,,,
1773142871.255988,PC1,0,Length_UpperArm_R,0.3982,,,
1773142871.255988,PC1,0,Length_LowerArm_R,0.4984,,,
1773142871.255988,PC1,0,Width_Shoulder,0.2407,,,
1773142871.303211,PC1,0,0,0.60253,0.55332,-0.28903,0.997694194316864
1773142871.303211,PC1,0,1,0.60936,0.51565,-0.24291,0.997588574886322
1773142871.303211,PC1,0,2,0.61658,0.51587,-0.24251,0.9978979825973511
1773142871.303211,PC1,0,3,0.62367,0.51638,-0.24226,0.9979705214500427
1773142871.303211,PC1,0,4,0.58427,0.51582,-0.25273,0.9972583651542664
1773142871.303211,PC1,0,5,0.57288,0.51677,-0.25259,0.9974281191825867
1773142871.303211,PC1,0,6,0.56086,0.51845,-0.25263,0.9970853924751282
1773142871.303211,PC1,0,7,0.62265,0.53314,-0.01922,0.9988197684288025
1773142871.303211,PC1,0,8,0.5327,0.54239,-0.06823,0.9977839589118958
1773142871.303211,PC1,0,9,0.61193,0.59999,-0.21147,0.99870765209198
1773142871.303211,PC1,0,10,0.58187,0.6031,-0.22546,0.9982491731643677
1773142871.303211,PC1,0,11,0.6841,0.75456,0.0809,0.9993475675582886
1773142871.303211,PC1,0,12,0.46765,0.7653,-0.02042,0.9968804121017456
1773142871.303211,PC1,0,13,0.84767,0.87295,-0.14969,0.9592997431755066
1773142871.303211,PC1,0,14,0.37133,0.94632,-0.36199,0.9514442682266235
1773142871.303211,PC1,0,15,0.80609,0.58743,-0.38028,0.9626904726028442
1773142871.303211,PC1,0,16,0.42545,0.6028,-0.73,0.966194748878479
1773142871.303211,PC1,0,17,0.79537,0.49684,-0.43267,0.9575499892234802
1773142871.303211,PC1,0,18,0.42179,0.50153,-0.8071,0.9591608047485352
1773142871.303211,PC1,0,19,0.77776,0.4807,-0.36461,0.961873471736908
1773142871.303211,PC1,0,20,0.43442,0.49447,-0.7444,0.9603082537651062
1773142871.303211,PC1,0,21,0.77359,0.51321,-0.36529,0.961732804775238
1773142871.303211,PC1,0,22,0.44459,0.53524,-0.72256,0.9580965042114258
1773142871.303211,PC1,0,23,0.42179,1.62616,0.01525,0.018063772469758987
1773142871.303211,PC1,0,24,0.19414,1.66921,-0.01183,0.015476591885089874
1773142871.303211,PC1,0,25,0.44334,2.26043,-0.02372,0.0026754720602184534
1773142871.303211,PC1,0,26,0.24156,2.30596,-0.12615,0.0011732057901099324
1773142871.303211,PC1,0,27,0.46971,2.84876,0.42678,0.00015003090084064752
1773142871.303211,PC1,0,28,0.28028,2.87366,0.18381,4.202250420348719e-05
1773142871.303211,PC1,0,29,0.47026,2.95013,0.44344,0.00013316857803147286
1773142871.303211,PC1,0,30,0.27663,2.97256,0.19445,6.21340805082582e-05
1773142871.303211,PC1,0,31,0.46412,3.04221,-0.00021,0.00023021403467282653
1773142871.303211,PC1,0,32,0.3352,3.0443,-0.29921,0.00012516406422946602
1773142871.303211,PC1,0,Angle_Elbow_L,96.37,,,
1773142871.303211,PC1,0,Angle_Elbow_R,106.8,,,
1773142871.303211,PC1,0,Angle_Shoulder_L,103.81,,,
1773142871.303211,PC1,0,Angle_Shoulder_R,122.07,,,
1773142871.303211,PC1,0,Length_UpperArm_L,0.3065,,,
1773142871.303211,PC1,0,Length_LowerArm_L,0.3694,,,
1773142871.303211,PC1,0,Length_UpperArm_R,0.3984,,,
1773142871.303211,PC1,0,Length_LowerArm_R,0.5063,,,
1773142871.303211,PC1,0,Width_Shoulder,0.2392,,,
1773142871.351327,PC1,0,0,0.60269,0.55255,-0.3095,0.9979246258735657
1773142871.351327,PC1,0,1,0.60955,0.51449,-0.26388,0.9978293776512146
1773142871.351327,PC1,0,2,0.61683,0.51476,-0.26352,0.9981078505516052
1773142871.351327,PC1,0,3,0.62398,0.51539,-0.26325,0.9981731176376343
1773142871.351327,PC1,0,4,0.58446,0.51459,-0.27203,0.9975321888923645
1773142871.351327,PC1,0,5,0.57304,0.51556,-0.27187,0.9976849555969238
1773142871.351327,PC1,0,6,0.561,0.51735,-0.27193,0.9973765015602112
1773142871.351327,PC1,0,7,0.62349,0.53293,-0.04003,0.9989374876022339
1773142871.351327,PC1,0,8,0.53309,0.54199,-0.07996,0.9980053305625916
1773142871.351327,PC1,0,9,0.61218,0.599,-0.23198,0.9988363981246948
1773142871.351327,PC1,0,10,0.58177,0.60201,-0.24359,0.9984238743782043
1773142871.351327,PC1,0,11,0.6847,0.75402,0.06597,0.9994044303894043
1773142871.351327,PC1,0,12,0.46828,0.76477,-0.02935,0.9971649646759033
1773142871.351327,PC1,0,13,0.84587,0.87521,-0.16399,0.9608045816421509
1773142871.351327,PC1,0,14,0.36993,0.9431,-0.37884,0.9544310569763184
1773142871.351327,PC1,0,15,0.81091,0.58591,-0.40332,0.9663172960281372
1773142871.351327,PC1,0,16,0.41655,0.60148,-0.76692,0.9689483642578125
1773142871.351327,PC1,0,17,0.8026,0.49501,-0.45668,0.9614602327346802
1773142871.351327,PC1,0,18,0.41153,0.49854,-0.84652,0.9614511132240295
1773142871.351327,PC1,0,19,0.78597,0.47749,-0.38965,0.9653577208518982
1773142871.351327,PC1,0,20,0.42452,0.4912,-0.78393,0.962696373462677
1773142871.351327,PC1,0,21,0.78128,0.51101,-0.38921,0.9651581645011902
1773142871.351327,PC1,0,22,0.43517,0.53234,-0.76021,0.9607426524162292
1773142871.351327,PC1,0,23,0.42179,1.62616,0.01525,0.016731571406126022
1773142871.351327,PC1,0,24,0.19414,1.66921,-0.01183,0.014403460547327995
1773142871.351327,PC1,0,25,0.44334,2.26043,-0.02372,0.00244884449057281
1773142871.351327,PC1,0,26,0.24156,2.30596,-0.12615,0.001067098812200129
1773142871.351327,PC1,0,27,0.46971,2.84876,0.42678,0.00013622875849250704
1773142871.351327,PC1,0,28,0.28028,2.87366,0.18381,3.79578850697726e-05
1773142871.351327,PC1,0,29,0.47026,2.95013,0.44344,0.00012108060764148831
1773142871.351327,PC1,0,30,0.27663,2.97256,0.19445,5.626387428492308e-05
1773142871.351327,PC1,0,31,0.46412,3.04221,-0.00021,0.00021067814668640494
1773142871.351327,PC1,0,32,0.3352,3.0443,-0.29921,0.00011432737665018067
1773142871.351327,PC1,0,Angle_Elbow_L,97.14,,,
1773142871.351327,PC1,0,Angle_Elbow_R,109.51,,,
1773142871.351327,PC1,0,Angle_Shoulder_L,103.9,,,
1773142871.351327,PC1,0,Angle_Shoulder_R,120.51,,,
1773142871.351327,PC1,0,Length_UpperArm_L,0.3059,,,
1773142871.351327,PC1,0,Length_LowerArm_L,0.3771,,,
1773142871.351327,PC1,0,Length_UpperArm_R,0.4045,,,
1773142871.351327,PC1,0,Length_LowerArm_R,0.5191,,,
1773142871.351327,PC1,0,Width_Shoulder,0.2367,,,
1773142871.499147,PC1,0,0,0.60298,0.55282,-0.34029,0.9983183741569519
1773142871.499147,PC1,0,1,0.6105,0.51424,-0.29652,0.9982402324676514
1773142871.499147,PC1,0,2,0.61781,0.51471,-0.29619,0.9984655976295471
1773142871.499147,PC1,0,3,0.62507,0.51558,-0.29593,0.9985184669494629
1773142871.499147,PC1,0,4,0.58515,0.51391,-0.30226,0.9979996085166931
1773142871.499147,PC1,0,5,0.57354,0.5149,-0.30217,0.9981232285499573
1773142871.499147,PC1,0,6,0.56157,0.51687,-0.30226,0.9978735446929932
1773142871.499147,PC1,0,7,0.62532,0.53345,-0.07123,0.999137818813324
1773142871.499147,PC1,0,8,0.53438,0.54161,-0.09703,0.9983833432197571
1773142871.499147,PC1,0,9,0.61266,0.59964,-0.2618,0.9990557432174683
1773142871.499147,PC1,0,10,0.58155,0.602,-0.27317,0.9987219572067261
1773142871.499147,PC1,0,11,0.68587,0.75353,0.04484,0.9994944334030151
1773142871.499147,PC1,0,12,0.46889,0.76404,-0.04024,0.9976503252983093
1773142871.499147,PC1,0,13,0.84242,0.87845,-0.18618,0.965423583984375
1773142871.499147,PC1,0,14,0.3673,0.93982,-0.39383,0.9605240225791931
1773142871.499147,PC1,0,15,0.81891,0.58453,-0.44105,0.9724715948104858
1773142871.499147,PC1,0,16,0.40051,0.60019,-0.79837,0.9739295244216919
1773142871.499147,PC1,0,17,0.81352,0.49247,-0.49824,0.9679029583930969
1773142871.499147,PC1,0,18,0.39415,0.49549,-0.88136,0.9658492803573608
1773142871.499147,PC1,0,19,0.79697,0.47344,-0.43557,0.9710400104522705
1773142871.499147,PC1,0,20,0.40821,0.48717,-0.82798,0.9671087265014648
1773142871.499147,PC1,0,21,0.79195,0.50826,-0.42953,0.9707286953926086
1773142871.499147,PC1,0,22,0.41931,0.52923,-0.79554,0.9655139446258545
1773142871.499147,PC1,0,23,0.42179,1.62616,0.01525,0.015299445018172264
1773142871.499147,PC1,0,24,0.19414,1.66921,-0.01183,0.013567647896707058
1773142871.499147,PC1,0,25,0.44334,2.26043,-0.02372,0.0022425814531743526
1773142871.499147,PC1,0,26,0.24156,2.30596,-0.12615,0.000952873844653368
1773142871.499147,PC1,0,27,0.46971,2.84876,0.42678,0.00012138563033659011
1773142871.499147,PC1,0,28,0.28028,2.87366,0.18381,3.25380424328614e-05
1773142871.499147,PC1,0,29,0.47026,2.95013,0.44344,0.00010893026774283499
1773142871.499147,PC1,0,30,0.27663,2.97256,0.19445,4.973611794412136e-05
1773142871.499147,PC1,0,31,0.46412,3.04221,-0.00021,0.00019303159206174314
1773142871.499147,PC1,0,32,0.3352,3.0443,-0.29921,0.00010532252781558782
1773142871.499147,PC1,0,Angle_Elbow_L,98.92,,,
1773142871.499147,PC1,0,Angle_Elbow_R,111.75,,,
1773142871.499147,PC1,0,Angle_Shoulder_L,104.06,,,
1773142871.499147,PC1,0,Angle_Shoulder_R,119.04,,,
1773142871.499147,PC1,0,Length_UpperArm_L,0.3058,,,
1773142871.499147,PC1,0,Length_LowerArm_L,0.3897,,,
1773142871.499147,PC1,0,Length_UpperArm_R,0.4077,,,
1773142871.499147,PC1,0,Length_LowerArm_R,0.5292,,,
1773142871.499147,PC1,0,Width_Shoulder,0.2333,,,
1773142871.4992661,PC1,0,0,0.60309,0.55206,-0.34204,0.9984865188598633
1773142871.4992661,PC1,0,1,0.61087,0.51352,-0.29633,0.9984161257743835
1773142871.4992661,PC1,0,2,0.61818,0.51424,-0.29599,0.9986189603805542
1773142871.4992661,PC1,0,3,0.62549,0.51534,-0.29571,0.998666524887085
1773142871.4992661,PC1,0,4,0.58536,0.51259,-0.30195,0.9981995820999146
1773142871.4992661,PC1,0,5,0.57363,0.51347,-0.30181,0.9983108043670654
1773142871.4992661,PC1,0,6,0.56172,0.51537,-0.30188,0.9980860948562622
1773142871.4992661,PC1,0,7,0.6264,0.53359,-0.07299,0.9992239475250244
1773142871.4992661,PC1,0,8,0.53487,0.54119,-0.09792,0.9985449314117432
1773142871.4992661,PC1,0,9,0.61301,0.59927,-0.26545,0.9991500377655029
1773142871.4992661,PC1,0,10,0.58148,0.60122,-0.27606,0.998849630355835
1773142871.4992661,PC1,0,11,0.68681,0.7533,0.03379,0.9995427131652832
1773142871.4992661,PC1,0,12,0.469,0.76473,-0.04044,0.9978769421577454
1773142871.4992661,PC1,0,13,0.84132,0.87955,-0.19787,0.9677163362503052
1773142871.4992661,PC1,0,14,0.36533,0.94139,-0.38356,0.9621567130088806
1773142871.4992661,PC1,0,15,0.82222,0.58479,-0.45474,0.9750867486000061
1773142871.4992661,PC1,0,16,0.39371,0.6049,-0.78866,0.9760035872459412
1773142871.4992661,PC1,0,17,0.81766,0.49169,-0.51343,0.9706885814666748
1773142871.4992661,PC1,0,18,0.38653,0.499,-0.87342,0.9680852890014648
1773142871.4992661,PC1,0,19,0.80122,0.47212,-0.45091,0.9735279679298401
1773142871.4992661,PC1,0,20,0.40129,0.48837,-0.82069,0.9693363904953003
1773142871.4992661,PC1,0,21,0.79623,0.50745,-0.4437,0.9731862545013428
1773142871.4992661,PC1,0,22,0.4136,0.53341,-0.78694,0.967923104763031
1773142871.4992661,PC1,0,23,0.42179,1.62616,0.01525,0.014199639670550823
1773142871.4992661,PC1,0,24,0.19414,1.66921,-0.01183,0.012602073140442371
1773142871.4992661,PC1,0,25,0.44334,2.26043,-0.02372,0.002086425432935357
1773142871.4992661,PC1,0,26,0.24156,2.30596,-0.12615,0.0008754481677897274
1773142871.4992661,PC1,0,27,0.46971,2.84876,0.42678,0.00011015856580343097
1773142871.4992661,PC1,0,28,0.28028,2.87366,0.18381,2.9469001674442552e-05
1773142871.4992661,PC1,0,29,0.47026,2.95013,0.44344,9.934876288753003e-05
1773142871.4992661,PC1,0,30,0.27663,2.97256,0.19445,4.523824463831261e-05
1773142871.4992661,PC1,0,31,0.46412,3.04221,-0.00021,0.00017703467165119946
1773142871.4992661,PC1,0,32,0.3352,3.0443,-0.29921,9.607729589333758e-05
1773142871.4992661,PC1,0,Angle_Elbow_L,99.3,,,
1773142871.4992661,PC1,0,Angle_Elbow_R,111.32,,,
1773142871.4992661,PC1,0,Angle_Shoulder_L,104.13,,,
1773142871.4992661,PC1,0,Angle_Shoulder_R,119.59,,,
1773142871.4992661,PC1,0,Length_UpperArm_L,0.3057,,,
1773142871.4992661,PC1,0,Length_LowerArm_L,0.3914,,,
1773142871.4992661,PC1,0,Length_UpperArm_R,0.3996,,,
1773142871.4992661,PC1,0,Length_LowerArm_R,0.5274,,,
1773142871.4992661,PC1,0,Width_Shoulder,0.2304,,,
1773142871.595166,PC1,0,0,0.60427,0.55168,-0.34637,0.9987739324569702
1773142871.595166,PC1,0,1,0.61292,0.51286,-0.29828,0.9987166523933411
1773142871.595166,PC1,0,2,0.62036,0.51394,-0.29792,0.9988808631896973
1773142871.595166,PC1,0,3,0.62771,0.51542,-0.29761,0.9989193677902222
1773142871.595166,PC1,0,4,0.58704,0.51123,-0.30547,0.9985412359237671
1773142871.595166,PC1,0,5,0.57508,0.51209,-0.30527,0.9986312985420227
1773142871.595166,PC1,0,6,0.56303,0.51417,-0.30531,0.9984493255615234
1773142871.595166,PC1,0,7,0.62896,0.53394,-0.07365,0.9993709921836853
1773142871.595166,PC1,0,8,0.53637,0.54072,-0.10791,0.9988210797309875
1773142871.595166,PC1,0,9,0.6143,0.59956,-0.27048,0.9993108510971069
1773142871.595166,PC1,0,10,0.58217,0.60084,-0.28181,0.9990677237510681
1773142871.595166,PC1,0,11,0.68835,0.75336,0.02634,0.9996166825294495
1773142871.595166,PC1,0,12,0.46922,0.76562,-0.0518,0.9982452988624573
1773142871.595166,PC1,0,13,0.83976,0.88139,-0.20947,0.9702785015106201
1773142871.595166,PC1,0,14,0.36264,0.94599,-0.3971,0.9654959440231323
1773142871.595166,PC1,0,15,0.82654,0.58554,-0.48512,0.9794553518295288
1773142871.595166,PC1,0,16,0.38417,0.61284,-0.81166,0.9794840216636658
1773142871.595166,PC1,0,17,0.82287,0.4914,-0.54819,0.9751226305961609
1773142871.595166,PC1,0,18,0.37588,0.50342,-0.89789,0.9714069366455078
1773142871.595166,PC1,0,19,0.80623,0.47188,-0.48584,0.9774810075759888
1773142871.595166,PC1,0,20,0.39121,0.48996,-0.84598,0.9727470874786377
1773142871.595166,PC1,0,21,0.80121,0.50739,-0.4754,0.9770256876945496
1773142871.595166,PC1,0,22,0.40493,0.5379,-0.81069,0.9715079069137573
1773142871.595166,PC1,0,23,0.42179,1.62616,0.01525,0.012614049948751926
1773142871.595166,PC1,0,24,0.19414,1.66921,-0.01183,0.0113065205514431
1773142871.595166,PC1,0,25,0.44334,2.26043,-0.02372,0.0018720290390774608
1773142871.595166,PC1,0,26,0.24156,2.30596,-0.12615,0.0007616704679094255
1773142871.595166,PC1,0,27,0.46971,2.84876,0.42678,9.325226710643619e-05
1773142871.595166,PC1,0,28,0.28028,2.87366,0.18381,2.449170824547764e-05
1773142871.595166,PC1,0,29,0.47026,2.95013,0.44344,8.543788135284558e-05
1773142871.595166,PC1,0,30,0.27663,2.97256,0.19445,3.7949663237668574e-05
1773142871.595166,PC1,0,31,0.46412,3.04221,-0.00021,0.0001561881072120741
1773142871.595166,PC1,0,32,0.3352,3.0443,-0.29921,8.270218677353114e-05
1773142871.595166,PC1,0,Angle_Elbow_L,101.63,,,
1773142871.595166,PC1,0,Angle_Elbow_R,112.07,,,
1773142871.595166,PC1,0,Angle_Shoulder_L,104.02,,,
1773142871.595166,PC1,0,Angle_Shoulder_R,119.39,,,
1773142871.595166,PC1,0,Length_UpperArm_L,0.3081,,,
1773142871.595166,PC1,0,Length_LowerArm_L,0.4046,,,
1773142871.595166,PC1,0,Length_UpperArm_R,0.4039,,,
1773142871.595166,PC1,0,Length_LowerArm_R,0.5323,,,
1773142871.595166,PC1,0,Width_Shoulder,0.233,,,
1773142871.6435468,PC1,0,0,0.60581,0.55166,-0.34528,0.9988964796066284
1773142871.6435468,PC1,0,1,0.61441,0.51275,-0.29635,0.9988448023796082
1773142871.6435468,PC1,0,2,0.62191,0.51395,-0.29599,0.9989925622940063
1773142871.6435468,PC1,0,3,0.62914,0.51556,-0.29568,0.9990272521972656
1773142871.6435468,PC1,0,4,0.58862,0.51078,-0.30538,0.9986869096755981
1773142871.6435468,PC1,0,5,0.57664,0.51152,-0.30517,0.9987679719924927
1773142871.6435468,PC1,0,6,0.56442,0.51354,-0.30522,0.9986041784286499
1773142871.6435468,PC1,0,7,0.63001,0.53413,-0.06891,0.9994337558746338
1773142871.6435468,PC1,0,8,0.53732,0.54044,-0.11181,0.9989388585090637
1773142871.6435468,PC1,0,9,0.61572,0.59954,-0.26819,0.9993795156478882
1773142871.6435468,PC1,0,10,0.58357,0.60063,-0.28172,0.9991607666015625
1773142871.6435468,PC1,0,11,0.68862,0.75399,0.03295,0.9996517300605774
1773142871.6435468,PC1,0,12,0.46937,0.76591,-0.05715,0.9984079599380493
1773142871.6435468,PC1,0,13,0.83913,0.88305,-0.20144,0.9723902344703674
1773142871.6435468,PC1,0,14,0.36264,0.94872,-0.40346,0.9676182866096497
1773142871.6435468,PC1,0,15,0.82843,0.58837,-0.48111,0.9814678430557251
1773142871.6435468,PC1,0,16,0.38153,0.61611,-0.81946,0.9813013076782227
1773142871.6435468,PC1,0,17,0.82549,0.49263,-0.54349,0.9774540662765503
1773142871.6435468,PC1,0,18,0.3729,0.50598,-0.90838,0.9736063480377197
1773142871.6435468,PC1,0,19,0.80879,0.47275,-0.48177,0.9795734882354736
1773142871.6435468,PC1,0,20,0.38853,0.49118,-0.85372,0.9748528003692627
1773142871.6435468,PC1,0,21,0.80372,0.50819,-0.47171,0.9791294932365417
1773142871.6435468,PC1,0,22,0.40252,0.53997,-0.81791,0.9737083911895752
1773142871.6435468,PC1,0,23,0.42179,1.62616,0.01525,0.01287385169416666
1773142871.6435468,PC1,0,24,0.19414,1.66921,-0.01183,0.01163459848612547
1773142871.6435468,PC1,0,25,0.44334,2.26043,-0.02372,0.0018384727882221341
1773142871.6435468,PC1,0,26,0.24156,2.30596,-0.12615,0.000736723595764488
1773142871.6435468,PC1,0,27,0.46971,2.84876,0.42678,9.013672388391569e-05
1773142871.6435468,PC1,0,28,0.28028,2.87366,0.18381,2.296819002367556e-05
1773142871.6435468,PC1,0,29,0.47026,2.95013,0.44344,8.436659845756367e-05
1773142871.6435468,PC1,0,30,0.27663,2.97256,0.19445,3.638331691036001e-05
1773142871.6435468,PC1,0,31,0.46412,3.04221,-0.00021,0.00015426322352141142
1773142871.6435468,PC1,0,32,0.3352,3.0443,-0.29921,8.004931441973895e-05
1773142871.6435468,PC1,0,Angle_Elbow_L,101.99,,,
1773142871.6435468,PC1,0,Angle_Elbow_R,112.06,,,
1773142871.6435468,PC1,0,Angle_Shoulder_L,104.33,,,
1773142871.6435468,PC1,0,Angle_Shoulder_R,119.66,,,
1773142871.6435468,PC1,0,Length_UpperArm_L,0.307,,,
1773142871.6435468,PC1,0,Length_LowerArm_L,0.4064,,,
1773142871.6435468,PC1,0,Length_UpperArm_R,0.4059,,,
1773142871.6435468,PC1,0,Length_LowerArm_R,0.533,,,
1773142871.6435468,PC1,0,Width_Shoulder,0.2373,,,
1773142871.691794,PC1,0,0,0.60726,0.55266,-0.34086,0.9990063309669495
1773142871.691794,PC1,0,1,0.61612,0.51402,-0.29193,0.9989595413208008
1773142871.691794,PC1,0,2,0.62367,0.51535,-0.29161,0.9990923404693604
1773142871.691794,PC1,0,3,0.63074,0.51705,-0.29133,0.9991236925125122
1773142871.691794,PC1,0,4,0.59034,0.51147,-0.30384,0.9988175630569458
1773142871.691794,PC1,0,5,0.57836,0.51197,-0.30363,0.9988903999328613
1773142871.691794,PC1,0,6,0.56598,0.5138,-0.30371,0.9987431168556213
1773142871.691794,PC1,0,7,0.63092,0.53533,-0.06135,0.9994894862174988
1773142871.691794,PC1,0,8,0.5383,0.54032,-0.11434,0.9990444779396057
1773142871.691794,PC1,0,9,0.61683,0.6006,-0.26194,0.9994404911994934
1773142871.691794,PC1,0,10,0.58468,0.60108,-0.279,0.9992439150810242
1773142871.691794,PC1,0,11,0.68862,0.75494,0.04638,0.9996670484542847
1773142871.691794,PC1,0,12,0.46919,0.76606,-0.06373,0.998515784740448
1773142871.691794,PC1,0,13,0.83867,0.88411,-0.18666,0.9734322428703308
1773142871.691794,PC1,0,14,0.36571,0.95083,-0.41463,0.968127965927124
1773142871.691794,PC1,0,15,0.82954,0.58959,-0.46807,0.9829604029655457
1773142871.691794,PC1,0,16,0.37965,0.61924,-0.83394,0.9816893935203552
1773142871.691794,PC1,0,17,0.82626,0.49276,-0.52883,0.9783974289894104
1773142871.691794,PC1,0,18,0.37082,0.50826,-0.92136,0.9723226428031921
1773142871.691794,PC1,0,19,0.80994,0.47213,-0.46617,0.9802883863449097
1773142871.691794,PC1,0,20,0.38671,0.49221,-0.87084,0.9738153219223022
1773142871.691794,PC1,0,21,0.80528,0.50775,-0.45794,0.979655385017395
1773142871.691794,PC1,0,22,0.40055,0.54145,-0.83327,0.9727023243904114
1773142871.691794,PC1,0,23,0.42179,1.62616,0.01525,0.01344764418900013
1773142871.691794,PC1,0,24,0.19414,1.66921,-0.01183,0.012279193848371506
1773142871.691794,PC1,0,25,0.44334,2.26043,-0.02372,0.001927870325744152
1773142871.691794,PC1,0,26,0.24156,2.30596,-0.12615,0.0007714719977229834
1773142871.691794,PC1,0,27,0.46971,2.84876,0.42678,9.587997192284092e-05
1773142871.691794,PC1,0,28,0.28028,2.87366,0.18381,2.3466966013074853e-05
1773142871.691794,PC1,0,29,0.47026,2.95013,0.44344,8.740781049709767e-05
1773142871.691794,PC1,0,30,0.27663,2.97256,0.19445,3.716129140229896e-05
1773142871.691794,PC1,0,31,0.46412,3.04221,-0.00021,0.0001720555010251701
1773142871.691794,PC1,0,32,0.3352,3.0443,-0.29921,8.684759814059362e-05
1773142871.691794,PC1,0,Angle_Elbow_L,102.12,,,
1773142871.691794,PC1,0,Angle_Elbow_R,112.66,,,
1773142871.691794,PC1,0,Angle_Shoulder_L,104.6,,,
1773142871.691794,PC1,0,Angle_Shoulder_R,119.69,,,
1773142871.691794,PC1,0,Length_UpperArm_L,0.3058,,,
1773142871.691794,PC1,0,Length_LowerArm_L,0.4075,,,
1773142871.691794,PC1,0,Length_UpperArm_R,0.4099,,,
1773142871.691794,PC1,0,Length_LowerArm_R,0.5348,,,
1773142871.691794,PC1,0,Width_Shoulder,0.2458,,,
1773142871.786726,PC1,0,0,0.60958,0.55429,-0.31664,0.9991946816444397
1773142871.786726,PC1,0,1,0.61863,0.51603,-0.26956,0.9991563558578491
1773142871.786726,PC1,0,2,0.62625,0.51748,-0.26926,0.9992638826370239
1773142871.786726,PC1,0,3,0.63317,0.51925,-0.26903,0.999289333820343
1773142871.786726,PC1,0,4,0.59286,0.51261,-0.28279,0.9990413784980774
1773142871.786726,PC1,0,5,0.58093,0.51278,-0.28258,0.9991003274917603
1773142871.786726,PC1,0,6,0.56855,0.5144,-0.28267,0.9989810585975647
1773142871.786726,PC1,0,7,0.63244,0.53705,-0.04236,0.999585747718811
1773142871.786726,PC1,0,8,0.54017,0.54052,-0.10129,0.999225378036499
1773142871.786726,PC1,0,9,0.61845,0.60212,-0.2382,0.9995455741882324
1773142871.786726,PC1,0,10,0.58659,0.60193,-0.25654,0.9993866682052612
1773142871.786726,PC1,0,11,0.68832,0.75422,0.06616,0.9997182488441467
1773142871.786726,PC1,0,12,0.4692,0.76368,-0.05208,0.998741865158081
1773142871.786726,PC1,0,13,0.83846,0.88448,-0.15959,0.9766312837600708
1773142871.786726,PC1,0,14,0.37328,0.95833,-0.40111,0.9696608781814575
1773142871.786726,PC1,0,15,0.82916,0.59021,-0.43381,0.9859879016876221
1773142871.786726,PC1,0,16,0.38855,0.63558,-0.81593,0.9838434457778931
1773142871.786726,PC1,0,17,0.82538,0.49269,-0.49286,0.9817444086074829
1773142871.786726,PC1,0,18,0.37696,0.52253,-0.89902,0.974312961101532
1773142871.786726,PC1,0,19,0.80922,0.47204,-0.43152,0.9832475781440735
1773142871.786726,PC1,0,20,0.39133,0.50621,-0.85116,0.9756457209587097
1773142871.786726,PC1,0,21,0.80465,0.50806,-0.42318,0.9825728535652161
1773142871.786726,PC1,0,22,0.40621,0.55446,-0.81507,0.9746100902557373
1773142871.786726,PC1,0,23,0.42179,1.62616,0.01525,0.014802014455199242
1773142871.786726,PC1,0,24,0.19414,1.66921,-0.01183,0.013237624429166317
1773142871.786726,PC1,0,25,0.44334,2.26043,-0.02372,0.002105858875438571
1773142871.786726,PC1,0,26,0.24156,2.30596,-0.12615,0.0008048168383538723
1773142871.786726,PC1,0,27,0.46971,2.84876,0.42678,9.94030706351623e-05
1773142871.786726,PC1,0,28,0.28028,2.87366,0.18381,2.2133550373837352e-05
1773142871.786726,PC1,0,29,0.47026,2.95013,0.44344,9.174610022455454e-05
1773142871.786726,PC1,0,30,0.27663,2.97256,0.19445,3.564234066288918e-05
1773142871.786726,PC1,0,31,0.46412,3.04221,-0.00021,0.00018039045971818268
1773142871.786726,PC1,0,32,0.3352,3.0443,-0.29921,8.335074380738661e-05
1773142871.786726,PC1,0,Angle_Elbow_L,100.56,,,
1773142871.786726,PC1,0,Angle_Elbow_R,111.87,,,
1773142871.786726,PC1,0,Angle_Shoulder_L,105.85,,,
1773142871.786726,PC1,0,Angle_Shoulder_R,121.73,,,
1773142871.786726,PC1,0,Length_UpperArm_L,0.3008,,,
1773142871.786726,PC1,0,Length_LowerArm_L,0.4023,,,
1773142871.786726,PC1,0,Length_UpperArm_R,0.411,,,
1773142871.786726,PC1,0,Length_LowerArm_R,0.5258,,,
1773142871.786726,PC1,0,Width_Shoulder,0.2492,,,
1773142871.846665,PC1,0,0,0.61083,0.5549,-0.3082,0.9992749691009521
1773142871.846665,PC1,0,1,0.61978,0.5168,-0.26193,0.9992402195930481
1773142871.846665,PC1,0,2,0.62742,0.51828,-0.26163,0.9993370175361633
1773142871.846665,PC1,0,3,0.63425,0.52005,-0.26143,0.9993599653244019
1773142871.846665,PC1,0,4,0.5941,0.51324,-0.27516,0.9991368055343628
1773142871.846665,PC1,0,5,0.5822,0.51341,-0.27495,0.9991897940635681
1773142871.846665,PC1,0,6,0.56983,0.51507,-0.27504,0.9990825057029724
1773142871.846665,PC1,0,7,0.63305,0.53767,-0.03625,0.9996266961097717
1773142871.846665,PC1,0,8,0.5411,0.54127,-0.09561,0.9993025064468384
1773142871.846665,PC1,0,9,0.61931,0.60287,-0.23021,0.9995904564857483
1773142871.846665,PC1,0,10,0.58783,0.6025,-0.24832,0.9994475841522217
1773142871.846665,PC1,0,11,0.68828,0.75367,0.07164,0.9997403025627136
1773142871.846665,PC1,0,12,0.46975,0.76283,-0.04359,0.9988440275192261
1773142871.846665,PC1,0,13,0.83851,0.88454,-0.15165,0.978401243686676
1773142871.846665,PC1,0,14,0.37699,0.9632,-0.38524,0.9709770679473877
1773142871.846665,PC1,0,15,0.82691,0.5893,-0.42415,0.9872902035713196
1773142871.846665,PC1,0,16,0.39738,0.64495,-0.79747,0.9846936464309692
1773142871.846665,PC1,0,17,0.82299,0.49239,-0.48357,0.9832256436347961
1773142871.846665,PC1,0,18,0.38422,0.53585,-0.87972,0.974984884262085
1773142871.846665,PC1,0,19,0.80701,0.473,-0.42302,0.984557032585144
1773142871.846665,PC1,0,20,0.39883,0.52095,-0.83176,0.9762443900108337
1773142871.846665,PC1,0,21,0.80244,0.50862,-0.4136,0.9838907718658447
1773142871.846665,PC1,0,22,0.41297,0.56661,-0.79614,0.9753319621086121
1773142871.846665,PC1,0,23,0.42179,1.62616,0.01525,0.015328213572502136
1773142871.846665,PC1,0,24,0.19414,1.66921,-0.01183,0.013560691848397255
1773142871.846665,PC1,0,25,0.44334,2.26043,-0.02372,0.0021981217432767153
1773142871.846665,PC1,0,26,0.24156,2.30596,-0.12615,0.0008279431494884193
1773142871.846665,PC1,0,27,0.46971,2.84876,0.42678,0.00010432815906824544
1773142871.846665,PC1,0,28,0.28028,2.87366,0.18381,2.2078786059864797e-05
1773142871.846665,PC1,0,29,0.47026,2.95013,0.44344,9.384635632159188e-05
1773142871.846665,PC1,0,30,0.27663,2.97256,0.19445,3.5686054616235197e-05
1773142871.846665,PC1,0,31,0.46412,3.04221,-0.00021,0.0001851252600317821
1773142871.846665,PC1,0,32,0.3352,3.0443,-0.29921,8.402941602980718e-05
1773142871.846665,PC1,0,Angle_Elbow_L,99.8,,,
1773142871.846665,PC1,0,Angle_Elbow_R,110.77,,,
1773142871.846665,PC1,0,Angle_Shoulder_L,106.37,,,
1773142871.846665,PC1,0,Angle_Shoulder_R,123.28,,,
1773142871.846665,PC1,0,Length_UpperArm_L,0.2993,,,
1773142871.846665,PC1,0,Length_LowerArm_L,0.4019,,,
1773142871.846665,PC1,0,Length_UpperArm_R,0.4068,,,
1773142871.846665,PC1,0,Length_LowerArm_R,0.5212,,,
1773142871.846665,PC1,0,Width_Shoulder,0.2472,,,
1773142871.905699,PC1,0,0,0.61202,0.55556,-0.30182,0.999347448348999
1773142871.905699,PC1,0,1,0.62085,0.51753,-0.25614,0.9993160367012024
1773142871.905699,PC1,0,2,0.62849,0.51905,-0.25586,0.999403178691864
1773142871.905699,PC1,0,3,0.63525,0.52081,-0.25565,0.9994238018989563
1773142871.905699,PC1,0,4,0.59521,0.51385,-0.26847,0.999222993850708
1773142871.905699,PC1,0,5,0.58335,0.51399,-0.26826,0.9992707371711731
1773142871.905699,PC1,0,6,0.57099,0.51568,-0.2683,0.999174177646637
1773142871.905699,PC1,0,7,0.63357,0.53819,-0.03013,0.9996638894081116
1773142871.905699,PC1,0,8,0.54187,0.54169,-0.09857,0.9993721842765808
1773142871.905699,PC1,0,9,0.62009,0.60374,-0.22411,0.9996312260627747
1773142871.905699,PC1,0,10,0.58909,0.60311,-0.24233,0.9995027184486389
1773142871.905699,PC1,0,11,0.68747,0.75378,0.08107,0.9997625946998596
1773142871.905699,PC1,0,12,0.46803,0.76214,-0.05168,0.998952329158783
1773142871.905699,PC1,0,13,0.83978,0.88448,-0.14516,0.9794090390205383
1773142871.905699,PC1,0,14,0.38015,0.97797,-0.37828,0.9720644354820251
1773142871.905699,PC1,0,15,0.82315,0.5915,-0.42837,0.9885194301605225
1773142871.905699,PC1,0,16,0.41178,0.67587,-0.78335,0.986115038394928
1773142871.905699,PC1,0,17,0.81866,0.49525,-0.49192,0.9848034381866455
1773142871.905699,PC1,0,18,0.40207,0.57579,-0.86434,0.977283775806427
1773142871.905699,PC1,0,19,0.80156,0.47853,-0.43022,0.9859981536865234
1773142871.905699,PC1,0,20,0.41495,0.55744,-0.8163,0.9784283638000488
1773142871.905699,PC1,0,21,0.79638,0.51476,-0.41777,0.985379159450531
1773142871.905699,PC1,0,22,0.4271,0.59934,-0.78072,0.9775795340538025
1773142871.905699,PC1,0,23,0.42179,1.62616,0.01525,0.014205064624547958
1773142871.905699,PC1,0,24,0.19414,1.66921,-0.01183,0.012514990754425526
1773142871.905699,PC1,0,25,0.44334,2.26043,-0.02372,0.002091482747346163
1773142871.905699,PC1,0,26,0.24156,2.30596,-0.12615,0.0007846584776416421
1773142871.905699,PC1,0,27,0.46971,2.84876,0.42678,0.00010306104377377778
1773142871.905699,PC1,0,28,0.28028,2.87366,0.18381,2.057100209640339e-05
1773142871.905699,PC1,0,29,0.47026,2.95013,0.44344,9.365466394228861e-05
1773142871.905699,PC1,0,30,0.27663,2.97256,0.19445,3.36626180796884e-05
1773142871.905699,PC1,0,31,0.46412,3.04221,-0.00021,0.00018137553706765175
1773142871.905699,PC1,0,32,0.3352,3.0443,-0.29921,7.993003964656964e-05
1773142871.905699,PC1,0,Angle_Elbow_L,100.86,,,
1773142871.905699,PC1,0,Angle_Elbow_R,108.46,,,
1773142871.905699,PC1,0,Angle_Shoulder_L,106.13,,,
1773142871.905699,PC1,0,Angle_Shoulder_R,126.13,,,
1773142871.905699,PC1,0,Length_UpperArm_L,0.3024,,,
1773142871.905699,PC1,0,Length_LowerArm_L,0.4078,,,
1773142871.905699,PC1,0,Length_UpperArm_R,0.4012,,,
1773142871.905699,PC1,0,Length_LowerArm_R,0.5063,,,
1773142871.905699,PC1,0,Width_Shoulder,0.2566,,,
1773142872.014154,PC1,0,0,0.61383,0.55638,-0.29669,0.9994125366210938
1773142872.014154,PC1,0,1,0.62219,0.51828,-0.25087,0.9993839859962463
1773142872.014154,PC1,0,2,0.6297,0.51979,-0.25059,0.9994625449180603
1773142872.014154,PC1,0,3,0.63629,0.52155,-0.25038,0.9994809627532959
1773142872.014154,PC1,0,4,0.59665,0.51457,-0.26489,0.9993003606796265
1773142872.014154,PC1,0,5,0.58489,0.51468,-0.26469,0.9993434548377991
1773142872.014154,PC1,0,6,0.57251,0.51634,-0.26471,0.999256432056427
1773142872.014154,PC1,0,7,0.63372,0.53873,-0.02283,0.999697208404541
1773142872.014154,PC1,0,8,0.54284,0.54199,-0.10405,0.9994348287582397
1773142872.014154,PC1,0,9,0.62145,0.60457,-0.2176,0.9996677041053772
1773142872.014154,PC1,0,10,0.5913,0.60404,-0.23878,0.9995521903038025
1773142872.014154,PC1,0,11,0.68632,0.75419,0.0956,0.9997842907905579
1773142872.014154,PC1,0,12,0.46724,0.76278,-0.06378,0.9990466237068176
1773142872.014154,PC1,0,13,0.8419,0.88355,-0.12667,0.9809392690658569
1773142872.014154,PC1,0,14,0.38409,0.99325,-0.38018,0.971415638923645
1773142872.014154,PC1,0,15,0.81713,0.60326,-0.40565,0.9895718097686768
1773142872.014154,PC1,0,16,0.43918,0.73309,-0.76214,0.9861049056053162
1773142872.014154,PC1,0,17,0.80881,0.51269,-0.46858,0.9859678149223328
1773142872.014154,PC1,0,18,0.43849,0.64795,-0.83575,0.976764440536499
1773142872.014154,PC1,0,19,0.79095,0.49953,-0.4042,0.9870071411132812
1773142872.014154,PC1,0,20,0.45075,0.62942,-0.79059,0.9777568578720093
1773142872.014154,PC1,0,21,0.7873,0.53414,-0.39305,0.9863846898078918
1773142872.014154,PC1,0,22,0.45627,0.66197,-0.75741,0.9767441749572754
1773142872.014154,PC1,0,23,0.42179,1.62616,0.01525,0.016186177730560303
1773142872.014154,PC1,0,24,0.19414,1.66921,-0.01183,0.013324776664376259
1773142872.014154,PC1,0,25,0.44334,2.26043,-0.02372,0.0023283911868929863
1773142872.014154,PC1,0,26,0.24156,2.30596,-0.12615,0.0009920999873429537
1773142872.014154,PC1,0,27,0.46971,2.84876,0.42678,0.00014475015632342547
1773142872.014154,PC1,0,28,0.28028,2.87366,0.18381,2.6153511498705484e-05
1773142872.014154,PC1,0,29,0.47026,2.95013,0.44344,0.0001229342451551929
1773142872.014154,PC1,0,30,0.27663,2.97256,0.19445,4.04967759095598e-05
1773142872.014154,PC1,0,31,0.46412,3.04221,-0.00021,0.0002821778180077672
1773142872.014154,PC1,0,32,0.3352,3.0443,-0.29921,0.00010229957842966542
1773142872.014154,PC1,0,Angle_Elbow_L,100.59,,,
1773142872.014154,PC1,0,Angle_Elbow_R,107.6,,,
1773142872.014154,PC1,0,Angle_Shoulder_L,105.87,,,
1773142872.014154,PC1,0,Angle_Shoulder_R,128.57,,,
1773142872.014154,PC1,0,Length_UpperArm_L,0.3006,,,
1773142872.014154,PC1,0,Length_LowerArm_L,0.3962,,,
1773142872.014154,PC1,0,Length_UpperArm_R,0.4002,,,
1773142872.014154,PC1,0,Length_LowerArm_R,0.4654,,,
1773142872.014154,PC1,0,Width_Shoulder,0.2711,,,
1773142872.125153,PC1,0,0,0.61641,0.55652,-0.31559,0.9995230436325073
1773142872.125153,PC1,0,1,0.62398,0.51885,-0.27015,0.9994987845420837
1773142872.125153,PC1,0,2,0.63113,0.52045,-0.26983,0.9995625019073486
1773142872.125153,PC1,0,3,0.63742,0.52223,-0.26962,0.9995771646499634
1773142872.125153,PC1,0,4,0.59875,0.51452,-0.29049,0.9994317293167114
1773142872.125153,PC1,0,5,0.58742,0.51419,-0.29023,0.9994668960571289
1773142872.125153,PC1,0,6,0.57521,0.51541,-0.29029,0.9993963241577148
1773142872.125153,PC1,0,7,0.63353,0.53948,-0.03938,0.9997527599334717
1773142872.125153,PC1,0,8,0.54463,0.54165,-0.14193,0.9995415806770325
1773142872.125153,PC1,0,9,0.62348,0.6041,-0.23397,0.9997294545173645
1773142872.125153,PC1,0,10,0.59494,0.60394,-0.262,0.9996365904808044
1773142872.125153,PC1,0,11,0.68492,0.75122,0.09131,0.99981689453125
1773142872.125153,PC1,0,12,0.4687,0.76393,-0.10517,0.9992051720619202
1773142872.125153,PC1,0,13,0.85214,0.86992,-0.11467,0.981393039226532
1773142872.125153,PC1,0,14,0.39134,1.0418,-0.36966,0.9575746655464172
1773142872.125153,PC1,0,15,0.80168,0.66059,-0.38992,0.9885191321372986
1773142872.125153,PC1,0,16,0.474,0.90599,-0.69058,0.9487515091896057
1773142872.125153,PC1,0,17,0.78857,0.58921,-0.45354,0.978462815284729
1773142872.125153,PC1,0,18,0.48758,0.87114,-0.75244,0.9355530738830566
1773142872.125153,PC1,0,19,0.76627,0.58012,-0.38787,0.9797546863555908
1773142872.125153,PC1,0,20,0.49773,0.84565,-0.72457,0.942922055721283
1773142872.125153,PC1,0,21,0.76335,0.61154,-0.37778,0.9781488180160522
1773142872.125153,PC1,0,22,0.4966,0.85918,-0.68799,0.9387509822845459
1773142872.125153,PC1,0,23,0.42179,1.62616,0.01525,0.016873005777597427
1773142872.125153,PC1,0,24,0.19414,1.66921,-0.01183,0.013365339487791061
1773142872.125153,PC1,0,25,0.44334,2.26043,-0.02372,0.002311612479388714
1773142872.125153,PC1,0,26,0.24156,2.30596,-0.12615,0.0010270752245560288
1773142872.125153,PC1,0,27,0.46971,2.84876,0.42678,0.0001572313776705414
1773142872.125153,PC1,0,28,0.28028,2.87366,0.18381,2.744987614278216e-05
1773142872.125153,PC1,0,29,0.47026,2.95013,0.44344,0.00012956558202859014
1773142872.125153,PC1,0,30,0.27663,2.97256,0.19445,4.213644933770411e-05
1773142872.125153,PC1,0,31,0.46412,3.04221,-0.00021,0.0003180162748321891
1773142872.125153,PC1,0,32,0.3352,3.0443,-0.29921,0.00011060224642278627
1773142872.125153,PC1,0,Angle_Elbow_L,103.33,,,
1773142872.125153,PC1,0,Angle_Elbow_R,106.9,,,
1773142872.125153,PC1,0,Angle_Shoulder_L,102.59,,,
1773142872.125153,PC1,0,Angle_Shoulder_R,136.93,,,
1773142872.125153,PC1,0,Length_UpperArm_L,0.2907,,,
1773142872.125153,PC1,0,Length_LowerArm_L,0.3495,,,
1773142872.125153,PC1,0,Length_UpperArm_R,0.3913,,,
1773142872.125153,PC1,0,Length_LowerArm_R,0.3581,,,
1773142872.125153,PC1,0,Width_Shoulder,0.2924,,,
1773142872.1747992,PC1,0,0,0.61778,0.55645,-0.3306,0.9995689988136292
1773142872.1747992,PC1,0,1,0.62478,0.51902,-0.28625,0.9995454549789429
1773142872.1747992,PC1,0,2,0.63161,0.52067,-0.28592,0.9996024966239929
1773142872.1747992,PC1,0,3,0.63759,0.52243,-0.28573,0.999615490436554
1773142872.1747992,PC1,0,4,0.59982,0.51419,-0.31152,0.9994860887527466
1773142872.1747992,PC1,0,5,0.5887,0.51356,-0.31123,0.999518096446991
1773142872.1747992,PC1,0,6,0.57666,0.51443,-0.31134,0.9994547367095947
1773142872.1747992,PC1,0,7,0.63288,0.53988,-0.05452,0.9997743368148804
1773142872.1747992,PC1,0,8,0.54578,0.54107,-0.17334,0.9995865225791931
1773142872.1747992,PC1,0,9,0.62429,0.60332,-0.24729,0.9997547268867493
1773142872.1747992,PC1,0,10,0.59696,0.60357,-0.27966,0.9996720552444458
1773142872.1747992,PC1,0,11,0.68287,0.74982,0.09415,0.9998223185539246
1773142872.1747992,PC1,0,12,0.471,0.7642,-0.14816,0.9992669224739075
1773142872.1747992,PC1,0,13,0.85915,0.8537,-0.09274,0.9797025322914124
1773142872.1747992,PC1,0,14,0.40483,1.06223,-0.35433,0.9418973326683044
1773142872.1747992,PC1,0,15,0.79559,0.7163,-0.3717,0.9834845662117004
1773142872.1747992,PC1,0,16,0.48762,1.04712,-0.64903,0.9136583209037781
1773142872.1747992,PC1,0,17,0.77833,0.67129,-0.43503,0.9636502861976624
1773142872.1747992,PC1,0,18,0.50191,1.05813,-0.70652,0.8997642993927002
1773142872.1747992,PC1,0,19,0.75465,0.65709,-0.36971,0.9659695029258728
1773142872.1747992,PC1,0,20,0.51432,1.03255,-0.69228,0.9126351475715637
1773142872.1747992,PC1,0,21,0.75249,0.68369,-0.35961,0.9629758596420288
1773142872.1747992,PC1,0,22,0.51197,1.03153,-0.65101,0.9047756195068359
1773142872.1747992,PC1,0,23,0.42179,1.62616,0.01525,0.017301589250564575
1773142872.1747992,PC1,0,24,0.19414,1.66921,-0.01183,0.013477912172675133
1773142872.1747992,PC1,0,25,0.44334,2.26043,-0.02372,0.00230932398699224
1773142872.1747992,PC1,0,26,0.24156,2.30596,-0.12615,0.0010885217925533652
1773142872.1747992,PC1,0,27,0.46971,2.84876,0.42678,0.00015841625281609595
1773142872.1747992,PC1,0,28,0.28028,2.87366,0.18381,3.146516974084079e-05
1773142872.1747992,PC1,0,29,0.47026,2.95013,0.44344,0.00013246602611616254
1773142872.1747992,PC1,0,30,0.27663,2.97256,0.19445,5.076598972664215e-05
1773142872.1747992,PC1,0,31,0.46412,3.04221,-0.00021,0.00036600366001948714
1773142872.1747992,PC1,0,32,0.3352,3.0443,-0.29921,0.00013660176773555577
1773142872.1747992,PC1,0,Angle_Elbow_L,107.64,,,
1773142872.1747992,PC1,0,Angle_Elbow_R,116.73,,,
1773142872.1747992,PC1,0,Angle_Shoulder_L,98.86,,,
1773142872.1747992,PC1,0,Angle_Shoulder_R,143.97,,,
1773142872.1747992,PC1,0,Length_UpperArm_L,0.2771,,,
1773142872.1747992,PC1,0,Length_LowerArm_L,0.3174,,,
1773142872.1747992,PC1,0,Length_UpperArm_R,0.3684,,,
1773142872.1747992,PC1,0,Length_LowerArm_R,0.3065,,,
1773142872.1747992,PC1,0,Width_Shoulder,0.3222,,,
1773142872.28377,PC1,0,0,0.61979,0.55636,-0.33632,0.9996487498283386
1773142872.28377,PC1,0,1,0.62589,0.51885,-0.29228,0.9996262192726135
1773142872.28377,PC1,0,2,0.63232,0.52045,-0.29196,0.9996727705001831
1773142872.28377,PC1,0,3,0.638,0.52209,-0.29178,0.9996825456619263
1773142872.28377,PC1,0,4,0.60135,0.51372,-0.32054,0.9995797872543335
1773142872.28377,PC1,0,5,0.59053,0.51285,-0.32027,0.9996064305305481
1773142872.28377,PC1,0,6,0.57857,0.51342,-0.3204,0.9995546936988831
1773142872.28377,PC1,0,7,0.63261,0.53997,-0.05962,0.9998130798339844
1773142872.28377,PC1,0,8,0.54773,0.5402,-0.19171,0.9996634721755981
1773142872.28377,PC1,0,9,0.62541,0.60244,-0.25204,0.9997988939285278
1773142872.28377,PC1,0,10,0.59965,0.60307,-0.28741,0.9997329115867615
1773142872.28377,PC1,0,11,0.68051,0.74423,0.0902,0.9998513460159302
1773142872.28377,PC1,0,12,0.47518,0.76431,-0.16761,0.999376118183136
1773142872.28377,PC1,0,13,0.86482,0.83511,-0.08751,0.9822676181793213
1773142872.28377,PC1,0,14,0.42102,1.0648,-0.3365,0.9157070517539978
1773142872.28377,PC1,0,15,0.79263,0.74731,-0.36068,0.9841014742851257
1773142872.28377,PC1,0,16,0.49154,1.16252,-0.59513,0.8527827262878418
1773142872.28377,PC1,0,17,0.77048,0.72372,-0.42411,0.960351824760437
1773142872.28377,PC1,0,18,0.50459,1.20561,-0.64754,0.8386824131011963
1773142872.28377,PC1,0,19,0.74566,0.70623,-0.35645,0.9629895687103271
1773142872.28377,PC1,0,20,0.51769,1.18527,-0.65575,0.8617112040519714
1773142872.28377,PC1,0,21,0.74618,0.72238,-0.34667,0.9585742354393005
1773142872.28377,PC1,0,22,0.51595,1.17331,-0.60386,0.8487723469734192
1773142872.28377,PC1,0,23,0.42179,1.62616,0.01525,0.021035168319940567
1773142872.28377,PC1,0,24,0.19414,1.66921,-0.01183,0.014863284304738045
1773142872.28377,PC1,0,25,0.44334,2.26043,-0.02372,0.002695368370041251
1773142872.28377,PC1,0,26,0.24156,2.30596,-0.12615,0.0013959376374259591
1773142872.28377,PC1,0,27,0.46971,2.84876,0.42678,0.00018041901057586074
1773142872.28377,PC1,0,28,0.28028,2.87366,0.18381,4.574960985337384e-05
1773142872.28377,PC1,0,29,0.47026,2.95013,0.44344,0.00016041430353652686
1773142872.28377,PC1,0,30,0.27663,2.97256,0.19445,7.812206604285166e-05
1773142872.28377,PC1,0,31,0.46412,3.04221,-0.00021,0.0005731290439143777
1773142872.28377,PC1,0,32,0.3352,3.0443,-0.29921,0.00020639601279981434
1773142872.28377,PC1,0,Angle_Elbow_L,109.82,,,
1773142872.28377,PC1,0,Angle_Elbow_R,134.05,,,
1773142872.28377,PC1,0,Angle_Shoulder_L,95.49,,,
1773142872.28377,PC1,0,Angle_Shoulder_R,147.94,,,
1773142872.28377,PC1,0,Length_UpperArm_L,0.2717,,,
1773142872.28377,PC1,0,Length_LowerArm_L,0.2959,,,
1773142872.28377,PC1,0,Length_UpperArm_R,0.3489,,,
1773142872.28377,PC1,0,Length_LowerArm_R,0.2853,,,
1773142872.28377,PC1,0,Width_Shoulder,0.3302,,,
1773142872.3897228,PC1,0,0,0.62063,0.55633,-0.33554,0.9996829032897949
1773142872.3897228,PC1,0,1,0.62633,0.51859,-0.29149,0.9996617436408997
1773142872.3897228,PC1,0,2,0.6326,0.52014,-0.29118,0.9997035264968872
1773142872.3897228,PC1,0,3,0.63818,0.52172,-0.29102,0.9997122883796692
1773142872.3897228,PC1,0,4,0.60196,0.51349,-0.32126,0.9996203184127808
1773142872.3897228,PC1,0,5,0.59118,0.51256,-0.32099,0.9996445178985596
1773142872.3897228,PC1,0,6,0.57925,0.51304,-0.32114,0.99959796667099
1773142872.3897228,PC1,0,7,0.63289,0.53995,-0.05447,0.9998303651809692
1773142872.3897228,PC1,0,8,0.54855,0.53986,-0.19028,0.9996965527534485
1773142872.3897228,PC1,0,9,0.62596,0.60216,-0.24866,0.999817967414856
1773142872.3897228,PC1,0,10,0.60087,0.60289,-0.28562,0.9997589588165283
1773142872.3897228,PC1,0,11,0.68035,0.74154,0.10527,0.9998598098754883
1773142872.3897228,PC1,0,12,0.47751,0.76321,-0.1737,0.9994223117828369
1773142872.3897228,PC1,0,13,0.86802,0.82806,-0.07636,0.982883095741272
1773142872.3897228,PC1,0,14,0.43234,1.06449,-0.34257,0.9035396575927734
1773142872.3897228,PC1,0,15,0.79038,0.75698,-0.34918,0.9841662049293518
1773142872.3897228,PC1,0,16,0.50413,1.18975,-0.5959,0.836529552936554
1773142872.3897228,PC1,0,17,0.76571,0.74025,-0.41246,0.958994448184967
1773142872.3897228,PC1,0,18,0.51689,1.2402,-0.64882,0.8245341181755066
1773142872.3897228,PC1,0,19,0.74122,0.72064,-0.34199,0.9615755677223206
1773142872.3897228,PC1,0,20,0.5308,1.21947,-0.66202,0.8506562113761902
1773142872.3897228,PC1,0,21,0.74154,0.73264,-0.33372,0.9568604230880737
1773142872.3897228,PC1,0,22,0.52868,1.20528,-0.60592,0.8363292217254639
1773142872.3897228,PC1,0,23,0.42179,1.62616,0.01525,0.022173020988702774
1773142872.3897228,PC1,0,24,0.19414,1.66921,-0.01183,0.015410122461616993
1773142872.3897228,PC1,0,25,0.44334,2.26043,-0.02372,0.0026956505607813597
1773142872.3897228,PC1,0,26,0.24156,2.30596,-0.12615,0.0014675938291475177
1773142872.3897228,PC1,0,27,0.46971,2.84876,0.42678,0.00018081314919982105
1773142872.3897228,PC1,0,28,0.28028,2.87366,0.18381,4.8380425141658634e-05
1773142872.3897228,PC1,0,29,0.47026,2.95013,0.44344,0.00016441101615782827
1773142872.3897228,PC1,0,30,0.27663,2.97256,0.19445,8.563666779082268e-05
1773142872.3897228,PC1,0,31,0.46412,3.04221,-0.00021,0.0006226077093742788
1773142872.3897228,PC1,0,32,0.3352,3.0443,-0.29921,0.00023315985163208097
1773142872.3897228,PC1,0,Angle_Elbow_L,111.0,,,
1773142872.3897228,PC1,0,Angle_Elbow_R,139.54,,,
1773142872.3897228,PC1,0,Angle_Shoulder_L,94.47,,,
1773142872.3897228,PC1,0,Angle_Shoulder_R,147.8,,,
1773142872.3897228,PC1,0,Length_UpperArm_L,0.2751,,,
1773142872.3897228,PC1,0,Length_LowerArm_L,0.2924,,,
1773142872.3897228,PC1,0,Length_UpperArm_R,0.3483,,,
1773142872.3897228,PC1,0,Length_LowerArm_R,0.2916,,,
1773142872.3897228,PC1,0,Width_Shoulder,0.3456,,,
1773142872.5429142,PC1,0,0,0.62034,0.55733,-0.32245,0.9997659921646118
1773142872.5429142,PC1,0,1,0.62642,0.51896,-0.27818,0.9997469186782837
1773142872.5429142,PC1,0,2,0.6328,0.52035,-0.27789,0.9997778534889221
1773142872.5429142,PC1,0,3,0.63833,0.52182,-0.27769,0.9997836351394653
1773142872.5429142,PC1,0,4,0.60205,0.51412,-0.30652,0.9997177720069885
1773142872.5429142,PC1,0,5,0.59099,0.51302,-0.30622,0.9997363090515137
1773142872.5429142,PC1,0,6,0.57893,0.51332,-0.30638,0.9997016191482544
1773142872.5429142,PC1,0,7,0.63401,0.54017,-0.043,0.9998711943626404
1773142872.5429142,PC1,0,8,0.5487,0.53958,-0.16747,0.9997765421867371
1773142872.5429142,PC1,0,9,0.62652,0.60339,-0.23562,0.9998624324798584
1773142872.5429142,PC1,0,10,0.60129,0.60386,-0.2704,0.9998211860656738
1773142872.5429142,PC1,0,11,0.68367,0.73713,0.1141,0.9998801350593567
1773142872.5429142,PC1,0,12,0.48182,0.76684,-0.16341,0.9994564056396484
1773142872.5429142,PC1,0,13,0.86706,0.83137,-0.09241,0.9847216010093689
1773142872.5429142,PC1,0,14,0.4532,1.07356,-0.37605,0.8546269536018372
1773142872.5429142,PC1,0,15,0.80386,0.70933,-0.36485,0.9850994348526001
1773142872.5429142,PC1,0,16,0.55599,1.15577,-0.62178,0.7700328826904297
1773142872.5429142,PC1,0,17,0.78418,0.66102,-0.43122,0.957577645778656
1773142872.5429142,PC1,0,18,0.58443,1.20784,-0.67516,0.7565355896949768
1773142872.5429142,PC1,0,19,0.76076,0.65197,-0.3629,0.9598246812820435
1773142872.5429142,PC1,0,20,0.59205,1.15189,-0.68041,0.7872022390365601
1773142872.5429142,PC1,0,21,0.759,0.67396,-0.35,0.9554781913757324
1773142872.5429142,PC1,0,22,0.58554,1.13643,-0.63395,0.7721244692802429
1773142872.5429142,PC1,0,23,0.42179,1.62616,0.01525,0.026645014062523842
1773142872.5429142,PC1,0,24,0.19414,1.66921,-0.01183,0.01717228628695011
1773142872.5429142,PC1,0,25,0.44334,2.26043,-0.02372,0.00230995356105268
1773142872.5429142,PC1,0,26,0.24156,2.30596,-0.12615,0.0012659765779972076
1773142872.5429142,PC1,0,27,0.46971,2.84876,0.42678,0.0001595448557054624
1773142872.5429142,PC1,0,28,0.28028,2.87366,0.18381,4.255111707607284e-05
1773142872.5429142,PC1,0,29,0.47026,2.95013,0.44344,0.00015195550804492086
1773142872.5429142,PC1,0,30,0.27663,2.97256,0.19445,7.659551920369267e-05
1773142872.5429142,PC1,0,31,0.46412,3.04221,-0.00021,0.0005622351309284568
1773142872.5429142,PC1,0,32,0.3352,3.0443,-0.29921,0.00021335271594580263
1773142872.5429142,PC1,0,Angle_Elbow_L,111.87,,,
1773142872.5429142,PC1,0,Angle_Elbow_R,135.58,,,
1773142872.5429142,PC1,0,Angle_Shoulder_L,96.0,,,
1773142872.5429142,PC1,0,Angle_Shoulder_R,142.14,,,
1773142872.5429142,PC1,0,Length_UpperArm_L,0.2918,,,
1773142872.5429142,PC1,0,Length_LowerArm_L,0.3051,,,
1773142872.5429142,PC1,0,Length_UpperArm_R,0.3743,,,
1773142872.5429142,PC1,0,Length_LowerArm_R,0.2788,,,
1773142872.5429142,PC1,0,Width_Shoulder,0.3444,,,
1773142872.5927172,PC1,0,0,0.62015,0.55728,-0.31757,0.9997892379760742
1773142872.5927172,PC1,0,1,0.62631,0.51866,-0.27339,0.9997718930244446
1773142872.5927172,PC1,0,2,0.63274,0.52,-0.2731,0.9997997283935547
1773142872.5927172,PC1,0,3,0.63828,0.5214,-0.2729,0.9998049139976501
1773142872.5927172,PC1,0,4,0.60181,0.51403,-0.30104,0.9997456669807434
1773142872.5927172,PC1,0,5,0.59058,0.51297,-0.30072,0.9997623562812805
1773142872.5927172,PC1,0,6,0.57845,0.51327,-0.30088,0.9997310042381287
1773142872.5927172,PC1,0,7,0.63415,0.53973,-0.03973,0.999883770942688
1773142872.5927172,PC1,0,8,0.54829,0.53952,-0.15963,0.9997987747192383
1773142872.5927172,PC1,0,9,0.62669,0.60305,-0.2313,0.9998757839202881
1773142872.5927172,PC1,0,10,0.60122,0.60381,-0.2652,0.9998388290405273
1773142872.5927172,PC1,0,11,0.68445,0.73608,0.11562,0.9998899698257446
1773142872.5927172,PC1,0,12,0.48255,0.76819,-0.15935,0.9994807243347168
1773142872.5927172,PC1,0,13,0.8641,0.83486,-0.08711,0.9858474135398865
1773142872.5927172,PC1,0,14,0.45714,1.07581,-0.36916,0.8330371379852295
1773142872.5927172,PC1,0,15,0.81311,0.68579,-0.35812,0.9864773154258728
1773142872.5927172,PC1,0,16,0.56348,1.16888,-0.61177,0.744255006313324
1773142872.5927172,PC1,0,17,0.79627,0.62464,-0.42523,0.9614064693450928
1773142872.5927172,PC1,0,18,0.59342,1.22797,-0.66301,0.7372882962226868
1773142872.5927172,PC1,0,19,0.774,0.61378,-0.36066,0.963433027267456
1773142872.5927172,PC1,0,20,0.60117,1.17515,-0.67175,0.7706717848777771
1773142872.5927172,PC1,0,21,0.77148,0.63934,-0.3449,0.9594783782958984
1773142872.5927172,PC1,0,22,0.5939,1.15723,-0.62502,0.7584421038627625
1773142872.5927172,PC1,0,23,0.42179,1.62616,0.01525,0.027379585430026054
1773142872.5927172,PC1,0,24,0.19414,1.66921,-0.01183,0.017161082476377487
1773142872.5927172,PC1,0,25,0.44334,2.26043,-0.02372,0.002146331127732992
1773142872.5927172,PC1,0,26,0.24156,2.30596,-0.12615,0.0011796768521890044
1773142872.5927172,PC1,0,27,0.46971,2.84876,0.42678,0.00015013842494226992
1773142872.5927172,PC1,0,28,0.28028,2.87366,0.18381,3.954865314881317e-05
1773142872.5927172,PC1,0,29,0.47026,2.95013,0.44344,0.0001439660700270906
1773142872.5927172,PC1,0,30,0.27663,2.97256,0.19445,7.186215952970088e-05
1773142872.5927172,PC1,0,31,0.46412,3.04221,-0.00021,0.00054185587214306
1773142872.5927172,PC1,0,32,0.3352,3.0443,-0.29921,0.00020355031301733106
1773142872.5927172,PC1,0,Angle_Elbow_L,110.1,,,
1773142872.5927172,PC1,0,Angle_Elbow_R,137.15,,,
1773142872.5927172,PC1,0,Angle_Shoulder_L,97.27,,,
1773142872.5927172,PC1,0,Angle_Shoulder_R,142.5,,,
1773142872.5927172,PC1,0,Length_UpperArm_L,0.2883,,,
1773142872.5927172,PC1,0,Length_LowerArm_L,0.3135,,,
1773142872.5927172,PC1,0,Length_UpperArm_R,0.3732,,,
1773142872.5927172,PC1,0,Length_LowerArm_R,0.2808,,,
1773142872.5927172,PC1,0,Width_Shoulder,0.3426,,,
1773142872.642072,PC1,0,0,0.61774,0.55691,-0.31623,0.9998286366462708
1773142872.642072,PC1,0,1,0.62456,0.51816,-0.27314,0.9998138546943665
1773142872.642072,PC1,0,2,0.63129,0.51935,-0.27286,0.9998366236686707
1773142872.642072,PC1,0,3,0.63712,0.52054,-0.27264,0.9998406171798706
1773142872.642072,PC1,0,4,0.59958,0.51385,-0.29844,0.9997925162315369
1773142872.642072,PC1,0,5,0.58819,0.51285,-0.2981,0.9998061060905457
1773142872.642072,PC1,0,6,0.576,0.51316,-0.29826,0.9997801184654236
1773142872.642072,PC1,0,7,0.63415,0.53883,-0.04414,0.9999047517776489
1773142872.642072,PC1,0,8,0.54688,0.5395,-0.15125,0.999836266040802
1773142872.642072,PC1,0,9,0.62561,0.60231,-0.23125,0.9998975992202759
1773142872.642072,PC1,0,10,0.59934,0.60342,-0.26298,0.9998680949211121
1773142872.642072,PC1,0,11,0.68592,0.73568,0.1046,0.9998998045921326
1773142872.642072,PC1,0,12,0.48357,0.77055,-0.15363,0.9994486570358276
1773142872.642072,PC1,0,13,0.85839,0.84175,-0.10366,0.9869166612625122
1773142872.642072,PC1,0,14,0.46423,1.08289,-0.34502,0.7651157975196838
1773142872.642072,PC1,0,15,0.82939,0.64001,-0.3839,0.9887990355491638
1773142872.642072,PC1,0,16,0.56772,1.18858,-0.5941,0.6880391836166382
1773142872.642072,PC1,0,17,0.81945,0.55809,-0.45187,0.9679646492004395
1773142872.642072,PC1,0,18,0.5919,1.26986,-0.64233,0.6983628273010254
1773142872.642072,PC1,0,19,0.79906,0.54426,-0.39147,0.9696248173713684
1773142872.642072,PC1,0,20,0.6033,1.22348,-0.6561,0.7379048466682434
1773142872.642072,PC1,0,21,0.79462,0.57755,-0.37308,0.9663519263267517
1773142872.642072,PC1,0,22,0.59702,1.2018,-0.60842,0.7326257228851318
1773142872.642072,PC1,0,23,0.42179,1.62616,0.01525,0.02540355920791626
1773142872.642072,PC1,0,24,0.19414,1.66921,-0.01183,0.01562988944351673
1773142872.642072,PC1,0,25,0.44334,2.26043,-0.02372,0.0017978264950215816
1773142872.642072,PC1,0,26,0.24156,2.30596,-0.12615,0.0009849239140748978
1773142872.642072,PC1,0,27,0.46971,2.84876,0.42678,0.00012672197772189975
1773142872.642072,PC1,0,28,0.28028,2.87366,0.18381,3.277892756159417e-05
1773142872.642072,PC1,0,29,0.47026,2.95013,0.44344,0.00012281011731829494
1773142872.642072,PC1,0,30,0.27663,2.97256,0.19445,6.073149779695086e-05
1773142872.642072,PC1,0,31,0.46412,3.04221,-0.00021,0.00046201475197449327
1773142872.642072,PC1,0,32,0.3352,3.0443,-0.29921,0.00017298880266025662
1773142872.642072,PC1,0,Angle_Elbow_L,108.52,,,
1773142872.642072,PC1,0,Angle_Elbow_R,137.77,,,
1773142872.642072,PC1,0,Angle_Shoulder_L,98.81,,,
1773142872.642072,PC1,0,Angle_Shoulder_R,144.5,,,
1773142872.642072,PC1,0,Length_UpperArm_L,0.2905,,,
1773142872.642072,PC1,0,Length_LowerArm_L,0.3465,,,
1773142872.642072,PC1,0,Length_UpperArm_R,0.3668,,,
1773142872.642072,PC1,0,Length_LowerArm_R,0.2897,,,
1773142872.642072,PC1,0,Width_Shoulder,0.3299,,,
1773142872.6922162,PC1,0,0,0.61624,0.55604,-0.31695,0.9998456835746765
1773142872.6922162,PC1,0,1,0.62342,0.5175,-0.27368,0.9998322129249573
1773142872.6922162,PC1,0,2,0.63033,0.51866,-0.2734,0.99985271692276
1773142872.6922162,PC1,0,3,0.63644,0.51987,-0.27315,0.9998563528060913
1773142872.6922162,PC1,0,4,0.59791,0.51343,-0.29786,0.9998129606246948
1773142872.6922162,PC1,0,5,0.58635,0.51252,-0.2975,0.9998252391815186
1773142872.6922162,PC1,0,6,0.57419,0.51291,-0.29765,0.999801754951477
1773142872.6922162,PC1,0,7,0.63416,0.53837,-0.04424,0.9999140501022339
1773142872.6922162,PC1,0,8,0.54598,0.53949,-0.1477,0.9998524785041809
1773142872.6922162,PC1,0,9,0.62489,0.60136,-0.23248,0.9999074339866638
1773142872.6922162,PC1,0,10,0.59798,0.60284,-0.26288,0.9998810291290283
1773142872.6922162,PC1,0,11,0.687,0.73563,0.10171,0.9999074339866638
1773142872.6922162,PC1,0,12,0.48394,0.77119,-0.1494,0.999468207359314
1773142872.6922162,PC1,0,13,0.85658,0.84412,-0.10809,0.9877024292945862
1773142872.6922162,PC1,0,14,0.46581,1.08095,-0.33013,0.7452069520950317
1773142872.6922162,PC1,0,15,0.83389,0.62428,-0.39059,0.9897636771202087
1773142872.6922162,PC1,0,16,0.5663,1.2017,-0.57843,0.6619242429733276
1773142872.6922162,PC1,0,17,0.82524,0.5347,-0.46082,0.9706738591194153
1773142872.6922162,PC1,0,18,0.5885,1.28439,-0.62631,0.6791368722915649
1773142872.6922162,PC1,0,19,0.80548,0.51973,-0.40058,0.9721713662147522
1773142872.6922162,PC1,0,20,0.60154,1.23981,-0.6423,0.7214870452880859
1773142872.6922162,PC1,0,21,0.80088,0.55567,-0.38026,0.9692007303237915
1773142872.6922162,PC1,0,22,0.59559,1.21722,-0.59294,0.719800591468811
1773142872.6922162,PC1,0,23,0.42179,1.62616,0.01525,0.025720082223415375
1773142872.6922162,PC1,0,24,0.19414,1.66921,-0.01183,0.015439913608133793
1773142872.6922162,PC1,0,25,0.44334,2.26043,-0.02372,0.0016777340788394213
1773142872.6922162,PC1,0,26,0.24156,2.30596,-0.12615,0.0009135353029705584
1773142872.6922162,PC1,0,27,0.46971,2.84876,0.42678,0.00011843290849355981
1773142872.6922162,PC1,0,28,0.28028,2.87366,0.18381,3.0082523153396323e-05
1773142872.6922162,PC1,0,29,0.47026,2.95013,0.44344,0.00011605009785853326
1773142872.6922162,PC1,0,30,0.27663,2.97256,0.19445,5.610589141724631e-05
1773142872.6922162,PC1,0,31,0.46412,3.04221,-0.00021,0.0004380414029583335
1773142872.6922162,PC1,0,32,0.3352,3.0443,-0.29921,0.00016268895706161857
1773142872.6922162,PC1,0,Angle_Elbow_L,107.62,,,
1773142872.6922162,PC1,0,Angle_Elbow_R,139.69,,,
1773142872.6922162,PC1,0,Angle_Shoulder_L,99.42,,,
1773142872.6922162,PC1,0,Angle_Shoulder_R,145.57,,,
1773142872.6922162,PC1,0,Length_UpperArm_L,0.2908,,,
1773142872.6922162,PC1,0,Length_LowerArm_L,0.3587,,,
1773142872.6922162,PC1,0,Length_UpperArm_R,0.3591,,,
1773142872.6922162,PC1,0,Length_LowerArm_R,0.2938,,,
1773142872.6922162,PC1,0,Width_Shoulder,0.3249,,,
1773142872.741504,PC1,0,0,0.61453,0.55619,-0.31503,0.999860942363739
1773142872.741504,PC1,0,1,0.62216,0.51733,-0.27273,0.9998485445976257
1773142872.741504,PC1,0,2,0.62919,0.51837,-0.27245,0.9998670816421509
1773142872.741504,PC1,0,3,0.63551,0.51949,-0.27219,0.9998703002929688
1773142872.741504,PC1,0,4,0.59608,0.51389,-0.2955,0.9998311996459961
1773142872.741504,PC1,0,5,0.58431,0.51322,-0.29512,0.9998422861099243
1773142872.741504,PC1,0,6,0.5722,0.51374,-0.29526,0.9998209476470947
1773142872.741504,PC1,0,7,0.63403,0.53791,-0.0452,0.9999222755432129
1773142872.741504,PC1,0,8,0.54513,0.53965,-0.14498,0.9998669624328613
1773142872.741504,PC1,0,9,0.62398,0.60117,-0.23213,0.9999161958694458
1773142872.741504,PC1,0,10,0.59608,0.60292,-0.26086,0.9998925924301147
1773142872.741504,PC1,0,11,0.68791,0.73564,0.09403,0.9999141693115234
1773142872.741504,PC1,0,12,0.48401,0.77241,-0.13861,0.999488353729248
1773142872.741504,PC1,0,13,0.85535,0.84594,-0.12025,0.9885993599891663
1773142872.741504,PC1,0,14,0.46669,1.07938,-0.30026,0.7151240110397339
1773142872.741504,PC1,0,15,0.83576,0.61026,-0.40503,0.9906547665596008
1773142872.741504,PC1,0,16,0.55808,1.22385,-0.54847,0.637274980545044
1773142872.741504,PC1,0,17,0.82795,0.51539,-0.47711,0.9732030034065247
1773142872.741504,PC1,0,18,0.57678,1.30821,-0.59549,0.6662326455116272
1773142872.741504,PC1,0,19,0.80922,0.49976,-0.41718,0.9745513200759888
1773142872.741504,PC1,0,20,0.59054,1.26659,-0.6154,0.7117933034896851
1773142872.741504,PC1,0,21,0.80522,0.53789,-0.395,0.971860408782959
1773142872.741504,PC1,0,22,0.58608,1.24178,-0.56439,0.7140449285507202
1773142872.741504,PC1,0,23,0.42179,1.62616,0.01525,0.025410670787096024
1773142872.741504,PC1,0,24,0.19414,1.66921,-0.01183,0.01506375428289175
1773142872.741504,PC1,0,25,0.44334,2.26043,-0.02372,0.0016082937363535166
1773142872.741504,PC1,0,26,0.24156,2.30596,-0.12615,0.0008580979774706066
1773142872.741504,PC1,0,27,0.46971,2.84876,0.42678,0.00011104394070571288
1773142872.741504,PC1,0,28,0.28028,2.87366,0.18381,2.777398367470596e-05
1773142872.741504,PC1,0,29,0.47026,2.95013,0.44344,0.00011044130951631814
1773142872.741504,PC1,0,30,0.27663,2.97256,0.19445,5.225228233030066e-05
1773142872.741504,PC1,0,31,0.46412,3.04221,-0.00021,0.000420331401983276
1773142872.741504,PC1,0,32,0.3352,3.0443,-0.29921,0.0001545926061226055
1773142872.741504,PC1,0,Angle_Elbow_L,106.99,,,
1773142872.741504,PC1,0,Angle_Elbow_R,142.35,,,
1773142872.741504,PC1,0,Angle_Shoulder_L,99.82,,,
1773142872.741504,PC1,0,Angle_Shoulder_R,147.83,,,
1773142872.741504,PC1,0,Length_UpperArm_L,0.2935,,,
1773142872.741504,PC1,0,Length_LowerArm_L,0.3702,,,
1773142872.741504,PC1,0,Length_UpperArm_R,0.3474,,,
1773142872.741504,PC1,0,Length_LowerArm_R,0.3014,,,
1773142872.741504,PC1,0,Width_Shoulder,0.3115,,,
1773142872.7915132,PC1,0,0,0.61318,0.55666,-0.31507,0.9998742938041687
1773142872.7915132,PC1,0,1,0.62115,0.51743,-0.27287,0.9998624324798584
1773142872.7915132,PC1,0,2,0.62828,0.51834,-0.27259,0.9998792409896851
1773142872.7915132,PC1,0,3,0.6348,0.5194,-0.27232,0.9998819828033447
1773142872.7915132,PC1,0,4,0.59472,0.51475,-0.29612,0.9998469948768616
1773142872.7915132,PC1,0,5,0.58283,0.51441,-0.29574,0.9998571276664734
1773142872.7915132,PC1,0,6,0.57075,0.51528,-0.29588,0.9998377561569214
1773142872.7915132,PC1,0,7,0.63389,0.53756,-0.04574,0.9999291300773621
1773142872.7915132,PC1,0,8,0.54439,0.54022,-0.14798,0.9998798966407776
1773142872.7915132,PC1,0,9,0.6232,0.60144,-0.23216,0.9999231696128845
1773142872.7915132,PC1,0,10,0.59471,0.60347,-0.26135,0.9999025464057922
1773142872.7915132,PC1,0,11,0.6886,0.73566,0.09564,0.9999155402183533
1773142872.7915132,PC1,0,12,0.48389,0.77353,-0.14328,0.9994966983795166
1773142872.7915132,PC1,0,13,0.85569,0.84539,-0.11036,0.9885454773902893
1773142872.7915132,PC1,0,14,0.46741,1.08421,-0.31279,0.702487051486969
1773142872.7915132,PC1,0,15,0.83104,0.60149,-0.37883,0.9910577535629272
1773142872.7915132,PC1,0,16,0.5582,1.23487,-0.55984,0.6167751550674438
1773142872.7915132,PC1,0,17,0.82069,0.50302,-0.44795,0.9739124178886414
1773142872.7915132,PC1,0,18,0.5773,1.31265,-0.60686,0.6469491720199585
1773142872.7915132,PC1,0,19,0.80149,0.49092,-0.38494,0.9751160144805908
1773142872.7915132,PC1,0,20,0.591,1.27343,-0.62485,0.693821370601654
1773142872.7915132,PC1,0,21,0.79846,0.52854,-0.36729,0.9725503921508789
1773142872.7915132,PC1,0,22,0.58621,1.24996,-0.5743,0.6956614255905151
1773142872.7915132,PC1,0,23,0.42179,1.62616,0.01525,0.025694964453577995
1773142872.7915132,PC1,0,24,0.19414,1.66921,-0.01183,0.015149852260947227
1773142872.7915132,PC1,0,25,0.44334,2.26043,-0.02372,0.0015455378452315927
1773142872.7915132,PC1,0,26,0.24156,2.30596,-0.12615,0.0008268316159956157
1773142872.7915132,PC1,0,27,0.46971,2.84876,0.42678,0.00010681390267563984
1773142872.7915132,PC1,0,28,0.28028,2.87366,0.18381,2.6278396035195328e-05
1773142872.7915132,PC1,0,29,0.47026,2.95013,0.44344,0.00010713579104049131
1773142872.7915132,PC1,0,30,0.27663,2.97256,0.19445,5.0075443141395226e-05
1773142872.7915132,PC1,0,31,0.46412,3.04221,-0.00021,0.0004143499827478081
1773142872.7915132,PC1,0,32,0.3352,3.0443,-0.29921,0.00014976723468862474
1773142872.7915132,PC1,0,Angle_Elbow_L,103.53,,,
1773142872.7915132,PC1,0,Angle_Elbow_R,144.24,,,
1773142872.7915132,PC1,0,Angle_Shoulder_L,99.91,,,
1773142872.7915132,PC1,0,Angle_Shoulder_R,146.89,,,
1773142872.7915132,PC1,0,Length_UpperArm_L,0.287,,,
1773142872.7915132,PC1,0,Length_LowerArm_L,0.3636,,,
1773142872.7915132,PC1,0,Length_UpperArm_R,0.3543,,,
1773142872.7915132,PC1,0,Length_LowerArm_R,0.3033,,,
1773142872.7915132,PC1,0,Width_Shoulder,0.3169,,,
1773142872.8413801,PC1,0,0,0.61211,0.55707,-0.31583,0.9998864531517029
1773142872.8413801,PC1,0,1,0.62035,0.51759,-0.27314,0.9998753666877747
1773142872.8413801,PC1,0,2,0.62758,0.5184,-0.27285,0.9998906254768372
1773142872.8413801,PC1,0,3,0.63425,0.51939,-0.27258,0.9998930096626282
1773142872.8413801,PC1,0,4,0.5937,0.51543,-0.29727,0.999861478805542
1773142872.8413801,PC1,0,5,0.58171,0.51532,-0.29689,0.9998707175254822
1773142872.8413801,PC1,0,6,0.56966,0.51644,-0.29703,0.9998530745506287
1773142872.8413801,PC1,0,7,0.63373,0.5373,-0.04385,0.9999356269836426
1773142872.8413801,PC1,0,8,0.54371,0.54072,-0.15026,0.9998915791511536
1773142872.8413801,PC1,0,9,0.62252,0.60199,-0.23218,0.9999300837516785
1773142872.8413801,PC1,0,10,0.59368,0.60394,-0.26218,0.9999117851257324
1773142872.8413801,PC1,0,11,0.68913,0.73551,0.1016,0.9999204874038696
1773142872.8413801,PC1,0,12,0.48393,0.7738,-0.14782,0.9995157122612
1773142872.8413801,PC1,0,13,0.85736,0.84276,-0.10426,0.9892205595970154
1773142872.8413801,PC1,0,14,0.46763,1.08272,-0.32157,0.6942547559738159
1773142872.8413801,PC1,0,15,0.82474,0.59649,-0.36355,0.9917287230491638
1773142872.8413801,PC1,0,16,0.56035,1.24244,-0.5665,0.6060229539871216
1773142872.8413801,PC1,0,17,0.81144,0.49899,-0.43109,0.9756811261177063
1773142872.8413801,PC1,0,18,0.58048,1.31422,-0.61516,0.6387072801589966
1773142872.8413801,PC1,0,19,0.7915,0.49104,-0.3718,0.9767487049102783
1773142872.8413801,PC1,0,20,0.59387,1.27824,-0.63046,0.6870902180671692
1773142872.8413801,PC1,0,21,0.78931,0.52571,-0.35442,0.9743550419807434
1773142872.8413801,PC1,0,22,0.58831,1.25551,-0.58094,0.6895577907562256
1773142872.8413801,PC1,0,23,0.42179,1.62616,0.01525,0.02629965916275978
1773142872.8413801,PC1,0,24,0.19414,1.66921,-0.01183,0.015323031693696976
1773142872.8413801,PC1,0,25,0.44334,2.26043,-0.02372,0.0015038909623399377
1773142872.8413801,PC1,0,26,0.24156,2.30596,-0.12615,0.0008063575369305909
1773142872.8413801,PC1,0,27,0.46971,2.84876,0.42678,0.00010574254702078179
1773142872.8413801,PC1,0,28,0.28028,2.87366,0.18381,2.5314540835097432e-05
1773142872.8413801,PC1,0,29,0.47026,2.95013,0.44344,0.00010831148392753676
1773142872.8413801,PC1,0,30,0.27663,2.97256,0.19445,4.9188594857696444e-05
1773142872.8413801,PC1,0,31,0.46412,3.04221,-0.00021,0.00042562850285321474
1773142872.8413801,PC1,0,32,0.3352,3.0443,-0.29921,0.00015187205281108618
1773142872.8413801,PC1,0,Angle_Elbow_L,102.04,,,
1773142872.8413801,PC1,0,Angle_Elbow_R,146.15,,,
1773142872.8413801,PC1,0,Angle_Shoulder_L,99.4,,,
1773142872.8413801,PC1,0,Angle_Shoulder_R,146.26,,,
1773142872.8413801,PC1,0,Length_UpperArm_L,0.2867,,,
1773142872.8413801,PC1,0,Length_LowerArm_L,0.3591,,,
1773142872.8413801,PC1,0,Length_UpperArm_R,0.3548,,,
1773142872.8413801,PC1,0,Length_LowerArm_R,0.3068,,,
1773142872.8413801,PC1,0,Width_Shoulder,0.3252,,,
1773142872.9906921,PC1,0,0,0.60943,0.5579,-0.31743,0.9999068975448608
1773142872.9906921,PC1,0,1,0.61776,0.51799,-0.27481,0.999896228313446
1773142872.9906921,PC1,0,2,0.62498,0.51862,-0.27451,0.9999091029167175
1773142872.9906921,PC1,0,3,0.63189,0.51953,-0.27425,0.9999108910560608
1773142872.9906921,PC1,0,4,0.59134,0.51667,-0.29878,0.9998847842216492
1773142872.9906921,PC1,0,5,0.57941,0.51697,-0.29841,0.99989253282547
1773142872.9906921,PC1,0,6,0.56752,0.51848,-0.29855,0.999877393245697
1773142872.9906921,PC1,0,7,0.63265,0.537,-0.04598,0.9999460577964783
1773142872.9906921,PC1,0,8,0.54242,0.54182,-0.14956,0.9999103546142578
1773142872.9906921,PC1,0,9,0.62064,0.60296,-0.23337,0.9999408721923828
1773142872.9906921,PC1,0,10,0.59172,0.60514,-0.2631,0.9999261498451233
1773142872.9906921,PC1,0,11,0.69014,0.73563,0.09237,0.9999298453330994
1773142872.9906921,PC1,0,12,0.48382,0.77525,-0.13392,0.9995190501213074
1773142872.9906921,PC1,0,13,0.86305,0.83808,-0.13006,0.9907084107398987
1773142872.9906921,PC1,0,14,0.46744,1.08739,-0.29095,0.6367825269699097
1773142872.9906921,PC1,0,15,0.8135,0.60879,-0.38418,0.9926946759223938
1773142872.9906921,PC1,0,16,0.54509,1.26019,-0.53369,0.5652210116386414
1773142872.9906921,PC1,0,17,0.79372,0.52405,-0.45091,0.9775648713111877
1773142872.9906921,PC1,0,18,0.55787,1.33295,-0.57973,0.6071800589561462
1773142872.9906921,PC1,0,19,0.7729,0.51712,-0.38072,0.9785153865814209
1773142872.9906921,PC1,0,20,0.57096,1.30445,-0.5992,0.6591412425041199
1773142872.9906921,PC1,0,21,0.77279,0.54848,-0.36966,0.9762963056564331
1773142872.9906921,PC1,0,22,0.56853,1.28104,-0.54897,0.6629691123962402
1773142872.9906921,PC1,0,23,0.42179,1.62616,0.01525,0.025644604116678238
1773142872.9906921,PC1,0,24,0.19414,1.66921,-0.01183,0.014635995961725712
1773142872.9906921,PC1,0,25,0.44334,2.26043,-0.02372,0.0013863884378224611
1773142872.9906921,PC1,0,26,0.24156,2.30596,-0.12615,0.0007160477107390761
1773142872.9906921,PC1,0,27,0.46971,2.84876,0.42678,9.728989971335977e-05
1773142872.9906921,PC1,0,28,0.28028,2.87366,0.18381,2.242177833977621e-05
1773142872.9906921,PC1,0,29,0.47026,2.95013,0.44344,0.00010234088404104114
1773142872.9906921,PC1,0,30,0.27663,2.97256,0.19445,4.4000546040479094e-05
1773142872.9906921,PC1,0,31,0.46412,3.04221,-0.00021,0.00041092702304013073
1773142872.9906921,PC1,0,32,0.3352,3.0443,-0.29921,0.00013921123172622174
1773142872.9906921,PC1,0,Angle_Elbow_L,103.65,,,
1773142872.9906921,PC1,0,Angle_Elbow_R,147.44,,,
1773142872.9906921,PC1,0,Angle_Shoulder_L,97.82,,,
1773142872.9906921,PC1,0,Angle_Shoulder_R,148.72,,,
1773142872.9906921,PC1,0,Length_UpperArm_L,0.2998,,,
1773142872.9906921,PC1,0,Length_LowerArm_L,0.3458,,,
1773142872.9906921,PC1,0,Length_UpperArm_R,0.3498,,,
1773142872.9906921,PC1,0,Length_LowerArm_R,0.3079,,,
1773142872.9906921,PC1,0,Width_Shoulder,0.3088,,,
1773142873.153892,PC1,0,0,0.60559,0.55983,-0.32627,0.9999303817749023
1773142873.153892,PC1,0,1,0.61376,0.51924,-0.28507,0.9999204277992249
1773142873.153892,PC1,0,2,0.62092,0.51957,-0.28476,0.9999304413795471
1773142873.153892,PC1,0,3,0.62798,0.5203,-0.2845,0.9999313354492188
1773142873.153892,PC1,0,4,0.58716,0.51914,-0.30462,0.9999120235443115
1773142873.153892,PC1,0,5,0.5751,0.51998,-0.30427,0.9999181032180786
1773142873.153892,PC1,0,6,0.5634,0.52181,-0.30442,0.9999058842658997
1773142873.153892,PC1,0,7,0.63008,0.53667,-0.05877,0.999957799911499
1773142873.153892,PC1,0,8,0.5398,0.54457,-0.14521,0.9999326467514038
1773142873.153892,PC1,0,9,0.61773,0.60501,-0.24274,0.9999529719352722
1773142873.153892,PC1,0,10,0.58842,0.6073,-0.26682,0.9999428987503052
1773142873.153892,PC1,0,11,0.6914,0.73645,0.07961,0.9999341368675232
1773142873.153892,PC1,0,12,0.48342,0.77585,-0.12071,0.9994855523109436
1773142873.153892,PC1,0,13,0.8648,0.84458,-0.15836,0.9914878010749817
1773142873.153892,PC1,0,14,0.47028,1.08485,-0.28816,0.5975850820541382
1773142873.153892,PC1,0,15,0.80931,0.6164,-0.40989,0.9939256310462952
1773142873.153892,PC1,0,16,0.56797,1.18892,-0.52475,0.5192513465881348
1773142873.153892,PC1,0,17,0.79123,0.52876,-0.47461,0.9807341694831848
1773142873.153892,PC1,0,18,0.57949,1.28792,-0.57132,0.563506543636322
1773142873.153892,PC1,0,19,0.77039,0.52037,-0.40364,0.9814236164093018
1773142873.153892,PC1,0,20,0.59224,1.25572,-0.58257,0.6172469258308411
1773142873.153892,PC1,0,21,0.76932,0.55286,-0.39394,0.979545533657074
1773142873.153892,PC1,0,22,0.59046,1.20934,-0.53846,0.6239898204803467
1773142873.153892,PC1,0,23,0.42179,1.62616,0.01525,0.025074739009141922
1773142873.153892,PC1,0,24,0.19414,1.66921,-0.01183,0.014182629063725471
1773142873.153892,PC1,0,25,0.44334,2.26043,-0.02372,0.0011693340493366122
1773142873.153892,PC1,0,26,0.24156,2.30596,-0.12615,0.0005902675329707563
1773142873.153892,PC1,0,27,0.46971,2.84876,0.42678,8.321530185639858e-05
1773142873.153892,PC1,0,28,0.28028,2.87366,0.18381,1.8300468582310714e-05
1773142873.153892,PC1,0,29,0.47026,2.95013,0.44344,8.888899174053222e-05
1773142873.153892,PC1,0,30,0.27663,2.97256,0.19445,3.758303137146868e-05
1773142873.153892,PC1,0,31,0.46412,3.04221,-0.00021,0.0003482227330096066
1773142873.153892,PC1,0,32,0.3352,3.0443,-0.29921,0.0001174539138446562
1773142873.153892,PC1,0,Angle_Elbow_L,103.7,,,
1773142873.153892,PC1,0,Angle_Elbow_R,136.5,,,
1773142873.153892,PC1,0,Angle_Shoulder_L,98.37,,,
1773142873.153892,PC1,0,Angle_Shoulder_R,146.93,,,
1773142873.153892,PC1,0,Length_UpperArm_L,0.3137,,,
1773142873.153892,PC1,0,Length_LowerArm_L,0.3441,,,
1773142873.153892,PC1,0,Length_UpperArm_R,0.3517,,,
1773142873.153892,PC1,0,Length_LowerArm_R,0.2763,,,
1773142873.153892,PC1,0,Width_Shoulder,0.2914,,,
1773142873.253363,PC1,0,0,0.60414,0.55966,-0.32848,0.9999372363090515
1773142873.253363,PC1,0,1,0.61223,0.51891,-0.28722,0.9999281764030457
1773142873.253363,PC1,0,2,0.61953,0.51918,-0.28691,0.9999371767044067
1773142873.253363,PC1,0,3,0.62657,0.51988,-0.28665,0.9999380111694336
1773142873.253363,PC1,0,4,0.58494,0.51884,-0.30576,0.9999205470085144
1773142873.253363,PC1,0,5,0.57287,0.51965,-0.30538,0.9999260306358337
1773142873.253363,PC1,0,6,0.56143,0.52136,-0.30552,0.9999148845672607
1773142873.253363,PC1,0,7,0.62956,0.53649,-0.0615,0.999961793422699
1773142873.253363,PC1,0,8,0.53888,0.54498,-0.14359,0.9999392032623291
1773142873.253363,PC1,0,9,0.61687,0.60472,-0.24471,0.9999573826789856
1773142873.253363,PC1,0,10,0.58662,0.60725,-0.26782,0.9999483823776245
1773142873.253363,PC1,0,11,0.69155,0.73678,0.07743,0.9999381303787231
1773142873.253363,PC1,0,12,0.48343,0.77517,-0.1195,0.9994992613792419
1773142873.253363,PC1,0,13,0.86172,0.85098,-0.15915,0.9919748902320862
1773142873.253363,PC1,0,14,0.47109,1.07971,-0.27665,0.5781720876693726
1773142873.253363,PC1,0,15,0.81689,0.61684,-0.4191,0.9944590926170349
1773142873.253363,PC1,0,16,0.559,1.21031,-0.52288,0.5211954116821289
1773142873.253363,PC1,0,17,0.80343,0.523,-0.48577,0.98244309425354
1773142873.253363,PC1,0,18,0.56794,1.30748,-0.56988,0.5740942358970642
1773142873.253363,PC1,0,19,0.78317,0.51304,-0.41874,0.9830722212791443
1773142873.253363,PC1,0,20,0.5821,1.27589,-0.58397,0.6293160319328308
1773142873.253363,PC1,0,21,0.78049,0.54802,-0.40515,0.981364369392395
1773142873.253363,PC1,0,22,0.58136,1.23326,-0.53838,0.6388199329376221
1773142873.253363,PC1,0,23,0.42179,1.62616,0.01525,0.023786475881934166
1773142873.253363,PC1,0,24,0.19414,1.66921,-0.01183,0.013392647728323936
1773142873.253363,PC1,0,25,0.44334,2.26043,-0.02372,0.0010882798815146089
1773142873.253363,PC1,0,26,0.24156,2.30596,-0.12615,0.0005479423562064767
1773142873.253363,PC1,0,27,0.46971,2.84876,0.42678,7.734628889011219e-05
1773142873.253363,PC1,0,28,0.28028,2.87366,0.18381,1.6823143596411683e-05
1773142873.253363,PC1,0,29,0.47026,2.95013,0.44344,8.322692156070843e-05
1773142873.253363,PC1,0,30,0.27663,2.97256,0.19445,3.487767753540538e-05
1773142873.253363,PC1,0,31,0.46412,3.04221,-0.00021,0.00032622989965602756
1773142873.253363,PC1,0,32,0.3352,3.0443,-0.29921,0.00011091907799709588
1773142873.253363,PC1,0,Angle_Elbow_L,104.23,,,
1773142873.253363,PC1,0,Angle_Elbow_R,140.55,,,
1773142873.253363,PC1,0,Angle_Shoulder_L,99.62,,,
1773142873.253363,PC1,0,Angle_Shoulder_R,147.86,,,
1773142873.253363,PC1,0,Length_UpperArm_L,0.313,,,
1773142873.253363,PC1,0,Length_LowerArm_L,0.3527,,,
1773142873.253363,PC1,0,Length_UpperArm_R,0.3429,,,
1773142873.253363,PC1,0,Length_LowerArm_R,0.2923,,,
1773142873.253363,PC1,0,Width_Shoulder,0.2891,,,
1773142873.303714,PC1,0,0,0.60225,0.55974,-0.32608,0.9999488592147827
1773142873.303714,PC1,0,1,0.61022,0.51888,-0.28588,0.9999408721923828
1773142873.303714,PC1,0,2,0.61767,0.51893,-0.28558,0.9999483227729797
1773142873.303714,PC1,0,3,0.62467,0.51946,-0.28531,0.9999489784240723
1773142873.303714,PC1,0,4,0.58212,0.51936,-0.30388,0.9999346733093262
1773142873.303714,PC1,0,5,0.56996,0.52029,-0.30346,0.9999390244483948
1773142873.303714,PC1,0,6,0.55884,0.52199,-0.30358,0.999929666519165
1773142873.303714,PC1,0,7,0.62879,0.53605,-0.06865,0.9999682307243347
1773142873.303714,PC1,0,8,0.53765,0.54572,-0.14142,0.9999499917030334
1773142873.303714,PC1,0,9,0.61568,0.60438,-0.24332,0.9999643564224243
1773142873.303714,PC1,0,10,0.58428,0.60758,-0.26572,0.9999572038650513
1773142873.303714,PC1,0,11,0.69175,0.73715,0.06644,0.9999447464942932
1773142873.303714,PC1,0,12,0.48381,0.77454,-0.11308,0.9995144605636597
1773142873.303714,PC1,0,13,0.85678,0.86173,-0.16176,0.9925687313079834
1773142873.303714,PC1,0,14,0.47146,1.07199,-0.24418,0.5422206521034241
1773142873.303714,PC1,0,15,0.8271,0.61716,-0.43728,0.9952874779701233
1773142873.303714,PC1,0,16,0.54445,1.25094,-0.49813,0.5088827610015869
1773142873.303714,PC1,0,17,0.82094,0.51275,-0.50877,0.9851053357124329
1773142873.303714,PC1,0,18,0.54964,1.34523,-0.54346,0.5760348439216614
1773142873.303714,PC1,0,19,0.80113,0.50067,-0.45093,0.9856500625610352
1773142873.303714,PC1,0,20,0.56572,1.31587,-0.56942,0.6341103315353394
1773142873.303714,PC1,0,21,0.79571,0.53963,-0.42678,0.9841929078102112
1773142873.303714,PC1,0,22,0.56688,1.27836,-0.51805,0.6469536423683167
1773142873.303714,PC1,0,23,0.42179,1.62616,0.01525,0.022327302023768425
1773142873.303714,PC1,0,24,0.19414,1.66921,-0.01183,0.012435942888259888
1773142873.303714,PC1,0,25,0.44334,2.26043,-0.02372,0.0009868494234979153
1773142873.303714,PC1,0,26,0.24156,2.30596,-0.12615,0.0004953705356456339
1773142873.303714,PC1,0,27,0.46971,2.84876,0.42678,6.91765162628144e-05
1773142873.303714,PC1,0,28,0.28028,2.87366,0.18381,1.4650579942099284e-05
1773142873.303714,PC1,0,29,0.47026,2.95013,0.44344,7.56548615754582e-05
1773142873.303714,PC1,0,30,0.27663,2.97256,0.19445,3.061533789150417e-05
1773142873.303714,PC1,0,31,0.46412,3.04221,-0.00021,0.00030900942510925233
1773142873.303714,PC1,0,32,0.3352,3.0443,-0.29921,0.00010249669139739126
1773142873.303714,PC1,0,Angle_Elbow_L,103.99,,,
1773142873.303714,PC1,0,Angle_Elbow_R,145.57,,,
1773142873.303714,PC1,0,Angle_Shoulder_L,101.87,,,
1773142873.303714,PC1,0,Angle_Shoulder_R,150.78,,,
1773142873.303714,PC1,0,Length_UpperArm_L,0.3079,,,
1773142873.303714,PC1,0,Length_LowerArm_L,0.3696,,,
1773142873.303714,PC1,0,Length_UpperArm_R,0.3253,,,
1773142873.303714,PC1,0,Length_LowerArm_R,0.3191,,,
1773142873.303714,PC1,0,Width_Shoulder,0.2772,,,
1773142873.353514,PC1,0,0,0.60174,0.55991,-0.32096,0.9999538660049438
1773142873.353514,PC1,0,1,0.60984,0.51893,-0.28089,0.9999464154243469
1773142873.353514,PC1,0,2,0.61731,0.5189,-0.28059,0.9999532103538513
1773142873.353514,PC1,0,3,0.62429,0.51936,-0.28031,0.9999537467956543
1773142873.353514,PC1,0,4,0.58149,0.5197,-0.29881,0.9999408721923828
1773142873.353514,PC1,0,5,0.56924,0.52075,-0.29839,0.9999448657035828
1773142873.353514,PC1,0,6,0.55816,0.52253,-0.2985,0.9999362826347351
1773142873.353514,PC1,0,7,0.62865,0.53581,-0.0637,0.9999711513519287
1773142873.353514,PC1,0,8,0.53747,0.54598,-0.13569,0.999954879283905
1773142873.353514,PC1,0,9,0.61537,0.60443,-0.23863,0.9999675750732422
1773142873.353514,PC1,0,10,0.58362,0.60779,-0.26088,0.999961256980896
1773142873.353514,PC1,0,11,0.69215,0.73734,0.07413,0.999948263168335
1773142873.353514,PC1,0,12,0.4841,0.7737,-0.11127,0.9995495080947876
1773142873.353514,PC1,0,13,0.85559,0.86503,-0.1535,0.993048369884491
1773142873.353514,PC1,0,14,0.47095,1.06768,-0.23938,0.567162811756134
1773142873.353514,PC1,0,15,0.82795,0.61724,-0.43726,0.9956312775611877
1773142873.353514,PC1,0,16,0.54819,1.2383,-0.49403,0.529068648815155
1773142873.353514,PC1,0,17,0.82108,0.50986,-0.51296,0.9862179160118103
1773142873.353514,PC1,0,18,0.55865,1.32438,-0.53957,0.5936432480812073
1773142873.353514,PC1,0,19,0.80082,0.49861,-0.45711,0.9866958856582642
1773142873.353514,PC1,0,20,0.57388,1.2915,-0.56367,0.6501817107200623
1773142873.353514,PC1,0,21,0.79543,0.53895,-0.4275,0.9853741526603699
1773142873.353514,PC1,0,22,0.5728,1.25842,-0.51248,0.6634840965270996
1773142873.353514,PC1,0,23,0.42179,1.62616,0.01525,0.023044686764478683
1773142873.353514,PC1,0,24,0.19414,1.66921,-0.01183,0.01292523555457592
1773142873.353514,PC1,0,25,0.44334,2.26043,-0.02372,0.0010419882601127028
1773142873.353514,PC1,0,26,0.24156,2.30596,-0.12615,0.0005190116935409606
1773142873.353514,PC1,0,27,0.46971,2.84876,0.42678,7.217941310955212e-05
1773142873.353514,PC1,0,28,0.28028,2.87366,0.18381,1.4286676560004707e-05
1773142873.353514,PC1,0,29,0.47026,2.95013,0.44344,8.146090112859383e-05
1773142873.353514,PC1,0,30,0.27663,2.97256,0.19445,3.0236496968427673e-05
1773142873.353514,PC1,0,31,0.46412,3.04221,-0.00021,0.0003168775583617389
1773142873.353514,PC1,0,32,0.3352,3.0443,-0.29921,0.0001063985691871494
1773142873.353514,PC1,0,Angle_Elbow_L,104.15,,,
1773142873.353514,PC1,0,Angle_Elbow_R,143.7,,,
1773142873.353514,PC1,0,Angle_Shoulder_L,102.74,,,
1773142873.353514,PC1,0,Angle_Shoulder_R,151.32,,,
1773142873.353514,PC1,0,Length_UpperArm_L,0.3079,,,
1773142873.353514,PC1,0,Length_LowerArm_L,0.3777,,,
1773142873.353514,PC1,0,Length_UpperArm_R,0.321,,,
1773142873.353514,PC1,0,Length_LowerArm_R,0.3161,,,
1773142873.353514,PC1,0,Width_Shoulder,0.281,,,
1773142873.403316,PC1,0,0,0.60171,0.56004,-0.32425,0.9999580979347229
1773142873.403316,PC1,0,1,0.60998,0.51898,-0.2837,0.9999509453773499
1773142873.403316,PC1,0,2,0.61744,0.51888,-0.28341,0.9999572038650513
1773142873.403316,PC1,0,3,0.62441,0.51929,-0.28313,0.9999575614929199
1773142873.403316,PC1,0,4,0.58173,0.51995,-0.30139,0.9999459385871887
1773142873.403316,PC1,0,5,0.56946,0.52111,-0.30097,0.9999496340751648
1773142873.403316,PC1,0,6,0.55831,0.52295,-0.30108,0.9999416470527649
1773142873.403316,PC1,0,7,0.62884,0.53563,-0.06285,0.9999734163284302
1773142873.403316,PC1,0,8,0.53764,0.54604,-0.13395,0.9999589920043945
1773142873.403316,PC1,0,9,0.61538,0.60446,-0.24112,0.9999701380729675
1773142873.403316,PC1,0,10,0.5836,0.60795,-0.26297,0.9999645948410034
1773142873.403316,PC1,0,11,0.69269,0.73749,0.07953,0.9999501705169678
1773142873.403316,PC1,0,12,0.48433,0.77232,-0.11086,0.9995680451393127
1773142873.403316,PC1,0,13,0.85527,0.86751,-0.15186,0.9930785894393921
1773142873.403316,PC1,0,14,0.46952,1.06219,-0.25589,0.5925383567810059
1773142873.403316,PC1,0,15,0.82725,0.62671,-0.45155,0.9959015250205994
1773142873.403316,PC1,0,16,0.55457,1.21159,-0.52052,0.5537385940551758
1773142873.403316,PC1,0,17,0.81675,0.52243,-0.52886,0.9870757460594177
1773142873.403316,PC1,0,18,0.57001,1.28712,-0.5698,0.6112774610519409
1773142873.403316,PC1,0,19,0.79684,0.51054,-0.47249,0.9875112771987915
1773142873.403316,PC1,0,20,0.58488,1.22889,-0.5868,0.6661394238471985
1773142873.403316,PC1,0,21,0.79247,0.54978,-0.4419,0.9862626194953918
1773142873.403316,PC1,0,22,0.58256,1.20207,-0.53546,0.6781970262527466
1773142873.403316,PC1,0,23,0.42179,1.62616,0.01525,0.023352263495326042
1773142873.403316,PC1,0,24,0.19414,1.66921,-0.01183,0.013209857977926731
1773142873.403316,PC1,0,25,0.44334,2.26043,-0.02372,0.0010311134392395616
1773142873.403316,PC1,0,26,0.24156,2.30596,-0.12615,0.0005003617843613029
1773142873.403316,PC1,0,27,0.46971,2.84876,0.42678,7.108080171747133e-05
1773142873.403316,PC1,0,28,0.28028,2.87366,0.18381,1.3423364180198405e-05
1773142873.403316,PC1,0,29,0.47026,2.95013,0.44344,8.107865141937509e-05
1773142873.403316,PC1,0,30,0.27663,2.97256,0.19445,2.913848584285006e-05
1773142873.403316,PC1,0,31,0.46412,3.04221,-0.00021,0.0002992645313497633
1773142873.403316,PC1,0,32,0.3352,3.0443,-0.29921,0.00010130559530807659
1773142873.403316,PC1,0,Angle_Elbow_L,106.2,,,
1773142873.403316,PC1,0,Angle_Elbow_R,141.77,,,
1773142873.403316,PC1,0,Angle_Shoulder_L,103.18,,,
1773142873.403316,PC1,0,Angle_Shoulder_R,149.04,,,
1773142873.403316,PC1,0,Length_UpperArm_L,0.3113,,,
1773142873.403316,PC1,0,Length_LowerArm_L,0.3855,,,
1773142873.403316,PC1,0,Length_UpperArm_R,0.3245,,,
1773142873.403316,PC1,0,Length_LowerArm_R,0.3156,,,
1773142873.403316,PC1,0,Width_Shoulder,0.2844,,,
1773142873.452522,PC1,0,0,0.60172,0.56012,-0.32629,0.9999614357948303
1773142873.452522,PC1,0,1,0.61018,0.51902,-0.28556,0.9999539852142334
1773142873.452522,PC1,0,2,0.61767,0.51887,-0.28528,0.9999599456787109
1773142873.452522,PC1,0,3,0.62465,0.51924,-0.285,0.9999600648880005
1773142873.452522,PC1,0,4,0.58201,0.52014,-0.30307,0.9999494552612305
1773142873.452522,PC1,0,5,0.56976,0.52136,-0.30265,0.999953031539917
1773142873.452522,PC1,0,6,0.55858,0.52324,-0.30276,0.9999454021453857
1773142873.452522,PC1,0,7,0.62918,0.53549,-0.0629,0.99997478723526
1773142873.452522,PC1,0,8,0.53797,0.54607,-0.13073,0.9999620914459229
1773142873.452522,PC1,0,9,0.61544,0.60449,-0.24299,0.9999714493751526
1773142873.452522,PC1,0,10,0.5837,0.60807,-0.26449,0.9999666213989258
1773142873.452522,PC1,0,11,0.69368,0.73722,0.07956,0.9999486207962036
1773142873.452522,PC1,0,12,0.4846,0.77077,-0.10815,0.9995616674423218
1773142873.452522,PC1,0,13,0.85608,0.86922,-0.15448,0.9930341839790344
1773142873.452522,PC1,0,14,0.46849,1.05676,-0.26597,0.6088656187057495
1773142873.452522,PC1,0,15,0.82545,0.6347,-0.45879,0.9959592819213867
1773142873.452522,PC1,0,16,0.56254,1.18662,-0.53457,0.5655718445777893
1773142873.452522,PC1,0,17,0.81135,0.53326,-0.53176,0.9870818853378296
1773142873.452522,PC1,0,18,0.5816,1.25287,-0.58528,0.6149725317955017
1773142873.452522,PC1,0,19,0.79154,0.52218,-0.4722,0.9874894618988037
1773142873.452522,PC1,0,20,0.59424,1.17838,-0.59719,0.668524444103241
1773142873.452522,PC1,0,21,0.78798,0.55992,-0.44652,0.9862483143806458
1773142873.452522,PC1,0,22,0.5913,1.156,-0.54667,0.6790782809257507
1773142873.452522,PC1,0,23,0.42179,1.62616,0.01525,0.022814258933067322
1773142873.452522,PC1,0,24,0.19414,1.66921,-0.01183,0.013030917383730412
1773142873.452522,PC1,0,25,0.44334,2.26043,-0.02372,0.0009812625357881188
1773142873.452522,PC1,0,26,0.24156,2.30596,-0.12615,0.0004740583535749465
1773142873.452522,PC1,0,27,0.46971,2.84876,0.42678,6.845653842901811e-05
1773142873.452522,PC1,0,28,0.28028,2.87366,0.18381,1.2689033610513434e-05
1773142873.452522,PC1,0,29,0.47026,2.95013,0.44344,7.792799442540854e-05
1773142873.452522,PC1,0,30,0.27663,2.97256,0.19445,2.8051959816366434e-05
1773142873.452522,PC1,0,31,0.46412,3.04221,-0.00021,0.00027917561237700284
1773142873.452522,PC1,0,32,0.3352,3.0443,-0.29921,9.547748777549714e-05
1773142873.452522,PC1,0,Angle_Elbow_L,106.96,,,
1773142873.452522,PC1,0,Angle_Elbow_R,139.69,,,
1773142873.452522,PC1,0,Angle_Shoulder_L,103.48,,,
1773142873.452522,PC1,0,Angle_Shoulder_R,147.2,,,
1773142873.452522,PC1,0,Length_UpperArm_L,0.314,,,
1773142873.452522,PC1,0,Length_LowerArm_L,0.3854,,,
1773142873.452522,PC1,0,Length_UpperArm_R,0.327,,,
1773142873.452522,PC1,0,Length_LowerArm_R,0.3128,,,
1773142873.452522,PC1,0,Width_Shoulder,0.283,,,
1773142873.603028,PC1,0,0,0.60175,0.55939,-0.33763,0.9999704360961914
1773142873.603028,PC1,0,1,0.611,0.51876,-0.29669,0.9999632835388184
1773142873.603028,PC1,0,2,0.61866,0.51879,-0.29643,0.9999680519104004
1773142873.603028,PC1,0,3,0.62588,0.51935,-0.29614,0.9999676942825317
1773142873.603028,PC1,0,4,0.58289,0.51934,-0.31436,0.9999599456787109
1773142873.603028,PC1,0,5,0.57067,0.52032,-0.31398,0.9999629855155945
1773142873.603028,PC1,0,6,0.55928,0.52197,-0.31411,0.9999566674232483
1773142873.603028,PC1,0,7,0.63032,0.53535,-0.07218,0.9999789595603943
1773142873.603028,PC1,0,8,0.53863,0.54513,-0.14229,0.9999710917472839
1773142873.603028,PC1,0,9,0.61538,0.60397,-0.25407,0.9999764561653137
1773142873.603028,PC1,0,10,0.58371,0.60675,-0.27574,0.999973714351654
1773142873.603028,PC1,0,11,0.69501,0.73562,0.07633,0.999946117401123
1773142873.603028,PC1,0,12,0.48302,0.76754,-0.12341,0.99956876039505
1773142873.603028,PC1,0,13,0.85654,0.87316,-0.15451,0.9919686317443848
1773142873.603028,PC1,0,14,0.4711,1.0545,-0.28342,0.6200196146965027
1773142873.603028,PC1,0,15,0.81916,0.64413,-0.46434,0.9961091876029968
1773142873.603028,PC1,0,16,0.58395,1.17429,-0.53014,0.5394877195358276
1773142873.603028,PC1,0,17,0.79966,0.54523,-0.53599,0.9875231385231018
1773142873.603028,PC1,0,18,0.61365,1.23903,-0.57948,0.5803325772285461
1773142873.603028,PC1,0,19,0.78062,0.53706,-0.47341,0.9878681898117065
1773142873.603028,PC1,0,20,0.62533,1.16296,-0.58775,0.6361855864524841
1773142873.603028,PC1,0,21,0.77798,0.57471,-0.45199,0.9867233037948608
1773142873.603028,PC1,0,22,0.62068,1.15242,-0.53855,0.6467241048812866
1773142873.603028,PC1,0,23,0.42179,1.62616,0.01525,0.023259060457348824
1773142873.603028,PC1,0,24,0.19414,1.66921,-0.01183,0.01334436796605587
1773142873.603028,PC1,0,25,0.44334,2.26043,-0.02372,0.0009179335902445018
1773142873.603028,PC1,0,26,0.24156,2.30596,-0.12615,0.0004503072996158153
1773142873.603028,PC1,0,27,0.46971,2.84876,0.42678,6.606634997297078e-05
1773142873.603028,PC1,0,28,0.28028,2.87366,0.18381,1.1118287147837691e-05
1773142873.603028,PC1,0,29,0.47026,2.95013,0.44344,7.522442319896072e-05
1773142873.603028,PC1,0,30,0.27663,2.97256,0.19445,2.7031721401726827e-05
1773142873.603028,PC1,0,31,0.46412,3.04221,-0.00021,0.00024155295977834612
1773142873.603028,PC1,0,32,0.3352,3.0443,-0.29921,8.658919978188351e-05
1773142873.603028,PC1,0,Angle_Elbow_L,106.26,,,
1773142873.603028,PC1,0,Angle_Elbow_R,138.04,,,
1773142873.603028,PC1,0,Angle_Shoulder_L,104.15,,,
1773142873.603028,PC1,0,Angle_Shoulder_R,146.13,,,
1773142873.603028,PC1,0,Length_UpperArm_L,0.3135,,,
1773142873.603028,PC1,0,Length_LowerArm_L,0.3871,,,
1773142873.603028,PC1,0,Length_UpperArm_R,0.3288,,,
1773142873.603028,PC1,0,Length_LowerArm_R,0.2966,,,
1773142873.603028,PC1,0,Width_Shoulder,0.293,,,
1773142873.70188,PC1,0,0,0.60191,0.55879,-0.33171,0.9999723434448242
1773142873.70188,PC1,0,1,0.61152,0.51853,-0.291,0.9999648332595825
1773142873.70188,PC1,0,2,0.61936,0.51871,-0.29075,0.999969482421875
1773142873.70188,PC1,0,3,0.62669,0.51939,-0.29047,0.9999688863754272
1773142873.70188,PC1,0,4,0.58342,0.51868,-0.31064,0.9999617338180542
1773142873.70188,PC1,0,5,0.57128,0.51953,-0.31028,0.9999648928642273
1773142873.70188,PC1,0,6,0.55981,0.52112,-0.31042,0.9999585151672363
1773142873.70188,PC1,0,7,0.63072,0.53535,-0.06689,0.9999793767929077
1773142873.70188,PC1,0,8,0.53883,0.54476,-0.14511,0.9999731779098511
1773142873.70188,PC1,0,9,0.61532,0.6035,-0.24825,0.9999772310256958
1773142873.70188,PC1,0,10,0.58355,0.60585,-0.27252,0.9999752044677734
1773142873.70188,PC1,0,11,0.69514,0.73507,0.08231,0.9999468326568604
1773142873.70188,PC1,0,12,0.48322,0.76651,-0.13417,0.999580979347229
1773142873.70188,PC1,0,13,0.856,0.87383,-0.14494,0.9920768141746521
1773142873.70188,PC1,0,14,0.47916,1.05007,-0.29697,0.6303607225418091
1773142873.70188,PC1,0,15,0.81773,0.6425,-0.45106,0.996159017086029
1773142873.70188,PC1,0,16,0.59435,1.18369,-0.53115,0.5285624265670776
1773142873.70188,PC1,0,17,0.79759,0.54238,-0.52215,0.9875972270965576
1773142873.70188,PC1,0,18,0.62413,1.25241,-0.57796,0.5661939382553101
1773142873.70188,PC1,0,19,0.77879,0.53584,-0.45982,0.9878660440444946
1773142873.70188,PC1,0,20,0.63561,1.18719,-0.58942,0.6214148998260498
1773142873.70188,PC1,0,21,0.77631,0.57435,-0.43902,0.9867731928825378
1773142873.70188,PC1,0,22,0.62996,1.17367,-0.5401,0.6339362859725952
1773142873.70188,PC1,0,23,0.42179,1.62616,0.01525,0.028804101049900055
1773142873.70188,PC1,0,24,0.19414,1.66921,-0.01183,0.016408413648605347
1773142873.70188,PC1,0,25,0.44334,2.26043,-0.02372,0.00104691949672997
1773142873.70188,PC1,0,26,0.24156,2.30596,-0.12615,0.0005410703015513718
1773142873.70188,PC1,0,27,0.46971,2.84876,0.42678,7.899077900219709e-05
1773142873.70188,PC1,0,28,0.28028,2.87366,0.18381,1.4101563465374056e-05
1773142873.70188,PC1,0,29,0.47026,2.95013,0.44344,9.368648898089305e-05
1773142873.70188,PC1,0,30,0.27663,2.97256,0.19445,3.86037390853744e-05
1773142873.70188,PC1,0,31,0.46412,3.04221,-0.00021,0.0002659721067175269
1773142873.70188,PC1,0,32,0.3352,3.0443,-0.29921,0.00010305307660019025
1773142873.70188,PC1,0,Angle_Elbow_L,105.13,,,
1773142873.70188,PC1,0,Angle_Elbow_R,142.0,,,
1773142873.70188,PC1,0,Angle_Shoulder_L,104.44,,,
1773142873.70188,PC1,0,Angle_Shoulder_R,144.7,,,
1773142873.70188,PC1,0,Length_UpperArm_L,0.3111,,,
1773142873.70188,PC1,0,Length_LowerArm_L,0.3856,,,
1773142873.70188,PC1,0,Length_UpperArm_R,0.327,,,
1773142873.70188,PC1,0,Length_LowerArm_R,0.2932,,,
1773142873.70188,PC1,0,Width_Shoulder,0.3046,,,
1773142873.807358,PC1,0,0,0.60319,0.55821,-0.3249,0.9999765157699585
1773142873.807358,PC1,0,1,0.61326,0.51842,-0.28365,0.9999691843986511
1773142873.807358,PC1,0,2,0.62137,0.51876,-0.28341,0.9999731779098511
1773142873.807358,PC1,0,3,0.62889,0.5196,-0.28312,0.9999724626541138
1773142873.807358,PC1,0,4,0.58526,0.5181,-0.30556,0.9999666810035706
1773142873.807358,PC1,0,5,0.57318,0.51875,-0.30522,0.999969482421875
1773142873.807358,PC1,0,6,0.56139,0.52029,-0.30538,0.999963641166687
1773142873.807358,PC1,0,7,0.63215,0.53537,-0.05503,0.9999812245368958
1773142873.807358,PC1,0,8,0.53939,0.54448,-0.14764,0.999977171421051
1773142873.807358,PC1,0,9,0.61595,0.60302,-0.24041,0.9999796152114868
1773142873.807358,PC1,0,10,0.58449,0.60467,-0.2678,0.9999785423278809
1773142873.807358,PC1,0,11,0.69597,0.73421,0.09961,0.9999473690986633
1773142873.807358,PC1,0,12,0.48543,0.76629,-0.14751,0.999603807926178
1773142873.807358,PC1,0,13,0.85634,0.87347,-0.12173,0.9925824403762817
1773142873.807358,PC1,0,14,0.49187,1.0468,-0.31868,0.6354649662971497
1773142873.807358,PC1,0,15,0.81713,0.63129,-0.42506,0.9965206384658813
1773142873.807358,PC1,0,16,0.6027,1.21335,-0.55386,0.5272589921951294
1773142873.807358,PC1,0,17,0.79646,0.52838,-0.49667,0.9888041019439697
1773142873.807358,PC1,0,18,0.62523,1.28921,-0.59986,0.5687359571456909
1773142873.807358,PC1,0,19,0.7778,0.52273,-0.43405,0.988997220993042
1773142873.807358,PC1,0,20,0.6369,1.24199,-0.6172,0.6242638826370239
1773142873.807358,PC1,0,21,0.77512,0.56089,-0.41366,0.9880477786064148
1773142873.807358,PC1,0,22,0.6324,1.2258,-0.56561,0.6401852965354919
1773142873.807358,PC1,0,23,0.42179,1.62616,0.01525,0.031540654599666595
1773142873.807358,PC1,0,24,0.19414,1.66921,-0.01183,0.01778305321931839
1773142873.807358,PC1,0,25,0.44334,2.26043,-0.02372,0.001161961699835956
1773142873.807358,PC1,0,26,0.24156,2.30596,-0.12615,0.0005894768401049078
1773142873.807358,PC1,0,27,0.46971,2.84876,0.42678,8.405777043662965e-05
1773142873.807358,PC1,0,28,0.28028,2.87366,0.18381,1.4600024769606534e-05
1773142873.807358,PC1,0,29,0.47026,2.95013,0.44344,0.00010358074359828606
1773142873.807358,PC1,0,30,0.27663,2.97256,0.19445,4.242567592882551e-05
1773142873.807358,PC1,0,31,0.46412,3.04221,-0.00021,0.00029422310763038695
1773142873.807358,PC1,0,32,0.3352,3.0443,-0.29921,0.00011771594290621579
1773142873.807358,PC1,0,Angle_Elbow_L,103.1,,,
1773142873.807358,PC1,0,Angle_Elbow_R,149.78,,,
1773142873.807358,PC1,0,Angle_Shoulder_L,104.84,,,
1773142873.807358,PC1,0,Angle_Shoulder_R,142.53,,,
1773142873.807358,PC1,0,Length_UpperArm_L,0.3068,,,
1773142873.807358,PC1,0,Length_LowerArm_L,0.3901,,,
1773142873.807358,PC1,0,Length_UpperArm_R,0.3287,,,
1773142873.807358,PC1,0,Length_LowerArm_R,0.3088,,,
1773142873.807358,PC1,0,Width_Shoulder,0.3262,,,
1773142873.8593411,PC1,0,0,0.60511,0.55795,-0.3207,0.9999804496765137
1773142873.8593411,PC1,0,1,0.61521,0.51824,-0.27936,0.999973714351654
1773142873.8593411,PC1,0,2,0.62338,0.51864,-0.27913,0.9999771118164062
1773142873.8593411,PC1,0,3,0.63105,0.51962,-0.27882,0.999976396560669
1773142873.8593411,PC1,0,4,0.58743,0.51785,-0.30223,0.9999716877937317
1773142873.8593411,PC1,0,5,0.57532,0.51844,-0.30188,0.9999740123748779
1773142873.8593411,PC1,0,6,0.56318,0.51999,-0.30203,0.9999688863754272
1773142873.8593411,PC1,0,7,0.63384,0.53513,-0.04877,0.9999834895133972
1773142873.8593411,PC1,0,8,0.54019,0.54442,-0.14931,0.9999807476997375
1773142873.8593411,PC1,0,9,0.61757,0.60282,-0.23583,0.9999821186065674
1773142873.8593411,PC1,0,10,0.58622,0.60403,-0.26463,0.9999817609786987
1773142873.8593411,PC1,0,11,0.69702,0.73366,0.10735,0.9999499917030334
1773142873.8593411,PC1,0,12,0.48769,0.76772,-0.14858,0.999606728553772
1773142873.8593411,PC1,0,13,0.85767,0.86973,-0.11472,0.9933544397354126
1773142873.8593411,PC1,0,14,0.49833,1.04466,-0.29637,0.6052993535995483
1773142873.8593411,PC1,0,15,0.82241,0.61191,-0.41131,0.9969351887702942
1773142873.8593411,PC1,0,16,0.58925,1.24435,-0.53347,0.5006036162376404
1773142873.8593411,PC1,0,17,0.80531,0.50475,-0.48579,0.9901406168937683
1773142873.8593411,PC1,0,18,0.60486,1.3268,-0.57745,0.555370569229126
1773142873.8593411,PC1,0,19,0.78686,0.49593,-0.42478,0.9902762174606323
1773142873.8593411,PC1,0,20,0.61763,1.28931,-0.60762,0.6142577528953552
1773142873.8593411,PC1,0,21,0.78378,0.53389,-0.40122,0.9894794225692749
1773142873.8593411,PC1,0,22,0.61534,1.26696,-0.55102,0.6356125473976135
1773142873.8593411,PC1,0,23,0.42179,1.62616,0.01525,0.032790567725896835
1773142873.8593411,PC1,0,24,0.19414,1.66921,-0.01183,0.017768237739801407
1773142873.8593411,PC1,0,25,0.44334,2.26043,-0.02372,0.0012866599718108773
1773142873.8593411,PC1,0,26,0.24156,2.30596,-0.12615,0.0006069224909879267
1773142873.8593411,PC1,0,27,0.46971,2.84876,0.42678,8.878296648617834e-05
1773142873.8593411,PC1,0,28,0.28028,2.87366,0.18381,1.4589560123567935e-05
1773142873.8593411,PC1,0,29,0.47026,2.95013,0.44344,0.00011098101822426543
1773142873.8593411,PC1,0,30,0.27663,2.97256,0.19445,4.263300070306286e-05
1773142873.8593411,PC1,0,31,0.46412,3.04221,-0.00021,0.00033584117772988975
1773142873.8593411,PC1,0,32,0.3352,3.0443,-0.29921,0.00013028242392465472
1773142873.8593411,PC1,0,Angle_Elbow_L,102.01,,,
1773142873.8593411,PC1,0,Angle_Elbow_R,154.15,,,
1773142873.8593411,PC1,0,Angle_Shoulder_L,104.35,,,
1773142873.8593411,PC1,0,Angle_Shoulder_R,144.97,,,
1773142873.8593411,PC1,0,Length_UpperArm_L,0.306,,,
1773142873.8593411,PC1,0,Length_LowerArm_L,0.3946,,,
1773142873.8593411,PC1,0,Length_UpperArm_R,0.3141,,,
1773142873.8593411,PC1,0,Length_LowerArm_R,0.323,,,
1773142873.8593411,PC1,0,Width_Shoulder,0.3324,,,
1773142873.910409,PC1,0,0,0.6062,0.55784,-0.31944,0.9999822378158569
1773142873.910409,PC1,0,1,0.61644,0.51807,-0.27797,0.9999760389328003
1773142873.910409,PC1,0,2,0.6246,0.51845,-0.27774,0.9999791383743286
1773142873.910409,PC1,0,3,0.63231,0.51943,-0.27743,0.9999784827232361
1773142873.910409,PC1,0,4,0.5887,0.51775,-0.30116,0.999974250793457
1773142873.910409,PC1,0,5,0.57657,0.51834,-0.3008,0.9999763369560242
1773142873.910409,PC1,0,6,0.56425,0.5199,-0.30094,0.9999716281890869
1773142873.910409,PC1,0,7,0.63481,0.53493,-0.04603,0.9999849200248718
1773142873.910409,PC1,0,8,0.54072,0.54439,-0.1513,0.9999825358390808
1773142873.910409,PC1,0,9,0.61851,0.60276,-0.23443,0.999983549118042
1773142873.910409,PC1,0,10,0.58703,0.60387,-0.26385,0.9999833703041077
1773142873.910409,PC1,0,11,0.69731,0.73416,0.11215,0.9999489784240723
1773142873.910409,PC1,0,12,0.48838,0.7686,-0.15594,0.9995999932289124
1773142873.910409,PC1,0,13,0.85836,0.867,-0.10411,0.9928345084190369
1773142873.910409,PC1,0,14,0.50156,1.05328,-0.30855,0.5954449772834778
1773142873.910409,PC1,0,15,0.82749,0.60021,-0.39468,0.9971058964729309
1773142873.910409,PC1,0,16,0.58925,1.24435,-0.53347,0.4996887743473053
1773142873.910409,PC1,0,17,0.81389,0.49174,-0.47028,0.990760087966919
1773142873.910409,PC1,0,18,0.6064,1.33589,-0.58335,0.5592915415763855
1773142873.910409,PC1,0,19,0.79581,0.48199,-0.41114,0.9908844828605652
1773142873.910409,PC1,0,20,0.61884,1.30083,-0.61479,0.6196598410606384
1773142873.910409,PC1,0,21,0.79213,0.52069,-0.3859,0.9901436567306519
1773142873.910409,PC1,0,22,0.6159,1.27833,-0.55784,0.640960156917572
1773142873.910409,PC1,0,23,0.42179,1.62616,0.01525,0.03260493278503418
1773142873.910409,PC1,0,24,0.19414,1.66921,-0.01183,0.017536427825689316
1773142873.910409,PC1,0,25,0.44334,2.26043,-0.02372,0.0012977997539564967
1773142873.910409,PC1,0,26,0.24156,2.30596,-0.12615,0.0006104843923822045
1773142873.910409,PC1,0,27,0.46971,2.84876,0.42678,9.016871626954526e-05
1773142873.910409,PC1,0,28,0.28028,2.87366,0.18381,1.4302181625680532e-05
1773142873.910409,PC1,0,29,0.47026,2.95013,0.44344,0.00011538387479959056
1773142873.910409,PC1,0,30,0.27663,2.97256,0.19445,4.1692706872709095e-05
1773142873.910409,PC1,0,31,0.46412,3.04221,-0.00021,0.0003515833814162761
1773142873.910409,PC1,0,32,0.3352,3.0443,-0.29921,0.0001340743328910321
1773142873.910409,PC1,0,Angle_Elbow_L,100.87,,,
1773142873.910409,PC1,0,Angle_Shoulder_L,103.93,,,
1773142873.910409,PC1,0,Angle_Shoulder_R,144.57,,,
1773142873.910409,PC1,0,Length_UpperArm_L,0.3006,,,
1773142873.910409,PC1,0,Length_LowerArm_L,0.3957,,,
1773142873.910409,PC1,0,Length_UpperArm_R,0.3233,,,
1773142873.910409,PC1,0,Width_Shoulder,0.3416,,,
1773142873.960356,PC1,0,0,0.60703,0.5579,-0.31819,0.9999837279319763
1773142873.960356,PC1,0,1,0.61738,0.51795,-0.27642,0.9999778866767883
1773142873.960356,PC1,0,2,0.62551,0.5183,-0.27619,0.9999808073043823
1773142873.960356,PC1,0,3,0.63324,0.51924,-0.27588,0.9999801516532898
1773142873.960356,PC1,0,4,0.58969,0.51771,-0.30008,0.9999762177467346
1773142873.960356,PC1,0,5,0.57755,0.51833,-0.29972,0.9999781250953674
1773142873.960356,PC1,0,6,0.56512,0.5199,-0.29986,0.9999736547470093
1773142873.960356,PC1,0,7,0.63557,0.53467,-0.04332,0.9999859929084778
1773142873.960356,PC1,0,8,0.54117,0.54436,-0.15158,0.9999840259552002
1773142873.960356,PC1,0,9,0.61924,0.60283,-0.23283,0.9999845623970032
1773142873.960356,PC1,0,10,0.58766,0.6041,-0.26287,0.999984622001648
1773142873.960356,PC1,0,11,0.69849,0.73453,0.11506,0.9999501705169678
1773142873.960356,PC1,0,12,0.48899,0.77028,-0.15994,0.9996012449264526
1773142873.960356,PC1,0,13,0.85905,0.86474,-0.10138,0.9929765462875366
1773142873.960356,PC1,0,14,0.50711,1.06648,-0.31775,0.6019116640090942
1773142873.960356,PC1,0,15,0.83416,0.59119,-0.40407,0.9973179697990417
1773142873.960356,PC1,0,16,0.60237,1.24268,-0.55294,0.5097466111183167
1773142873.960356,PC1,0,17,0.82511,0.48224,-0.48393,0.9914517402648926
1773142873.960356,PC1,0,18,0.6168,1.33145,-0.59515,0.5708228349685669
1773142873.960356,PC1,0,19,0.80699,0.47025,-0.42745,0.9915585517883301
1773142873.960356,PC1,0,20,0.62841,1.29395,-0.62579,0.6308193206787109
1773142873.960356,PC1,0,21,0.80243,0.51036,-0.39724,0.990892231464386
1773142873.960356,PC1,0,22,0.6242,1.27124,-0.56794,0.652567446231842
1773142873.960356,PC1,0,23,0.42179,1.62616,0.01525,0.03417416289448738
1773142873.960356,PC1,0,24,0.19414,1.66921,-0.01183,0.01829739287495613
1773142873.960356,PC1,0,25,0.44334,2.26043,-0.02372,0.001286434824578464
1773142873.960356,PC1,0,26,0.24156,2.30596,-0.12615,0.0006060237647034228
1773142873.960356,PC1,0,27,0.46971,2.84876,0.42678,9.109787788474932e-05
1773142873.960356,PC1,0,28,0.28028,2.87366,0.18381,1.4096252925810404e-05
1773142873.960356,PC1,0,29,0.47026,2.95013,0.44344,0.00012054557009832934
1773142873.960356,PC1,0,30,0.27663,2.97256,0.19445,4.1139908717013896e-05
1773142873.960356,PC1,0,31,0.46412,3.04221,-0.00021,0.0003568938991520554
1773142873.960356,PC1,0,32,0.3352,3.0443,-0.29921,0.00013620151730719954
1773142873.960356,PC1,0,Angle_Elbow_L,102.22,,,
1773142873.960356,PC1,0,Angle_Elbow_R,151.25,,,
1773142873.960356,PC1,0,Angle_Shoulder_L,103.45,,,
1773142873.960356,PC1,0,Angle_Shoulder_R,144.18,,,
1773142873.960356,PC1,0,Length_UpperArm_L,0.2993,,,
1773142873.960356,PC1,0,Length_LowerArm_L,0.4087,,,
1773142873.960356,PC1,0,Length_UpperArm_R,0.3361,,,
1773142873.960356,PC1,0,Length_LowerArm_R,0.3089,,,
1773142873.960356,PC1,0,Width_Shoulder,0.3476,,,
1773142874.109377,PC1,0,0,0.60864,0.55803,-0.30665,0.9999865889549255
1773142874.109377,PC1,0,1,0.61899,0.51781,-0.2642,0.9999815225601196
1773142874.109377,PC1,0,2,0.62713,0.51808,-0.26398,0.9999839663505554
1773142874.109377,PC1,0,3,0.6348,0.51891,-0.26365,0.9999834299087524
1773142874.109377,PC1,0,4,0.59129,0.51775,-0.28877,0.9999802112579346
1773142874.109377,PC1,0,5,0.57916,0.5185,-0.2884,0.9999817609786987
1773142874.109377,PC1,0,6,0.56666,0.52024,-0.28853,0.9999780058860779
1773142874.109377,PC1,0,7,0.63688,0.53429,-0.03317,0.9999881982803345
1773142874.109377,PC1,0,8,0.54211,0.54453,-0.14475,0.9999867677688599
1773142874.109377,PC1,0,9,0.62094,0.60295,-0.22208,0.9999868273735046
1773142874.109377,PC1,0,10,0.589,0.60482,-0.25343,0.9999871253967285
1773142874.109377,PC1,0,11,0.69981,0.73488,0.12243,0.9999523758888245
1773142874.109377,PC1,0,12,0.48974,0.77248,-0.16044,0.9996103048324585
1773142874.109377,PC1,0,13,0.85954,0.85737,-0.08592,0.9929092526435852
1773142874.109377,PC1,0,14,0.51159,1.07074,-0.3265,0.6042681932449341
1773142874.109377,PC1,0,15,0.84357,0.57389,-0.38253,0.9976628422737122
1773142874.109377,PC1,0,16,0.60724,1.22553,-0.55688,0.5280904769897461
1773142874.109377,PC1,0,17,0.84038,0.46254,-0.46496,0.9926177263259888
1773142874.109377,PC1,0,18,0.62509,1.30711,-0.60119,0.5934827923774719
1773142874.109377,PC1,0,19,0.82174,0.44862,-0.413,0.9926968216896057
1773142874.109377,PC1,0,20,0.63602,1.26708,-0.63125,0.6532636880874634
1773142874.109377,PC1,0,21,0.81606,0.48877,-0.37801,0.992134153842926
1773142874.109377,PC1,0,22,0.63095,1.24428,-0.57263,0.6744799017906189
1773142874.109377,PC1,0,23,0.42179,1.62616,0.01525,0.03408030793070793
1773142874.109377,PC1,0,24,0.19414,1.66921,-0.01183,0.017812469974160194
1773142874.109377,PC1,0,25,0.44334,2.26043,-0.02372,0.0012854693923145533
1773142874.109377,PC1,0,26,0.24156,2.30596,-0.12615,0.000595925550442189
1773142874.109377,PC1,0,27,0.46971,2.84876,0.42678,9.087686339626089e-05
1773142874.109377,PC1,0,28,0.28028,2.87366,0.18381,1.3236155609774869e-05
1773142874.109377,PC1,0,29,0.47026,2.95013,0.44344,0.00012096028513042256
1773142874.109377,PC1,0,30,0.27663,2.97256,0.19445,3.827168620773591e-05
1773142874.109377,PC1,0,31,0.46412,3.04221,-0.00021,0.00036937303957529366
1773142874.109377,PC1,0,32,0.3352,3.0443,-0.29921,0.0001378690212732181
1773142874.109377,PC1,0,Angle_Elbow_L,101.9,,,
1773142874.109377,PC1,0,Angle_Elbow_R,149.49,,,
1773142874.109377,PC1,0,Angle_Shoulder_L,102.61,,,
1773142874.109377,PC1,0,Angle_Shoulder_R,143.11,,,
1773142874.109377,PC1,0,Length_UpperArm_L,0.2897,,,
1773142874.109377,PC1,0,Length_LowerArm_L,0.4106,,,
1773142874.109377,PC1,0,Length_UpperArm_R,0.3421,,,
1773142874.109377,PC1,0,Length_LowerArm_R,0.2936,,,
1773142874.109377,PC1,0,Width_Shoulder,0.3543,,,
1773142874.1593611,PC1,0,0,0.60934,0.55808,-0.30453,0.9999876618385315
1773142874.1593611,PC1,0,1,0.61965,0.51775,-0.26224,0.9999826550483704
1773142874.1593611,PC1,0,2,0.62781,0.51798,-0.26203,0.9999849200248718
1773142874.1593611,PC1,0,3,0.63541,0.51877,-0.2617,0.9999843835830688
1773142874.1593611,PC1,0,4,0.59193,0.51779,-0.28659,0.9999814629554749
1773142874.1593611,PC1,0,5,0.57981,0.5186,-0.28622,0.9999829530715942
1773142874.1593611,PC1,0,6,0.56729,0.52044,-0.28636,0.9999793171882629
1773142874.1593611,PC1,0,7,0.63739,0.53416,-0.03265,0.9999886751174927
1773142874.1593611,PC1,0,8,0.54266,0.54462,-0.14328,0.9999876618385315
1773142874.1593611,PC1,0,9,0.62165,0.603,-0.22062,0.9999873042106628
1773142874.1593611,PC1,0,10,0.5896,0.60516,-0.25182,0.9999878406524658
1773142874.1593611,PC1,0,11,0.70018,0.73554,0.11796,0.9999516606330872
1773142874.1593611,PC1,0,12,0.48987,0.77369,-0.15649,0.9995895028114319
1773142874.1593611,PC1,0,13,0.85999,0.8534,-0.09006,0.9932084679603577
1773142874.1593611,PC1,0,14,0.51219,1.07657,-0.31618,0.5895742774009705
1773142874.1593611,PC1,0,15,0.84576,0.56395,-0.37827,0.997787356376648
1773142874.1593611,PC1,0,16,0.59431,1.24094,-0.55816,0.5139433741569519
1773142874.1593611,PC1,0,17,0.84453,0.45254,-0.45628,0.9930059313774109
1773142874.1593611,PC1,0,18,0.60808,1.32514,-0.60279,0.5846449136734009
1773142874.1593611,PC1,0,19,0.82579,0.43895,-0.40453,0.9930725693702698
1773142874.1593611,PC1,0,20,0.62008,1.28833,-0.63392,0.6465070843696594
1773142874.1593611,PC1,0,21,0.81965,0.47884,-0.37321,0.9925445318222046
1773142874.1593611,PC1,0,22,0.61704,1.26317,-0.57466,0.6702170968055725
1773142874.1593611,PC1,0,23,0.42179,1.62616,0.01525,0.034194957464933395
1773142874.1593611,PC1,0,24,0.19414,1.66921,-0.01183,0.017631657421588898
1773142874.1593611,PC1,0,25,0.44334,2.26043,-0.02372,0.001304719247855246
1773142874.1593611,PC1,0,26,0.24156,2.30596,-0.12615,0.0005913932691328228
1773142874.1593611,PC1,0,27,0.46971,2.84876,0.42678,9.081888856599107e-05
1773142874.1593611,PC1,0,28,0.28028,2.87366,0.18381,1.304678607993992e-05
1773142874.1593611,PC1,0,29,0.47026,2.95013,0.44344,0.00012103130575269461
1773142874.1593611,PC1,0,30,0.27663,2.97256,0.19445,3.8915055483812466e-05
1773142874.1593611,PC1,0,31,0.46412,3.04221,-0.00021,0.0003663977258838713
1773142874.1593611,PC1,0,32,0.3352,3.0443,-0.29921,0.00013708785991184413
1773142874.1593611,PC1,0,Angle_Elbow_L,101.57,,,
1773142874.1593611,PC1,0,Angle_Elbow_R,149.97,,,
1773142874.1593611,PC1,0,Angle_Shoulder_L,101.76,,,
1773142874.1593611,PC1,0,Angle_Shoulder_R,144.08,,,
1773142874.1593611,PC1,0,Length_UpperArm_L,0.2876,,,
1773142874.1593611,PC1,0,Length_LowerArm_L,0.4087,,,
1773142874.1593611,PC1,0,Length_UpperArm_R,0.3431,,,
1773142874.1593611,PC1,0,Length_LowerArm_R,0.3038,,,
1773142874.1593611,PC1,0,Width_Shoulder,0.3479,,,
1773142874.2589078,PC1,0,0,0.6106,0.55789,-0.30172,0.99998939037323
1773142874.2589078,PC1,0,1,0.62079,0.51765,-0.26072,0.999984622001648
1773142874.2589078,PC1,0,2,0.62881,0.51782,-0.2605,0.9999867081642151
1773142874.2589078,PC1,0,3,0.63629,0.51852,-0.26017,0.9999861121177673
1773142874.2589078,PC1,0,4,0.59316,0.51779,-0.28459,0.9999837279319763
1773142874.2589078,PC1,0,5,0.58095,0.51861,-0.28422,0.9999850988388062
1773142874.2589078,PC1,0,6,0.56833,0.52042,-0.28435,0.9999818205833435
1773142874.2589078,PC1,0,7,0.63813,0.5338,-0.03283,0.9999896883964539
1773142874.2589078,PC1,0,8,0.5435,0.54451,-0.14159,0.9999895095825195
1773142874.2589078,PC1,0,9,0.62263,0.60299,-0.21796,0.9999881982803345
1773142874.2589078,PC1,0,10,0.59047,0.60543,-0.24867,0.9999892115592957
1773142874.2589078,PC1,0,11,0.70086,0.73585,0.11258,0.9999503493309021
1773142874.2589078,PC1,0,12,0.48985,0.77402,-0.15073,0.9996115565299988
1773142874.2589078,PC1,0,13,0.86011,0.8473,-0.09627,0.9926396012306213
1773142874.2589078,PC1,0,14,0.5103,1.07383,-0.32283,0.6053537726402283
1773142874.2589078,PC1,0,15,0.83617,0.55244,-0.38736,0.997961163520813
1773142874.2589078,PC1,0,16,0.59443,1.22871,-0.5735,0.5257734656333923
1773142874.2589078,PC1,0,17,0.83227,0.44033,-0.4656,0.9935814142227173
1773142874.2589078,PC1,0,18,0.61078,1.30768,-0.62012,0.592793345451355
1773142874.2589078,PC1,0,19,0.81543,0.42764,-0.41152,0.9935910701751709
1773142874.2589078,PC1,0,20,0.62278,1.26894,-0.64631,0.6535839438438416
1773142874.2589078,PC1,0,21,0.81079,0.46746,-0.38119,0.9931331276893616
1773142874.2589078,PC1,0,22,0.61903,1.2447,-0.58839,0.6764155626296997
1773142874.2589078,PC1,0,23,0.42179,1.62616,0.01525,0.0378076508641243
1773142874.2589078,PC1,0,24,0.19414,1.66921,-0.01183,0.01957833208143711
1773142874.2589078,PC1,0,25,0.44334,2.26043,-0.02372,0.0013880542246624827
1773142874.2589078,PC1,0,26,0.24156,2.30596,-0.12615,0.0006497629801742733
1773142874.2589078,PC1,0,27,0.46971,2.84876,0.42678,0.00010325612674932927
1773142874.2589078,PC1,0,28,0.28028,2.87366,0.18381,1.4045535863260739e-05
1773142874.2589078,PC1,0,29,0.47026,2.95013,0.44344,0.00013473945728037506
1773142874.2589078,PC1,0,30,0.27663,2.97256,0.19445,4.1311432141810656e-05
1773142874.2589078,PC1,0,31,0.46412,3.04221,-0.00021,0.0004041399515699595
1773142874.2589078,PC1,0,32,0.3352,3.0443,-0.29921,0.00014580445713363588
1773142874.2589078,PC1,0,Angle_Elbow_L,101.75,,,
1773142874.2589078,PC1,0,Angle_Elbow_R,149.35,,,
1773142874.2589078,PC1,0,Angle_Shoulder_L,100.63,,,
1773142874.2589078,PC1,0,Angle_Shoulder_R,142.64,,,
1773142874.2589078,PC1,0,Length_UpperArm_L,0.2853,,,
1773142874.2589078,PC1,0,Length_LowerArm_L,0.415,,,
1773142874.2589078,PC1,0,Length_UpperArm_R,0.3463,,,
1773142874.2589078,PC1,0,Length_LowerArm_R,0.3064,,,
1773142874.2589078,PC1,0,Width_Shoulder,0.3396,,,
1773142874.371603,PC1,0,0,0.61154,0.55845,-0.29885,0.9999905228614807
1773142874.371603,PC1,0,1,0.6218,0.51829,-0.25902,0.9999856948852539
1773142874.371603,PC1,0,2,0.62984,0.51867,-0.25879,0.9999876618385315
1773142874.371603,PC1,0,3,0.63727,0.51949,-0.25848,0.9999869465827942
1773142874.371603,PC1,0,4,0.59431,0.51807,-0.28258,0.9999850392341614
1773142874.371603,PC1,0,5,0.58216,0.51885,-0.28221,0.9999864101409912
1773142874.371603,PC1,0,6,0.56953,0.52064,-0.28232,0.9999833106994629
1773142874.371603,PC1,0,7,0.63847,0.53465,-0.03306,0.9999900460243225
1773142874.371603,PC1,0,8,0.5441,0.54436,-0.14216,0.999990701675415
1773142874.371603,PC1,0,9,0.62311,0.60398,-0.21566,0.9999884963035583
1773142874.371603,PC1,0,10,0.59131,0.60586,-0.24594,0.9999900460243225
1773142874.371603,PC1,0,11,0.70044,0.73645,0.10809,0.9999513626098633
1773142874.371603,PC1,0,12,0.48938,0.77413,-0.14344,0.9996171593666077
1773142874.371603,PC1,0,13,0.86002,0.84174,-0.09859,0.9929962158203125
1773142874.371603,PC1,0,14,0.50496,1.05468,-0.3207,0.6186599731445312
1773142874.371603,PC1,0,15,0.81997,0.55629,-0.37586,0.9980904459953308
1773142874.371603,PC1,0,16,0.59185,1.211,-0.57327,0.5281476378440857
1773142874.371603,PC1,0,17,0.80741,0.44827,-0.45185,0.993825376033783
1773142874.371603,PC1,0,18,0.60889,1.2823,-0.6208,0.5886179804801941
1773142874.371603,PC1,0,19,0.79111,0.43627,-0.39025,0.9937651753425598
1773142874.371603,PC1,0,20,0.62011,1.24386,-0.64446,0.6485480070114136
1773142874.371603,PC1,0,21,0.78745,0.47327,-0.36576,0.9933176040649414
1773142874.371603,PC1,0,22,0.61647,1.22177,-0.58747,0.6691983342170715
1773142874.371603,PC1,0,23,0.42179,1.62616,0.01525,0.041014548391103745
1773142874.371603,PC1,0,24,0.19414,1.66921,-0.01183,0.02074268087744713
1773142874.371603,PC1,0,25,0.44334,2.26043,-0.02372,0.0015619948972016573
1773142874.371603,PC1,0,26,0.24156,2.30596,-0.12615,0.0007162007968872786
1773142874.371603,PC1,0,27,0.46971,2.84876,0.42678,0.00011960467236349359
1773142874.371603,PC1,0,28,0.28028,2.87366,0.18381,1.5389819964184426e-05
1773142874.371603,PC1,0,29,0.47026,2.95013,0.44344,0.0001478014310123399
1773142874.371603,PC1,0,30,0.27663,2.97256,0.19445,4.466863538254984e-05
1773142874.371603,PC1,0,31,0.46412,3.04221,-0.00021,0.0004521423834376037
1773142874.371603,PC1,0,32,0.3352,3.0443,-0.29921,0.00015399903350044042
1773142874.371603,PC1,0,Angle_Elbow_L,100.68,,,
1773142874.371603,PC1,0,Angle_Elbow_R,151.06,,,
1773142874.371603,PC1,0,Angle_Shoulder_L,99.63,,,
1773142874.371603,PC1,0,Angle_Shoulder_R,141.11,,,
1773142874.371603,PC1,0,Length_UpperArm_L,0.2815,,,
1773142874.371603,PC1,0,Length_LowerArm_L,0.4,,,
1773142874.371603,PC1,0,Length_UpperArm_R,0.3322,,,
1773142874.371603,PC1,0,Length_LowerArm_R,0.3095,,,
1773142874.371603,PC1,0,Width_Shoulder,0.3305,,,
1773142874.4220018,PC1,0,0,0.61203,0.55998,-0.29662,0.999991238117218
1773142874.4220018,PC1,0,1,0.62236,0.51964,-0.25683,0.9999866485595703
1773142874.4220018,PC1,0,2,0.63044,0.52014,-0.25661,0.9999884963035583
1773142874.4220018,PC1,0,3,0.63787,0.52099,-0.25631,0.999987781047821
1773142874.4220018,PC1,0,4,0.59493,0.51921,-0.2811,0.9999860525131226
1773142874.4220018,PC1,0,5,0.58285,0.51982,-0.28073,0.9999873638153076
1773142874.4220018,PC1,0,6,0.5702,0.52153,-0.28084,0.9999844431877136
1773142874.4220018,PC1,0,7,0.6385,0.53592,-0.03018,0.9999906420707703
1773142874.4220018,PC1,0,8,0.54436,0.54457,-0.14156,0.9999914765357971
1773142874.4220018,PC1,0,9,0.62319,0.60576,-0.21288,0.9999892115592957
1773142874.4220018,PC1,0,10,0.59177,0.6069,-0.24415,0.9999907612800598
1773142874.4220018,PC1,0,11,0.70019,0.73709,0.11489,0.9999538660049438
1773142874.4220018,PC1,0,12,0.48879,0.77459,-0.14028,0.9996362924575806
1773142874.4220018,PC1,0,13,0.86,0.83887,-0.08812,0.9934544563293457
1773142874.4220018,PC1,0,14,0.50034,1.04538,-0.31362,0.6338558197021484
1773142874.4220018,PC1,0,15,0.81034,0.56152,-0.36312,0.998190701007843
1773142874.4220018,PC1,0,16,0.59015,1.20668,-0.56352,0.5342640280723572
1773142874.4220018,PC1,0,17,0.79351,0.45661,-0.43965,0.9941198825836182
1773142874.4220018,PC1,0,18,0.60821,1.277,-0.61061,0.5943744778633118
1773142874.4220018,PC1,0,19,0.77697,0.44471,-0.37618,0.9940332770347595
1773142874.4220018,PC1,0,20,0.61863,1.23676,-0.63476,0.6534623503684998
1773142874.4220018,PC1,0,21,0.77432,0.48193,-0.35204,0.9936128258705139
1773142874.4220018,PC1,0,22,0.61484,1.21428,-0.57786,0.6749438643455505
1773142874.4220018,PC1,0,23,0.42179,1.62616,0.01525,0.047356389462947845
1773142874.4220018,PC1,0,24,0.19414,1.66921,-0.01183,0.023690225556492805
1773142874.4220018,PC1,0,25,0.44334,2.26043,-0.02372,0.0018917847191914916
1773142874.4220018,PC1,0,26,0.24156,2.30596,-0.12615,0.0009033030946739018
1773142874.4220018,PC1,0,27,0.46971,2.84876,0.42678,0.000141030628583394
1773142874.4220018,PC1,0,28,0.28028,2.87366,0.18381,1.9176892237737775e-05
1773142874.4220018,PC1,0,29,0.47026,2.95013,0.44344,0.00017064742860384285
1773142874.4220018,PC1,0,30,0.27663,2.97256,0.19445,5.3693725931225345e-05
1773142874.4220018,PC1,0,31,0.46412,3.04221,-0.00021,0.0005403286195360124
1773142874.4220018,PC1,0,32,0.3352,3.0443,-0.29921,0.00018563731282483786
1773142874.4220018,PC1,0,Angle_Elbow_L,100.36,,,
1773142874.4220018,PC1,0,Angle_Elbow_R,151.73,,,
1773142874.4220018,PC1,0,Angle_Shoulder_L,99.3,,,
1773142874.4220018,PC1,0,Angle_Shoulder_R,141.44,,,
1773142874.4220018,PC1,0,Length_UpperArm_L,0.2777,,,
1773142874.4220018,PC1,0,Length_LowerArm_L,0.3937,,,
1773142874.4220018,PC1,0,Length_UpperArm_R,0.3217,,,
1773142874.4220018,PC1,0,Length_LowerArm_R,0.3107,,,
1773142874.4220018,PC1,0,Width_Shoulder,0.3335,,,
1773142874.5201862,PC1,0,0,0.61205,0.56078,-0.29895,0.9999925494194031
1773142874.5201862,PC1,0,1,0.62269,0.52055,-0.25728,0.9999884963035583
1773142874.5201862,PC1,0,2,0.63086,0.521,-0.25707,0.9999900460243225
1773142874.5201862,PC1,0,3,0.63828,0.52179,-0.25676,0.99998939037323
1773142874.5201862,PC1,0,4,0.59516,0.51998,-0.28306,0.9999879598617554
1773142874.5201862,PC1,0,5,0.58305,0.52034,-0.28269,0.9999890327453613
1773142874.5201862,PC1,0,6,0.5703,0.52176,-0.2828,0.999986469745636
1773142874.5201862,PC1,0,7,0.6386,0.53665,-0.03025,0.9999916553497314
1773142874.5201862,PC1,0,8,0.54432,0.54427,-0.14256,0.9999926686286926
1773142874.5201862,PC1,0,9,0.62293,0.60618,-0.21431,0.9999902844429016
1773142874.5201862,PC1,0,10,0.59152,0.60725,-0.24766,0.9999918937683105
1773142874.5201862,PC1,0,11,0.69982,0.73826,0.11223,0.99995356798172
1773142874.5201862,PC1,0,12,0.48662,0.77532,-0.138,0.9996188879013062
1773142874.5201862,PC1,0,13,0.85838,0.84546,-0.10599,0.9935892224311829
1773142874.5201862,PC1,0,14,0.49567,1.04269,-0.30025,0.6161851286888123
1773142874.5201862,PC1,0,15,0.81178,0.56304,-0.41084,0.9983637928962708
1773142874.5201862,PC1,0,16,0.58044,1.21856,-0.55984,0.5327885150909424
1773142874.5201862,PC1,0,17,0.80008,0.45702,-0.49261,0.9947507381439209
1773142874.5201862,PC1,0,18,0.59637,1.29067,-0.60929,0.6028474569320679
1773142874.5201862,PC1,0,19,0.78435,0.44452,-0.42854,0.9946801066398621
1773142874.5201862,PC1,0,20,0.60767,1.25014,-0.63574,0.6649472713470459
1773142874.5201862,PC1,0,21,0.78061,0.48393,-0.40087,0.9943062663078308
1773142874.5201862,PC1,0,22,0.60454,1.22646,-0.57609,0.6866583824157715
1773142874.5201862,PC1,0,23,0.42179,1.62616,0.01525,0.04323962330818176
1773142874.5201862,PC1,0,24,0.19414,1.66921,-0.01183,0.02150118537247181
1773142874.5201862,PC1,0,25,0.44334,2.26043,-0.02372,0.0017381567740812898
1773142874.5201862,PC1,0,26,0.24156,2.30596,-0.12615,0.000808766926638782
1773142874.5201862,PC1,0,27,0.46971,2.84876,0.42678,0.00012455372780095786
1773142874.5201862,PC1,0,28,0.28028,2.87366,0.18381,1.683129448792897e-05
1773142874.5201862,PC1,0,29,0.47026,2.95013,0.44344,0.0001520961377536878
1773142874.5201862,PC1,0,30,0.27663,2.97256,0.19445,4.797453584615141e-05
1773142874.5201862,PC1,0,31,0.46412,3.04221,-0.00021,0.00048720810445956886
1773142874.5201862,PC1,0,32,0.3352,3.0443,-0.29921,0.00016967173723969609
1773142874.5201862,PC1,0,Angle_Elbow_L,103.75,,,
1773142874.5201862,PC1,0,Angle_Elbow_R,152.21,,,
1773142874.5201862,PC1,0,Angle_Shoulder_L,99.99,,,
1773142874.5201862,PC1,0,Angle_Shoulder_R,142.83,,,
1773142874.5201862,PC1,0,Length_UpperArm_L,0.2903,,,
1773142874.5201862,PC1,0,Length_LowerArm_L,0.4182,,,
1773142874.5201862,PC1,0,Length_UpperArm_R,0.3129,,,
1773142874.5201862,PC1,0,Length_LowerArm_R,0.3248,,,
1773142874.5201862,PC1,0,Width_Shoulder,0.3308,,,
1773142874.6194859,PC1,0,0,0.6119,0.56138,-0.29816,0.9999932050704956
1773142874.6194859,PC1,0,1,0.62275,0.52105,-0.25688,0.99998939037323
1773142874.6194859,PC1,0,2,0.63098,0.52149,-0.25666,0.9999908208847046
1773142874.6194859,PC1,0,3,0.63841,0.5223,-0.25635,0.9999902248382568
1773142874.6194859,PC1,0,4,0.59512,0.52043,-0.28239,0.9999889135360718
1773142874.6194859,PC1,0,5,0.58299,0.52072,-0.28201,0.999989926815033
1773142874.6194859,PC1,0,6,0.57019,0.52211,-0.28213,0.9999875426292419
1773142874.6194859,PC1,0,7,0.63865,0.53705,-0.03161,0.9999922513961792
1773142874.6194859,PC1,0,8,0.5442,0.54439,-0.14184,0.9999932646751404
1773142874.6194859,PC1,0,9,0.62267,0.60656,-0.21435,0.9999909400939941
1773142874.6194859,PC1,0,10,0.59106,0.6078,-0.24741,0.9999925494194031
1773142874.6194859,PC1,0,11,0.69955,0.7386,0.10889,0.999955415725708
1773142874.6194859,PC1,0,12,0.48569,0.77554,-0.13486,0.9996315836906433
1773142874.6194859,PC1,0,13,0.85658,0.84999,-0.10746,0.9935915470123291
1773142874.6194859,PC1,0,14,0.49375,1.04335,-0.29078,0.6052852272987366
1773142874.6194859,PC1,0,15,0.8168,0.56601,-0.4139,0.9984228014945984
1773142874.6194859,PC1,0,16,0.57403,1.23058,-0.5524,0.5316168069839478
1773142874.6194859,PC1,0,17,0.80816,0.45685,-0.49761,0.9949603080749512
1773142874.6194859,PC1,0,18,0.58738,1.30555,-0.60139,0.606067955493927
1773142874.6194859,PC1,0,19,0.79181,0.44441,-0.43506,0.9948896169662476
1773142874.6194859,PC1,0,20,0.59969,1.26657,-0.63148,0.668738067150116
1773142874.6194859,PC1,0,21,0.78745,0.48456,-0.405,0.994523286819458
1773142874.6194859,PC1,0,22,0.59775,1.24141,-0.57053,0.6904347538948059
1773142874.6194859,PC1,0,23,0.42179,1.62616,0.01525,0.0436551608145237
1773142874.6194859,PC1,0,24,0.19414,1.66921,-0.01183,0.021570483222603798
1773142874.6194859,PC1,0,25,0.44334,2.26043,-0.02372,0.0018622606294229627
1773142874.6194859,PC1,0,26,0.24156,2.30596,-0.12615,0.0008594198734499514
1773142874.6194859,PC1,0,27,0.46971,2.84876,0.42678,0.00012804419384337962
1773142874.6194859,PC1,0,28,0.28028,2.87366,0.18381,1.6721454812795855e-05
1773142874.6194859,PC1,0,29,0.47026,2.95013,0.44344,0.00015312418690882623
1773142874.6194859,PC1,0,30,0.27663,2.97256,0.19445,4.666404129238799e-05
1773142874.6194859,PC1,0,31,0.46412,3.04221,-0.00021,0.0005170354270376265
1773142874.6194859,PC1,0,32,0.3352,3.0443,-0.29921,0.0001706470357021317
1773142874.6194859,PC1,0,Angle_Elbow_L,103.52,,,
1773142874.6194859,PC1,0,Angle_Elbow_R,152.99,,,
1773142874.6194859,PC1,0,Angle_Shoulder_L,100.93,,,
1773142874.6194859,PC1,0,Angle_Shoulder_R,143.8,,,
1773142874.6194859,PC1,0,Length_UpperArm_L,0.2896,,,
1773142874.6194859,PC1,0,Length_LowerArm_L,0.4197,,,
1773142874.6194859,PC1,0,Length_UpperArm_R,0.31,,,
1773142874.6194859,PC1,0,Length_LowerArm_R,0.3316,,,
1773142874.6194859,PC1,0,Width_Shoulder,0.3264,,,
1773142874.719199,PC1,0,0,0.61141,0.56223,-0.29681,0.9999942183494568
1773142874.719199,PC1,0,1,0.62252,0.52183,-0.25515,0.9999908804893494
1773142874.719199,PC1,0,2,0.6308,0.52224,-0.25493,0.9999921321868896
1773142874.719199,PC1,0,3,0.63825,0.52304,-0.2546,0.9999915957450867
1773142874.719199,PC1,0,4,0.59481,0.52101,-0.28014,0.9999904632568359
1773142874.719199,PC1,0,5,0.58277,0.52116,-0.27974,0.9999912977218628
1773142874.719199,PC1,0,6,0.56996,0.52232,-0.27986,0.9999891519546509
1773142874.719199,PC1,0,7,0.63878,0.53792,-0.03175,0.9999932646751404
1773142874.719199,PC1,0,8,0.54406,0.54443,-0.13918,0.9999942183494568
1773142874.719199,PC1,0,9,0.62207,0.60732,-0.214,0.9999920129776001
1773142874.719199,PC1,0,10,0.59034,0.60852,-0.24639,0.9999935030937195
1773142874.719199,PC1,0,11,0.69916,0.73933,0.10702,0.9999576807022095
1773142874.719199,PC1,0,12,0.48413,0.77597,-0.13266,0.9996353983879089
1773142874.719199,PC1,0,13,0.8541,0.85898,-0.11192,0.9938883781433105
1773142874.719199,PC1,0,14,0.48707,1.04317,-0.28844,0.6112351417541504
1773142874.719199,PC1,0,15,0.82757,0.57203,-0.42962,0.9985857605934143
1773142874.719199,PC1,0,16,0.56522,1.22836,-0.55422,0.5453470945358276
1773142874.719199,PC1,0,17,0.82355,0.45811,-0.51372,0.9955195784568787
1773142874.719199,PC1,0,18,0.57857,1.30037,-0.60306,0.6240993738174438
1773142874.719199,PC1,0,19,0.80613,0.44432,-0.45541,0.9954557418823242
1773142874.719199,PC1,0,20,0.59055,1.2603,-0.63301,0.6864708662033081
1773142874.719199,PC1,0,21,0.80044,0.48567,-0.42234,0.9951447248458862
1773142874.719199,PC1,0,22,0.58837,1.23574,-0.5727,0.70871901512146
1773142874.719199,PC1,0,23,0.42179,1.62616,0.01525,0.04226391389966011
1773142874.719199,PC1,0,24,0.19414,1.66921,-0.01183,0.020984617993235588
1773142874.719199,PC1,0,25,0.44334,2.26043,-0.02372,0.0017135041998699307
1773142874.719199,PC1,0,26,0.24156,2.30596,-0.12615,0.0007818962913006544
1773142874.719199,PC1,0,27,0.46971,2.84876,0.42678,0.00011420194641686976
1773142874.719199,PC1,0,28,0.28028,2.87366,0.18381,1.4880665730743203e-05
1773142874.719199,PC1,0,29,0.47026,2.95013,0.44344,0.00013938895426690578
1773142874.719199,PC1,0,30,0.27663,2.97256,0.19445,4.186705336906016e-05
1773142874.719199,PC1,0,31,0.46412,3.04221,-0.00021,0.0004703678423538804
1773142874.719199,PC1,0,32,0.3352,3.0443,-0.29921,0.0001569140877109021
1773142874.719199,PC1,0,Angle_Elbow_L,104.3,,,
1773142874.719199,PC1,0,Angle_Elbow_R,152.13,,,
1773142874.719199,PC1,0,Angle_Shoulder_L,102.49,,,
1773142874.719199,PC1,0,Angle_Shoulder_R,144.32,,,
1773142874.719199,PC1,0,Length_UpperArm_L,0.2937,,,
1773142874.719199,PC1,0,Length_LowerArm_L,0.4289,,,
1773142874.719199,PC1,0,Length_UpperArm_R,0.3093,,,
1773142874.719199,PC1,0,Length_LowerArm_R,0.3332,,,
1773142874.719199,PC1,0,Width_Shoulder,0.3241,,,
1773142874.7697432,PC1,0,0,0.61154,0.56303,-0.29781,0.9999951124191284
1773142874.7697432,PC1,0,1,0.62279,0.52222,-0.25622,0.9999921917915344
1773142874.7697432,PC1,0,2,0.63119,0.52259,-0.256,0.9999932050704956
1773142874.7697432,PC1,0,3,0.63867,0.52339,-0.25566,0.9999927878379822
1773142874.7697432,PC1,0,4,0.59496,0.52166,-0.28062,0.9999918341636658
1773142874.7697432,PC1,0,5,0.58295,0.52197,-0.28021,0.9999925494194031
1773142874.7697432,PC1,0,6,0.57015,0.5232,-0.28032,0.9999906420707703
1773142874.7697432,PC1,0,7,0.63953,0.53839,-0.03175,0.999994158744812
1773142874.7697432,PC1,0,8,0.54424,0.54491,-0.1368,0.9999951124191284
1773142874.7697432,PC1,0,9,0.62218,0.60788,-0.21433,0.9999929666519165
1773142874.7697432,PC1,0,10,0.59027,0.60942,-0.24573,0.9999943971633911
1773142874.7697432,PC1,0,11,0.69938,0.7391,0.11282,0.9999600052833557
1773142874.7697432,PC1,0,12,0.48456,0.77607,-0.13466,0.9996577501296997
1773142874.7697432,PC1,0,13,0.85262,0.86564,-0.10077,0.9940707683563232
1773142874.7697432,PC1,0,14,0.48594,1.04258,-0.28999,0.6010849475860596
1773142874.7697432,PC1,0,15,0.83612,0.57594,-0.41196,0.9986767172813416
1773142874.7697432,PC1,0,16,0.56972,1.23089,-0.54824,0.5531365871429443
1773142874.7697432,PC1,0,17,0.83567,0.4591,-0.49557,0.9959079623222351
1773142874.7697432,PC1,0,18,0.58483,1.30384,-0.59632,0.6383712291717529
1773142874.7697432,PC1,0,19,0.818,0.44547,-0.43956,0.9958542585372925
1773142874.7697432,PC1,0,20,0.5973,1.26411,-0.62724,0.7002999782562256
1773142874.7697432,PC1,0,21,0.81119,0.48702,-0.40596,0.9955750107765198
1773142874.7697432,PC1,0,22,0.59421,1.23899,-0.56704,0.722672164440155
1773142874.7697432,PC1,0,23,0.42179,1.62616,0.01525,0.03994307667016983
1773142874.7697432,PC1,0,24,0.19414,1.66921,-0.01183,0.019767088815569878
1773142874.7697432,PC1,0,25,0.44334,2.26043,-0.02372,0.0016785669140517712
1773142874.7697432,PC1,0,26,0.24156,2.30596,-0.12615,0.0007577431388199329
1773142874.7697432,PC1,0,27,0.46971,2.84876,0.42678,0.00010937559272861108
1773142874.7697432,PC1,0,28,0.28028,2.87366,0.18381,1.4104155525274109e-05
1773142874.7697432,PC1,0,29,0.47026,2.95013,0.44344,0.0001342899486189708
1773142874.7697432,PC1,0,30,0.27663,2.97256,0.19445,3.880853546434082e-05
1773142874.7697432,PC1,0,31,0.46412,3.04221,-0.00021,0.00047747933422215283
1773142874.7697432,PC1,0,32,0.3352,3.0443,-0.29921,0.0001578407536726445
1773142874.7697432,PC1,0,Angle_Elbow_L,102.7,,,
1773142874.7697432,PC1,0,Angle_Elbow_R,152.51,,,
1773142874.7697432,PC1,0,Angle_Shoulder_L,104.1,,,
1773142874.7697432,PC1,0,Angle_Shoulder_R,144.57,,,
1773142874.7697432,PC1,0,Length_UpperArm_L,0.2917,,,
1773142874.7697432,PC1,0,Length_LowerArm_L,0.4255,,,
1773142874.7697432,PC1,0,Length_UpperArm_R,0.3085,,,
1773142874.7697432,PC1,0,Length_LowerArm_R,0.3304,,,
1773142874.7697432,PC1,0,Width_Shoulder,0.3298,,,
1773142874.8213499,PC1,0,0,0.61187,0.56293,-0.30031,0.9999955296516418
1773142874.8213499,PC1,0,1,0.62305,0.52229,-0.25875,0.9999927282333374
1773142874.8213499,PC1,0,2,0.63149,0.52266,-0.25852,0.9999936819076538
1773142874.8213499,PC1,0,3,0.63897,0.52347,-0.25818,0.9999932646751404
1773142874.8213499,PC1,0,4,0.59522,0.52168,-0.28344,0.9999923706054688
1773142874.8213499,PC1,0,5,0.58319,0.52187,-0.28302,0.999993085861206
1773142874.8213499,PC1,0,6,0.57039,0.52296,-0.28313,0.999991238117218
1773142874.8213499,PC1,0,7,0.63992,0.53853,-0.0333,0.9999944567680359
1773142874.8213499,PC1,0,8,0.54444,0.545,-0.1411,0.9999954700469971
1773142874.8213499,PC1,0,9,0.62254,0.60784,-0.21647,0.9999933242797852
1773142874.8213499,PC1,0,10,0.59045,0.6094,-0.24839,0.9999947547912598
1773142874.8213499,PC1,0,11,0.69947,0.73944,0.11277,0.9999617338180542
1773142874.8213499,PC1,0,12,0.48477,0.77619,-0.13774,0.9996665716171265
1773142874.8213499,PC1,0,13,0.85202,0.86795,-0.09393,0.9940510988235474
1773142874.8213499,PC1,0,14,0.48713,1.05704,-0.29301,0.5873009562492371
1773142874.8213499,PC1,0,15,0.83902,0.57784,-0.39638,0.998712420463562
1773142874.8213499,PC1,0,16,0.56608,1.24467,-0.55258,0.5439663529396057
1773142874.8213499,PC1,0,17,0.83954,0.4623,-0.47767,0.9960439205169678
1773142874.8213499,PC1,0,18,0.57884,1.32088,-0.6004,0.6346712708473206
1773142874.8213499,PC1,0,19,0.82215,0.44799,-0.42272,0.9960030317306519
1773142874.8213499,PC1,0,20,0.59226,1.28371,-0.63206,0.6979764103889465
1773142874.8213499,PC1,0,21,0.81521,0.48921,-0.39055,0.9957228899002075
1773142874.8213499,PC1,0,22,0.59025,1.25737,-0.57147,0.7209727764129639
1773142874.8213499,PC1,0,23,0.42179,1.62616,0.01525,0.03843507543206215
1773142874.8213499,PC1,0,24,0.19414,1.66921,-0.01183,0.019001072272658348
1773142874.8213499,PC1,0,25,0.44334,2.26043,-0.02372,0.0016128254355862737
1773142874.8213499,PC1,0,26,0.24156,2.30596,-0.12615,0.0007261022692546248
1773142874.8213499,PC1,0,27,0.46971,2.84876,0.42678,0.000104458951682318
1773142874.8213499,PC1,0,28,0.28028,2.87366,0.18381,1.3423554264591075e-05
1773142874.8213499,PC1,0,29,0.47026,2.95013,0.44344,0.00012809578038286418
1773142874.8213499,PC1,0,30,0.27663,2.97256,0.19445,3.6737725167768076e-05
1773142874.8213499,PC1,0,31,0.46412,3.04221,-0.00021,0.0004697604454122484
1773142874.8213499,PC1,0,32,0.3352,3.0443,-0.29921,0.00015167196397669613
1773142874.8213499,PC1,0,Angle_Elbow_L,101.13,,,
1773142874.8213499,PC1,0,Angle_Elbow_R,151.67,,,
1773142874.8213499,PC1,0,Angle_Shoulder_L,104.69,,,
1773142874.8213499,PC1,0,Angle_Shoulder_R,145.49,,,
1773142874.8213499,PC1,0,Length_UpperArm_L,0.2872,,,
1773142874.8213499,PC1,0,Length_LowerArm_L,0.4193,,,
1773142874.8213499,PC1,0,Length_UpperArm_R,0.3209,,,
1773142874.8213499,PC1,0,Length_LowerArm_R,0.3299,,,
1773142874.8213499,PC1,0,Width_Shoulder,0.332,,,
1773142874.871845,PC1,0,0,0.61224,0.56309,-0.30212,0.9999958872795105
1773142874.871845,PC1,0,1,0.62353,0.52244,-0.26072,0.9999931454658508
1773142874.871845,PC1,0,2,0.63201,0.5228,-0.26048,0.9999940395355225
1773142874.871845,PC1,0,3,0.63946,0.52361,-0.26014,0.999993622303009
1773142874.871845,PC1,0,4,0.59567,0.52186,-0.28551,0.9999927878379822
1773142874.871845,PC1,0,5,0.58363,0.52196,-0.28509,0.9999934434890747
1773142874.871845,PC1,0,6,0.57083,0.52297,-0.28519,0.9999917149543762
1773142874.871845,PC1,0,7,0.64038,0.5387,-0.03579,0.999994695186615
1773142874.871845,PC1,0,8,0.54475,0.54509,-0.14461,0.9999957084655762
1773142874.871845,PC1,0,9,0.62287,0.60794,-0.21819,0.999993622303009
1773142874.871845,PC1,0,10,0.59078,0.60949,-0.25036,0.9999950528144836
1773142874.871845,PC1,0,11,0.69958,0.7397,0.11004,0.999962568283081
1773142874.871845,PC1,0,12,0.48497,0.77632,-0.13939,0.9996707439422607
1773142874.871845,PC1,0,13,0.852,0.87052,-0.09038,0.9941960573196411
1773142874.871845,PC1,0,14,0.48784,1.06644,-0.2892,0.5781465172767639
1773142874.871845,PC1,0,15,0.8423,0.58119,-0.38668,0.9987787008285522
1773142874.871845,PC1,0,16,0.56275,1.25734,-0.55033,0.5441033840179443
1773142874.871845,PC1,0,17,0.84353,0.46478,-0.46483,0.9962767958641052
1773142874.871845,PC1,0,18,0.57409,1.33638,-0.59747,0.6401400566101074
1773142874.871845,PC1,0,19,0.82596,0.45032,-0.41583,0.9962422847747803
1773142874.871845,PC1,0,20,0.58834,1.30006,-0.6305,0.7037333250045776
1773142874.871845,PC1,0,21,0.81874,0.49157,-0.38266,0.9959763288497925
1773142874.871845,PC1,0,22,0.58698,1.27264,-0.56988,0.7272217869758606
1773142874.871845,PC1,0,23,0.42179,1.62616,0.01525,0.03687380999326706
1773142874.871845,PC1,0,24,0.19414,1.66921,-0.01183,0.018254850059747696
1773142874.871845,PC1,0,25,0.44334,2.26043,-0.02372,0.001583173405379057
1773142874.871845,PC1,0,26,0.24156,2.30596,-0.12615,0.0007094171014614403
1773142874.871845,PC1,0,27,0.46971,2.84876,0.42678,0.00010021530033554882
1773142874.871845,PC1,0,28,0.28028,2.87366,0.18381,1.2949865777045488e-05
1773142874.871845,PC1,0,29,0.47026,2.95013,0.44344,0.00012321441317908466
1773142874.871845,PC1,0,30,0.27663,2.97256,0.19445,3.559331162250601e-05
1773142874.871845,PC1,0,31,0.46412,3.04221,-0.00021,0.0004620166146196425
1773142874.871845,PC1,0,32,0.3352,3.0443,-0.29921,0.00014916744839865714
1773142874.871845,PC1,0,Angle_Elbow_L,99.82,,,
1773142874.871845,PC1,0,Angle_Elbow_R,150.89,,,
1773142874.871845,PC1,0,Angle_Shoulder_L,105.26,,,
1773142874.871845,PC1,0,Angle_Shoulder_R,146.67,,,
1773142874.871845,PC1,0,Length_UpperArm_L,0.2837,,,
1773142874.871845,PC1,0,Length_LowerArm_L,0.4142,,,
1773142874.871845,PC1,0,Length_UpperArm_R,0.3265,,,
1773142874.871845,PC1,0,Length_LowerArm_R,0.332,,,
1773142874.871845,PC1,0,Width_Shoulder,0.3311,,,
1773142874.921916,PC1,0,0,0.61254,0.56348,-0.30432,0.9999962449073792
1773142874.921916,PC1,0,1,0.62405,0.52278,-0.26308,0.9999936819076538
1773142874.921916,PC1,0,2,0.63255,0.52322,-0.26284,0.9999945163726807
1773142874.921916,PC1,0,3,0.63998,0.52413,-0.2625,0.9999940991401672
1773142874.921916,PC1,0,4,0.59629,0.52211,-0.2882,0.9999933838844299
1773142874.921916,PC1,0,5,0.58432,0.52208,-0.28777,0.9999939799308777
1773142874.921916,PC1,0,6,0.57163,0.52298,-0.28786,0.9999924302101135
1773142874.921916,PC1,0,7,0.64088,0.53917,-0.03781,0.9999950528144836
1773142874.921916,PC1,0,8,0.54523,0.545,-0.14878,0.9999960660934448
1773142874.921916,PC1,0,9,0.62306,0.60838,-0.22025,0.9999940991401672
1773142874.921916,PC1,0,10,0.59103,0.60958,-0.25295,0.9999954700469971
1773142874.921916,PC1,0,11,0.69895,0.74052,0.10821,0.9999633431434631
1773142874.921916,PC1,0,12,0.48461,0.77538,-0.1425,0.9996910095214844
1773142874.921916,PC1,0,13,0.85082,0.87252,-0.09204,0.9943041801452637
1773142874.921916,PC1,0,14,0.48698,1.07181,-0.29022,0.5745874047279358
1773142874.921916,PC1,0,15,0.84459,0.58361,-0.39642,0.9988155961036682
1773142874.921916,PC1,0,16,0.55392,1.27397,-0.55602,0.5580286383628845
1773142874.921916,PC1,0,17,0.84614,0.46654,-0.47494,0.9964483976364136
1773142874.921916,PC1,0,18,0.56159,1.35663,-0.60336,0.6570780873298645
1773142874.921916,PC1,0,19,0.82849,0.45239,-0.42654,0.9964191317558289
1773142874.921916,PC1,0,20,0.57707,1.32315,-0.64015,0.7190738916397095
1773142874.921916,PC1,0,21,0.82118,0.49374,-0.39302,0.9961631894111633
1773142874.921916,PC1,0,22,0.57746,1.29444,-0.57742,0.7417902946472168
1773142874.921916,PC1,0,23,0.42179,1.62616,0.01525,0.03562343865633011
1773142874.921916,PC1,0,24,0.19414,1.66921,-0.01183,0.01762828417122364
1773142874.921916,PC1,0,25,0.44334,2.26043,-0.02372,0.0015654510352760553
1773142874.921916,PC1,0,26,0.24156,2.30596,-0.12615,0.0007003281498327851
1773142874.921916,PC1,0,27,0.46971,2.84876,0.42678,9.668353595770895e-05
1773142874.921916,PC1,0,28,0.28028,2.87366,0.18381,1.2420859093253966e-05
1773142874.921916,PC1,0,29,0.47026,2.95013,0.44344,0.00012018581037409604
1773142874.921916,PC1,0,30,0.27663,2.97256,0.19445,3.4389220672892407e-05
1773142874.921916,PC1,0,31,0.46412,3.04221,-0.00021,0.00046216638293117285
1773142874.921916,PC1,0,32,0.3352,3.0443,-0.29921,0.00014683847257401794
1773142874.921916,PC1,0,Angle_Elbow_L,100.58,,,
1773142874.921916,PC1,0,Angle_Elbow_R,151.73,,,
1773142874.921916,PC1,0,Angle_Shoulder_L,105.43,,,
1773142874.921916,PC1,0,Angle_Shoulder_R,147.28,,,
1773142874.921916,PC1,0,Length_UpperArm_L,0.2839,,,
1773142874.921916,PC1,0,Length_LowerArm_L,0.4197,,,
1773142874.921916,PC1,0,Length_UpperArm_R,0.3312,,,
1773142874.921916,PC1,0,Length_LowerArm_R,0.3406,,,
1773142874.921916,PC1,0,Width_Shoulder,0.3317,,,
1773142874.9710941,PC1,0,0,0.6132,0.56376,-0.30374,0.999996542930603
1773142874.9710941,PC1,0,1,0.62491,0.52302,-0.2616,0.9999940991401672
1773142874.9710941,PC1,0,2,0.63338,0.52352,-0.26136,0.9999948740005493
1773142874.9710941,PC1,0,3,0.64076,0.5245,-0.26102,0.9999944567680359
1773142874.9710941,PC1,0,4,0.59703,0.5223,-0.28804,0.9999938011169434
1773142874.9710941,PC1,0,5,0.58504,0.52217,-0.28762,0.9999943375587463
1773142874.9710941,PC1,0,6,0.57239,0.52303,-0.28771,0.9999929070472717
1773142874.9710941,PC1,0,7,0.64136,0.53954,-0.03397,0.9999953508377075
1773142874.9710941,PC1,0,8,0.54563,0.54495,-0.15132,0.9999963045120239
1773142874.9710941,PC1,0,9,0.62355,0.60871,-0.21911,0.9999943971633911
1773142874.9710941,PC1,0,10,0.59165,0.60965,-0.25349,0.9999957084655762
1773142874.9710941,PC1,0,11,0.69845,0.74124,0.11191,0.9999635815620422
1773142874.9710941,PC1,0,12,0.48435,0.77423,-0.14647,0.9996894001960754
1773142874.9710941,PC1,0,13,0.85028,0.87416,-0.0928,0.9942870140075684
1773142874.9710941,PC1,0,14,0.49005,1.08023,-0.29413,0.5712594389915466
1773142874.9710941,PC1,0,15,0.84635,0.58578,-0.40266,0.9988596439361572
1773142874.9710941,PC1,0,16,0.55879,1.27691,-0.55542,0.5590279698371887
1773142874.9710941,PC1,0,17,0.8481,0.46786,-0.48209,0.9966081976890564
1773142874.9710941,PC1,0,18,0.56853,1.35984,-0.60261,0.6606329679489136
1773142874.9710941,PC1,0,19,0.83026,0.45376,-0.43346,0.996584415435791
1773142874.9710941,PC1,0,20,0.58375,1.32592,-0.63938,0.7231586575508118
1773142874.9710941,PC1,0,21,0.82285,0.49529,-0.39948,0.9963454008102417
1773142874.9710941,PC1,0,22,0.58298,1.2974,-0.57651,0.7456609010696411
1773142874.9710941,PC1,0,23,0.42179,1.62616,0.01525,0.03466916084289551
1773142874.9710941,PC1,0,24,0.19414,1.66921,-0.01183,0.017103860154747963
1773142874.9710941,PC1,0,25,0.44334,2.26043,-0.02372,0.0015153421554714441
1773142874.9710941,PC1,0,26,0.24156,2.30596,-0.12615,0.0006741571123711765
1773142874.9710941,PC1,0,27,0.46971,2.84876,0.42678,9.246182889910415e-05
1773142874.9710941,PC1,0,28,0.28028,2.87366,0.18381,1.1880214515258558e-05
1773142874.9710941,PC1,0,29,0.47026,2.95013,0.44344,0.00011722867930075154
1773142874.9710941,PC1,0,30,0.27663,2.97256,0.19445,3.322132761240937e-05
1773142874.9710941,PC1,0,31,0.46412,3.04221,-0.00021,0.00045119045535102487
1773142874.9710941,PC1,0,32,0.3352,3.0443,-0.29921,0.00014473384362645447
1773142874.9710941,PC1,0,Angle_Elbow_L,101.62,,,
1773142874.9710941,PC1,0,Angle_Elbow_R,150.83,,,
1773142874.9710941,PC1,0,Angle_Shoulder_L,105.41,,,
1773142874.9710941,PC1,0,Angle_Shoulder_R,147.56,,,
1773142874.9710941,PC1,0,Length_UpperArm_L,0.2874,,,
1773142874.9710941,PC1,0,Length_LowerArm_L,0.4233,,,
1773142874.9710941,PC1,0,Length_UpperArm_R,0.3398,,,
1773142874.9710941,PC1,0,Length_LowerArm_R,0.3342,,,
1773142874.9710941,PC1,0,Width_Shoulder,0.3372,,,
1773142875.020693,PC1,0,0,0.61369,0.56397,-0.30418,0.9999967813491821
1773142875.020693,PC1,0,1,0.62566,0.52324,-0.26187,0.9999943375587463
1773142875.020693,PC1,0,2,0.63414,0.5238,-0.26163,0.9999951124191284
1773142875.020693,PC1,0,3,0.64147,0.52483,-0.26128,0.999994695186615
1773142875.020693,PC1,0,4,0.5976,0.52243,-0.2888,0.9999940991401672
1773142875.020693,PC1,0,5,0.58558,0.52224,-0.28838,0.9999946355819702
1773142875.020693,PC1,0,6,0.57297,0.52305,-0.28847,0.9999932050704956
1773142875.020693,PC1,0,7,0.64189,0.53983,-0.03469,0.9999954700469971
1773142875.020693,PC1,0,8,0.54595,0.54476,-0.15427,0.9999964833259583
1773142875.020693,PC1,0,9,0.6239,0.60894,-0.21989,0.9999945759773254
1773142875.020693,PC1,0,10,0.59206,0.60969,-0.25492,0.9999959468841553
1773142875.020693,PC1,0,11,0.69816,0.74174,0.11052,0.9999642968177795
1773142875.020693,PC1,0,12,0.48416,0.77356,-0.14908,0.9996971487998962
1773142875.020693,PC1,0,13,0.84984,0.87588,-0.09493,0.9942896366119385
1773142875.020693,PC1,0,14,0.49155,1.08188,-0.29431,0.5682418346405029
1773142875.020693,PC1,0,15,0.84754,0.58972,-0.40682,0.9988749623298645
1773142875.020693,PC1,0,16,0.5617,1.28137,-0.55164,0.5574577450752258
1773142875.020693,PC1,0,17,0.84943,0.4721,-0.48704,0.9966808557510376
1773142875.020693,PC1,0,18,0.57189,1.36544,-0.59828,0.6615268588066101
1773142875.020693,PC1,0,19,0.83149,0.45832,-0.43807,0.996661901473999
1773142875.020693,PC1,0,20,0.58733,1.33237,-0.63665,0.7247208952903748
1773142875.020693,PC1,0,21,0.82397,0.50038,-0.40367,0.9964282512664795
1773142875.020693,PC1,0,22,0.58636,1.30342,-0.57321,0.7473518252372742
1773142875.020693,PC1,0,23,0.42179,1.62616,0.01525,0.03434833511710167
1773142875.020693,PC1,0,24,0.19414,1.66921,-0.01183,0.016851311549544334
1773142875.020693,PC1,0,25,0.44334,2.26043,-0.02372,0.001579933799803257
1773142875.020693,PC1,0,26,0.24156,2.30596,-0.12615,0.0007018352043814957
1773142875.020693,PC1,0,27,0.46971,2.84876,0.42678,9.392186620971188e-05
1773142875.020693,PC1,0,28,0.28028,2.87366,0.18381,1.1812942830147222e-05
1773142875.020693,PC1,0,29,0.47026,2.95013,0.44344,0.00011919488315470517
1773142875.020693,PC1,0,30,0.27663,2.97256,0.19445,3.3027416066033766e-05
1773142875.020693,PC1,0,31,0.46412,3.04221,-0.00021,0.0004607851733453572
1773142875.020693,PC1,0,32,0.3352,3.0443,-0.29921,0.0001460652274545282
1773142875.020693,PC1,0,Angle_Elbow_L,101.98,,,
1773142875.020693,PC1,0,Angle_Elbow_R,151.1,,,
1773142875.020693,PC1,0,Angle_Shoulder_L,105.52,,,
1773142875.020693,PC1,0,Angle_Shoulder_R,147.73,,,
1773142875.020693,PC1,0,Length_UpperArm_L,0.2885,,,
1773142875.020693,PC1,0,Length_LowerArm_L,0.4233,,,
1773142875.020693,PC1,0,Length_UpperArm_R,0.3409,,,
1773142875.020693,PC1,0,Length_LowerArm_R,0.3331,,,
1773142875.020693,PC1,0,Width_Shoulder,0.3379,,,
1773142875.070622,PC1,0,0,0.61406,0.56438,-0.30256,0.9999969601631165
1773142875.070622,PC1,0,1,0.62622,0.52364,-0.26058,0.9999945759773254
1773142875.070622,PC1,0,2,0.63472,0.52425,-0.26035,0.9999953508377075
1773142875.070622,PC1,0,3,0.64202,0.52536,-0.25999,0.9999949336051941
1773142875.070622,PC1,0,4,0.59804,0.52277,-0.2876,0.9999943375587463
1773142875.070622,PC1,0,5,0.586,0.5225,-0.28718,0.9999948740005493
1773142875.070622,PC1,0,6,0.57342,0.52327,-0.28727,0.9999934434890747
1773142875.070622,PC1,0,7,0.64229,0.54037,-0.03399,0.9999956488609314
1773142875.070622,PC1,0,8,0.54619,0.54477,-0.15422,0.9999966621398926
1773142875.070622,PC1,0,9,0.62416,0.60944,-0.21846,0.9999947547912598
1773142875.070622,PC1,0,10,0.59237,0.61,-0.25361,0.9999960660934448
1773142875.070622,PC1,0,11,0.69794,0.7421,0.10963,0.9999651312828064
1773142875.070622,PC1,0,12,0.48398,0.77255,-0.14773,0.9996992349624634
1773142875.070622,PC1,0,13,0.84921,0.87741,-0.10022,0.9943936467170715
1773142875.070622,PC1,0,14,0.49296,1.08649,-0.28967,0.5590610504150391
1773142875.070622,PC1,0,15,0.84828,0.59285,-0.4179,0.9989176988601685
1773142875.070622,PC1,0,16,0.55912,1.28465,-0.54493,0.5572701096534729
1773142875.070622,PC1,0,17,0.84991,0.47646,-0.4989,0.9968326091766357
1773142875.070622,PC1,0,18,0.56793,1.36942,-0.59084,0.6652066707611084
1773142875.070622,PC1,0,19,0.83193,0.46224,-0.44923,0.9968210458755493
1773142875.070622,PC1,0,20,0.58341,1.33726,-0.63012,0.7290975451469421
1773142875.070622,PC1,0,21,0.82456,0.5043,-0.41452,0.9965922236442566
1773142875.070622,PC1,0,22,0.58307,1.30811,-0.56697,0.75152188539505
1773142875.070622,PC1,0,23,0.42179,1.62616,0.01525,0.03293689712882042
1773142875.070622,PC1,0,24,0.19414,1.66921,-0.01183,0.016149936243891716
1773142875.070622,PC1,0,25,0.44334,2.26043,-0.02372,0.0015260763466358185
1773142875.070622,PC1,0,26,0.24156,2.30596,-0.12615,0.0006748031591996551
1773142875.070622,PC1,0,27,0.46971,2.84876,0.42678,8.941451960708946e-05
1773142875.070622,PC1,0,28,0.28028,2.87366,0.18381,1.1294753676338587e-05
1773142875.070622,PC1,0,29,0.47026,2.95013,0.44344,0.0001149727322626859
1773142875.070622,PC1,0,30,0.27663,2.97256,0.19445,3.1642255635233596e-05
1773142875.070622,PC1,0,31,0.46412,3.04221,-0.00021,0.0004488116828724742
1773142875.070622,PC1,0,32,0.3352,3.0443,-0.29921,0.00014249216474127024
1773142875.070622,PC1,0,Angle_Elbow_L,103.01,,,
1773142875.070622,PC1,0,Angle_Elbow_R,150.59,,,
1773142875.070622,PC1,0,Angle_Shoulder_L,105.59,,,
1773142875.070622,PC1,0,Angle_Shoulder_R,148.3,,,
1773142875.070622,PC1,0,Length_UpperArm_L,0.2919,,,
1773142875.070622,PC1,0,Length_LowerArm_L,0.4265,,,
1773142875.070622,PC1,0,Length_UpperArm_R,0.3447,,,
1773142875.070622,PC1,0,Length_LowerArm_R,0.3299,,,
1773142875.070622,PC1,0,Width_Shoulder,0.3361,,,
1773142875.170231,PC1,0,0,0.61434,0.56462,-0.30135,0.9999971389770508
1773142875.170231,PC1,0,1,0.62666,0.52392,-0.25966,0.9999947547912598
1773142875.170231,PC1,0,2,0.63517,0.5246,-0.25942,0.9999954700469971
1773142875.170231,PC1,0,3,0.64245,0.52576,-0.25907,0.9999951124191284
1773142875.170231,PC1,0,4,0.59837,0.5229,-0.28672,0.9999945759773254
1773142875.170231,PC1,0,5,0.58631,0.5226,-0.2863,0.9999950528144836
1773142875.170231,PC1,0,6,0.57372,0.52336,-0.28639,0.9999936819076538
1773142875.170231,PC1,0,7,0.6427,0.54078,-0.03347,0.9999957084655762
1773142875.170231,PC1,0,8,0.54638,0.54459,-0.15408,0.9999968409538269
1773142875.170231,PC1,0,9,0.62436,0.60971,-0.21739,0.9999948740005493
1773142875.170231,PC1,0,10,0.59256,0.6101,-0.25261,0.9999962449073792
1773142875.170231,PC1,0,11,0.69781,0.74234,0.10901,0.9999656081199646
1773142875.170231,PC1,0,12,0.48385,0.77182,-0.14699,0.9997068047523499
1773142875.170231,PC1,0,13,0.84896,0.87866,-0.10419,0.9944107532501221
1773142875.170231,PC1,0,14,0.49302,1.08517,-0.28477,0.5589026808738708
1773142875.170231,PC1,0,15,0.84875,0.59536,-0.42456,0.9988792538642883
1773142875.170231,PC1,0,16,0.55892,1.28733,-0.53057,0.5513535737991333
1773142875.170231,PC1,0,17,0.84928,0.48125,-0.50655,0.9967443943023682
1773142875.170231,PC1,0,18,0.56797,1.37284,-0.57568,0.6596603989601135
1773142875.170231,PC1,0,19,0.83145,0.46694,-0.45594,0.9967387318611145
1773142875.170231,PC1,0,20,0.58364,1.34142,-0.61545,0.7245551943778992
1773142875.170231,PC1,0,21,0.82462,0.50833,-0.4209,0.9965074062347412
1773142875.170231,PC1,0,22,0.58313,1.31212,-0.55246,0.7471970915794373
1773142875.170231,PC1,0,23,0.42179,1.62616,0.01525,0.032489389181137085
1773142875.170231,PC1,0,24,0.19414,1.66921,-0.01183,0.01583741419017315
1773142875.170231,PC1,0,25,0.44334,2.26043,-0.02372,0.0015141996555030346
1773142875.170231,PC1,0,26,0.24156,2.30596,-0.12615,0.0006716245552524924
1773142875.170231,PC1,0,27,0.46971,2.84876,0.42678,8.833152969600633e-05
1773142875.170231,PC1,0,28,0.28028,2.87366,0.18381,1.1093082321167458e-05
1773142875.170231,PC1,0,29,0.47026,2.95013,0.44344,0.00011390061263227835
1773142875.170231,PC1,0,30,0.27663,2.97256,0.19445,3.087458389927633e-05
1773142875.170231,PC1,0,31,0.46412,3.04221,-0.00021,0.00044727095519192517
1773142875.170231,PC1,0,32,0.3352,3.0443,-0.29921,0.00014234318223316222
1773142875.170231,PC1,0,Angle_Elbow_L,103.6,,,
1773142875.170231,PC1,0,Angle_Elbow_R,151.51,,,
1773142875.170231,PC1,0,Angle_Shoulder_L,105.63,,,
1773142875.170231,PC1,0,Angle_Shoulder_R,148.75,,,
1773142875.170231,PC1,0,Length_UpperArm_L,0.2948,,,
1773142875.170231,PC1,0,Length_LowerArm_L,0.4277,,,
1773142875.170231,PC1,0,Length_UpperArm_R,0.3424,,,
1773142875.170231,PC1,0,Length_LowerArm_R,0.325,,,
1773142875.170231,PC1,0,Width_Shoulder,0.3349,,,
1773142875.220209,PC1,0,0,0.61545,0.56494,-0.29729,0.9999974370002747
1773142875.220209,PC1,0,1,0.62771,0.52426,-0.25568,0.999995231628418
1773142875.220209,PC1,0,2,0.63611,0.52505,-0.25543,0.9999958872795105
1773142875.220209,PC1,0,3,0.64329,0.5263,-0.25509,0.9999955296516418
1773142875.220209,PC1,0,4,0.59932,0.52314,-0.28327,0.9999950528144836
1773142875.220209,PC1,0,5,0.58715,0.52307,-0.28284,0.9999955296516418
1773142875.220209,PC1,0,6,0.57452,0.52411,-0.28292,0.9999942779541016
1773142875.220209,PC1,0,7,0.64336,0.54144,-0.02766,0.9999960064888
1773142875.220209,PC1,0,8,0.54693,0.54532,-0.15111,0.9999971985816956
1773142875.220209,PC1,0,9,0.62546,0.61016,-0.21237,0.999995231628418
1773142875.220209,PC1,0,10,0.59391,0.61046,-0.2482,0.9999966025352478
1773142875.220209,PC1,0,11,0.69836,0.74278,0.11764,0.9999669790267944
1773142875.220209,PC1,0,12,0.48388,0.77085,-0.14921,0.9997288584709167
1773142875.220209,PC1,0,13,0.84863,0.88147,-0.09664,0.9941534996032715
1773142875.220209,PC1,0,14,0.49389,1.07844,-0.3002,0.577339768409729
1773142875.220209,PC1,0,15,0.84899,0.60236,-0.41646,0.9988670349121094
1773142875.220209,PC1,0,16,0.57148,1.25435,-0.53032,0.5669859051704407
1773142875.220209,PC1,0,17,0.84761,0.49437,-0.50114,0.9968047142028809
1773142875.220209,PC1,0,18,0.58583,1.333,-0.57632,0.6726496815681458
1773142875.220209,PC1,0,19,0.82972,0.47751,-0.45008,0.9968016743659973
1773142875.220209,PC1,0,20,0.59995,1.29756,-0.60928,0.735860288143158
1773142875.220209,PC1,0,21,0.82396,0.51692,-0.41289,0.9965854287147522
1773142875.220209,PC1,0,22,0.59705,1.27157,-0.54888,0.7568802833557129
1773142875.220209,PC1,0,23,0.42179,1.62616,0.01525,0.0317443422973156
1773142875.220209,PC1,0,24,0.19414,1.66921,-0.01183,0.015452735126018524
1773142875.220209,PC1,0,25,0.44334,2.26043,-0.02372,0.0015192752471193671
1773142875.220209,PC1,0,26,0.24156,2.30596,-0.12615,0.0006768402527086437
1773142875.220209,PC1,0,27,0.46971,2.84876,0.42678,8.903039997676387e-05
1773142875.220209,PC1,0,28,0.28028,2.87366,0.18381,1.085012081603054e-05
1773142875.220209,PC1,0,29,0.47026,2.95013,0.44344,0.0001175284996861592
1773142875.220209,PC1,0,30,0.27663,2.97256,0.19445,2.9360542612266727e-05
1773142875.220209,PC1,0,31,0.46412,3.04221,-0.00021,0.00046689112787134945
1773142875.220209,PC1,0,32,0.3352,3.0443,-0.29921,0.0001469593116780743
1773142875.220209,PC1,0,Angle_Elbow_L,103.75,,,
1773142875.220209,PC1,0,Angle_Elbow_R,150.69,,,
1773142875.220209,PC1,0,Angle_Shoulder_L,106.2,,,
1773142875.220209,PC1,0,Angle_Shoulder_R,146.92,,,
1773142875.220209,PC1,0,Length_UpperArm_L,0.2962,,,
1773142875.220209,PC1,0,Length_LowerArm_L,0.4245,,,
1773142875.220209,PC1,0,Length_UpperArm_R,0.3428,,,
1773142875.220209,PC1,0,Length_LowerArm_R,0.2999,,,
1773142875.220209,PC1,0,Width_Shoulder,0.3435,,,
1773142875.2697222,PC1,0,0,0.61585,0.56482,-0.29541,0.9999975562095642
1773142875.2697222,PC1,0,1,0.62805,0.52426,-0.25379,0.9999954700469971
1773142875.2697222,PC1,0,2,0.63646,0.52503,-0.25353,0.9999960660934448
1773142875.2697222,PC1,0,3,0.64361,0.52622,-0.25319,0.9999957084655762
1773142875.2697222,PC1,0,4,0.59963,0.52309,-0.28157,0.9999952912330627
1773142875.2697222,PC1,0,5,0.58743,0.52311,-0.28114,0.9999957084655762
1773142875.2697222,PC1,0,6,0.57476,0.52431,-0.28122,0.9999945163726807
1773142875.2697222,PC1,0,7,0.6436,0.54135,-0.02473,0.9999961256980896
1773142875.2697222,PC1,0,8,0.5471,0.54554,-0.14911,0.9999973177909851
1773142875.2697222,PC1,0,9,0.62595,0.61027,-0.20995,0.9999954104423523
1773142875.2697222,PC1,0,10,0.59436,0.61058,-0.246,0.9999967217445374
1773142875.2697222,PC1,0,11,0.69902,0.7429,0.12247,0.9999685287475586
1773142875.2697222,PC1,0,12,0.484,0.77024,-0.15027,0.9997372031211853
1773142875.2697222,PC1,0,13,0.84886,0.88238,-0.08833,0.9943031668663025
1773142875.2697222,PC1,0,14,0.49518,1.06789,-0.3036,0.5744807720184326
1773142875.2697222,PC1,0,15,0.84903,0.60427,-0.40228,0.9988827705383301
1773142875.2697222,PC1,0,16,0.57608,1.24664,-0.5239,0.5617461204528809
1773142875.2697222,PC1,0,17,0.84662,0.4992,-0.48639,0.9968720078468323
1773142875.2697222,PC1,0,18,0.59131,1.32637,-0.56918,0.6698605418205261
1773142875.2697222,PC1,0,19,0.82878,0.48142,-0.43474,0.9968767762184143
1773142875.2697222,PC1,0,20,0.60518,1.29153,-0.60217,0.7342205047607422
1773142875.2697222,PC1,0,21,0.82371,0.51923,-0.39837,0.9966593980789185
1773142875.2697222,PC1,0,22,0.60182,1.26511,-0.54233,0.7556664943695068
1773142875.2697222,PC1,0,23,0.42179,1.62616,0.01525,0.03101351298391819
1773142875.2697222,PC1,0,24,0.19414,1.66921,-0.01183,0.015067520551383495
1773142875.2697222,PC1,0,25,0.44334,2.26043,-0.02372,0.0015129164094105363
1773142875.2697222,PC1,0,26,0.24156,2.30596,-0.12615,0.0006584996590390801
1773142875.2697222,PC1,0,27,0.46971,2.84876,0.42678,8.618871652288362e-05
1773142875.2697222,PC1,0,28,0.28028,2.87366,0.18381,1.0415523320261855e-05
1773142875.2697222,PC1,0,29,0.47026,2.95013,0.44344,0.00011459724191809073
1773142875.2697222,PC1,0,30,0.27663,2.97256,0.19445,2.826736817951314e-05
1773142875.2697222,PC1,0,31,0.46412,3.04221,-0.00021,0.00045958789996802807
1773142875.2697222,PC1,0,32,0.3352,3.0443,-0.29921,0.00014462547551374882
1773142875.2697222,PC1,0,Angle_Elbow_L,102.85,,,
1773142875.2697222,PC1,0,Angle_Elbow_R,152.78,,,
1773142875.2697222,PC1,0,Angle_Shoulder_L,106.6,,,
1773142875.2697222,PC1,0,Angle_Shoulder_R,145.97,,,
1773142875.2697222,PC1,0,Length_UpperArm_L,0.2938,,,
1773142875.2697222,PC1,0,Length_LowerArm_L,0.4194,,,
1773142875.2697222,PC1,0,Length_UpperArm_R,0.335,,,
1773142875.2697222,PC1,0,Length_LowerArm_R,0.295,,,
1773142875.2697222,PC1,0,Width_Shoulder,0.3484,,,
1773142875.318903,PC1,0,0,0.61612,0.56468,-0.29621,0.9999976754188538
1773142875.318903,PC1,0,1,0.62821,0.52424,-0.25423,0.9999956488609314
1773142875.318903,PC1,0,2,0.63657,0.52498,-0.25396,0.9999961853027344
1773142875.318903,PC1,0,3,0.64371,0.52611,-0.25361,0.9999958872795105
1773142875.318903,PC1,0,4,0.59981,0.52302,-0.28226,0.9999954700469971
1773142875.318903,PC1,0,5,0.58761,0.52312,-0.28182,0.9999958872795105
1773142875.318903,PC1,0,6,0.57491,0.52445,-0.28189,0.999994695186615
1773142875.318903,PC1,0,7,0.64367,0.54122,-0.02325,0.9999962449073792
1773142875.318903,PC1,0,8,0.54724,0.54565,-0.14893,0.9999974370002747
1773142875.318903,PC1,0,9,0.62629,0.6103,-0.21,0.9999955892562866
1773142875.318903,PC1,0,10,0.5945,0.61069,-0.24639,0.9999969005584717
1773142875.318903,PC1,0,11,0.69959,0.74292,0.12581,0.9999701976776123
1773142875.318903,PC1,0,12,0.4841,0.76975,-0.15312,0.9997482299804688
1773142875.318903,PC1,0,13,0.84887,0.88313,-0.08243,0.9944812059402466
1773142875.318903,PC1,0,14,0.49592,1.05986,-0.3075,0.5843132734298706
1773142875.318903,PC1,0,15,0.84923,0.60565,-0.39185,0.9989116191864014
1773142875.318903,PC1,0,16,0.58293,1.24175,-0.51987,0.5638630986213684
1773142875.318903,PC1,0,17,0.84589,0.50261,-0.47632,0.996963620185852
1773142875.318903,PC1,0,18,0.60054,1.32196,-0.56533,0.6704749464988708
1773142875.318903,PC1,0,19,0.82808,0.48403,-0.42449,0.9969714879989624
1773142875.318903,PC1,0,20,0.61405,1.28705,-0.59739,0.7349945306777954
1773142875.318903,PC1,0,21,0.82368,0.52084,-0.38782,0.996756374835968
1773142875.318903,PC1,0,22,0.60955,1.26043,-0.53785,0.7561367750167847
1773142875.318903,PC1,0,23,0.42179,1.62616,0.01525,0.030681157484650612
1773142875.318903,PC1,0,24,0.19414,1.66921,-0.01183,0.014826863072812557
1773142875.318903,PC1,0,25,0.44334,2.26043,-0.02372,0.00152968626935035
1773142875.318903,PC1,0,26,0.24156,2.30596,-0.12615,0.0006559365428984165
1773142875.318903,PC1,0,27,0.46971,2.84876,0.42678,8.624331530882046e-05
1773142875.318903,PC1,0,28,0.28028,2.87366,0.18381,1.0270892744301818e-05
1773142875.318903,PC1,0,29,0.47026,2.95013,0.44344,0.0001149209711002186
1773142875.318903,PC1,0,30,0.27663,2.97256,0.19445,2.7633892386802472e-05
1773142875.318903,PC1,0,31,0.46412,3.04221,-0.00021,0.0004642257990781218
1773142875.318903,PC1,0,32,0.3352,3.0443,-0.29921,0.00014658906729891896
1773142875.318903,PC1,0,Angle_Elbow_L,102.17,,,
1773142875.318903,PC1,0,Angle_Elbow_R,154.04,,,
1773142875.318903,PC1,0,Angle_Shoulder_L,106.89,,,
1773142875.318903,PC1,0,Angle_Shoulder_R,145.27,,,
1773142875.318903,PC1,0,Length_UpperArm_L,0.2921,,,
1773142875.318903,PC1,0,Length_LowerArm_L,0.4156,,,
1773142875.318903,PC1,0,Length_UpperArm_R,0.3288,,,
1773142875.318903,PC1,0,Length_LowerArm_R,0.2928,,,
1773142875.318903,PC1,0,Width_Shoulder,0.3535,,,
1773142875.418972,PC1,0,0,0.61617,0.56382,-0.29071,0.9999976754188538
1773142875.418972,PC1,0,1,0.62823,0.52408,-0.24874,0.9999955296516418
1773142875.418972,PC1,0,2,0.63655,0.52471,-0.2485,0.9999961256980896
1773142875.418972,PC1,0,3,0.64364,0.52568,-0.24815,0.9999958276748657
1773142875.418972,PC1,0,4,0.59981,0.52268,-0.27688,0.9999953508377075
1773142875.418972,PC1,0,5,0.58763,0.52292,-0.27647,0.9999958276748657
1773142875.418972,PC1,0,6,0.57488,0.52448,-0.27657,0.9999945759773254
1773142875.418972,PC1,0,7,0.64361,0.54077,-0.01841,0.9999960064888
1773142875.418972,PC1,0,8,0.54744,0.54567,-0.14442,0.9999974370002747
1773142875.418972,PC1,0,9,0.62614,0.60974,-0.20493,0.9999954104423523
1773142875.418972,PC1,0,10,0.59406,0.61054,-0.24145,0.9999968409538269
1773142875.418972,PC1,0,11,0.70033,0.74255,0.12996,0.9999691247940063
1773142875.418972,PC1,0,12,0.48367,0.76821,-0.15363,0.9997496604919434
1773142875.418972,PC1,0,13,0.84806,0.88448,-0.08402,0.9941828846931458
1773142875.418972,PC1,0,14,0.49639,1.06189,-0.30825,0.5926477909088135
1773142875.418972,PC1,0,15,0.85091,0.60655,-0.41206,0.9988261461257935
1773142875.418972,PC1,0,16,0.58529,1.24112,-0.51683,0.5605528354644775
1773142875.418972,PC1,0,17,0.84966,0.50746,-0.49727,0.9968505501747131
1773142875.418972,PC1,0,18,0.60463,1.32307,-0.56094,0.6675050258636475
1773142875.418972,PC1,0,19,0.83065,0.4858,-0.44857,0.9968652129173279
1773142875.418972,PC1,0,20,0.61752,1.28765,-0.5922,0.7326783537864685
1773142875.418972,PC1,0,21,0.82647,0.52079,-0.40979,0.9966726899147034
1773142875.418972,PC1,0,22,0.61206,1.26054,-0.53434,0.7550748586654663
1773142875.418972,PC1,0,23,0.42179,1.62616,0.01525,0.030751341953873634
1773142875.418972,PC1,0,24,0.19414,1.66921,-0.01183,0.01513747964054346
1773142875.418972,PC1,0,25,0.44334,2.26043,-0.02372,0.0014783198712393641
1773142875.418972,PC1,0,26,0.24156,2.30596,-0.12615,0.0006320678512565792
1773142875.418972,PC1,0,27,0.46971,2.84876,0.42678,8.096470264717937e-05
1773142875.418972,PC1,0,28,0.28028,2.87366,0.18381,9.902298188535497e-06
1773142875.418972,PC1,0,29,0.47026,2.95013,0.44344,0.0001097687054425478
1773142875.418972,PC1,0,30,0.27663,2.97256,0.19445,2.6904554033535533e-05
1773142875.418972,PC1,0,31,0.46412,3.04221,-0.00021,0.0004372406692709774
1773142875.418972,PC1,0,32,0.3352,3.0443,-0.29921,0.0001442051725462079
1773142875.418972,PC1,0,Angle_Elbow_L,104.16,,,
1773142875.418972,PC1,0,Angle_Elbow_R,153.65,,,
1773142875.418972,PC1,0,Angle_Shoulder_L,107.15,,,
1773142875.418972,PC1,0,Angle_Shoulder_R,145.5,,,
1773142875.418972,PC1,0,Length_UpperArm_L,0.2962,,,
1773142875.418972,PC1,0,Length_LowerArm_L,0.43,,,
1773142875.418972,PC1,0,Length_UpperArm_R,0.3321,,,
1773142875.418972,PC1,0,Length_LowerArm_R,0.289,,,
1773142875.418972,PC1,0,Width_Shoulder,0.3578,,,
1773142875.5864031,PC1,0,0,0.61541,0.56368,-0.28787,0.9999977350234985
1773142875.5864031,PC1,0,1,0.62761,0.52415,-0.24606,0.9999956488609314
1773142875.5864031,PC1,0,2,0.63597,0.52476,-0.24582,0.9999962449073792
1773142875.5864031,PC1,0,3,0.64306,0.52568,-0.24546,0.9999958872795105
1773142875.5864031,PC1,0,4,0.59918,0.52267,-0.27339,0.9999954700469971
1773142875.5864031,PC1,0,5,0.58704,0.52296,-0.27298,0.9999959468841553
1773142875.5864031,PC1,0,6,0.57435,0.52463,-0.27309,0.999994695186615
1773142875.5864031,PC1,0,7,0.64332,0.54066,-0.01662,0.9999960660934448
1773142875.5864031,PC1,0,8,0.54747,0.54581,-0.13874,0.9999975562095642
1773142875.5864031,PC1,0,9,0.62538,0.60964,-0.20265,0.9999953508377075
1773142875.5864031,PC1,0,10,0.59313,0.61065,-0.2382,0.9999968409538269
1773142875.5864031,PC1,0,11,0.7006,0.74308,0.13301,0.9999657869338989
1773142875.5864031,PC1,0,12,0.48352,0.76777,-0.15233,0.9997426867485046
1773142875.5864031,PC1,0,13,0.84748,0.88571,-0.07145,0.9926926493644714
1773142875.5864031,PC1,0,14,0.49858,1.06121,-0.31278,0.5869926810264587
1773142875.5864031,PC1,0,15,0.85221,0.6064,-0.38683,0.9987474679946899
1773142875.5864031,PC1,0,16,0.59107,1.22563,-0.52655,0.5627185702323914
1773142875.5864031,PC1,0,17,0.852,0.50723,-0.47022,0.9967508912086487
1773142875.5864031,PC1,0,18,0.61231,1.30449,-0.57151,0.6691797971725464
1773142875.5864031,PC1,0,19,0.83318,0.4857,-0.42332,0.996772289276123
1773142875.5864031,PC1,0,20,0.62461,1.26714,-0.60033,0.733911395072937
1773142875.5864031,PC1,0,21,0.82857,0.51994,-0.38514,0.9965701699256897
1773142875.5864031,PC1,0,22,0.61836,1.24142,-0.54332,0.7555251121520996
1773142875.5864031,PC1,0,23,0.42179,1.62616,0.01525,0.02999013476073742
1773142875.5864031,PC1,0,24,0.19414,1.66921,-0.01183,0.014815572649240494
1773142875.5864031,PC1,0,25,0.44334,2.26043,-0.02372,0.00144552334677428
1773142875.5864031,PC1,0,26,0.24156,2.30596,-0.12615,0.0006191736902110279
1773142875.5864031,PC1,0,27,0.46971,2.84876,0.42678,8.102459833025932e-05
1773142875.5864031,PC1,0,28,0.28028,2.87366,0.18381,9.622242032492068e-06
1773142875.5864031,PC1,0,29,0.47026,2.95013,0.44344,0.0001098131833714433
1773142875.5864031,PC1,0,30,0.27663,2.97256,0.19445,2.596474405436311e-05
1773142875.5864031,PC1,0,31,0.46412,3.04221,-0.00021,0.00042552148806862533
1773142875.5864031,PC1,0,32,0.3352,3.0443,-0.29921,0.000141383774462156
1773142875.5864031,PC1,0,Angle_Elbow_L,102.0,,,
1773142875.5864031,PC1,0,Angle_Elbow_R,151.57,,,
1773142875.5864031,PC1,0,Angle_Shoulder_L,107.88,,,
1773142875.5864031,PC1,0,Angle_Shoulder_R,144.65,,,
1773142875.5864031,PC1,0,Length_UpperArm_L,0.2893,,,
1773142875.5864031,PC1,0,Length_LowerArm_L,0.4213,,,
1773142875.5864031,PC1,0,Length_UpperArm_R,0.3348,,,
1773142875.5864031,PC1,0,Length_LowerArm_R,0.2851,,,
1773142875.5864031,PC1,0,Width_Shoulder,0.3594,,,
1773142875.635526,PC1,0,0,0.61488,0.56357,-0.28829,0.9999977946281433
1773142875.635526,PC1,0,1,0.62716,0.52406,-0.24659,0.9999957084655762
1773142875.635526,PC1,0,2,0.63553,0.52465,-0.24636,0.9999962449073792
1773142875.635526,PC1,0,3,0.64263,0.52555,-0.24601,0.9999958872795105
1773142875.635526,PC1,0,4,0.59881,0.52263,-0.2737,0.9999954700469971
1773142875.635526,PC1,0,5,0.58668,0.52299,-0.27329,0.9999958872795105
1773142875.635526,PC1,0,6,0.57404,0.52473,-0.27341,0.9999946355819702
1773142875.635526,PC1,0,7,0.64313,0.54058,-0.01835,0.9999960660934448
1773142875.635526,PC1,0,8,0.54763,0.54591,-0.1395,0.9999975562095642
1773142875.635526,PC1,0,9,0.62486,0.60951,-0.20361,0.9999953508377075
1773142875.635526,PC1,0,10,0.59269,0.61071,-0.23886,0.9999968409538269
1773142875.635526,PC1,0,11,0.70084,0.74374,0.13222,0.9999653100967407
1773142875.635526,PC1,0,12,0.48369,0.76776,-0.15335,0.9997351169586182
1773142875.635526,PC1,0,13,0.84719,0.8872,-0.07194,0.9925159811973572
1773142875.635526,PC1,0,14,0.49999,1.07028,-0.31218,0.5762269496917725
1773142875.635526,PC1,0,15,0.85365,0.60698,-0.3835,0.9986956119537354
1773142875.635526,PC1,0,16,0.59201,1.23694,-0.52551,0.5468810796737671
1773142875.635526,PC1,0,17,0.85505,0.50703,-0.4652,0.9966317415237427
1773142875.635526,PC1,0,18,0.61265,1.31876,-0.56934,0.6554136872291565
1773142875.635526,PC1,0,19,0.83618,0.48521,-0.41861,0.9966679811477661
1773142875.635526,PC1,0,20,0.62608,1.28279,-0.5996,0.7217298746109009
1773142875.635526,PC1,0,21,0.83096,0.51936,-0.382,0.9964636564254761
1773142875.635526,PC1,0,22,0.61996,1.25598,-0.54277,0.7446407675743103
1773142875.635526,PC1,0,23,0.42179,1.62616,0.01525,0.02953254245221615
1773142875.635526,PC1,0,24,0.19414,1.66921,-0.01183,0.014579370617866516
1773142875.635526,PC1,0,25,0.44334,2.26043,-0.02372,0.001387622207403183
1773142875.635526,PC1,0,26,0.24156,2.30596,-0.12615,0.0006022289162501693
1773142875.635526,PC1,0,27,0.46971,2.84876,0.42678,7.770535012241453e-05
1773142875.635526,PC1,0,28,0.28028,2.87366,0.18381,9.382218195241876e-06
1773142875.635526,PC1,0,29,0.47026,2.95013,0.44344,0.00010546897101448849
1773142875.635526,PC1,0,30,0.27663,2.97256,0.19445,2.545376082707662e-05
1773142875.635526,PC1,0,31,0.46412,3.04221,-0.00021,0.00041280145524069667
1773142875.635526,PC1,0,32,0.3352,3.0443,-0.29921,0.00013886280066799372
1773142875.635526,PC1,0,Angle_Elbow_L,101.59,,,
1773142875.635526,PC1,0,Angle_Elbow_R,151.31,,,
1773142875.635526,PC1,0,Angle_Shoulder_L,108.03,,,
1773142875.635526,PC1,0,Angle_Shoulder_R,145.28,,,
1773142875.635526,PC1,0,Length_UpperArm_L,0.2893,,,
1773142875.635526,PC1,0,Length_LowerArm_L,0.4191,,,
1773142875.635526,PC1,0,Length_UpperArm_R,0.3421,,,
1773142875.635526,PC1,0,Length_LowerArm_R,0.2859,,,
1773142875.635526,PC1,0,Width_Shoulder,0.3596,,,
1773142875.6852999,PC1,0,0,0.61277,0.56378,-0.29173,0.9999979138374329
1773142875.6852999,PC1,0,1,0.62534,0.52387,-0.25184,0.9999957084655762
1773142875.6852999,PC1,0,2,0.63342,0.5244,-0.25162,0.9999962449073792
1773142875.6852999,PC1,0,3,0.64055,0.52531,-0.2513,0.9999958872795105
1773142875.6852999,PC1,0,4,0.59709,0.52268,-0.27585,0.9999954700469971
1773142875.6852999,PC1,0,5,0.5847,0.5232,-0.27543,0.9999958872795105
1773142875.6852999,PC1,0,6,0.57215,0.52505,-0.27556,0.9999946355819702
1773142875.6852999,PC1,0,7,0.6426,0.54042,-0.02988,0.9999960064888
1773142875.6852999,PC1,0,8,0.54738,0.5461,-0.13819,0.9999975562095642
1773142875.6852999,PC1,0,9,0.62352,0.60951,-0.209,0.999995231628418
1773142875.6852999,PC1,0,10,0.59063,0.61108,-0.24075,0.9999968409538269
1773142875.6852999,PC1,0,11,0.70111,0.74505,0.11902,0.9999635815620422
1773142875.6852999,PC1,0,12,0.48479,0.76769,-0.14127,0.9997237920761108
1773142875.6852999,PC1,0,13,0.84673,0.89134,-0.091,0.9915084838867188
1773142875.6852999,PC1,0,14,0.49922,1.06998,-0.27888,0.5482891798019409
1773142875.6852999,PC1,0,15,0.85621,0.61182,-0.39418,0.9985156059265137
1773142875.6852999,PC1,0,16,0.58416,1.2527,-0.49324,0.5336784720420837
1773142875.6852999,PC1,0,17,0.86019,0.51005,-0.47551,0.9962413907051086
1773142875.6852999,PC1,0,18,0.59988,1.33622,-0.53524,0.6456494927406311
1773142875.6852999,PC1,0,19,0.84124,0.48706,-0.42833,0.9963154792785645
1773142875.6852999,PC1,0,20,0.61414,1.30227,-0.57284,0.7133440971374512
1773142875.6852999,PC1,0,21,0.83527,0.52423,-0.39221,0.9961346983909607
1773142875.6852999,PC1,0,22,0.61059,1.27463,-0.51398,0.7357922792434692
1773142875.6852999,PC1,0,23,0.42179,1.62616,0.01525,0.02754972130060196
1773142875.6852999,PC1,0,24,0.19414,1.66921,-0.01183,0.013560176827013493
1773142875.6852999,PC1,0,25,0.44334,2.26043,-0.02372,0.0012838098919019103
1773142875.6852999,PC1,0,26,0.24156,2.30596,-0.12615,0.0005447842995636165
1773142875.6852999,PC1,0,27,0.46971,2.84876,0.42678,7.302600715775043e-05
1773142875.6852999,PC1,0,28,0.28028,2.87366,0.18381,8.589006938564125e-06
1773142875.6852999,PC1,0,29,0.47026,2.95013,0.44344,0.00010061628563562408
1773142875.6852999,PC1,0,30,0.27663,2.97256,0.19445,2.3008147763903253e-05
1773142875.6852999,PC1,0,31,0.46412,3.04221,-0.00021,0.0003867332125082612
1773142875.6852999,PC1,0,32,0.3352,3.0443,-0.29921,0.00012929462536703795
1773142875.6852999,PC1,0,Angle_Elbow_L,101.47,,,
1773142875.6852999,PC1,0,Angle_Elbow_R,151.51,,,
1773142875.6852999,PC1,0,Angle_Shoulder_L,108.23,,,
1773142875.6852999,PC1,0,Angle_Shoulder_R,147.9,,,
1773142875.6852999,PC1,0,Length_UpperArm_L,0.2945,,,
1773142875.6852999,PC1,0,Length_LowerArm_L,0.4125,,,
1773142875.6852999,PC1,0,Length_UpperArm_R,0.3325,,,
1773142875.6852999,PC1,0,Length_LowerArm_R,0.2942,,,
1773142875.6852999,PC1,0,Width_Shoulder,0.3392,,,
1773142875.784738,PC1,0,0,0.61241,0.56399,-0.29087,0.9999980330467224
1773142875.784738,PC1,0,1,0.62504,0.524,-0.25102,0.9999958872795105
1773142875.784738,PC1,0,2,0.63304,0.52452,-0.25079,0.9999963641166687
1773142875.784738,PC1,0,3,0.64019,0.52546,-0.25048,0.9999960660934448
1773142875.784738,PC1,0,4,0.59686,0.52278,-0.27501,0.9999956488609314
1773142875.784738,PC1,0,5,0.5844,0.52326,-0.27459,0.9999960064888
1773142875.784738,PC1,0,6,0.57187,0.52508,-0.2747,0.9999948143959045
1773142875.784738,PC1,0,7,0.6424,0.54058,-0.02976,0.9999961256980896
1773142875.784738,PC1,0,8,0.54712,0.5461,-0.13792,0.999997615814209
1773142875.784738,PC1,0,9,0.62323,0.60961,-0.20847,0.9999953508377075
1773142875.784738,PC1,0,10,0.59019,0.61119,-0.24013,0.9999969601631165
1773142875.784738,PC1,0,11,0.701,0.74524,0.11752,0.9999642372131348
1773142875.784738,PC1,0,12,0.48486,0.76753,-0.14064,0.999723494052887
1773142875.784738,PC1,0,13,0.84646,0.8922,-0.09271,0.9917057752609253
1773142875.784738,PC1,0,14,0.49768,1.06567,-0.27974,0.5439742207527161
1773142875.784738,PC1,0,15,0.85633,0.61521,-0.39669,0.9985538721084595
1773142875.784738,PC1,0,16,0.5867,1.24613,-0.4897,0.5295786261558533
1773142875.784738,PC1,0,17,0.86046,0.51324,-0.47869,0.996359646320343
1773142875.784738,PC1,0,18,0.60396,1.32818,-0.5309,0.6451420187950134
1773142875.784738,PC1,0,19,0.84117,0.49055,-0.43197,0.9964302182197571
1773142875.784738,PC1,0,20,0.61768,1.29306,-0.57091,0.7130870223045349
1773142875.784738,PC1,0,21,0.83462,0.52967,-0.39489,0.996257483959198
1773142875.784738,PC1,0,22,0.61335,1.26599,-0.51136,0.7359403967857361
1773142875.784738,PC1,0,23,0.42179,1.62616,0.01525,0.02740013599395752
1773142875.784738,PC1,0,24,0.19414,1.66921,-0.01183,0.013400503434240818
1773142875.784738,PC1,0,25,0.44334,2.26043,-0.02372,0.0012563664931803942
1773142875.784738,PC1,0,26,0.24156,2.30596,-0.12615,0.0005323712830431759
1773142875.784738,PC1,0,27,0.46971,2.84876,0.42678,7.052971341181546e-05
1773142875.784738,PC1,0,28,0.28028,2.87366,0.18381,8.315679224324413e-06
1773142875.784738,PC1,0,29,0.47026,2.95013,0.44344,9.796104131964967e-05
1773142875.784738,PC1,0,30,0.27663,2.97256,0.19445,2.2254393115872517e-05
1773142875.784738,PC1,0,31,0.46412,3.04221,-0.00021,0.00037659500958397985
1773142875.784738,PC1,0,32,0.3352,3.0443,-0.29921,0.00012665681424550712
1773142875.784738,PC1,0,Angle_Elbow_L,101.72,,,
1773142875.784738,PC1,0,Angle_Elbow_R,151.5,,,
1773142875.784738,PC1,0,Angle_Shoulder_L,108.32,,,
1773142875.784738,PC1,0,Angle_Shoulder_R,147.63,,,
1773142875.784738,PC1,0,Length_UpperArm_L,0.2949,,,
1773142875.784738,PC1,0,Length_LowerArm_L,0.4114,,,
1773142875.784738,PC1,0,Length_UpperArm_R,0.3292,,,
1773142875.784738,PC1,0,Length_LowerArm_R,0.2908,,,
1773142875.784738,PC1,0,Width_Shoulder,0.3374,,,
1773142875.834904,PC1,0,0,0.6121,0.56419,-0.28934,0.9999979138374329
1773142875.834904,PC1,0,1,0.62483,0.52395,-0.2495,0.9999954104423523
1773142875.834904,PC1,0,2,0.63273,0.52451,-0.24928,0.9999958872795105
1773142875.834904,PC1,0,3,0.63986,0.52557,-0.24897,0.9999955892562866
1773142875.834904,PC1,0,4,0.59677,0.52276,-0.27368,0.9999951124191284
1773142875.834904,PC1,0,5,0.58422,0.52315,-0.27325,0.9999954104423523
1773142875.834904,PC1,0,6,0.57164,0.52487,-0.27335,0.999994158744812
1773142875.834904,PC1,0,7,0.64218,0.54079,-0.03036,0.9999954700469971
1773142875.834904,PC1,0,8,0.54686,0.54575,-0.13889,0.9999972581863403
1773142875.834904,PC1,0,9,0.62285,0.60955,-0.20741,0.999994695186615
1773142875.834904,PC1,0,10,0.59,0.61106,-0.23913,0.9999966025352478
1773142875.834904,PC1,0,11,0.70083,0.74582,0.1113,0.9999603629112244
1773142875.834904,PC1,0,12,0.48478,0.76729,-0.13864,0.9997005462646484
1773142875.834904,PC1,0,13,0.8455,0.89398,-0.1084,0.991351842880249
1773142875.834904,PC1,0,14,0.49425,1.05587,-0.26735,0.5208870768547058
1773142875.834904,PC1,0,15,0.85638,0.6194,-0.42204,0.9984842538833618
1773142875.834904,PC1,0,16,0.58,1.27192,-0.47413,0.5081250071525574
1773142875.834904,PC1,0,17,0.86092,0.51423,-0.50403,0.9962412118911743
1773142875.834904,PC1,0,18,0.59526,1.35865,-0.51361,0.6286696791648865
1773142875.834904,PC1,0,19,0.84162,0.49108,-0.4575,0.9963216781616211
1773142875.834904,PC1,0,20,0.60939,1.33022,-0.55296,0.6992334127426147
1773142875.834904,PC1,0,21,0.83445,0.53232,-0.42044,0.9961531162261963
1773142875.834904,PC1,0,22,0.60597,1.30047,-0.49538,0.7236801981925964
1773142875.834904,PC1,0,23,0.42179,1.62616,0.01525,0.026372678577899933
1773142875.834904,PC1,0,24,0.19414,1.66921,-0.01183,0.012984195724129677
1773142875.834904,PC1,0,25,0.44334,2.26043,-0.02372,0.0012121821055188775
1773142875.834904,PC1,0,26,0.24156,2.30596,-0.12615,0.0005042736302129924
1773142875.834904,PC1,0,27,0.46971,2.84876,0.42678,6.636704347329214e-05
1773142875.834904,PC1,0,28,0.28028,2.87366,0.18381,7.897366231190972e-06
1773142875.834904,PC1,0,29,0.47026,2.95013,0.44344,9.343165584141389e-05
1773142875.834904,PC1,0,30,0.27663,2.97256,0.19445,2.1370320610003546e-05
1773142875.834904,PC1,0,31,0.46412,3.04221,-0.00021,0.0003603115619625896
1773142875.834904,PC1,0,32,0.3352,3.0443,-0.29921,0.00012405554298311472
1773142875.834904,PC1,0,Angle_Elbow_L,103.69,,,
1773142875.834904,PC1,0,Angle_Elbow_R,155.9,,,
1773142875.834904,PC1,0,Angle_Shoulder_L,108.03,,,
1773142875.834904,PC1,0,Angle_Shoulder_R,148.61,,,
1773142875.834904,PC1,0,Length_UpperArm_L,0.3019,,,
1773142875.834904,PC1,0,Length_LowerArm_L,0.417,,,
1773142875.834904,PC1,0,Length_UpperArm_R,0.3161,,,
1773142875.834904,PC1,0,Length_LowerArm_R,0.3111,,,
1773142875.834904,PC1,0,Width_Shoulder,0.3311,,,
1773142875.8852532,PC1,0,0,0.61207,0.5641,-0.28859,0.9999979138374329
1773142875.8852532,PC1,0,1,0.62474,0.52384,-0.24837,0.9999952912330627
1773142875.8852532,PC1,0,2,0.63259,0.52442,-0.24816,0.999995768070221
1773142875.8852532,PC1,0,3,0.63969,0.52553,-0.24785,0.9999955296516418
1773142875.8852532,PC1,0,4,0.59676,0.52269,-0.27302,0.9999950528144836
1773142875.8852532,PC1,0,5,0.5842,0.52307,-0.27259,0.9999953508377075
1773142875.8852532,PC1,0,6,0.57161,0.52477,-0.27269,0.9999940991401672
1773142875.8852532,PC1,0,7,0.642,0.54084,-0.02808,0.9999952912330627
1773142875.8852532,PC1,0,8,0.54681,0.54564,-0.13917,0.9999971985816956
1773142875.8852532,PC1,0,9,0.62275,0.60946,-0.20658,0.9999944567680359
1773142875.8852532,PC1,0,10,0.5901,0.61097,-0.23873,0.9999964833259583
1773142875.8852532,PC1,0,11,0.70079,0.74602,0.11376,0.9999586343765259
1773142875.8852532,PC1,0,12,0.48473,0.76807,-0.13924,0.9996713399887085
1773142875.8852532,PC1,0,13,0.84518,0.89358,-0.10155,0.991264820098877
1773142875.8852532,PC1,0,14,0.49781,1.0655,-0.26477,0.5057272911071777
1773142875.8852532,PC1,0,15,0.85632,0.61524,-0.40436,0.998428463935852
1773142875.8852532,PC1,0,16,0.58,1.27192,-0.47413,0.49223992228507996
1773142875.8852532,PC1,0,17,0.86064,0.50899,-0.48536,0.9960750341415405
1773142875.8852532,PC1,0,18,0.59484,1.36491,-0.51112,0.613742470741272
1773142875.8852532,PC1,0,19,0.8416,0.48705,-0.43777,0.9961662292480469
1773142875.8852532,PC1,0,20,0.60871,1.33746,-0.54858,0.6858700513839722
1773142875.8852532,PC1,0,21,0.8344,0.52722,-0.40224,0.9959850907325745
1773142875.8852532,PC1,0,22,0.60551,1.3074,-0.49154,0.7108466029167175
1773142875.8852532,PC1,0,23,0.42179,1.62616,0.01525,0.025735266506671906
1773142875.8852532,PC1,0,24,0.19414,1.66921,-0.01183,0.012538488954305649
1773142875.8852532,PC1,0,25,0.44334,2.26043,-0.02372,0.0012133907293900847
1773142875.8852532,PC1,0,26,0.24156,2.30596,-0.12615,0.0004968018620274961
1773142875.8852532,PC1,0,27,0.46971,2.84876,0.42678,6.645403482252732e-05
1773142875.8852532,PC1,0,28,0.28028,2.87366,0.18381,7.827158697182313e-06
1773142875.8852532,PC1,0,29,0.47026,2.95013,0.44344,9.321903780801222e-05
1773142875.8852532,PC1,0,30,0.27663,2.97256,0.19445,2.138304989784956e-05
1773142875.8852532,PC1,0,31,0.46412,3.04221,-0.00021,0.000358033983502537
1773142875.8852532,PC1,0,32,0.3352,3.0443,-0.29921,0.0001236852549482137
1773142875.8852532,PC1,0,Angle_Elbow_L,102.1,,,
1773142875.8852532,PC1,0,Angle_Shoulder_L,108.21,,,
1773142875.8852532,PC1,0,Angle_Shoulder_R,149.14,,,
1773142875.8852532,PC1,0,Length_UpperArm_L,0.2983,,,
1773142875.8852532,PC1,0,Length_LowerArm_L,0.4115,,,
1773142875.8852532,PC1,0,Length_UpperArm_R,0.3231,,,
1773142875.8852532,PC1,0,Width_Shoulder,0.3334,,,
1773142875.9343889,PC1,0,0,0.61209,0.56412,-0.28623,0.9999979734420776
1773142875.9343889,PC1,0,1,0.62473,0.5239,-0.24599,0.9999954104423523
1773142875.9343889,PC1,0,2,0.63254,0.52449,-0.24577,0.9999958872795105
1773142875.9343889,PC1,0,3,0.63963,0.52562,-0.24547,0.9999956488609314
1773142875.9343889,PC1,0,4,0.59682,0.52269,-0.27053,0.9999951720237732
1773142875.9343889,PC1,0,5,0.58427,0.52301,-0.2701,0.9999954700469971
1773142875.9343889,PC1,0,6,0.57168,0.52465,-0.27019,0.9999942779541016
1773142875.9343889,PC1,0,7,0.64193,0.54105,-0.02567,0.9999954104423523
1773142875.9343889,PC1,0,8,0.54678,0.54554,-0.1362,0.9999972581863403
1773142875.9343889,PC1,0,9,0.62267,0.60954,-0.20433,0.9999944567680359
1773142875.9343889,PC1,0,10,0.59021,0.61093,-0.23619,0.999996542930603
1773142875.9343889,PC1,0,11,0.70077,0.7461,0.11637,0.9999572038650513
1773142875.9343889,PC1,0,12,0.48474,0.76864,-0.13724,0.9996715188026428
1773142875.9343889,PC1,0,13,0.84483,0.8933,-0.09656,0.9906972050666809
1773142875.9343889,PC1,0,14,0.49733,1.06483,-0.26742,0.5068224668502808
1773142875.9343889,PC1,0,15,0.85573,0.61528,-0.3958,0.9983348846435547
1773142875.9343889,PC1,0,16,0.58,1.27192,-0.47413,0.4954450726509094
1773142875.9343889,PC1,0,17,0.86026,0.50816,-0.47648,0.9959042072296143
1773142875.9343889,PC1,0,18,0.59671,1.34152,-0.52033,0.6169767379760742
1773142875.9343889,PC1,0,19,0.84128,0.48509,-0.4281,0.9959915280342102
1773142875.9343889,PC1,0,20,0.60973,1.31061,-0.55384,0.6882434487342834
1773142875.9343889,PC1,0,21,0.83383,0.52681,-0.39344,0.9958246350288391
1773142875.9343889,PC1,0,22,0.61138,1.25585,-0.49764,0.7123672366142273
1773142875.9343889,PC1,0,23,0.42179,1.62616,0.01525,0.025858957320451736
1773142875.9343889,PC1,0,24,0.19414,1.66921,-0.01183,0.012597212567925453
1773142875.9343889,PC1,0,25,0.44334,2.26043,-0.02372,0.0012038055574521422
1773142875.9343889,PC1,0,26,0.24156,2.30596,-0.12615,0.0004942887462675571
1773142875.9343889,PC1,0,27,0.46971,2.84876,0.42678,6.777480302844197e-05
1773142875.9343889,PC1,0,28,0.28028,2.87366,0.18381,7.873948561609723e-06
1773142875.9343889,PC1,0,29,0.47026,2.95013,0.44344,9.493511606706306e-05
1773142875.9343889,PC1,0,30,0.27663,2.97256,0.19445,2.1031377400504425e-05
1773142875.9343889,PC1,0,31,0.46412,3.04221,-0.00021,0.00036298477789387107
1773142875.9343889,PC1,0,32,0.3352,3.0443,-0.29921,0.0001238358236150816
1773142875.9343889,PC1,0,Angle_Elbow_L,101.61,,,
1773142875.9343889,PC1,0,Angle_Shoulder_L,108.41,,,
1773142875.9343889,PC1,0,Angle_Shoulder_R,148.67,,,
1773142875.9343889,PC1,0,Length_UpperArm_L,0.2962,,,
1773142875.9343889,PC1,0,Length_LowerArm_L,0.4086,,,
1773142875.9343889,PC1,0,Length_UpperArm_R,0.3238,,,
1773142875.9343889,PC1,0,Width_Shoulder,0.3339,,,
1773142875.9840908,PC1,0,0,0.61242,0.56402,-0.28643,0.9999980330467224
1773142875.9840908,PC1,0,1,0.62476,0.52371,-0.24596,0.9999955296516418
1773142875.9840908,PC1,0,2,0.63254,0.52428,-0.24573,0.9999960064888
1773142875.9840908,PC1,0,3,0.63961,0.52543,-0.24542,0.999995768070221
1773142875.9840908,PC1,0,4,0.59693,0.52264,-0.27098,0.9999952912330627
1773142875.9840908,PC1,0,5,0.58437,0.52297,-0.27054,0.9999955892562866
1773142875.9840908,PC1,0,6,0.57176,0.52458,-0.27063,0.9999943971633911
1773142875.9840908,PC1,0,7,0.64186,0.54108,-0.02502,0.9999955296516418
1773142875.9840908,PC1,0,8,0.5468,0.54572,-0.13782,0.9999973177909851
1773142875.9840908,PC1,0,9,0.62295,0.60947,-0.20443,0.9999945759773254
1773142875.9840908,PC1,0,10,0.59079,0.61089,-0.23688,0.9999966025352478
1773142875.9840908,PC1,0,11,0.70075,0.7462,0.11655,0.9999591112136841
1773142875.9840908,PC1,0,12,0.48482,0.76924,-0.13835,0.9996750354766846
1773142875.9840908,PC1,0,13,0.845,0.8926,-0.09612,0.9909708499908447
1773142875.9840908,PC1,0,14,0.49733,1.06483,-0.26742,0.49601393938064575
1773142875.9840908,PC1,0,15,0.85393,0.61486,-0.39047,0.9983568787574768
1773142875.9840908,PC1,0,16,0.58,1.27192,-0.47413,0.48296332359313965
1773142875.9840908,PC1,0,17,0.85858,0.50591,-0.47143,0.9959218502044678
1773142875.9840908,PC1,0,18,0.59499,1.35395,-0.51912,0.6063082218170166
1773142875.9840908,PC1,0,19,0.83993,0.48329,-0.42388,0.996016263961792
1773142875.9840908,PC1,0,20,0.60849,1.32511,-0.55427,0.6789253354072571
1773142875.9840908,PC1,0,21,0.83214,0.52621,-0.38884,0.9958335161209106
1773142875.9840908,PC1,0,22,0.61122,1.27313,-0.49756,0.703618049621582
1773142875.9840908,PC1,0,23,0.42179,1.62616,0.01525,0.026277385652065277
1773142875.9840908,PC1,0,24,0.19414,1.66921,-0.01183,0.012671828269958496
1773142875.9840908,PC1,0,25,0.44334,2.26043,-0.02372,0.0012303342809900641
1773142875.9840908,PC1,0,26,0.24156,2.30596,-0.12615,0.0005075122462585568
1773142875.9840908,PC1,0,27,0.46971,2.84876,0.42678,7.052549335639924e-05
1773142875.9840908,PC1,0,28,0.28028,2.87366,0.18381,8.089799848676194e-06
1773142875.9840908,PC1,0,29,0.47026,2.95013,0.44344,9.740127279656008e-05
1773142875.9840908,PC1,0,30,0.27663,2.97256,0.19445,2.132159897882957e-05
1773142875.9840908,PC1,0,31,0.46412,3.04221,-0.00021,0.0003885203041136265
1773142875.9840908,PC1,0,32,0.3352,3.0443,-0.29921,0.00012731172319035977
1773142875.9840908,PC1,0,Angle_Elbow_L,101.19,,,
1773142875.9840908,PC1,0,Angle_Shoulder_L,108.24,,,
1773142875.9840908,PC1,0,Length_UpperArm_L,0.2958,,,
1773142875.9840908,PC1,0,Length_LowerArm_L,0.4048,,,
1773142875.9840908,PC1,0,Width_Shoulder,0.3349,,,
1773142876.034233,PC1,0,0,0.61267,0.56398,-0.28756,0.9999979734420776
1773142876.034233,PC1,0,1,0.62471,0.52363,-0.24686,0.9999954700469971
1773142876.034233,PC1,0,2,0.63242,0.52418,-0.24662,0.9999959468841553
1773142876.034233,PC1,0,3,0.63945,0.52531,-0.24632,0.9999957084655762
1773142876.034233,PC1,0,4,0.597,0.52263,-0.27202,0.9999951720237732
1773142876.034233,PC1,0,5,0.58445,0.52293,-0.27158,0.9999954104423523
1773142876.034233,PC1,0,6,0.57183,0.52452,-0.27167,0.999994158744812
1773142876.034233,PC1,0,7,0.64176,0.54107,-0.0246,0.9999955296516418
1773142876.034233,PC1,0,8,0.54682,0.54585,-0.1387,0.9999972581863403
1773142876.034233,PC1,0,9,0.62316,0.60943,-0.20503,0.9999944567680359
1773142876.034233,PC1,0,10,0.59124,0.61088,-0.23767,0.9999964237213135
1773142876.034233,PC1,0,11,0.70077,0.74616,0.11649,0.9999598860740662
1773142876.034233,PC1,0,12,0.4849,0.76967,-0.13686,0.999657928943634
1773142876.034233,PC1,0,13,0.84693,0.89025,-0.10356,0.9912629127502441
1773142876.034233,PC1,0,14,0.49733,1.06483,-0.26742,0.4879292845726013
1773142876.034233,PC1,0,15,0.85122,0.61299,-0.40652,0.9984128475189209
1773142876.034233,PC1,0,16,0.58,1.27192,-0.47413,0.479699045419693
1773142876.034233,PC1,0,17,0.85579,0.50219,-0.48845,0.9960356950759888
1773142876.034233,PC1,0,18,0.59018,1.3628,-0.51845,0.6041604280471802
1773142876.034233,PC1,0,19,0.83761,0.47984,-0.43831,0.9961310029029846
1773142876.034233,PC1,0,20,0.60374,1.33489,-0.55422,0.6777689456939697
1773142876.034233,PC1,0,21,0.8298,0.52319,-0.40367,0.9959347248077393
1773142876.034233,PC1,0,22,0.60585,1.28205,-0.4972,0.7023150324821472
1773142876.034233,PC1,0,23,0.42179,1.62616,0.01525,0.025549428537487984
1773142876.034233,PC1,0,24,0.19414,1.66921,-0.01183,0.012344663962721825
1773142876.034233,PC1,0,25,0.44334,2.26043,-0.02372,0.0011763549409806728
1773142876.034233,PC1,0,26,0.24156,2.30596,-0.12615,0.000480221351608634
1773142876.034233,PC1,0,27,0.46971,2.84876,0.42678,6.72282330924645e-05
1773142876.034233,PC1,0,28,0.28028,2.87366,0.18381,7.743728929199278e-06
1773142876.034233,PC1,0,29,0.47026,2.95013,0.44344,9.346344450023025e-05
1773142876.034233,PC1,0,30,0.27663,2.97256,0.19445,2.0533550923573785e-05
1773142876.034233,PC1,0,31,0.46412,3.04221,-0.00021,0.00037283863639459014
1773142876.034233,PC1,0,32,0.3352,3.0443,-0.29921,0.00012235708709340543
1773142876.034233,PC1,0,Angle_Elbow_L,102.78,,,
1773142876.034233,PC1,0,Angle_Shoulder_L,107.37,,,
1773142876.034233,PC1,0,Length_UpperArm_L,0.3009,,,
1773142876.034233,PC1,0,Length_LowerArm_L,0.4107,,,
1773142876.034233,PC1,0,Width_Shoulder,0.3337,,,
1773142876.084144,PC1,0,0,0.61288,0.56398,-0.28843,0.999997615814209
1773142876.084144,PC1,0,1,0.62472,0.52354,-0.24757,0.9999947547912598
1773142876.084144,PC1,0,2,0.6324,0.52409,-0.24733,0.9999953508377075
1773142876.084144,PC1,0,3,0.63943,0.52521,-0.24704,0.9999951720237732
1773142876.084144,PC1,0,4,0.59707,0.52262,-0.27281,0.9999943971633911
1773142876.084144,PC1,0,5,0.58453,0.52296,-0.27238,0.9999946355819702
1773142876.084144,PC1,0,6,0.57188,0.5246,-0.27247,0.9999931454658508
1773142876.084144,PC1,0,7,0.64177,0.54105,-0.02458,0.9999949932098389
1773142876.084144,PC1,0,8,0.54684,0.54597,-0.13857,0.9999967813491821
1773142876.084144,PC1,0,9,0.62337,0.60944,-0.20548,0.9999937415122986
1773142876.084144,PC1,0,10,0.59159,0.61095,-0.23812,0.9999958872795105
1773142876.084144,PC1,0,11,0.70078,0.74606,0.11581,0.9999593496322632
1773142876.084144,PC1,0,12,0.48501,0.77,-0.13533,0.9996362924575806
1773142876.084144,PC1,0,13,0.84919,0.88802,-0.10961,0.9914767742156982
1773142876.084144,PC1,0,14,0.49733,1.06483,-0.26742,0.4788110852241516
1773142876.084144,PC1,0,15,0.84687,0.61155,-0.41574,0.9983801245689392
1773142876.084144,PC1,0,16,0.58,1.27192,-0.47413,0.4652414619922638
1773142876.084144,PC1,0,17,0.85043,0.4992,-0.49812,0.9958688616752625
1773142876.084144,PC1,0,18,0.59096,1.367,-0.51186,0.5878326296806335
1773142876.084144,PC1,0,19,0.83314,0.47725,-0.4468,0.995954155921936
1773142876.084144,PC1,0,20,0.60434,1.33913,-0.54732,0.6614842414855957
1773142876.084144,PC1,0,21,0.82501,0.52095,-0.41216,0.9957373142242432
1773142876.084144,PC1,0,22,0.60499,1.28797,-0.4905,0.6863910555839539
1773142876.084144,PC1,0,23,0.42179,1.62616,0.01525,0.026022225618362427
1773142876.084144,PC1,0,24,0.19414,1.66921,-0.01183,0.012514278292655945
1773142876.084144,PC1,0,25,0.44334,2.26043,-0.02372,0.0011562459403648973
1773142876.084144,PC1,0,26,0.24156,2.30596,-0.12615,0.0004729618376586586
1773142876.084144,PC1,0,27,0.46971,2.84876,0.42678,6.695649062748998e-05
1773142876.084144,PC1,0,28,0.28028,2.87366,0.18381,7.880216799094342e-06
1773142876.084144,PC1,0,29,0.47026,2.95013,0.44344,9.303975093644112e-05
1773142876.084144,PC1,0,30,0.27663,2.97256,0.19445,2.0977535314159468e-05
1773142876.084144,PC1,0,31,0.46412,3.04221,-0.00021,0.00036791100865229964
1773142876.084144,PC1,0,32,0.3352,3.0443,-0.29921,0.00012151377450209111
1773142876.084144,PC1,0,Angle_Elbow_L,103.52,,,
1773142876.084144,PC1,0,Angle_Shoulder_L,106.61,,,
1773142876.084144,PC1,0,Length_UpperArm_L,0.3049,,,
1773142876.084144,PC1,0,Length_LowerArm_L,0.4125,,,
1773142876.084144,PC1,0,Width_Shoulder,0.332,,,
1773142876.295754,PC1,0,0,0.6135,0.56446,-0.29245,0.9999967217445374
1773142876.295754,PC1,0,1,0.62502,0.52413,-0.25008,0.9999929666519165
1773142876.295754,PC1,0,2,0.63279,0.52494,-0.24983,0.9999938607215881
1773142876.295754,PC1,0,3,0.63982,0.5262,-0.24955,0.9999934434890747
1773142876.295754,PC1,0,4,0.59755,0.52284,-0.27616,0.9999926686286926
1773142876.295754,PC1,0,5,0.58511,0.52308,-0.27577,0.9999932646751404
1773142876.295754,PC1,0,6,0.57226,0.52469,-0.27587,0.999991238117218
1773142876.295754,PC1,0,7,0.64113,0.54186,-0.02179,0.9999935626983643
1773142876.295754,PC1,0,8,0.5468,0.5461,-0.1376,0.9999959468841553
1773142876.295754,PC1,0,9,0.62355,0.61,-0.2079,0.999991774559021
1773142876.295754,PC1,0,10,0.59248,0.61102,-0.24147,0.9999943375587463
1773142876.295754,PC1,0,11,0.69986,0.74513,0.10656,0.9999552369117737
1773142876.295754,PC1,0,12,0.4846,0.7714,-0.13009,0.9995905160903931
1773142876.295754,PC1,0,13,0.85477,0.86663,-0.13097,0.9922899007797241
1773142876.295754,PC1,0,14,0.48836,1.04505,-0.30803,0.5196831822395325
1773142876.295754,PC1,0,15,0.81338,0.60146,-0.42873,0.9984562993049622
1773142876.295754,PC1,0,16,0.58,1.27192,-0.47413,0.48451900482177734
1773142876.295754,PC1,0,17,0.80291,0.49213,-0.50688,0.9956878423690796
1773142876.295754,PC1,0,18,0.60372,1.27259,-0.5309,0.5851659178733826
1773142876.295754,PC1,0,19,0.7854,0.47713,-0.44174,0.9956846833229065
1773142876.295754,PC1,0,20,0.61232,1.23797,-0.55301,0.6547012329101562
1773142876.295754,PC1,0,21,0.77962,0.51934,-0.41761,0.9954594969749451
1773142876.295754,PC1,0,22,0.60918,1.20624,-0.50184,0.6776391267776489
1773142876.295754,PC1,0,23,0.42179,1.62616,0.01525,0.030538760125637054
1773142876.295754,PC1,0,24,0.19414,1.66921,-0.01183,0.014969183132052422
1773142876.295754,PC1,0,25,0.44334,2.26043,-0.02372,0.0013167926808819175
1773142876.295754,PC1,0,26,0.24156,2.30596,-0.12615,0.0005184633191674948
1773142876.295754,PC1,0,27,0.46971,2.84876,0.42678,7.957471098052338e-05
1773142876.295754,PC1,0,28,0.28028,2.87366,0.18381,9.051968845597003e-06
1773142876.295754,PC1,0,29,0.47026,2.95013,0.44344,0.00010791114618768916
1773142876.295754,PC1,0,30,0.27663,2.97256,0.19445,2.44790680881124e-05
1773142876.295754,PC1,0,31,0.46412,3.04221,-0.00021,0.00037988307303749025
1773142876.295754,PC1,0,32,0.3352,3.0443,-0.29921,0.00012568199599627405
1773142876.295754,PC1,0,Angle_Elbow_L,105.04,,,
1773142876.295754,PC1,0,Angle_Shoulder_L,102.19,,,
1773142876.295754,PC1,0,Angle_Shoulder_R,141.91,,,
1773142876.295754,PC1,0,Length_UpperArm_L,0.3085,,,
1773142876.295754,PC1,0,Length_LowerArm_L,0.4009,,,
1773142876.295754,PC1,0,Length_UpperArm_R,0.3264,,,
1773142876.295754,PC1,0,Width_Shoulder,0.321,,,
1773142876.354856,PC1,0,0,0.61349,0.5643,-0.29906,0.9999955296516418
1773142876.354856,PC1,0,1,0.62496,0.52454,-0.25715,0.9999898076057434
1773142876.354856,PC1,0,2,0.63277,0.5255,-0.2569,0.9999909400939941
1773142876.354856,PC1,0,3,0.63986,0.52677,-0.25664,0.9999902844429016
1773142876.354856,PC1,0,4,0.59744,0.52294,-0.28296,0.9999898672103882
1773142876.354856,PC1,0,5,0.585,0.52312,-0.28261,0.9999908804893494
1773142876.354856,PC1,0,6,0.57219,0.52471,-0.28272,0.9999884366989136
1773142876.354856,PC1,0,7,0.64032,0.54228,-0.02923,0.9999911189079285
1773142876.354856,PC1,0,8,0.54632,0.54612,-0.14418,0.9999943375587463
1773142876.354856,PC1,0,9,0.6235,0.61027,-0.21464,0.9999892115592957
1773142876.354856,PC1,0,10,0.59273,0.61098,-0.24807,0.999992311000824
1773142876.354856,PC1,0,11,0.6982,0.73966,0.09116,0.9999493360519409
1773142876.354856,PC1,0,12,0.48436,0.77149,-0.12637,0.9995571970939636
1773142876.354856,PC1,0,13,0.85661,0.84597,-0.13997,0.9926296472549438
1773142876.354856,PC1,0,14,0.48758,1.03622,-0.30516,0.5061031579971313
1773142876.354856,PC1,0,15,0.78531,0.5951,-0.3892,0.9982930421829224
1773142876.354856,PC1,0,16,0.58,1.27192,-0.47413,0.4680786728858948
1773142876.354856,PC1,0,17,0.76682,0.49053,-0.45712,0.9947397708892822
1773142876.354856,PC1,0,18,0.58365,1.29306,-0.54712,0.5672516822814941
1773142876.354856,PC1,0,19,0.74995,0.48202,-0.38311,0.9947027564048767
1773142876.354856,PC1,0,20,0.59317,1.26808,-0.56856,0.637730598449707
1773142876.354856,PC1,0,21,0.74574,0.52264,-0.37247,0.9944189786911011
1773142876.354856,PC1,0,22,0.59228,1.23856,-0.51824,0.6602926254272461
1773142876.354856,PC1,0,23,0.42179,1.62616,0.01525,0.029895490035414696
1773142876.354856,PC1,0,24,0.19414,1.66921,-0.01183,0.014598054811358452
1773142876.354856,PC1,0,25,0.44334,2.26043,-0.02372,0.0013894621515646577
1773142876.354856,PC1,0,26,0.24156,2.30596,-0.12615,0.0005432958132587373
1773142876.354856,PC1,0,27,0.46971,2.84876,0.42678,8.091115887509659e-05
1773142876.354856,PC1,0,28,0.28028,2.87366,0.18381,9.697292625787668e-06
1773142876.354856,PC1,0,29,0.47026,2.95013,0.44344,0.00010875746374949813
1773142876.354856,PC1,0,30,0.27663,2.97256,0.19445,2.6745432478492148e-05
1773142876.354856,PC1,0,31,0.46412,3.04221,-0.00021,0.00039137472049333155
1773142876.354856,PC1,0,32,0.3352,3.0443,-0.29921,0.00012875793618150055
1773142876.354856,PC1,0,Angle_Elbow_L,100.47,,,
1773142876.354856,PC1,0,Angle_Shoulder_L,99.33,,,
1773142876.354856,PC1,0,Angle_Shoulder_R,140.81,,,
1773142876.354856,PC1,0,Length_UpperArm_L,0.2997,,,
1773142876.354856,PC1,0,Length_LowerArm_L,0.3607,,,
1773142876.354856,PC1,0,Length_UpperArm_R,0.3195,,,
1773142876.354856,PC1,0,Width_Shoulder,0.3067,,,
1773142876.40336,PC1,0,0,0.61567,0.56281,-0.30504,0.9999938011169434
1773142876.40336,PC1,0,1,0.62523,0.52342,-0.2624,0.9999843835830688
1773142876.40336,PC1,0,2,0.63284,0.5242,-0.26214,0.9999862909317017
1773142876.40336,PC1,0,3,0.63988,0.52515,-0.26188,0.9999843835830688
1773142876.40336,PC1,0,4,0.59858,0.52228,-0.2885,0.9999856948852539
1773142876.40336,PC1,0,5,0.58663,0.52263,-0.28819,0.9999878406524658
1773142876.40336,PC1,0,6,0.57422,0.52431,-0.28834,0.9999848008155823
1773142876.40336,PC1,0,7,0.64001,0.54158,-0.03219,0.9999872446060181
1773142876.40336,PC1,0,8,0.54849,0.54613,-0.14808,0.9999926090240479
1773142876.40336,PC1,0,9,0.62584,0.60849,-0.21978,0.99998539686203
1773142876.40336,PC1,0,10,0.59637,0.60975,-0.25359,0.9999895691871643
1773142876.40336,PC1,0,11,0.69754,0.73633,0.0834,0.9999473690986633
1773142876.40336,PC1,0,12,0.48428,0.77396,-0.12599,0.9995676279067993
1773142876.40336,PC1,0,13,0.85258,0.83893,-0.14272,0.9927446246147156
1773142876.40336,PC1,0,14,0.48736,1.04224,-0.30306,0.5178024172782898
1773142876.40336,PC1,0,15,0.75967,0.59934,-0.37505,0.9975606799125671
1773142876.40336,PC1,0,16,0.58,1.27192,-0.47413,0.47322988510131836
1773142876.40336,PC1,0,17,0.73721,0.50255,-0.43899,0.9910018444061279
1773142876.40336,PC1,0,18,0.57549,1.31072,-0.55182,0.56302809715271
1773142876.40336,PC1,0,19,0.7219,0.49519,-0.36041,0.9908999800682068
1773142876.40336,PC1,0,20,0.58491,1.28809,-0.57342,0.6321290135383606
1773142876.40336,PC1,0,21,0.71967,0.53194,-0.35574,0.9901047348976135
1773142876.40336,PC1,0,22,0.58435,1.25997,-0.52319,0.651399552822113
1773142876.40336,PC1,0,23,0.42179,1.62616,0.01525,0.029607852920889854
1773142876.40336,PC1,0,24,0.19414,1.66921,-0.01183,0.01472590584307909
1773142876.40336,PC1,0,25,0.44334,2.26043,-0.02372,0.0013933660229668021
1773142876.40336,PC1,0,26,0.24156,2.30596,-0.12615,0.0005931270425207913
1773142876.40336,PC1,0,27,0.46971,2.84876,0.42678,8.291821723105386e-05
1773142876.40336,PC1,0,28,0.28028,2.87366,0.18381,1.2579593203554396e-05
1773142876.40336,PC1,0,29,0.47026,2.95013,0.44344,0.00010720615682657808
1773142876.40336,PC1,0,30,0.27663,2.97256,0.19445,3.484255648800172e-05
1773142876.40336,PC1,0,31,0.46412,3.04221,-0.00021,0.0004066207620780915
1773142876.40336,PC1,0,32,0.3352,3.0443,-0.29921,0.00013526351540349424
1773142876.40336,PC1,0,Angle_Elbow_L,97.68,,,
1773142876.40336,PC1,0,Angle_Shoulder_L,98.92,,,
1773142876.40336,PC1,0,Angle_Shoulder_R,141.16,,,
1773142876.40336,PC1,0,Length_UpperArm_L,0.2927,,,
1773142876.40336,PC1,0,Length_LowerArm_L,0.3464,,,
1773142876.40336,PC1,0,Length_UpperArm_R,0.3215,,,
1773142876.40336,PC1,0,Width_Shoulder,0.3012,,,
1773142876.444553,PC1,0,0,0.61575,0.55659,-0.31888,0.999991238117218
1773142876.444553,PC1,0,1,0.6238,0.51864,-0.27564,0.9999774694442749
1773142876.444553,PC1,0,2,0.63125,0.51959,-0.27537,0.999980628490448
1773142876.444553,PC1,0,3,0.63827,0.52066,-0.2751,0.9999773502349854
1773142876.444553,PC1,0,4,0.59832,0.51748,-0.29991,0.9999796748161316
1773142876.444553,PC1,0,5,0.58716,0.51788,-0.29958,0.9999833703041077
1773142876.444553,PC1,0,6,0.57531,0.51954,-0.29975,0.9999796748161316
1773142876.444553,PC1,0,7,0.63953,0.53929,-0.04273,0.999982476234436
1773142876.444553,PC1,0,8,0.54983,0.54459,-0.15071,0.9999899864196777
1773142876.444553,PC1,0,9,0.627,0.60269,-0.23286,0.9999805092811584
1773142876.444553,PC1,0,10,0.59846,0.60352,-0.26394,0.9999858736991882
1773142876.444553,PC1,0,11,0.69708,0.73296,0.07199,0.9999378323554993
1773142876.444553,PC1,0,12,0.48424,0.77365,-0.1258,0.9995607137680054
1773142876.444553,PC1,0,13,0.84804,0.83441,-0.16653,0.9926310777664185
1773142876.444553,PC1,0,14,0.48723,1.04569,-0.30088,0.5344098806381226
1773142876.444553,PC1,0,15,0.74009,0.60825,-0.40056,0.9970728754997253
1773142876.444553,PC1,0,16,0.58,1.27192,-0.47413,0.48715686798095703
1773142876.444553,PC1,0,17,0.71431,0.51956,-0.46653,0.9887702465057373
1773142876.444553,PC1,0,18,0.57549,1.29347,-0.55676,0.566692590713501
1773142876.444553,PC1,0,19,0.70005,0.51121,-0.38384,0.9886962175369263
1773142876.444553,PC1,0,20,0.5844,1.26855,-0.57651,0.6350646615028381
1773142876.444553,PC1,0,21,0.69948,0.54536,-0.37964,0.9877260327339172
1773142876.444553,PC1,0,22,0.58296,1.24394,-0.5256,0.6498292684555054
1773142876.444553,PC1,0,23,0.42179,1.62616,0.01525,0.028625063598155975
1773142876.444553,PC1,0,24,0.19414,1.66921,-0.01183,0.01437245961278677
1773142876.444553,PC1,0,25,0.44334,2.26043,-0.02372,0.0013780239969491959
1773142876.444553,PC1,0,26,0.24156,2.30596,-0.12615,0.0006055120029486716
1773142876.444553,PC1,0,27,0.46971,2.84876,0.42678,8.646681089885533e-05
1773142876.444553,PC1,0,28,0.28028,2.87366,0.18381,1.2897789929411374e-05
1773142876.444553,PC1,0,29,0.47026,2.95013,0.44344,0.00010919023043243214
1773142876.444553,PC1,0,30,0.27663,2.97256,0.19445,3.600120544433594e-05
1773142876.444553,PC1,0,31,0.46412,3.04221,-0.00021,0.0004008118703495711
1773142876.444553,PC1,0,32,0.3352,3.0443,-0.29921,0.00013443017087411135
1773142876.444553,PC1,0,Angle_Elbow_L,99.28,,,
1773142876.444553,PC1,0,Angle_Shoulder_L,98.42,,,
1773142876.444553,PC1,0,Angle_Shoulder_R,141.45,,,
1773142876.444553,PC1,0,Length_UpperArm_L,0.3,,,
1773142876.444553,PC1,0,Length_LowerArm_L,0.3429,,,
1773142876.444553,PC1,0,Length_UpperArm_R,0.3235,,,
1773142876.444553,PC1,0,Width_Shoulder,0.2934,,,
1773142876.483368,PC1,0,0,0.61195,0.55134,-0.33998,0.9999874234199524
1773142876.483368,PC1,0,1,0.62026,0.51386,-0.29618,0.9999679923057556
1773142876.483368,PC1,0,2,0.62776,0.51485,-0.29594,0.9999710321426392
1773142876.483368,PC1,0,3,0.63494,0.51603,-0.29566,0.9999668002128601
1773142876.483368,PC1,0,4,0.59544,0.51313,-0.31687,0.9999709129333496
1773142876.483368,PC1,0,5,0.58496,0.51369,-0.31655,0.9999749660491943
1773142876.483368,PC1,0,6,0.57391,0.51542,-0.31673,0.9999706745147705
1773142876.483368,PC1,0,7,0.63893,0.53641,-0.06196,0.9999724626541138
1773142876.483368,PC1,0,8,0.55079,0.5424,-0.15364,0.9999843239784241
1773142876.483368,PC1,0,9,0.62565,0.59742,-0.25401,0.9999740123748779
1773142876.483368,PC1,0,10,0.59698,0.59816,-0.28019,0.9999805688858032
1773142876.483368,PC1,0,11,0.69754,0.72953,0.0471,0.9999101161956787
1773142876.483368,PC1,0,12,0.48501,0.77298,-0.1222,0.9995308518409729
1773142876.483368,PC1,0,13,0.84148,0.83133,-0.21577,0.9918861985206604
1773142876.483368,PC1,0,14,0.48853,1.04237,-0.28754,0.5471171140670776
1773142876.483368,PC1,0,15,0.71934,0.62215,-0.47134,0.9964234232902527
1773142876.483368,PC1,0,16,0.58,1.27192,-0.47413,0.48507753014564514
1773142876.483368,PC1,0,17,0.69093,0.53929,-0.54267,0.9865574836730957
1773142876.483368,PC1,0,18,0.57895,1.28823,-0.55965,0.5548210144042969
1773142876.483368,PC1,0,19,0.67833,0.52798,-0.45958,0.9866500496864319
1773142876.483368,PC1,0,20,0.58841,1.26018,-0.57856,0.624847948551178
1773142876.483368,PC1,0,21,0.68065,0.55978,-0.45062,0.9853149652481079
1773142876.483368,PC1,0,22,0.58604,1.23634,-0.52402,0.6368920207023621
1773142876.483368,PC1,0,23,0.42179,1.62616,0.01525,0.029445862397551537
1773142876.483368,PC1,0,24,0.19414,1.66921,-0.01183,0.015229873359203339
1773142876.483368,PC1,0,25,0.44334,2.26043,-0.02372,0.0014810296706855297
1773142876.483368,PC1,0,26,0.24156,2.30596,-0.12615,0.000663196959067136
1773142876.483368,PC1,0,27,0.46971,2.84876,0.42678,9.337464143754914e-05
1773142876.483368,PC1,0,28,0.28028,2.87366,0.18381,1.3872806448489428e-05
1773142876.483368,PC1,0,29,0.47026,2.95013,0.44344,0.0001122789180953987
1773142876.483368,PC1,0,30,0.27663,2.97256,0.19445,3.895439294865355e-05
1773142876.483368,PC1,0,31,0.46412,3.04221,-0.00021,0.0003957799344789237
1773142876.483368,PC1,0,32,0.3352,3.0443,-0.29921,0.0001403124915668741
1773142876.483368,PC1,0,Angle_Elbow_L,104.71,,,
1773142876.483368,PC1,0,Angle_Shoulder_L,97.75,,,
1773142876.483368,PC1,0,Angle_Shoulder_R,141.88,,,
1773142876.483368,PC1,0,Length_UpperArm_L,0.3165,,,
1773142876.483368,PC1,0,Length_LowerArm_L,0.3521,,,
1773142876.483368,PC1,0,Length_UpperArm_R,0.3161,,,
1773142876.483368,PC1,0,Width_Shoulder,0.2752,,,
1773142876.521136,PC1,0,0,0.60694,0.54793,-0.3561,0.9999841451644897
1773142876.521136,PC1,0,1,0.61633,0.51079,-0.31304,0.9999590516090393
1773142876.521136,PC1,0,2,0.624,0.51186,-0.31281,0.9999626874923706
1773142876.521136,PC1,0,3,0.63135,0.51311,-0.31254,0.9999576210975647
1773142876.521136,PC1,0,4,0.59165,0.51043,-0.32968,0.9999611973762512
1773142876.521136,PC1,0,5,0.58174,0.51106,-0.32936,0.9999653100967407
1773142876.521136,PC1,0,6,0.57142,0.51277,-0.32954,0.9999591112136841
1773142876.521136,PC1,0,7,0.63779,0.53454,-0.08054,0.999965250492096
1773142876.521136,PC1,0,8,0.55124,0.54097,-0.15483,0.9999771118164062
1773142876.521136,PC1,0,9,0.62273,0.59414,-0.27097,0.9999696612358093
1773142876.521136,PC1,0,10,0.59345,0.59481,-0.29171,0.9999750852584839
1773142876.521136,PC1,0,11,0.69784,0.7266,0.02283,0.9998987317085266
1773142876.521136,PC1,0,12,0.48603,0.77029,-0.11007,0.999522864818573
1773142876.521136,PC1,0,13,0.83458,0.8297,-0.24933,0.9918453693389893
1773142876.521136,PC1,0,14,0.489,1.03509,-0.2624,0.5569915175437927
1773142876.521136,PC1,0,15,0.70332,0.63354,-0.51091,0.9963330626487732
1773142876.521136,PC1,0,16,0.58,1.27192,-0.47413,0.4960802495479584
1773142876.521136,PC1,0,17,0.67216,0.55511,-0.58503,0.9861841797828674
1773142876.521136,PC1,0,18,0.57967,1.28238,-0.55294,0.5586978793144226
1773142876.521136,PC1,0,19,0.66119,0.54125,-0.50301,0.9863559007644653
1773142876.521136,PC1,0,20,0.58967,1.25304,-0.57186,0.629480242729187
1773142876.521136,PC1,0,21,0.66486,0.57086,-0.4904,0.9849035143852234
1773142876.521136,PC1,0,22,0.58705,1.22933,-0.51432,0.6405861973762512
1773142876.521136,PC1,0,23,0.42179,1.62616,0.01525,0.02912714332342148
1773142876.521136,PC1,0,24,0.19414,1.66921,-0.01183,0.015595406293869019
1773142876.521136,PC1,0,25,0.44334,2.26043,-0.02372,0.001408030977472663
1773142876.521136,PC1,0,26,0.24156,2.30596,-0.12615,0.0006257865461520851
1773142876.521136,PC1,0,27,0.46971,2.84876,0.42678,9.06105269677937e-05
1773142876.521136,PC1,0,28,0.28028,2.87366,0.18381,1.327614882029593e-05
1773142876.521136,PC1,0,29,0.47026,2.95013,0.44344,0.00010698042751755565
1773142876.521136,PC1,0,30,0.27663,2.97256,0.19445,3.771229967242107e-05
1773142876.521136,PC1,0,31,0.46412,3.04221,-0.00021,0.0003686616546474397
1773142876.521136,PC1,0,32,0.3352,3.0443,-0.29921,0.00013344199396669865
1773142876.521136,PC1,0,Angle_Elbow_L,106.94,,,
1773142876.521136,PC1,0,Angle_Shoulder_L,97.87,,,
1773142876.521136,PC1,0,Angle_Shoulder_R,143.01,,,
1773142876.521136,PC1,0,Length_UpperArm_L,0.3216,,,
1773142876.521136,PC1,0,Length_LowerArm_L,0.3523,,,
1773142876.521136,PC1,0,Length_UpperArm_R,0.3055,,,
1773142876.521136,PC1,0,Width_Shoulder,0.2538,,,
1773142876.5972888,PC1,0,0,0.60337,0.54586,-0.36482,0.9999809861183167
1773142876.5972888,PC1,0,1,0.61347,0.50887,-0.32479,0.9999517798423767
1773142876.5972888,PC1,0,2,0.62123,0.50992,-0.3246,0.9999570250511169
1773142876.5972888,PC1,0,3,0.62864,0.51117,-0.32431,0.9999504089355469
1773142876.5972888,PC1,0,4,0.58887,0.50885,-0.33648,0.9999545812606812
1773142876.5972888,PC1,0,5,0.57936,0.50953,-0.33616,0.999960720539093
1773142876.5972888,PC1,0,6,0.56952,0.51123,-0.33635,0.9999531507492065
1773142876.5972888,PC1,0,7,0.63653,0.53319,-0.09126,0.9999603629112244
1773142876.5972888,PC1,0,8,0.55148,0.5407,-0.15379,0.9999740719795227
1773142876.5972888,PC1,0,9,0.62027,0.59155,-0.28151,0.9999659657478333
1773142876.5972888,PC1,0,10,0.59085,0.59262,-0.29646,0.9999716281890869
1773142876.5972888,PC1,0,11,0.69755,0.72318,0.00864,0.9998891949653625
1773142876.5972888,PC1,0,12,0.48713,0.76682,-0.10162,0.9995338916778564
1773142876.5972888,PC1,0,13,0.82657,0.8283,-0.26538,0.9914278388023376
1773142876.5972888,PC1,0,14,0.48941,1.0199,-0.27001,0.5904942154884338
1773142876.5972888,PC1,0,15,0.69004,0.64428,-0.52767,0.9962284564971924
1773142876.5972888,PC1,0,16,0.59071,1.0324,-0.54282,0.5361693501472473
1773142876.5972888,PC1,0,17,0.65661,0.57217,-0.60269,0.985831081867218
1773142876.5972888,PC1,0,18,0.58405,1.22664,-0.56738,0.587907075881958
1773142876.5972888,PC1,0,19,0.64631,0.5569,-0.52137,0.9860324859619141
1773142876.5972888,PC1,0,20,0.5944,1.19644,-0.58167,0.6540486216545105
1773142876.5972888,PC1,0,21,0.65123,0.58388,-0.50722,0.9845035076141357
1773142876.5972888,PC1,0,22,0.59018,1.17597,-0.52349,0.6628980040550232
1773142876.5972888,PC1,0,23,0.42179,1.62616,0.01525,0.0325598269701004
1773142876.5972888,PC1,0,24,0.19414,1.66921,-0.01183,0.018647927790880203
1773142876.5972888,PC1,0,25,0.44334,2.26043,-0.02372,0.0016815763665363193
1773142876.5972888,PC1,0,26,0.24156,2.30596,-0.12615,0.0007116050692275167
1773142876.5972888,PC1,0,27,0.46971,2.84876,0.42678,0.00011524035653565079
1773142876.5972888,PC1,0,28,0.28028,2.87366,0.18381,1.5023693777038716e-05
1773142876.5972888,PC1,0,29,0.47026,2.95013,0.44344,0.0001328123325947672
1773142876.5972888,PC1,0,30,0.27663,2.97256,0.19445,4.038641418446787e-05
1773142876.5972888,PC1,0,31,0.46412,3.04221,-0.00021,0.00038974315975792706
1773142876.5972888,PC1,0,32,0.3352,3.0443,-0.29921,0.0001413091376889497
1773142876.5972888,PC1,0,Angle_Elbow_L,108.22,,,
1773142876.5972888,PC1,0,Angle_Elbow_R,123.86,,,
1773142876.5972888,PC1,0,Angle_Shoulder_L,98.52,,,
1773142876.5972888,PC1,0,Angle_Shoulder_R,139.69,,,
1773142876.5972888,PC1,0,Length_UpperArm_L,0.3206,,,
1773142876.5972888,PC1,0,Length_LowerArm_L,0.3483,,,
1773142876.5972888,PC1,0,Length_UpperArm_R,0.304,,,
1773142876.5972888,PC1,0,Length_LowerArm_R,0.2913,,,
1773142876.5972888,PC1,0,Width_Shoulder,0.2415,,,
1773142876.63965,PC1,0,0,0.59935,0.54449,-0.37508,0.9999765157699585
1773142876.63965,PC1,0,1,0.61026,0.50742,-0.33527,0.9999411702156067
1773142876.63965,PC1,0,2,0.6182,0.50843,-0.3351,0.9999492168426514
1773142876.63965,PC1,0,3,0.62568,0.50969,-0.3348,0.9999411106109619
1773142876.63965,PC1,0,4,0.58572,0.50769,-0.34442,0.999941349029541
1773142876.63965,PC1,0,5,0.57665,0.5084,-0.34412,0.9999492168426514
1773142876.63965,PC1,0,6,0.56728,0.51009,-0.34431,0.9999356865882874
1773142876.63965,PC1,0,7,0.6348,0.53212,-0.10218,0.999954342842102
1773142876.63965,PC1,0,8,0.55124,0.54049,-0.15291,0.9999629855155945
1773142876.63965,PC1,0,9,0.61698,0.58961,-0.29217,0.9999607801437378
1773142876.63965,PC1,0,10,0.5878,0.59095,-0.30352,0.9999630451202393
1773142876.63965,PC1,0,11,0.69682,0.72021,-0.00729,0.9998825788497925
1773142876.63965,PC1,0,12,0.488,0.76358,-0.09501,0.9994967579841614
1773142876.63965,PC1,0,13,0.81808,0.82932,-0.2899,0.9918213486671448
1773142876.63965,PC1,0,14,0.49004,1.01107,-0.26032,0.6012955904006958
1773142876.63965,PC1,0,15,0.67806,0.65545,-0.56064,0.9962664246559143
1773142876.63965,PC1,0,16,0.5911,1.03817,-0.53835,0.5395819544792175
1773142876.63965,PC1,0,17,0.64135,0.58721,-0.638,0.9858843088150024
1773142876.63965,PC1,0,18,0.58713,1.20367,-0.574,0.5850215554237366
1773142876.63965,PC1,0,19,0.63217,0.57102,-0.55882,0.9861147999763489
1773142876.63965,PC1,0,20,0.59787,1.17313,-0.585,0.6511205434799194
1773142876.63965,PC1,0,21,0.63807,0.59615,-0.54076,0.9844544529914856
1773142876.63965,PC1,0,22,0.59334,1.14484,-0.52472,0.6598786115646362
1773142876.63965,PC1,0,23,0.42179,1.62616,0.01525,0.03650111332535744
1773142876.63965,PC1,0,24,0.19414,1.66921,-0.01183,0.021863197907805443
1773142876.63965,PC1,0,25,0.44334,2.26043,-0.02372,0.0017604995518922806
1773142876.63965,PC1,0,26,0.24156,2.30596,-0.12615,0.000746307079680264
1773142876.63965,PC1,0,27,0.46971,2.84876,0.42678,0.00013106026744935662
1773142876.63965,PC1,0,28,0.28028,2.87366,0.18381,1.7246860807063058e-05
1773142876.63965,PC1,0,29,0.47026,2.95013,0.44344,0.00014251330867409706
1773142876.63965,PC1,0,30,0.27663,2.97256,0.19445,4.796276698471047e-05
1773142876.63965,PC1,0,31,0.46412,3.04221,-0.00021,0.0003944158961530775
1773142876.63965,PC1,0,32,0.3352,3.0443,-0.29921,0.00015095670823939145
1773142876.63965,PC1,0,Angle_Elbow_L,110.75,,,
1773142876.63965,PC1,0,Angle_Elbow_R,126.73,,,
1773142876.63965,PC1,0,Angle_Shoulder_L,99.16,,,
1773142876.63965,PC1,0,Angle_Shoulder_R,139.39,,,
1773142876.63965,PC1,0,Length_UpperArm_L,0.3263,,,
1773142876.63965,PC1,0,Length_LowerArm_L,0.3509,,,
1773142876.63965,PC1,0,Length_UpperArm_R,0.2976,,,
1773142876.63965,PC1,0,Length_LowerArm_R,0.2971,,,
1773142876.63965,PC1,0,Width_Shoulder,0.2306,,,
1773142876.719658,PC1,0,0,0.59416,0.54523,-0.37785,0.9999676942825317
1773142876.719658,PC1,0,1,0.60603,0.50871,-0.33768,0.9999172687530518
1773142876.719658,PC1,0,2,0.61414,0.50967,-0.33755,0.9999297857284546
1773142876.719658,PC1,0,3,0.62169,0.51085,-0.33725,0.9999164938926697
1773142876.719658,PC1,0,4,0.58151,0.50794,-0.34753,0.9999196529388428
1773142876.719658,PC1,0,5,0.57291,0.50803,-0.34724,0.9999324679374695
1773142876.719658,PC1,0,6,0.56413,0.50909,-0.34742,0.9999132752418518
1773142876.719658,PC1,0,7,0.63127,0.53189,-0.10687,0.9999269247055054
1773142876.719658,PC1,0,8,0.54907,0.54014,-0.15428,0.9999489784240723
1773142876.719658,PC1,0,9,0.61206,0.58813,-0.29485,0.9999404549598694
1773142876.719658,PC1,0,10,0.58341,0.58976,-0.30639,0.9999459981918335
1773142876.719658,PC1,0,11,0.69218,0.71492,-0.01361,0.9998143315315247
1773142876.719658,PC1,0,12,0.48761,0.75885,-0.09397,0.9994113445281982
1773142876.719658,PC1,0,13,0.79431,0.84234,-0.29589,0.9888959527015686
1773142876.719658,PC1,0,14,0.49767,1.0111,-0.2596,0.6335704326629639
1773142876.719658,PC1,0,15,0.65301,0.68082,-0.58321,0.9954270720481873
1773142876.719658,PC1,0,16,0.60028,1.0231,-0.5202,0.565531849861145
1773142876.719658,PC1,0,17,0.61222,0.61544,-0.66259,0.9844194054603577
1773142876.719658,PC1,0,18,0.60834,1.13205,-0.56579,0.5973325967788696
1773142876.719658,PC1,0,19,0.60459,0.59912,-0.58874,0.9847518801689148
1773142876.719658,PC1,0,20,0.61439,1.10326,-0.57124,0.6610422134399414
1773142876.719658,PC1,0,21,0.61209,0.62296,-0.56567,0.9829064011573792
1773142876.719658,PC1,0,22,0.60613,1.07976,-0.5128,0.6674692034721375
1773142876.719658,PC1,0,23,0.42179,1.62616,0.01525,0.03412909433245659
1773142876.719658,PC1,0,24,0.19414,1.66921,-0.01183,0.02071448415517807
1773142876.719658,PC1,0,25,0.44334,2.26043,-0.02372,0.0017508602468296885
1773142876.719658,PC1,0,26,0.24156,2.30596,-0.12615,0.0007196581573225558
1773142876.719658,PC1,0,27,0.46971,2.84876,0.42678,0.00013653023052029312
1773142876.719658,PC1,0,28,0.28028,2.87366,0.18381,1.6690910342731513e-05
1773142876.719658,PC1,0,29,0.47026,2.95013,0.44344,0.0001430750562576577
1773142876.719658,PC1,0,30,0.27663,2.97256,0.19445,4.719580465462059e-05
1773142876.719658,PC1,0,31,0.46412,3.04221,-0.00021,0.00037187253474257886
1773142876.719658,PC1,0,32,0.3352,3.0443,-0.29921,0.00015099928714334965
1773142876.719658,PC1,0,Angle_Elbow_L,113.21,,,
1773142876.719658,PC1,0,Angle_Elbow_R,123.91,,,
1773142876.719658,PC1,0,Angle_Shoulder_L,103.29,,,
1773142876.719658,PC1,0,Angle_Shoulder_R,139.03,,,
1773142876.719658,PC1,0,Length_UpperArm_L,0.3261,,,
1773142876.719658,PC1,0,Length_LowerArm_L,0.3586,,,
1773142876.719658,PC1,0,Length_UpperArm_R,0.3019,,,
1773142876.719658,PC1,0,Length_LowerArm_R,0.2803,,,
1773142876.719658,PC1,0,Width_Shoulder,0.2241,,,
1773142876.7623522,PC1,0,0,0.59613,0.5486,-0.36643,0.9999649524688721
1773142876.7623522,PC1,0,1,0.6069,0.51294,-0.3263,0.9999139904975891
1773142876.7623522,PC1,0,2,0.61434,0.51353,-0.32613,0.999927282333374
1773142876.7623522,PC1,0,3,0.6212,0.51427,-0.32582,0.999914288520813
1773142876.7623522,PC1,0,4,0.58277,0.51106,-0.33872,0.9999151825904846
1773142876.7623522,PC1,0,5,0.57404,0.51014,-0.33844,0.9999289512634277
1773142876.7623522,PC1,0,6,0.56532,0.5101,-0.33863,0.9999070763587952
1773142876.7623522,PC1,0,7,0.62889,0.53307,-0.09195,0.9999219179153442
1773142876.7623522,PC1,0,8,0.548,0.53986,-0.15632,0.9999457001686096
1773142876.7623522,PC1,0,9,0.61026,0.58923,-0.28194,0.9999377131462097
1773142876.7623522,PC1,0,10,0.58323,0.59067,-0.29852,0.99994295835495
1773142876.7623522,PC1,0,11,0.68753,0.70771,0.0006,0.9998235106468201
1773142876.7623522,PC1,0,12,0.48555,0.756,-0.10157,0.9994423389434814
1773142876.7623522,PC1,0,13,0.77458,0.85586,-0.28158,0.989116907119751
1773142876.7623522,PC1,0,14,0.50803,1.01153,-0.25136,0.6716069579124451
1773142876.7623522,PC1,0,15,0.63318,0.70024,-0.59212,0.9949605464935303
1773142876.7623522,PC1,0,16,0.60994,1.00149,-0.4563,0.5827984809875488
1773142876.7623522,PC1,0,17,0.58997,0.63852,-0.67329,0.9838442206382751
1773142876.7623522,PC1,0,18,0.62687,1.07429,-0.50081,0.6024904847145081
1773142876.7623522,PC1,0,19,0.58461,0.6205,-0.60485,0.9841405153274536
1773142876.7623522,PC1,0,20,0.62863,1.04294,-0.50514,0.6631537675857544
1773142876.7623522,PC1,0,21,0.59252,0.64274,-0.57735,0.9823071956634521
1773142876.7623522,PC1,0,22,0.61828,1.02657,-0.45256,0.6725882291793823
1773142876.7623522,PC1,0,23,0.42179,1.62616,0.01525,0.03962964937090874
1773142876.7623522,PC1,0,24,0.19414,1.66921,-0.01183,0.02473403699696064
1773142876.7623522,PC1,0,25,0.44334,2.26043,-0.02372,0.0018379859393462539
1773142876.7623522,PC1,0,26,0.24156,2.30596,-0.12615,0.0007673457730561495
1773142876.7623522,PC1,0,27,0.46971,2.84876,0.42678,0.00013558341015595943
1773142876.7623522,PC1,0,28,0.28028,2.87366,0.18381,1.9560120563255623e-05
1773142876.7623522,PC1,0,29,0.47026,2.95013,0.44344,0.00014447876310441643
1773142876.7623522,PC1,0,30,0.27663,2.97256,0.19445,5.483769200509414e-05
1773142876.7623522,PC1,0,31,0.46412,3.04221,-0.00021,0.00038463424425572157
1773142876.7623522,PC1,0,32,0.3352,3.0443,-0.29921,0.00019528936536516994
1773142876.7623522,PC1,0,Angle_Elbow_L,114.95,,,
1773142876.7623522,PC1,0,Angle_Elbow_R,116.55,,,
1773142876.7623522,PC1,0,Angle_Shoulder_L,107.78,,,
1773142876.7623522,PC1,0,Angle_Shoulder_R,140.56,,,
1773142876.7623522,PC1,0,Length_UpperArm_L,0.3304,,,
1773142876.7623522,PC1,0,Length_LowerArm_L,0.375,,,
1773142876.7623522,PC1,0,Length_UpperArm_R,0.297,,,
1773142876.7623522,PC1,0,Length_LowerArm_R,0.2291,,,
1773142876.7623522,PC1,0,Width_Shoulder,0.2314,,,
1773142876.809209,PC1,0,0,0.59814,0.55035,-0.35506,0.9999570846557617
1773142876.809209,PC1,0,1,0.60818,0.51515,-0.31391,0.999900758266449
1773142876.809209,PC1,0,2,0.61521,0.51558,-0.31378,0.9999164938926697
1773142876.809209,PC1,0,3,0.62159,0.51614,-0.31345,0.9999022483825684
1773142876.809209,PC1,0,4,0.58414,0.51282,-0.33004,0.9998995065689087
1773142876.809209,PC1,0,5,0.57526,0.51141,-0.32977,0.9999164342880249
1773142876.809209,PC1,0,6,0.56646,0.5108,-0.32998,0.9998899698257446
1773142876.809209,PC1,0,7,0.62761,0.534,-0.07808,0.9999055862426758
1773142876.809209,PC1,0,8,0.54774,0.53971,-0.15591,0.9999384880065918
1773142876.809209,PC1,0,9,0.61001,0.59008,-0.2693,0.9999280571937561
1773142876.809209,PC1,0,10,0.58386,0.59141,-0.29039,0.9999332427978516
1773142876.809209,PC1,0,11,0.68457,0.70501,0.01835,0.9998168349266052
1773142876.809209,PC1,0,12,0.4844,0.75384,-0.11191,0.9994399547576904
1773142876.809209,PC1,0,13,0.76706,0.86181,-0.26137,0.9886004328727722
1773142876.809209,PC1,0,14,0.51572,1.01291,-0.24426,0.6976484060287476
1773142876.809209,PC1,0,15,0.62671,0.71263,-0.58316,0.9943803548812866
1773142876.809209,PC1,0,16,0.62213,0.97413,-0.40136,0.608272910118103
1773142876.809209,PC1,0,17,0.58207,0.65453,-0.66447,0.9824956059455872
1773142876.809209,PC1,0,18,0.64502,1.02939,-0.44258,0.6182833313941956
1773142876.809209,PC1,0,19,0.57731,0.6354,-0.59789,0.9827852845191956
1773142876.809209,PC1,0,20,0.64269,0.99716,-0.4452,0.6754798293113708
1773142876.809209,PC1,0,21,0.58529,0.6561,-0.56968,0.9810130000114441
1773142876.809209,PC1,0,22,0.63103,0.98572,-0.39743,0.6844391822814941
1773142876.809209,PC1,0,23,0.42179,1.62616,0.01525,0.04165319725871086
1773142876.809209,PC1,0,24,0.19414,1.66921,-0.01183,0.02593705616891384
1773142876.809209,PC1,0,25,0.44334,2.26043,-0.02372,0.0019467076053842902
1773142876.809209,PC1,0,26,0.24156,2.30596,-0.12615,0.000849669857416302
1773142876.809209,PC1,0,27,0.46971,2.84876,0.42678,0.0001321394374826923
1773142876.809209,PC1,0,28,0.28028,2.87366,0.18381,2.202810901508201e-05
1773142876.809209,PC1,0,29,0.47026,2.95013,0.44344,0.00014184456085786223
1773142876.809209,PC1,0,30,0.27663,2.97256,0.19445,5.9074915043311194e-05
1773142876.809209,PC1,0,31,0.46412,3.04221,-0.00021,0.000381061079679057
1773142876.809209,PC1,0,32,0.3352,3.0443,-0.29921,0.00023457528732251376
1773142876.809209,PC1,0,Angle_Elbow_L,115.84,,,
1773142876.809209,PC1,0,Angle_Elbow_R,104.38,,,
1773142876.809209,PC1,0,Angle_Shoulder_L,109.78,,,
1773142876.809209,PC1,0,Angle_Shoulder_R,142.47,,,
1773142876.809209,PC1,0,Length_UpperArm_L,0.3311,,,
1773142876.809209,PC1,0,Length_LowerArm_L,0.3814,,,
1773142876.809209,PC1,0,Length_UpperArm_R,0.2926,,,
1773142876.809209,PC1,0,Length_LowerArm_R,0.1937,,,
1773142876.809209,PC1,0,Width_Shoulder,0.2438,,,
1773142876.856341,PC1,0,0,0.59907,0.55214,-0.3481,0.9999374151229858
1773142876.856341,PC1,0,1,0.60894,0.51727,-0.30611,0.9998658299446106
1773142876.856341,PC1,0,2,0.61571,0.51759,-0.30599,0.9998902082443237
1773142876.856341,PC1,0,3,0.62181,0.51802,-0.30566,0.9998699426651001
1773142876.856341,PC1,0,4,0.58514,0.51468,-0.3253,0.999859631061554
1773142876.856341,PC1,0,5,0.57617,0.51296,-0.32507,0.9998868107795715
1773142876.856341,PC1,0,6,0.56732,0.51193,-0.32531,0.9998448491096497
1773142876.856341,PC1,0,7,0.62643,0.53534,-0.0705,0.9998724460601807
1773142876.856341,PC1,0,8,0.54709,0.5398,-0.16203,0.9999225735664368
1773142876.856341,PC1,0,9,0.60909,0.59105,-0.26208,0.999908983707428
1773142876.856341,PC1,0,10,0.58344,0.5927,-0.285,0.9999120831489563
1773142876.856341,PC1,0,11,0.68147,0.70282,0.02951,0.9998112916946411
1773142876.856341,PC1,0,12,0.48336,0.75203,-0.12898,0.999432384967804
1773142876.856341,PC1,0,13,0.76036,0.86629,-0.24885,0.9869662523269653
1773142876.856341,PC1,0,14,0.52249,1.00496,-0.23961,0.7222505211830139
1773142876.856341,PC1,0,15,0.62235,0.7234,-0.57853,0.9930591583251953
1773142876.856341,PC1,0,16,0.63752,0.94671,-0.34655,0.6310223340988159
1773142876.856341,PC1,0,17,0.57638,0.66886,-0.66123,0.9788560271263123
1773142876.856341,PC1,0,18,0.66524,0.97824,-0.38406,0.6277207732200623
1773142876.856341,PC1,0,19,0.57207,0.64899,-0.59796,0.9793244004249573
1773142876.856341,PC1,0,20,0.65958,0.95466,-0.38605,0.6820387840270996
1773142876.856341,PC1,0,21,0.57998,0.66797,-0.5678,0.9775435328483582
1773142876.856341,PC1,0,22,0.64677,0.94804,-0.34241,0.6898050904273987
1773142876.856341,PC1,0,23,0.42179,1.62616,0.01525,0.04214634746313095
1773142876.856341,PC1,0,24,0.19414,1.66921,-0.01183,0.025835052132606506
1773142876.856341,PC1,0,25,0.44334,2.26043,-0.02372,0.001916596433147788
1773142876.856341,PC1,0,26,0.24156,2.30596,-0.12615,0.0008503198623657227
1773142876.856341,PC1,0,27,0.46971,2.84876,0.42678,0.00012750209134537727
1773142876.856341,PC1,0,28,0.28028,2.87366,0.18381,2.2510246708407067e-05
1773142876.856341,PC1,0,29,0.47026,2.95013,0.44344,0.00013772335660178214
1773142876.856341,PC1,0,30,0.27663,2.97256,0.19445,5.9522833907976747e-05
1773142876.856341,PC1,0,31,0.46412,3.04221,-0.00021,0.00036760797956958413
1773142876.856341,PC1,0,32,0.3352,3.0443,-0.29921,0.0002395813789917156
1773142876.856341,PC1,0,Angle_Elbow_L,116.73,,,
1773142876.856341,PC1,0,Angle_Elbow_R,91.96,,,
1773142876.856341,PC1,0,Angle_Shoulder_L,110.99,,,
1773142876.856341,PC1,0,Angle_Shoulder_R,143.78,,,
1773142876.856341,PC1,0,Length_UpperArm_L,0.3323,,,
1773142876.856341,PC1,0,Length_LowerArm_L,0.3849,,,
1773142876.856341,PC1,0,Length_UpperArm_R,0.2788,,,
1773142876.856341,PC1,0,Length_LowerArm_R,0.1675,,,
1773142876.856341,PC1,0,Width_Shoulder,0.2584,,,
1773142876.907305,PC1,0,0,0.59938,0.55264,-0.3527,0.9998524785041809
1773142876.907305,PC1,0,1,0.60896,0.51827,-0.30886,0.9997419118881226
1773142876.907305,PC1,0,2,0.61564,0.51867,-0.30877,0.9997666478157043
1773142876.907305,PC1,0,3,0.62168,0.51915,-0.30847,0.9997442960739136
1773142876.907305,PC1,0,4,0.58541,0.51534,-0.32971,0.999729335308075
1773142876.907305,PC1,0,5,0.5764,0.51356,-0.32951,0.9997704029083252
1773142876.907305,PC1,0,6,0.56751,0.51241,-0.32978,0.9997188448905945
1773142876.907305,PC1,0,7,0.62513,0.53637,-0.06613,0.9997371435165405
1773142876.907305,PC1,0,8,0.54621,0.53973,-0.16586,0.9998404383659363
1773142876.907305,PC1,0,9,0.60835,0.59143,-0.26428,0.9998111724853516
1773142876.907305,PC1,0,10,0.58301,0.59311,-0.28895,0.9998189210891724
1773142876.907305,PC1,0,11,0.67887,0.70284,0.03554,0.99956876039505
1773142876.907305,PC1,0,12,0.48254,0.75081,-0.13936,0.9989790320396423
1773142876.907305,PC1,0,13,0.75525,0.86988,-0.25159,0.9813310503959656
1773142876.907305,PC1,0,14,0.52655,0.9996,-0.27039,0.7308218479156494
1773142876.907305,PC1,0,15,0.61925,0.72999,-0.59073,0.990626871585846
1773142876.907305,PC1,0,16,0.64796,0.93433,-0.3971,0.6339289546012878
1773142876.907305,PC1,0,17,0.5729,0.67923,-0.67433,0.9719386100769043
1773142876.907305,PC1,0,18,0.6788,0.95661,-0.44011,0.621066689491272
1773142876.907305,PC1,0,19,0.56816,0.65993,-0.6119,0.9728150963783264
1773142876.907305,PC1,0,20,0.67153,0.93272,-0.43958,0.6752613186836243
1773142876.907305,PC1,0,21,0.57625,0.67805,-0.58064,0.970141589641571
1773142876.907305,PC1,0,22,0.65847,0.92876,-0.39378,0.6797057390213013
1773142876.907305,PC1,0,23,0.42179,1.62616,0.01525,0.04081245884299278
1773142876.907305,PC1,0,24,0.19414,1.66921,-0.01183,0.02535506710410118
1773142876.907305,PC1,0,25,0.44334,2.26043,-0.02372,0.0019025556975975633
1773142876.907305,PC1,0,26,0.24156,2.30596,-0.12615,0.000876189093105495
1773142876.907305,PC1,0,27,0.46971,2.84876,0.42678,0.0001249555207323283
1773142876.907305,PC1,0,28,0.28028,2.87366,0.18381,2.3652608433621936e-05
1773142876.907305,PC1,0,29,0.47026,2.95013,0.44344,0.0001332082028966397
1773142876.907305,PC1,0,30,0.27663,2.97256,0.19445,6.073082840885036e-05
1773142876.907305,PC1,0,31,0.46412,3.04221,-0.00021,0.00035868692793883383
1773142876.907305,PC1,0,32,0.3352,3.0443,-0.29921,0.0002464797580614686
1773142876.907305,PC1,0,Angle_Elbow_L,118.49,,,
1773142876.907305,PC1,0,Angle_Elbow_R,96.15,,,
1773142876.907305,PC1,0,Angle_Shoulder_L,111.02,,,
1773142876.907305,PC1,0,Angle_Shoulder_R,140.12,,,
1773142876.907305,PC1,0,Length_UpperArm_L,0.3409,,,
1773142876.907305,PC1,0,Length_LowerArm_L,0.3913,,,
1773142876.907305,PC1,0,Length_UpperArm_R,0.2846,,,
1773142876.907305,PC1,0,Length_LowerArm_R,0.1872,,,
1773142876.907305,PC1,0,Width_Shoulder,0.2673,,,
1773142876.9580102,PC1,0,0,0.59964,0.55202,-0.35617,0.9998193383216858
1773142876.9580102,PC1,0,1,0.60884,0.51836,-0.31103,0.9996904134750366
1773142876.9580102,PC1,0,2,0.61541,0.51894,-0.31097,0.9997227191925049
1773142876.9580102,PC1,0,3,0.6214,0.5195,-0.31068,0.9996864795684814
1773142876.9580102,PC1,0,4,0.58558,0.51504,-0.33389,0.9996716976165771
1773142876.9580102,PC1,0,5,0.57649,0.51333,-0.33372,0.9997292160987854
1773142876.9580102,PC1,0,6,0.5675,0.51221,-0.33402,0.9996655583381653
1773142876.9580102,PC1,0,7,0.62387,0.53707,-0.06191,0.999683678150177
1773142876.9580102,PC1,0,8,0.54527,0.53866,-0.17112,0.9998285174369812
1773142876.9580102,PC1,0,9,0.60782,0.5905,-0.26574,0.9997810125350952
1773142876.9580102,PC1,0,10,0.58272,0.59189,-0.29275,0.9997943043708801
1773142876.9580102,PC1,0,11,0.67608,0.70221,0.04602,0.9995155334472656
1773142876.9580102,PC1,0,12,0.48186,0.74941,-0.15601,0.9988505840301514
1773142876.9580102,PC1,0,13,0.75162,0.87142,-0.25341,0.9795726537704468
1773142876.9580102,PC1,0,14,0.52923,0.99538,-0.29013,0.7530879378318787
1773142876.9580102,PC1,0,15,0.61684,0.73274,-0.60915,0.9882771372795105
1773142876.9580102,PC1,0,16,0.65368,0.92215,-0.39683,0.651159405708313
1773142876.9580102,PC1,0,17,0.57411,0.68655,-0.69492,0.9631859064102173
1773142876.9580102,PC1,0,18,0.68725,0.93824,-0.43861,0.6226474642753601
1773142876.9580102,PC1,0,19,0.56729,0.66728,-0.63164,0.9641093611717224
1773142876.9580102,PC1,0,20,0.67891,0.91237,-0.4359,0.6746649146080017
1773142876.9580102,PC1,0,21,0.57515,0.68474,-0.59939,0.9613350033760071
1773142876.9580102,PC1,0,22,0.66522,0.91111,-0.39179,0.677127480506897
1773142876.9580102,PC1,0,23,0.42179,1.62616,0.01525,0.04473775997757912
1773142876.9580102,PC1,0,24,0.19414,1.66921,-0.01183,0.02812162972986698
1773142876.9580102,PC1,0,25,0.44334,2.26043,-0.02372,0.001963686430826783
1773142876.9580102,PC1,0,26,0.24156,2.30596,-0.12615,0.0009138034074567258
1773142876.9580102,PC1,0,27,0.46971,2.84876,0.42678,0.0001279595453524962
1773142876.9580102,PC1,0,28,0.28028,2.87366,0.18381,2.7732397938962094e-05
1773142876.9580102,PC1,0,29,0.47026,2.95013,0.44344,0.00013569121074397117
1773142876.9580102,PC1,0,30,0.27663,2.97256,0.19445,6.980483158258721e-05
1773142876.9580102,PC1,0,31,0.46412,3.04221,-0.00021,0.00034940565819852054
1773142876.9580102,PC1,0,32,0.3352,3.0443,-0.29921,0.0002597338461782783
1773142876.9580102,PC1,0,Angle_Elbow_L,120.74,,,
1773142876.9580102,PC1,0,Angle_Elbow_R,92.46,,,
1773142876.9580102,PC1,0,Angle_Shoulder_L,110.47,,,
1773142876.9580102,PC1,0,Angle_Shoulder_R,138.97,,,
1773142876.9580102,PC1,0,Length_UpperArm_L,0.3521,,,
1773142876.9580102,PC1,0,Length_LowerArm_L,0.4049,,,
1773142876.9580102,PC1,0,Length_UpperArm_R,0.2841,,,
1773142876.9580102,PC1,0,Length_LowerArm_R,0.1795,,,
1773142876.9580102,PC1,0,Width_Shoulder,0.2842,,,
1773142877.016834,PC1,0,0,0.60003,0.55163,-0.35874,0.9998146295547485
1773142877.016834,PC1,0,1,0.60918,0.51831,-0.31261,0.999691367149353
1773142877.016834,PC1,0,2,0.6159,0.519,-0.31257,0.9997208714485168
1773142877.016834,PC1,0,3,0.62204,0.51963,-0.31228,0.9996848702430725
1773142877.016834,PC1,0,4,0.58574,0.51484,-0.33747,0.9996702671051025
1773142877.016834,PC1,0,5,0.57656,0.51318,-0.33731,0.9997256398200989
1773142877.016834,PC1,0,6,0.56744,0.51215,-0.33762,0.9996606111526489
1773142877.016834,PC1,0,7,0.62411,0.5377,-0.05946,0.9996845126152039
1773142877.016834,PC1,0,8,0.54421,0.53819,-0.17601,0.9998319149017334
1773142877.016834,PC1,0,9,0.60814,0.5904,-0.26673,0.9997754693031311
1773142877.016834,PC1,0,10,0.58278,0.59187,-0.29593,0.9997916221618652
1773142877.016834,PC1,0,11,0.67424,0.70195,0.05581,0.9994856715202332
1773142877.016834,PC1,0,12,0.48138,0.74931,-0.1687,0.9986953735351562
1773142877.016834,PC1,0,13,0.74964,0.87214,-0.24787,0.9761655926704407
1773142877.016834,PC1,0,14,0.53105,0.99332,-0.31918,0.7680903077125549
1773142877.016834,PC1,0,15,0.61866,0.72961,-0.61703,0.987876296043396
1773142877.016834,PC1,0,16,0.65822,0.91273,-0.42635,0.664604663848877
1773142877.016834,PC1,0,17,0.58286,0.68748,-0.70358,0.9625279903411865
1773142877.016834,PC1,0,18,0.69386,0.92508,-0.46906,0.6282556056976318
1773142877.016834,PC1,0,19,0.57415,0.67172,-0.63976,0.9634873270988464
1773142877.016834,PC1,0,20,0.68567,0.89675,-0.46272,0.6785796284675598
1773142877.016834,PC1,0,21,0.58077,0.68684,-0.60723,0.960395872592926
1773142877.016834,PC1,0,22,0.67153,0.89738,-0.42035,0.6791628003120422
1773142877.016834,PC1,0,23,0.42179,1.62616,0.01525,0.046203527599573135
1773142877.016834,PC1,0,24,0.19414,1.66921,-0.01183,0.028686653822660446
1773142877.016834,PC1,0,25,0.44334,2.26043,-0.02372,0.001989693846553564
1773142877.016834,PC1,0,26,0.24156,2.30596,-0.12615,0.0009725066483952105
1773142877.016834,PC1,0,27,0.46971,2.84876,0.42678,0.0001256680698134005
1773142877.016834,PC1,0,28,0.28028,2.87366,0.18381,2.945242522400804e-05
1773142877.016834,PC1,0,29,0.47026,2.95013,0.44344,0.00013139261864125729
1773142877.016834,PC1,0,30,0.27663,2.97256,0.19445,7.107855344656855e-05
1773142877.016834,PC1,0,31,0.46412,3.04221,-0.00021,0.00034633054747246206
1773142877.016834,PC1,0,32,0.3352,3.0443,-0.29921,0.0002657583972904831
1773142877.016834,PC1,0,Angle_Elbow_L,121.68,,,
1773142877.016834,PC1,0,Angle_Elbow_R,92.96,,,
1773142877.016834,PC1,0,Angle_Shoulder_L,110.3,,,
1773142877.016834,PC1,0,Angle_Shoulder_R,136.41,,,
1773142877.016834,PC1,0,Length_UpperArm_L,0.3562,,,
1773142877.016834,PC1,0,Length_LowerArm_L,0.4168,,,
1773142877.016834,PC1,0,Length_UpperArm_R,0.291,,,
1773142877.016834,PC1,0,Length_LowerArm_R,0.1848,,,
1773142877.016834,PC1,0,Width_Shoulder,0.2997,,,
1773142877.06632,PC1,0,0,0.60061,0.55437,-0.34981,0.999829888343811
1773142877.06632,PC1,0,1,0.60969,0.52045,-0.30355,0.9997186660766602
1773142877.06632,PC1,0,2,0.61644,0.52118,-0.30349,0.9997444152832031
1773142877.06632,PC1,0,3,0.62266,0.5219,-0.30324,0.9997121095657349
1773142877.06632,PC1,0,4,0.58619,0.51703,-0.33367,0.9996996521949768
1773142877.06632,PC1,0,5,0.57672,0.51537,-0.33351,0.999749481678009
1773142877.06632,PC1,0,6,0.56737,0.51423,-0.33381,0.9996906518936157
1773142877.06632,PC1,0,7,0.62389,0.54009,-0.04962,0.9997127652168274
1773142877.06632,PC1,0,8,0.54315,0.53877,-0.18384,0.9998472332954407
1773142877.06632,PC1,0,9,0.60844,0.59571,-0.25617,0.9997947216033936
1773142877.06632,PC1,0,10,0.58298,0.59601,-0.29258,0.9998102188110352
1773142877.06632,PC1,0,11,0.6674,0.70694,0.08389,0.9994933009147644
1773142877.06632,PC1,0,12,0.48092,0.7496,-0.19242,0.9987248778343201
1773142877.06632,PC1,0,13,0.7496,0.86256,-0.21043,0.9710910320281982
1773142877.06632,PC1,0,14,0.53319,0.99452,-0.36266,0.7569077014923096
1773142877.06632,PC1,0,15,0.63401,0.72734,-0.5854,0.9870931506156921
1773142877.06632,PC1,0,16,0.6619,0.94523,-0.48241,0.6548494696617126
1773142877.06632,PC1,0,17,0.6023,0.68521,-0.66988,0.9622717499732971
1773142877.06632,PC1,0,18,0.69651,0.96716,-0.52885,0.6289227604866028
1773142877.06632,PC1,0,19,0.59051,0.67524,-0.60792,0.9633197784423828
1773142877.06632,PC1,0,20,0.68983,0.93708,-0.52574,0.6807474493980408
1773142877.06632,PC1,0,21,0.59545,0.68838,-0.5767,0.9600744247436523
1773142877.06632,PC1,0,22,0.67532,0.93441,-0.47892,0.677283525466919
1773142877.06632,PC1,0,23,0.42179,1.62616,0.01525,0.04661194235086441
1773142877.06632,PC1,0,24,0.19414,1.66921,-0.01183,0.028223486617207527
1773142877.06632,PC1,0,25,0.44334,2.26043,-0.02372,0.002003464614972472
1773142877.06632,PC1,0,26,0.24156,2.30596,-0.12615,0.0011023911647498608
1773142877.06632,PC1,0,27,0.46971,2.84876,0.42678,0.00012352892372291535
1773142877.06632,PC1,0,28,0.28028,2.87366,0.18381,3.4688739106059074e-05
1773142877.06632,PC1,0,29,0.47026,2.95013,0.44344,0.00013078254414722323
1773142877.06632,PC1,0,30,0.27663,2.97256,0.19445,8.088847971521318e-05
1773142877.06632,PC1,0,31,0.46412,3.04221,-0.00021,0.0003983073984272778
1773142877.06632,PC1,0,32,0.3352,3.0443,-0.29921,0.000301021384075284
1773142877.06632,PC1,0,Angle_Elbow_L,124.11,,,
1773142877.06632,PC1,0,Angle_Elbow_R,105.79,,,
1773142877.06632,PC1,0,Angle_Shoulder_L,108.57,,,
1773142877.06632,PC1,0,Angle_Shoulder_R,134.01,,,
1773142877.06632,PC1,0,Length_UpperArm_L,0.3429,,,
1773142877.06632,PC1,0,Length_LowerArm_L,0.415,,,
1773142877.06632,PC1,0,Length_UpperArm_R,0.3028,,,
1773142877.06632,PC1,0,Length_LowerArm_R,0.1826,,,
1773142877.06632,PC1,0,Width_Shoulder,0.3361,,,
1773142877.155977,PC1,0,0,0.60246,0.55745,-0.34453,0.9998427629470825
1773142877.155977,PC1,0,1,0.61062,0.52253,-0.3015,0.9997403621673584
1773142877.155977,PC1,0,2,0.61719,0.52331,-0.30144,0.9997630715370178
1773142877.155977,PC1,0,3,0.62336,0.52409,-0.3012,0.999733567237854
1773142877.155977,PC1,0,4,0.58716,0.51892,-0.33647,0.9997230768203735
1773142877.155977,PC1,0,5,0.57738,0.5172,-0.33631,0.9997672438621521
1773142877.155977,PC1,0,6,0.56779,0.51592,-0.33659,0.9997119903564453
1773142877.155977,PC1,0,7,0.62376,0.54202,-0.05233,0.9997337460517883
1773142877.155977,PC1,0,8,0.5425,0.5392,-0.20207,0.9998584389686584
1773142877.155977,PC1,0,9,0.60992,0.59982,-0.25158,0.9998109936714172
1773142877.155977,PC1,0,10,0.58452,0.59957,-0.29543,0.9998260736465454
1773142877.155977,PC1,0,11,0.66346,0.71116,0.09295,0.9995296001434326
1773142877.155977,PC1,0,12,0.48062,0.75356,-0.21126,0.9987560510635376
1773142877.155977,PC1,0,13,0.74975,0.85644,-0.1947,0.9670282006263733
1773142877.155977,PC1,0,14,0.52646,0.9969,-0.38431,0.7442635893821716
1773142877.155977,PC1,0,15,0.66369,0.73606,-0.59173,0.9874091148376465
1773142877.155977,PC1,0,16,0.64524,1.01434,-0.52593,0.6336140036582947
1773142877.155977,PC1,0,17,0.64095,0.68791,-0.67537,0.964262843132019
1773142877.155977,PC1,0,18,0.67441,1.05059,-0.5743,0.6171249747276306
1773142877.155977,PC1,0,19,0.62565,0.67836,-0.62563,0.9654613733291626
1773142877.155977,PC1,0,20,0.67198,1.02295,-0.57887,0.6720550656318665
1773142877.155977,PC1,0,21,0.63033,0.69498,-0.58851,0.962156355381012
1773142877.155977,PC1,0,22,0.66065,1.01442,-0.52668,0.6656609177589417
1773142877.155977,PC1,0,23,0.42179,1.62616,0.01525,0.044097233563661575
1773142877.155977,PC1,0,24,0.19414,1.66921,-0.01183,0.02631390281021595
1773142877.155977,PC1,0,25,0.44334,2.26043,-0.02372,0.001924050273373723
1773142877.155977,PC1,0,26,0.24156,2.30596,-0.12615,0.0011619841679930687
1773142877.155977,PC1,0,27,0.46971,2.84876,0.42678,0.00011698166781570762
1773142877.155977,PC1,0,28,0.28028,2.87366,0.18381,3.7770056223962456e-05
1773142877.155977,PC1,0,29,0.47026,2.95013,0.44344,0.0001228904875461012
1773142877.155977,PC1,0,30,0.27663,2.97256,0.19445,8.699692989466712e-05
1773142877.155977,PC1,0,31,0.46412,3.04221,-0.00021,0.00040877648280002177
1773142877.155977,PC1,0,32,0.3352,3.0443,-0.29921,0.00031124227098189294
1773142877.155977,PC1,0,Angle_Elbow_L,129.17,,,
1773142877.155977,PC1,0,Angle_Elbow_R,127.57,,,
1773142877.155977,PC1,0,Angle_Shoulder_L,106.92,,,
1773142877.155977,PC1,0,Angle_Shoulder_R,133.94,,,
1773142877.155977,PC1,0,Length_UpperArm_L,0.3336,,,
1773142877.155977,PC1,0,Length_LowerArm_L,0.4237,,,
1773142877.155977,PC1,0,Length_UpperArm_R,0.3021,,,
1773142877.155977,PC1,0,Length_LowerArm_R,0.1857,,,
1773142877.155977,PC1,0,Width_Shoulder,0.3575,,,
1773142877.2361119,PC1,0,0,0.60463,0.56424,-0.36751,0.9998598098754883
1773142877.2361119,PC1,0,1,0.61203,0.52796,-0.32858,0.9997721314430237
1773142877.2361119,PC1,0,2,0.61849,0.52882,-0.32854,0.99979168176651
1773142877.2361119,PC1,0,3,0.62452,0.52969,-0.32838,0.9997676014900208
1773142877.2361119,PC1,0,4,0.58833,0.52342,-0.36105,0.9997530579566956
1773142877.2361119,PC1,0,5,0.57818,0.52144,-0.36085,0.9997861385345459
1773142877.2361119,PC1,0,6,0.56811,0.52001,-0.36111,0.9997311234474182
1773142877.2361119,PC1,0,7,0.62365,0.54567,-0.08578,0.9997714757919312
1773142877.2361119,PC1,0,8,0.54156,0.54083,-0.22658,0.9998686909675598
1773142877.2361119,PC1,0,9,0.61153,0.60743,-0.27499,0.999835193157196
1773142877.2361119,PC1,0,10,0.58631,0.60608,-0.31636,0.9998473525047302
1773142877.2361119,PC1,0,11,0.66317,0.71483,0.07552,0.9996037483215332
1773142877.2361119,PC1,0,12,0.4788,0.75962,-0.21781,0.998690664768219
1773142877.2361119,PC1,0,13,0.76392,0.85367,-0.16161,0.9664161801338196
1773142877.2361119,PC1,0,14,0.51738,1.01332,-0.38202,0.6820096373558044
1773142877.2361119,PC1,0,15,0.73237,0.7547,-0.56148,0.988040566444397
1773142877.2361119,PC1,0,16,0.62614,1.07576,-0.57503,0.5542303323745728
1773142877.2361119,PC1,0,17,0.72771,0.7036,-0.64505,0.9673495888710022
1773142877.2361119,PC1,0,18,0.65197,1.12278,-0.62863,0.5564308762550354
1773142877.2361119,PC1,0,19,0.70569,0.68869,-0.61288,0.9689417481422424
1773142877.2361119,PC1,0,20,0.65344,1.09299,-0.64524,0.6139559149742126
1773142877.2361119,PC1,0,21,0.70387,0.70977,-0.5654,0.965839684009552
1773142877.2361119,PC1,0,22,0.64462,1.07962,-0.5832,0.6072768568992615
1773142877.2361119,PC1,0,23,0.42179,1.62616,0.01525,0.04034559428691864
1773142877.2361119,PC1,0,24,0.19414,1.66921,-0.01183,0.023147905245423317
1773142877.2361119,PC1,0,25,0.44334,2.26043,-0.02372,0.0016442626947537065
1773142877.2361119,PC1,0,26,0.24156,2.30596,-0.12615,0.000997136696241796
1773142877.2361119,PC1,0,27,0.46971,2.84876,0.42678,9.797597158467397e-05
1773142877.2361119,PC1,0,28,0.28028,2.87366,0.18381,3.247365020797588e-05
1773142877.2361119,PC1,0,29,0.47026,2.95013,0.44344,0.00010484587983228266
1773142877.2361119,PC1,0,30,0.27663,2.97256,0.19445,7.530600851168856e-05
1773142877.2361119,PC1,0,31,0.46412,3.04221,-0.00021,0.00035506466520018876
1773142877.2361119,PC1,0,32,0.3352,3.0443,-0.29921,0.00026332185370847583
1773142877.2361119,PC1,0,Angle_Elbow_L,130.11,,,
1773142877.2361119,PC1,0,Angle_Elbow_R,137.54,,,
1773142877.2361119,PC1,0,Angle_Shoulder_L,107.28,,,
1773142877.2361119,PC1,0,Angle_Shoulder_R,136.16,,,
1773142877.2361119,PC1,0,Length_UpperArm_L,0.2927,,,
1773142877.2361119,PC1,0,Length_LowerArm_L,0.4131,,,
1773142877.2361119,PC1,0,Length_UpperArm_R,0.3047,,,
1773142877.2361119,PC1,0,Length_LowerArm_R,0.2302,,,
1773142877.2361119,PC1,0,Width_Shoulder,0.3493,,,
1773142877.334837,PC1,0,0,0.60591,0.56858,-0.39346,0.999871015548706
1773142877.334837,PC1,0,1,0.61305,0.53181,-0.35613,0.9997848868370056
1773142877.334837,PC1,0,2,0.61945,0.53263,-0.35611,0.999801516532898
1773142877.334837,PC1,0,3,0.62536,0.53348,-0.356,0.9997804760932922
1773142877.334837,PC1,0,4,0.58905,0.52701,-0.38635,0.9997669458389282
1773142877.334837,PC1,0,5,0.57861,0.52502,-0.38614,0.9997935891151428
1773142877.334837,PC1,0,6,0.56815,0.52362,-0.38638,0.999733030796051
1773142877.334837,PC1,0,7,0.62352,0.54779,-0.11515,0.999790370464325
1773142877.334837,PC1,0,8,0.54098,0.54265,-0.24786,0.9998580813407898
1773142877.334837,PC1,0,9,0.61229,0.61265,-0.30107,0.9998523592948914
1773142877.334837,PC1,0,10,0.587,0.61025,-0.33962,0.9998610019683838
1773142877.334837,PC1,0,11,0.6663,0.71285,0.05239,0.9996649622917175
1773142877.334837,PC1,0,12,0.47774,0.76353,-0.2203,0.998672366142273
1773142877.334837,PC1,0,13,0.77104,0.85041,-0.10306,0.966326117515564
1773142877.334837,PC1,0,14,0.50871,1.01131,-0.38493,0.6610499620437622
1773142877.334837,PC1,0,15,0.79135,0.81238,-0.46766,0.9855198860168457
1773142877.334837,PC1,0,16,0.61926,1.10083,-0.59865,0.4929533004760742
1773142877.334837,PC1,0,17,0.80461,0.77286,-0.54423,0.9642819166183472
1773142877.334837,PC1,0,18,0.63084,1.1884,-0.71139,0.5058053731918335
1773142877.334837,PC1,0,19,0.78532,0.76562,-0.54032,0.9681075811386108
1773142877.334837,PC1,0,20,0.6366,1.15891,-0.73921,0.5643018484115601
1773142877.334837,PC1,0,21,0.77592,0.78227,-0.48122,0.9650393128395081
1773142877.334837,PC1,0,22,0.63013,1.1395,-0.66373,0.5580321550369263
1773142877.334837,PC1,0,23,0.42179,1.62616,0.01525,0.04058431461453438
1773142877.334837,PC1,0,24,0.19414,1.66921,-0.01183,0.021885359659790993
1773142877.334837,PC1,0,25,0.44334,2.26043,-0.02372,0.0016565988771617413
1773142877.334837,PC1,0,26,0.24156,2.30596,-0.12615,0.0010469170520082116
1773142877.334837,PC1,0,27,0.46971,2.84876,0.42678,9.91603810689412e-05
1773142877.334837,PC1,0,28,0.28028,2.87366,0.18381,4.3850810470758006e-05
1773142877.334837,PC1,0,29,0.47026,2.95013,0.44344,0.00011216784332646057
1773142877.334837,PC1,0,30,0.27663,2.97256,0.19445,0.00010749187640612945
1773142877.334837,PC1,0,31,0.46412,3.04221,-0.00021,0.0003427821211516857
1773142877.334837,PC1,0,32,0.3352,3.0443,-0.29921,0.0002562754089012742
1773142877.334837,PC1,0,Angle_Elbow_L,128.87,,,
1773142877.334837,PC1,0,Angle_Shoulder_L,112.37,,,
1773142877.334837,PC1,0,Angle_Shoulder_R,135.56,,,
1773142877.334837,PC1,0,Length_UpperArm_L,0.2325,,,
1773142877.334837,PC1,0,Length_LowerArm_L,0.3671,,,
1773142877.334837,PC1,0,Length_UpperArm_R,0.2991,,,
1773142877.334837,PC1,0,Width_Shoulder,0.3354,,,
1773142877.422998,PC1,0,0,0.60875,0.57215,-0.42955,0.9998646378517151
1773142877.422998,PC1,0,1,0.61589,0.53506,-0.3909,0.9997802376747131
1773142877.422998,PC1,0,2,0.62201,0.53576,-0.3909,0.9997941255569458
1773142877.422998,PC1,0,3,0.62764,0.53651,-0.3909,0.9997767210006714
1773142877.422998,PC1,0,4,0.59151,0.53017,-0.42037,0.9997537136077881
1773142877.422998,PC1,0,5,0.58073,0.52788,-0.42015,0.9997769594192505
1773142877.422998,PC1,0,6,0.56989,0.52637,-0.42037,0.9996995329856873
1773142877.422998,PC1,0,7,0.62437,0.54931,-0.13977,0.9998006820678711
1773142877.422998,PC1,0,8,0.54295,0.54385,-0.27039,0.999823808670044
1773142877.422998,PC1,0,9,0.61386,0.61701,-0.33319,0.9998636245727539
1773142877.422998,PC1,0,10,0.58893,0.61342,-0.37077,0.9998632073402405
1773142877.422998,PC1,0,11,0.6697,0.70724,0.03589,0.9997079372406006
1773142877.422998,PC1,0,12,0.47698,0.76653,-0.23123,0.9985901713371277
1773142877.422998,PC1,0,13,0.77688,0.84681,-0.0113,0.964060366153717
1773142877.422998,PC1,0,14,0.51204,1.01393,-0.43655,0.6528162360191345
1773142877.422998,PC1,0,15,0.8544,0.88859,-0.30443,0.9696146845817566
1773142877.422998,PC1,0,16,0.61926,1.10083,-0.59865,0.4640216827392578
1773142877.422998,PC1,0,17,0.88192,0.89129,-0.36555,0.9387757778167725
1773142877.422998,PC1,0,18,0.63084,1.1884,-0.71139,0.47553491592407227
1773142877.422998,PC1,0,19,0.86751,0.88809,-0.39104,0.9509744048118591
1773142877.422998,PC1,0,20,0.6403,1.15452,-0.88261,0.5322155952453613
1773142877.422998,PC1,0,21,0.85103,0.89623,-0.32705,0.9478642344474792
1773142877.422998,PC1,0,22,0.62761,1.1174,-0.79611,0.5236096382141113
1773142877.422998,PC1,0,23,0.42179,1.62616,0.01525,0.04446558281779289
1773142877.422998,PC1,0,24,0.19414,1.66921,-0.01183,0.022188378497958183
1773142877.422998,PC1,0,25,0.44334,2.26043,-0.02372,0.0020510500762611628
1773142877.422998,PC1,0,26,0.24156,2.30596,-0.12615,0.0013395861024037004
1773142877.422998,PC1,0,27,0.46971,2.84876,0.42678,0.00013799230509903282
1773142877.422998,PC1,0,28,0.28028,2.87366,0.18381,8.343316585524008e-05
1773142877.422998,PC1,0,29,0.47026,2.95013,0.44344,0.00015445867029484361
1773142877.422998,PC1,0,30,0.27663,2.97256,0.19445,0.00018870513304136693
1773142877.422998,PC1,0,31,0.46412,3.04221,-0.00021,0.00035396302700974047
1773142877.422998,PC1,0,32,0.3352,3.0443,-0.29921,0.00026955484645441175
1773142877.422998,PC1,0,Angle_Elbow_L,120.11,,,
1773142877.422998,PC1,0,Angle_Shoulder_L,122.74,,,
1773142877.422998,PC1,0,Angle_Shoulder_R,129.36,,,
1773142877.422998,PC1,0,Length_UpperArm_L,0.1822,,,
1773142877.422998,PC1,0,Length_LowerArm_L,0.3061,,,
1773142877.422998,PC1,0,Length_UpperArm_R,0.3234,,,
1773142877.422998,PC1,0,Width_Shoulder,0.3347,,,
1773142877.502774,PC1,0,0,0.61371,0.57443,-0.48921,0.9998587965965271
1773142877.502774,PC1,0,1,0.62081,0.53691,-0.4433,0.9997724294662476
1773142877.502774,PC1,0,2,0.62706,0.53749,-0.44333,0.9997695088386536
1773142877.502774,PC1,0,3,0.63278,0.53804,-0.44335,0.9997674226760864
1773142877.502774,PC1,0,4,0.59582,0.53185,-0.47829,0.9997519254684448
1773142877.502774,PC1,0,5,0.585,0.52937,-0.47816,0.9997603893280029
1773142877.502774,PC1,0,6,0.57407,0.52784,-0.4785,0.9996921420097351
1773142877.502774,PC1,0,7,0.62924,0.549,-0.184,0.9997901320457458
1773142877.502774,PC1,0,8,0.54783,0.54427,-0.306,0.9997855424880981
1773142877.502774,PC1,0,9,0.61848,0.62012,-0.3809,0.9998761415481567
1773142877.502774,PC1,0,10,0.59345,0.61591,-0.42049,0.9998718500137329
1773142877.502774,PC1,0,11,0.68041,0.70214,-0.00598,0.9997439384460449
1773142877.502774,PC1,0,12,0.47757,0.77002,-0.23418,0.9985557198524475
1773142877.502774,PC1,0,13,0.793,0.85581,0.02919,0.961398184299469
1773142877.502774,PC1,0,14,0.50089,1.00552,-0.43494,0.6340250968933105
1773142877.502774,PC1,0,15,0.91681,0.95826,-0.2002,0.9346221089363098
1773142877.502774,PC1,0,16,0.61926,1.10083,-0.59865,0.38757139444351196
1773142877.502774,PC1,0,17,0.95672,0.98732,-0.24976,0.8844900131225586
1773142877.502774,PC1,0,18,0.63084,1.1884,-0.71139,0.3976144790649414
1773142877.502774,PC1,0,19,0.94556,0.98872,-0.2948,0.9099903702735901
1773142877.502774,PC1,0,20,0.64042,1.15511,-0.94495,0.4495145380496979
1773142877.502774,PC1,0,21,0.92272,0.99196,-0.22857,0.9090736508369446
1773142877.502774,PC1,0,22,0.62697,1.11938,-0.85312,0.4440654516220093
1773142877.502774,PC1,0,23,0.42179,1.62616,0.01525,0.045354560017585754
1773142877.502774,PC1,0,24,0.19414,1.66921,-0.01183,0.0216863714158535
1773142877.502774,PC1,0,25,0.44334,2.26043,-0.02372,0.0021975478157401085
1773142877.502774,PC1,0,26,0.24156,2.30596,-0.12615,0.001384324743412435
1773142877.502774,PC1,0,27,0.46971,2.84876,0.42678,0.00016190580208785832
1773142877.502774,PC1,0,28,0.28028,2.87366,0.18381,9.487647912465036e-05
1773142877.502774,PC1,0,29,0.47026,2.95013,0.44344,0.00016560967196710408
1773142877.502774,PC1,0,30,0.27663,2.97256,0.19445,0.00023331516422331333
1773142877.502774,PC1,0,31,0.46412,3.04221,-0.00021,0.00031573703745380044
1773142877.502774,PC1,0,32,0.3352,3.0443,-0.29921,0.00024895762908272445
1773142877.502774,PC1,0,Angle_Elbow_L,113.48,,,
1773142877.502774,PC1,0,Angle_Shoulder_L,127.81,,,
1773142877.502774,PC1,0,Angle_Shoulder_R,128.18,,,
1773142877.502774,PC1,0,Length_UpperArm_L,0.1937,,,
1773142877.502774,PC1,0,Length_LowerArm_L,0.2801,,,
1773142877.502774,PC1,0,Length_UpperArm_R,0.3103,,,
1773142877.502774,PC1,0,Width_Shoulder,0.3128,,,
1773142877.5822651,PC1,0,0,0.61607,0.57451,-0.48879,0.999853789806366
1773142877.5822651,PC1,0,1,0.62323,0.53667,-0.44485,0.9997639060020447
1773142877.5822651,PC1,0,2,0.62967,0.53724,-0.44487,0.999754011631012
1773142877.5822651,PC1,0,3,0.63553,0.53784,-0.44494,0.9997597932815552
1773142877.5822651,PC1,0,4,0.59776,0.53171,-0.47755,0.9997442960739136
1773142877.5822651,PC1,0,5,0.58693,0.52926,-0.47741,0.9997448325157166
1773142877.5822651,PC1,0,6,0.57594,0.52775,-0.47773,0.999679684638977
1773142877.5822651,PC1,0,7,0.63225,0.54855,-0.18971,0.9997805953025818
1773142877.5822651,PC1,0,8,0.54993,0.544,-0.30676,0.9997565150260925
1773142877.5822651,PC1,0,9,0.62099,0.62067,-0.38465,0.9998772144317627
1773142877.5822651,PC1,0,10,0.5957,0.61634,-0.42103,0.9998709559440613
1773142877.5822651,PC1,0,11,0.68457,0.70093,-0.01773,0.9997545480728149
1773142877.5822651,PC1,0,12,0.47884,0.77129,-0.22856,0.9985350966453552
1773142877.5822651,PC1,0,13,0.79933,0.86093,0.03167,0.961858868598938
1773142877.5822651,PC1,0,14,0.49865,1.00287,-0.42062,0.6141163110733032
1773142877.5822651,PC1,0,15,0.93123,0.9746,-0.18608,0.9307297468185425
1773142877.5822651,PC1,0,16,0.61926,1.10083,-0.59865,0.3622344732284546
1773142877.5822651,PC1,0,17,0.97164,1.00948,-0.23398,0.8776868581771851
1773142877.5822651,PC1,0,18,0.63084,1.1884,-0.71139,0.3748082220554352
1773142877.5822651,PC1,0,19,0.96032,1.0124,-0.28189,0.9051936268806458
1773142877.5822651,PC1,0,20,0.64042,1.15511,-0.94495,0.4258907735347748
1773142877.5822651,PC1,0,21,0.93633,1.01475,-0.21516,0.9045012593269348
1773142877.5822651,PC1,0,22,0.62697,1.11938,-0.85312,0.4223119616508484
1773142877.5822651,PC1,0,23,0.42179,1.62616,0.01525,0.04390941187739372
1773142877.5822651,PC1,0,24,0.19414,1.66921,-0.01183,0.020863305777311325
1773142877.5822651,PC1,0,25,0.44334,2.26043,-0.02372,0.0021088961511850357
1773142877.5822651,PC1,0,26,0.24156,2.30596,-0.12615,0.0013150278246030211
1773142877.5822651,PC1,0,27,0.46971,2.84876,0.42678,0.0001550187007524073
1773142877.5822651,PC1,0,28,0.28028,2.87366,0.18381,9.002168371807784e-05
1773142877.5822651,PC1,0,29,0.47026,2.95013,0.44344,0.00015856050595175475
1773142877.5822651,PC1,0,30,0.27663,2.97256,0.19445,0.0002224377531092614
1773142877.5822651,PC1,0,31,0.46412,3.04221,-0.00021,0.00029616153915412724
1773142877.5822651,PC1,0,32,0.3352,3.0443,-0.29921,0.0002326440589968115
1773142877.5822651,PC1,0,Angle_Elbow_L,113.5,,,
1773142877.5822651,PC1,0,Angle_Shoulder_L,128.24,,,
1773142877.5822651,PC1,0,Angle_Shoulder_R,128.89,,,
1773142877.5822651,PC1,0,Length_UpperArm_L,0.203,,,
1773142877.5822651,PC1,0,Length_LowerArm_L,0.2788,,,
1773142877.5822651,PC1,0,Length_UpperArm_R,0.3015,,,
1773142877.5822651,PC1,0,Width_Shoulder,0.3029,,,
1773142877.622379,PC1,0,0,0.61857,0.57461,-0.49676,0.9998539090156555
1773142877.622379,PC1,0,1,0.62597,0.53648,-0.45499,0.9997645616531372
1773142877.622379,PC1,0,2,0.63262,0.53704,-0.45502,0.9997501373291016
1773142877.622379,PC1,0,3,0.63865,0.53764,-0.45512,0.9997595548629761
1773142877.622379,PC1,0,4,0.60003,0.53159,-0.48462,0.9997459650039673
1773142877.622379,PC1,0,5,0.58906,0.52916,-0.48445,0.9997424483299255
1773142877.622379,PC1,0,6,0.578,0.52769,-0.48474,0.9996814727783203
1773142877.622379,PC1,0,7,0.63556,0.54801,-0.20228,0.9997809529304504
1773142877.622379,PC1,0,8,0.55207,0.54378,-0.31097,0.9997518062591553
1773142877.622379,PC1,0,9,0.62383,0.62118,-0.39491,0.9998813271522522
1773142877.622379,PC1,0,10,0.59818,0.6169,-0.42805,0.9998745322227478
1773142877.622379,PC1,0,11,0.6894,0.70034,-0.03045,0.9997589588165283
1773142877.622379,PC1,0,12,0.48027,0.77226,-0.22722,0.9984896183013916
1773142877.622379,PC1,0,13,0.80745,0.86836,0.03115,0.9608041644096375
1773142877.622379,PC1,0,14,0.49744,1.00277,-0.40998,0.6071844100952148
1773142877.622379,PC1,0,15,0.94294,0.99324,-0.17963,0.9135785698890686
1773142877.622379,PC1,0,16,0.61926,1.10083,-0.59865,0.3418579399585724
1773142877.622379,PC1,0,17,0.98556,1.03217,-0.22698,0.8539875149726868
1773142877.622379,PC1,0,18,0.63084,1.1884,-0.71139,0.35449859499931335
1773142877.622379,PC1,0,19,0.9744,1.03592,-0.27451,0.8867661952972412
1773142877.622379,PC1,0,20,0.64042,1.15511,-0.94495,0.40465331077575684
1773142877.622379,PC1,0,21,0.94938,1.03685,-0.20882,0.8876221776008606
1773142877.622379,PC1,0,22,0.62697,1.11938,-0.85312,0.40186575055122375
1773142877.622379,PC1,0,23,0.42179,1.62616,0.01525,0.04402228817343712
1773142877.622379,PC1,0,24,0.19414,1.66921,-0.01183,0.020734066143631935
1773142877.622379,PC1,0,25,0.44334,2.26043,-0.02372,0.0021406575106084347
1773142877.622379,PC1,0,26,0.24156,2.30596,-0.12615,0.0013042934006080031
1773142877.622379,PC1,0,27,0.46971,2.84876,0.42678,0.00016024614160414785
1773142877.622379,PC1,0,28,0.28028,2.87366,0.18381,9.098077134694904e-05
1773142877.622379,PC1,0,29,0.47026,2.95013,0.44344,0.00016110605793073773
1773142877.622379,PC1,0,30,0.27663,2.97256,0.19445,0.00022602782701142132
1773142877.622379,PC1,0,31,0.46412,3.04221,-0.00021,0.0002824974071700126
1773142877.622379,PC1,0,32,0.3352,3.0443,-0.29921,0.0002247034863103181
1773142877.622379,PC1,0,Angle_Elbow_L,113.56,,,
1773142877.622379,PC1,0,Angle_Shoulder_L,128.56,,,
1773142877.622379,PC1,0,Angle_Shoulder_R,129.83,,,
1773142877.622379,PC1,0,Length_UpperArm_L,0.2144,,,
1773142877.622379,PC1,0,Length_LowerArm_L,0.28,,,
1773142877.622379,PC1,0,Length_UpperArm_R,0.2947,,,
1773142877.622379,PC1,0,Width_Shoulder,0.296,,,
1773142877.6717691,PC1,0,0,0.62264,0.57479,-0.55345,0.9998683333396912
1773142877.6717691,PC1,0,1,0.63089,0.536,-0.51589,0.9997832179069519
1773142877.6717691,PC1,0,2,0.63807,0.5366,-0.51587,0.9997660517692566
1773142877.6717691,PC1,0,3,0.64451,0.53727,-0.51599,0.9997758269309998
1773142877.6717691,PC1,0,4,0.60415,0.53116,-0.54027,0.9997701644897461
1773142877.6717691,PC1,0,5,0.59302,0.52883,-0.54005,0.9997643828392029
1773142877.6717691,PC1,0,6,0.58194,0.52747,-0.54028,0.9997124671936035
1773142877.6717691,PC1,0,7,0.6428,0.54704,-0.2656,0.9997947812080383
1773142877.6717691,PC1,0,8,0.55628,0.54341,-0.35795,0.9997715353965759
1773142877.6717691,PC1,0,9,0.62863,0.62224,-0.45357,0.9998933672904968
1773142877.6717691,PC1,0,10,0.60225,0.61791,-0.48123,0.99988853931427
1773142877.6717691,PC1,0,11,0.69949,0.70051,-0.08256,0.9997560977935791
1773142877.6717691,PC1,0,12,0.48341,0.77476,-0.26082,0.9984877705574036
1773142877.6717691,PC1,0,13,0.82316,0.88268,-0.00161,0.9474324584007263
1773142877.6717691,PC1,0,14,0.49502,1.01153,-0.43193,0.5913541316986084
1773142877.6717691,PC1,0,15,0.96574,1.02682,-0.20497,0.8653887510299683
1773142877.6717691,PC1,0,16,0.61926,1.10083,-0.59865,0.31193822622299194
1773142877.6717691,PC1,0,17,1.01225,1.06998,-0.24976,0.7962502837181091
1773142877.6717691,PC1,0,18,0.63084,1.1884,-0.71139,0.31994858384132385
1773142877.6717691,PC1,0,19,1.00145,1.07588,-0.30667,0.8404169678688049
1773142877.6717691,PC1,0,20,0.64042,1.15511,-0.94495,0.36909687519073486
1773142877.6717691,PC1,0,21,0.97494,1.07475,-0.23802,0.8464229106903076
1773142877.6717691,PC1,0,22,0.62697,1.11938,-0.85312,0.366220086812973
1773142877.6717691,PC1,0,23,0.42179,1.62616,0.01525,0.03835129365324974
1773142877.6717691,PC1,0,24,0.19414,1.66921,-0.01183,0.018087118864059448
1773142877.6717691,PC1,0,25,0.44334,2.26043,-0.02372,0.0019649704918265343
1773142877.6717691,PC1,0,26,0.24156,2.30596,-0.12615,0.0011644021142274141
1773142877.6717691,PC1,0,27,0.46971,2.84876,0.42678,0.00014488250599242747
1773142877.6717691,PC1,0,28,0.28028,2.87366,0.18381,7.85041629569605e-05
1773142877.6717691,PC1,0,29,0.47026,2.95013,0.44344,0.00014112524513620883
1773142877.6717691,PC1,0,30,0.27663,2.97256,0.19445,0.00019391188106965274
1773142877.6717691,PC1,0,31,0.46412,3.04221,-0.00021,0.00024419010151177645
1773142877.6717691,PC1,0,32,0.3352,3.0443,-0.29921,0.00019700558914337307
1773142877.6717691,PC1,0,Angle_Elbow_L,114.03,,,
1773142877.6717691,PC1,0,Angle_Shoulder_L,129.56,,,
1773142877.6717691,PC1,0,Angle_Shoulder_R,130.12,,,
1773142877.6717691,PC1,0,Length_UpperArm_L,0.2346,,,
1773142877.6717691,PC1,0,Length_LowerArm_L,0.2872,,,
1773142877.6717691,PC1,0,Length_UpperArm_R,0.2924,,,
1773142877.6717691,PC1,0,Width_Shoulder,0.2898,,,
1773142877.761555,PC1,0,0,0.62695,0.57459,-0.58207,0.9998767375946045
1773142877.761555,PC1,0,1,0.63677,0.53478,-0.54752,0.9997933506965637
1773142877.761555,PC1,0,2,0.64479,0.53541,-0.5475,0.9997706413269043
1773142877.761555,PC1,0,3,0.65181,0.53616,-0.54763,0.9997842907905579
1773142877.761555,PC1,0,4,0.60918,0.52992,-0.56793,0.9997854828834534
1773142877.761555,PC1,0,5,0.59796,0.52788,-0.56768,0.9997755885124207
1773142877.761555,PC1,0,6,0.5869,0.5268,-0.56787,0.9997318983078003
1773142877.761555,PC1,0,7,0.65232,0.54536,-0.29966,0.9997983574867249
1773142877.761555,PC1,0,8,0.56169,0.54261,-0.38542,0.9997791647911072
1773142877.761555,PC1,0,9,0.63412,0.6231,-0.48403,0.9999027848243713
1773142877.761555,PC1,0,10,0.60674,0.61869,-0.50749,0.9998990893363953
1773142877.761555,PC1,0,11,0.71089,0.70133,-0.11278,0.9997499585151672
1773142877.761555,PC1,0,12,0.48831,0.77701,-0.27289,0.9984989166259766
1773142877.761555,PC1,0,13,0.83639,0.89454,-0.02232,0.9413295984268188
1773142877.761555,PC1,0,14,0.4953,1.02001,-0.42798,0.5705529451370239
1773142877.761555,PC1,0,15,0.98326,1.05798,-0.20995,0.8290396928787231
1773142877.761555,PC1,0,16,0.61926,1.10083,-0.59865,0.2755143940448761
1773142877.761555,PC1,0,17,1.03238,1.10516,-0.25508,0.7511961460113525
1773142877.761555,PC1,0,18,0.63084,1.1884,-0.71139,0.283464252948761
1773142877.761555,PC1,0,19,1.02135,1.11298,-0.31701,0.8035363554954529
1773142877.761555,PC1,0,20,0.64042,1.15511,-0.94495,0.33041447401046753
1773142877.761555,PC1,0,21,0.99362,1.10994,-0.24458,0.812738835811615
1773142877.761555,PC1,0,22,0.62697,1.11938,-0.85312,0.3294726610183716
1773142877.761555,PC1,0,23,0.42179,1.62616,0.01525,0.034794144332408905
1773142877.761555,PC1,0,24,0.19414,1.66921,-0.01183,0.016477519646286964
1773142877.761555,PC1,0,25,0.44334,2.26043,-0.02372,0.0018215616000816226
1773142877.761555,PC1,0,26,0.24156,2.30596,-0.12615,0.0010385008063167334
1773142877.761555,PC1,0,27,0.46971,2.84876,0.42678,0.00013432720152195543
1773142877.761555,PC1,0,28,0.28028,2.87366,0.18381,6.97118739481084e-05
1773142877.761555,PC1,0,29,0.47026,2.95013,0.44344,0.00012615072773769498
1773142877.761555,PC1,0,30,0.27663,2.97256,0.19445,0.0001724690810078755
1773142877.761555,PC1,0,31,0.46412,3.04221,-0.00021,0.00021265407849568874
1773142877.761555,PC1,0,32,0.3352,3.0443,-0.29921,0.00017444536206312478
1773142877.761555,PC1,0,Angle_Elbow_L,117.51,,,
1773142877.761555,PC1,0,Angle_Shoulder_L,130.5,,,
1773142877.761555,PC1,0,Angle_Shoulder_R,132.18,,,
1773142877.761555,PC1,0,Length_UpperArm_L,0.2475,,,
1773142877.761555,PC1,0,Length_LowerArm_L,0.2889,,,
1773142877.761555,PC1,0,Length_UpperArm_R,0.2884,,,
1773142877.761555,PC1,0,Width_Shoulder,0.2844,,,
1773142877.761646,PC1,0,0,0.63001,0.57395,-0.57657,0.9998735785484314
1773142877.761646,PC1,0,1,0.64053,0.53366,-0.54307,0.9997847676277161
1773142877.761646,PC1,0,2,0.64888,0.53424,-0.54306,0.9997538328170776
1773142877.761646,PC1,0,3,0.65622,0.53494,-0.54323,0.9997739791870117
1773142877.761646,PC1,0,4,0.61275,0.52872,-0.56107,0.9997825026512146
1773142877.761646,PC1,0,5,0.60151,0.5268,-0.5608,0.9997683167457581
1773142877.761646,PC1,0,6,0.59049,0.5259,-0.56098,0.9997296333312988
1773142877.761646,PC1,0,7,0.65765,0.54388,-0.29962,0.9997828006744385
1773142877.761646,PC1,0,8,0.5654,0.54176,-0.37473,0.9997698068618774
1773142877.761646,PC1,0,9,0.63789,0.6232,-0.48115,0.9999030828475952
1773142877.761646,PC1,0,10,0.60978,0.6187,-0.50153,0.9999005198478699
1773142877.761646,PC1,0,11,0.71688,0.70162,-0.12043,0.9997456669807434
1773142877.761646,PC1,0,12,0.49146,0.7781,-0.26602,0.9985137581825256
1773142877.761646,PC1,0,13,0.84333,0.89941,-0.02659,0.9420015811920166
1773142877.761646,PC1,0,14,0.49635,1.0241,-0.41733,0.5634175539016724
1773142877.761646,PC1,0,15,0.99052,1.07026,-0.20099,0.8227241039276123
1773142877.761646,PC1,0,16,0.61926,1.10083,-0.59865,0.2591927945613861
1773142877.761646,PC1,0,17,1.04088,1.11882,-0.24547,0.7403733730316162
1773142877.761646,PC1,0,18,0.63084,1.1884,-0.71139,0.2679019868373871
1773142877.761646,PC1,0,19,1.0294,1.12783,-0.30754,0.7952574491500854
1773142877.761646,PC1,0,20,0.64042,1.15511,-0.94495,0.31413349509239197
1773142877.761646,PC1,0,21,1.00117,1.12446,-0.23536,0.8046080470085144
1773142877.761646,PC1,0,22,0.62697,1.11938,-0.85312,0.3143302798271179
1773142877.761646,PC1,0,23,0.42179,1.62616,0.01525,0.03318433091044426
1773142877.761646,PC1,0,24,0.19414,1.66921,-0.01183,0.015772344544529915
1773142877.761646,PC1,0,25,0.44334,2.26043,-0.02372,0.0017654610564932227
1773142877.761646,PC1,0,26,0.24156,2.30596,-0.12615,0.0009829552145674825
1773142877.761646,PC1,0,27,0.46971,2.84876,0.42678,0.00013063228107057512
1773142877.761646,PC1,0,28,0.28028,2.87366,0.18381,6.700801895931363e-05
1773142877.761646,PC1,0,29,0.47026,2.95013,0.44344,0.000120341639558319
1773142877.761646,PC1,0,30,0.27663,2.97256,0.19445,0.0001657278189668432
1773142877.761646,PC1,0,31,0.46412,3.04221,-0.00021,0.00020163948647677898
1773142877.761646,PC1,0,32,0.3352,3.0443,-0.29921,0.0001664768933551386
1773142877.761646,PC1,0,Angle_Elbow_L,120.0,,,
1773142877.761646,PC1,0,Angle_Shoulder_L,130.61,,,
1773142877.761646,PC1,0,Angle_Shoulder_R,133.11,,,
1773142877.761646,PC1,0,Length_UpperArm_L,0.2528,,,
1773142877.761646,PC1,0,Length_LowerArm_L,0.2851,,,
1773142877.761646,PC1,0,Length_UpperArm_R,0.2889,,,
1773142877.761646,PC1,0,Width_Shoulder,0.279,,,
1773142877.894409,PC1,0,0,0.63777,0.5718,-0.56431,0.9998562335968018
1773142877.894409,PC1,0,1,0.64929,0.53001,-0.5312,0.9997543096542358
1773142877.894409,PC1,0,2,0.65779,0.53052,-0.53119,0.9997106194496155
1773142877.894409,PC1,0,3,0.66538,0.53122,-0.53139,0.9997422695159912
1773142877.894409,PC1,0,4,0.62116,0.52561,-0.54751,0.9997594356536865
1773142877.894409,PC1,0,5,0.61002,0.52392,-0.54723,0.9997380375862122
1773142877.894409,PC1,0,6,0.59903,0.52311,-0.54741,0.9997037053108215
1773142877.894409,PC1,0,7,0.66769,0.54083,-0.29226,0.9997406601905823
1773142877.894409,PC1,0,8,0.57398,0.53898,-0.35931,0.99973064661026
1773142877.894409,PC1,0,9,0.64595,0.62218,-0.47207,0.9998958110809326
1773142877.894409,PC1,0,10,0.61761,0.61719,-0.49018,0.9998940229415894
1773142877.894409,PC1,0,11,0.72687,0.70222,-0.12501,0.9997339248657227
1773142877.894409,PC1,0,12,0.49815,0.7766,-0.25602,0.9984970688819885
1773142877.894409,PC1,0,13,0.85254,0.9046,-0.02196,0.9436805248260498
1773142877.894409,PC1,0,14,0.49855,1.02677,-0.38948,0.564246654510498
1773142877.894409,PC1,0,15,0.99895,1.0824,-0.17544,0.8147658705711365
1773142877.894409,PC1,0,16,0.61926,1.10083,-0.59865,0.24332170188426971
1773142877.894409,PC1,0,17,1.05054,1.13227,-0.21715,0.7239648103713989
1773142877.894409,PC1,0,18,0.63084,1.1884,-0.71139,0.25137564539909363
1773142877.894409,PC1,0,19,1.03877,1.14349,-0.27955,0.7807364463806152
1773142877.894409,PC1,0,20,0.64042,1.15511,-0.94495,0.29587501287460327
1773142877.894409,PC1,0,21,1.01011,1.13996,-0.20939,0.7909330129623413
1773142877.894409,PC1,0,22,0.62697,1.11938,-0.85312,0.29717153310775757
1773142877.894409,PC1,0,23,0.42179,1.62616,0.01525,0.033048275858163834
1773142877.894409,PC1,0,24,0.19414,1.66921,-0.01183,0.01580638252198696
1773142877.894409,PC1,0,25,0.44334,2.26043,-0.02372,0.001757157500833273
1773142877.894409,PC1,0,26,0.24156,2.30596,-0.12615,0.0009713324252516031
1773142877.894409,PC1,0,27,0.46971,2.84876,0.42678,0.00013359729200601578
1773142877.894409,PC1,0,28,0.28028,2.87366,0.18381,6.89440785208717e-05
1773142877.894409,PC1,0,29,0.47026,2.95013,0.44344,0.00011927961895707995
1773142877.894409,PC1,0,30,0.27663,2.97256,0.19445,0.00017284118803218007
1773142877.894409,PC1,0,31,0.46412,3.04221,-0.00021,0.00019753928063437343
1773142877.894409,PC1,0,32,0.3352,3.0443,-0.29921,0.00016560718358960003
1773142877.894409,PC1,0,Angle_Elbow_L,122.47,,,
1773142877.894409,PC1,0,Angle_Shoulder_L,130.69,,,
1773142877.894409,PC1,0,Angle_Shoulder_R,136.65,,,
1773142877.894409,PC1,0,Length_UpperArm_L,0.2596,,,
1773142877.894409,PC1,0,Length_LowerArm_L,0.2768,,,
1773142877.894409,PC1,0,Length_UpperArm_R,0.2835,,,
1773142877.894409,PC1,0,Width_Shoulder,0.2739,,,
1773142877.9362292,PC1,0,0,0.64213,0.56905,-0.56104,0.9998577833175659
1773142877.9362292,PC1,0,1,0.65359,0.52729,-0.52721,0.9997559785842896
1773142877.9362292,PC1,0,2,0.66215,0.52785,-0.52718,0.9997106790542603
1773142877.9362292,PC1,0,3,0.66986,0.52861,-0.5274,0.9997438192367554
1773142877.9362292,PC1,0,4,0.62558,0.52287,-0.54311,0.9997619390487671
1773142877.9362292,PC1,0,5,0.61448,0.52131,-0.54282,0.9997387528419495
1773142877.9362292,PC1,0,6,0.60346,0.52065,-0.543,0.9997056722640991
1773142877.9362292,PC1,0,7,0.67232,0.53882,-0.28977,0.9997413158416748
1773142877.9362292,PC1,0,8,0.57823,0.53698,-0.35482,0.9997251629829407
1773142877.9362292,PC1,0,9,0.65071,0.62005,-0.46968,0.9998975396156311
1773142877.9362292,PC1,0,10,0.62211,0.61514,-0.48685,0.9998941421508789
1773142877.9362292,PC1,0,11,0.7315,0.7027,-0.12311,0.9997225999832153
1773142877.9362292,PC1,0,12,0.50193,0.77511,-0.25321,0.9983197450637817
1773142877.9362292,PC1,0,13,0.85741,0.90625,-0.0172,0.9424938559532166
1773142877.9362292,PC1,0,14,0.50364,1.02524,-0.38495,0.5534538626670837
1773142877.9362292,PC1,0,15,1.00388,1.08531,-0.16932,0.8101716041564941
1773142877.9362292,PC1,0,16,0.61926,1.10083,-0.59865,0.22847488522529602
1773142877.9362292,PC1,0,17,1.05589,1.13535,-0.21128,0.7164787650108337
1773142877.9362292,PC1,0,18,0.63084,1.1884,-0.71139,0.23649141192436218
1773142877.9362292,PC1,0,19,1.04428,1.14698,-0.27345,0.7754066586494446
1773142877.9362292,PC1,0,20,0.64042,1.15511,-0.94495,0.2798289954662323
1773142877.9362292,PC1,0,21,1.01539,1.14352,-0.2032,0.7854967713356018
1773142877.9362292,PC1,0,22,0.62697,1.11938,-0.85312,0.28138798475265503
1773142877.9362292,PC1,0,23,0.42179,1.62616,0.01525,0.03251049295067787
1773142877.9362292,PC1,0,24,0.19414,1.66921,-0.01183,0.015448817983269691
1773142877.9362292,PC1,0,25,0.44334,2.26043,-0.02372,0.0018425703747197986
1773142877.9362292,PC1,0,26,0.24156,2.30596,-0.12615,0.0009774904465302825
1773142877.9362292,PC1,0,27,0.46971,2.84876,0.42678,0.00014842349628452212
1773142877.9362292,PC1,0,28,0.28028,2.87366,0.18381,7.148169243009761e-05
1773142877.9362292,PC1,0,29,0.47026,2.95013,0.44344,0.00012636918108910322
1773142877.9362292,PC1,0,30,0.27663,2.97256,0.19445,0.0001849786058301106
1773142877.9362292,PC1,0,31,0.46412,3.04221,-0.00021,0.0001990369928535074
1773142877.9362292,PC1,0,32,0.3352,3.0443,-0.29921,0.00017272825061809272
1773142877.9362292,PC1,0,Angle_Elbow_L,122.35,,,
1773142877.9362292,PC1,0,Angle_Shoulder_L,130.47,,,
1773142877.9362292,PC1,0,Angle_Shoulder_R,136.84,,,
1773142877.9362292,PC1,0,Length_UpperArm_L,0.2617,,,
1773142877.9362292,PC1,0,Length_LowerArm_L,0.2769,,,
1773142877.9362292,PC1,0,Length_UpperArm_R,0.2827,,,
1773142877.9362292,PC1,0,Width_Shoulder,0.2736,,,
1773142878.023721,PC1,0,0,0.65099,0.56606,-0.57506,0.9998308420181274
1773142878.023721,PC1,0,1,0.66168,0.5243,-0.54051,0.9997180700302124
1773142878.023721,PC1,0,2,0.67001,0.52492,-0.54049,0.9996567964553833
1773142878.023721,PC1,0,3,0.67757,0.52571,-0.54072,0.9996989369392395
1773142878.023721,PC1,0,4,0.6337,0.51987,-0.55751,0.99973064661026
1773142878.023721,PC1,0,5,0.62245,0.51823,-0.55724,0.9996997714042664
1773142878.023721,PC1,0,6,0.61134,0.51742,-0.55742,0.999669075012207
1773142878.023721,PC1,0,7,0.6788,0.5365,-0.29923,0.9996887445449829
1773142878.023721,PC1,0,8,0.58518,0.53415,-0.36922,0.9996733069419861
1773142878.023721,PC1,0,9,0.65909,0.61719,-0.48233,0.9998807907104492
1773142878.023721,PC1,0,10,0.6305,0.61253,-0.50109,0.9998788237571716
1773142878.023721,PC1,0,11,0.73692,0.70307,-0.12918,0.9996789693832397
1773142878.023721,PC1,0,12,0.50612,0.77326,-0.26272,0.9979541897773743
1773142878.023721,PC1,0,13,0.86529,0.90811,-0.02354,0.9423406720161438
1773142878.023721,PC1,0,14,0.50605,1.02458,-0.39559,0.551584005355835
1773142878.023721,PC1,0,15,1.01119,1.08736,-0.17572,0.7994123101234436
1773142878.023721,PC1,0,16,0.61926,1.10083,-0.59865,0.21594108641147614
1773142878.023721,PC1,0,17,1.06308,1.13764,-0.21766,0.6992232799530029
1773142878.023721,PC1,0,18,0.63084,1.1884,-0.71139,0.22330063581466675
1773142878.023721,PC1,0,19,1.05183,1.14955,-0.27939,0.7607552409172058
1773142878.023721,PC1,0,20,0.64042,1.15511,-0.94495,0.2653430104255676
1773142878.023721,PC1,0,21,1.02304,1.14601,-0.2093,0.7717345952987671
1773142878.023721,PC1,0,22,0.62697,1.11938,-0.85312,0.2664209008216858
1773142878.023721,PC1,0,23,0.42179,1.62616,0.01525,0.03149694576859474
1773142878.023721,PC1,0,24,0.19414,1.66921,-0.01183,0.015023447573184967
1773142878.023721,PC1,0,25,0.44334,2.26043,-0.02372,0.002061047125607729
1773142878.023721,PC1,0,26,0.24156,2.30596,-0.12615,0.00106430659070611
1773142878.023721,PC1,0,27,0.46971,2.84876,0.42678,0.00017344701336696744
1773142878.023721,PC1,0,28,0.28028,2.87366,0.18381,8.61976805026643e-05
1773142878.023721,PC1,0,29,0.47026,2.95013,0.44344,0.0001354476116830483
1773142878.023721,PC1,0,30,0.27663,2.97256,0.19445,0.000222984395804815
1773142878.023721,PC1,0,31,0.46412,3.04221,-0.00021,0.0002145506296074018
1773142878.023721,PC1,0,32,0.3352,3.0443,-0.29921,0.00020173520897515118
1773142878.023721,PC1,0,Angle_Elbow_L,122.65,,,
1773142878.023721,PC1,0,Angle_Shoulder_L,130.14,,,
1773142878.023721,PC1,0,Angle_Shoulder_R,136.44,,,
1773142878.023721,PC1,0,Length_UpperArm_L,0.264,,,
1773142878.023721,PC1,0,Length_LowerArm_L,0.2767,,,
1773142878.023721,PC1,0,Length_UpperArm_R,0.2843,,,
1773142878.023721,PC1,0,Width_Shoulder,0.2757,,,
1773142878.103596,PC1,0,0,0.67452,0.55908,-0.58366,0.9998149275779724
1773142878.103596,PC1,0,1,0.68498,0.51726,-0.54306,0.9996958374977112
1773142878.103596,PC1,0,2,0.69298,0.51822,-0.54308,0.9996047616004944
1773142878.103596,PC1,0,3,0.70037,0.51926,-0.54333,0.9996717572212219
1773142878.103596,PC1,0,4,0.65657,0.51211,-0.56335,0.9997175335884094
1773142878.103596,PC1,0,5,0.6449,0.5099,-0.56304,0.9996692538261414
1773142878.103596,PC1,0,6,0.63352,0.50846,-0.56328,0.9996553659439087
1773142878.103596,PC1,0,7,0.69955,0.53112,-0.28203,0.9996454119682312
1773142878.103596,PC1,0,8,0.60534,0.52469,-0.35755,0.9996246695518494
1773142878.103596,PC1,0,9,0.68139,0.61172,-0.48389,0.9998801350593567
1773142878.103596,PC1,0,10,0.65275,0.60644,-0.50666,0.9998753666877747
1773142878.103596,PC1,0,11,0.75317,0.70369,-0.12151,0.9997012615203857
1773142878.103596,PC1,0,12,0.51724,0.76889,-0.24144,0.9980741143226624
1773142878.103596,PC1,0,13,0.88662,0.91239,-0.01614,0.9490262269973755
1773142878.103596,PC1,0,14,0.50315,1.02622,-0.37005,0.5728658437728882
1773142878.103596,PC1,0,15,1.0264,1.09979,-0.1613,0.7838689088821411
1773142878.103596,PC1,0,16,0.61926,1.10083,-0.59865,0.19120296835899353
1773142878.103596,PC1,0,17,1.07706,1.15444,-0.19944,0.666467547416687
1773142878.103596,PC1,0,18,0.63084,1.1884,-0.71139,0.1974470466375351
1773142878.103596,PC1,0,19,1.06608,1.16675,-0.26135,0.7344436049461365
1773142878.103596,PC1,0,20,0.64042,1.15511,-0.94495,0.2392578125
1773142878.103596,PC1,0,21,1.0378,1.16237,-0.19416,0.742971658706665
1773142878.103596,PC1,0,22,0.62697,1.11938,-0.85312,0.24307924509048462
1773142878.103596,PC1,0,23,0.42179,1.62616,0.01525,0.029393471777439117
1773142878.103596,PC1,0,24,0.19414,1.66921,-0.01183,0.014682305045425892
1773142878.103596,PC1,0,25,0.44334,2.26043,-0.02372,0.0023320724721997976
1773142878.103596,PC1,0,26,0.24156,2.30596,-0.12615,0.001171420095488429
1773142878.103596,PC1,0,27,0.46971,2.84876,0.42678,0.00019152559980284423
1773142878.103596,PC1,0,28,0.28028,2.87366,0.18381,9.931010572472587e-05
1773142878.103596,PC1,0,29,0.47026,2.95013,0.44344,0.0001340838789474219
1773142878.103596,PC1,0,30,0.27663,2.97256,0.19445,0.0002600624575279653
1773142878.103596,PC1,0,31,0.46412,3.04221,-0.00021,0.00022091074788477272
1773142878.103596,PC1,0,32,0.3352,3.0443,-0.29921,0.0002092197391903028
1773142878.103596,PC1,0,Angle_Elbow_L,124.98,,,
1773142878.103596,PC1,0,Angle_Shoulder_L,128.69,,,
1773142878.103596,PC1,0,Angle_Shoulder_R,139.42,,,
1773142878.103596,PC1,0,Length_UpperArm_L,0.2692,,,
1773142878.103596,PC1,0,Length_LowerArm_L,0.2752,,,
1773142878.103596,PC1,0,Length_UpperArm_R,0.288,,,
1773142878.103596,PC1,0,Width_Shoulder,0.2726,,,
1773142878.1835241,PC1,0,0,0.68165,0.55771,-0.57854,0.9997954368591309
1773142878.1835241,PC1,0,1,0.69209,0.51586,-0.53746,0.9996583461761475
1773142878.1835241,PC1,0,2,0.69994,0.51692,-0.53748,0.9995555877685547
1773142878.1835241,PC1,0,3,0.70717,0.51803,-0.53772,0.9996296763420105
1773142878.1835241,PC1,0,4,0.66361,0.5103,-0.55775,0.9996880888938904
1773142878.1835241,PC1,0,5,0.65189,0.50788,-0.55744,0.9996361136436462
1773142878.1835241,PC1,0,6,0.64034,0.50624,-0.55767,0.9996209740638733
1773142878.1835241,PC1,0,7,0.70535,0.53001,-0.27533,0.9996046423912048
1773142878.1835241,PC1,0,8,0.61158,0.52193,-0.35231,0.9995726943016052
1773142878.1835241,PC1,0,9,0.68781,0.61071,-0.47858,0.999868631362915
1773142878.1835241,PC1,0,10,0.65938,0.60519,-0.50157,0.99986332654953
1773142878.1835241,PC1,0,11,0.75782,0.70396,-0.1151,0.9996936917304993
1773142878.1835241,PC1,0,12,0.52105,0.76722,-0.23815,0.9980741143226624
1773142878.1835241,PC1,0,13,0.89404,0.91356,-0.00724,0.9504688382148743
1773142878.1835241,PC1,0,14,0.50421,1.02593,-0.37288,0.5677043795585632
1773142878.1835241,PC1,0,15,1.02996,1.10658,-0.14652,0.7794522047042847
1773142878.1835241,PC1,0,16,0.61926,1.10083,-0.59865,0.18530260026454926
1773142878.1835241,PC1,0,17,1.08029,1.16374,-0.18268,0.6554145812988281
1773142878.1835241,PC1,0,18,0.63084,1.1884,-0.71139,0.19198304414749146
1773142878.1835241,PC1,0,19,1.06907,1.17658,-0.24519,0.7247044444084167
1773142878.1835241,PC1,0,20,0.64042,1.15511,-0.94495,0.23344717919826508
1773142878.1835241,PC1,0,21,1.04101,1.17152,-0.17943,0.7329075932502747
1773142878.1835241,PC1,0,22,0.62697,1.11938,-0.85312,0.2374066412448883
1773142878.1835241,PC1,0,23,0.42179,1.62616,0.01525,0.03013944812119007
1773142878.1835241,PC1,0,24,0.19414,1.66921,-0.01183,0.015282540582120419
1773142878.1835241,PC1,0,25,0.44334,2.26043,-0.02372,0.0024264378007501364
1773142878.1835241,PC1,0,26,0.24156,2.30596,-0.12615,0.0012507804203778505
1773142878.1835241,PC1,0,27,0.46971,2.84876,0.42678,0.00020118823158554733
1773142878.1835241,PC1,0,28,0.28028,2.87366,0.18381,0.00011314015137031674
1773142878.1835241,PC1,0,29,0.47026,2.95013,0.44344,0.0001412498822901398
1773142878.1835241,PC1,0,30,0.27663,2.97256,0.19445,0.0002893625060096383
1773142878.1835241,PC1,0,31,0.46412,3.04221,-0.00021,0.0002421996759949252
1773142878.1835241,PC1,0,32,0.3352,3.0443,-0.29921,0.00022689370962325484
1773142878.1835241,PC1,0,Angle_Elbow_L,126.08,,,
1773142878.1835241,PC1,0,Angle_Shoulder_L,127.96,,,
1773142878.1835241,PC1,0,Angle_Shoulder_R,138.98,,,
1773142878.1835241,PC1,0,Length_UpperArm_L,0.2723,,,
1773142878.1835241,PC1,0,Length_LowerArm_L,0.2741,,,
1773142878.1835241,PC1,0,Length_UpperArm_R,0.2922,,,
1773142878.1835241,PC1,0,Width_Shoulder,0.2742,,,
1773142878.3224142,PC1,0,0,0.70506,0.55361,-0.61056,0.9998061656951904
1773142878.3224142,PC1,0,1,0.71465,0.51175,-0.57013,0.9996622204780579
1773142878.3224142,PC1,0,2,0.72209,0.51321,-0.5701,0.9995730519294739
1773142878.3224142,PC1,0,3,0.72876,0.51463,-0.57025,0.9996220469474792
1773142878.3224142,PC1,0,4,0.68626,0.50478,-0.59442,0.9997045993804932
1773142878.3224142,PC1,0,5,0.67452,0.5017,-0.59418,0.9996690154075623
1773142878.3224142,PC1,0,6,0.66288,0.49946,-0.59437,0.9996421933174133
1773142878.3224142,PC1,0,7,0.72361,0.52704,-0.30414,0.9996182918548584
1773142878.3224142,PC1,0,8,0.63246,0.5143,-0.4035,0.999612033367157
1773142878.3224142,PC1,0,9,0.70932,0.60802,-0.50845,0.9998695850372314
1773142878.3224142,PC1,0,10,0.68162,0.60147,-0.53737,0.9998686909675598
1773142878.3224142,PC1,0,11,0.77269,0.70672,-0.11337,0.9996672868728638
1773142878.3224142,PC1,0,12,0.53349,0.76097,-0.30777,0.998096764087677
1773142878.3224142,PC1,0,13,0.92265,0.91718,0.00073,0.9339212775230408
1773142878.3224142,PC1,0,14,0.52522,1.06148,-0.49749,0.593990683555603
1773142878.3224142,PC1,0,15,1.05398,1.119,-0.16487,0.7763165235519409
1773142878.3224142,PC1,0,16,0.61926,1.10083,-0.59865,0.2743115723133087
1773142878.3224142,PC1,0,17,1.10496,1.17903,-0.20347,0.653125524520874
1773142878.3224142,PC1,0,18,0.63084,1.1884,-0.71139,0.2673078775405884
1773142878.3224142,PC1,0,19,1.09304,1.1897,-0.26297,0.7254082560539246
1773142878.3224142,PC1,0,20,0.64042,1.15511,-0.94495,0.30736446380615234
1773142878.3224142,PC1,0,21,1.06514,1.18295,-0.19799,0.7337439060211182
1773142878.3224142,PC1,0,22,0.62697,1.11938,-0.85312,0.3043477237224579
1773142878.3224142,PC1,0,23,0.42179,1.62616,0.01525,0.026170818135142326
1773142878.3224142,PC1,0,24,0.19414,1.66921,-0.01183,0.013498790562152863
1773142878.3224142,PC1,0,25,0.44334,2.26043,-0.02372,0.002510065445676446
1773142878.3224142,PC1,0,26,0.24156,2.30596,-0.12615,0.0013180833775550127
1773142878.3224142,PC1,0,27,0.46971,2.84876,0.42678,0.00021780369570478797
1773142878.3224142,PC1,0,28,0.28028,2.87366,0.18381,0.00010813386325025931
1773142878.3224142,PC1,0,29,0.47026,2.95013,0.44344,0.0001511904556537047
1773142878.3224142,PC1,0,30,0.27663,2.97256,0.19445,0.00026318084564991295
1773142878.3224142,PC1,0,31,0.46412,3.04221,-0.00021,0.0002774869790300727
1773142878.3224142,PC1,0,32,0.3352,3.0443,-0.29921,0.0002401648525847122
1773142878.3224142,PC1,0,Angle_Elbow_L,121.61,,,
1773142878.3224142,PC1,0,Angle_Shoulder_L,125.7,,,
1773142878.3224142,PC1,0,Angle_Shoulder_R,131.87,,,
1773142878.3224142,PC1,0,Length_UpperArm_L,0.2825,,,
1773142878.3224142,PC1,0,Length_LowerArm_L,0.2922,,,
1773142878.3224142,PC1,0,Length_UpperArm_R,0.3555,,,
1773142878.3224142,PC1,0,Width_Shoulder,0.313,,,
1773142878.4312608,PC1,0,0,0.70988,0.55267,-0.59465,0.9998217225074768
1773142878.4312608,PC1,0,1,0.71939,0.51062,-0.55474,0.9996873736381531
1773142878.4312608,PC1,0,2,0.72682,0.51211,-0.55469,0.9996060132980347
1773142878.4312608,PC1,0,3,0.73344,0.51352,-0.55479,0.9996472597122192
1773142878.4312608,PC1,0,4,0.69072,0.50357,-0.57889,0.9997290968894958
1773142878.4312608,PC1,0,5,0.67891,0.50042,-0.57865,0.999697744846344
1773142878.4312608,PC1,0,6,0.66719,0.49809,-0.57882,0.9996731281280518
1773142878.4312608,PC1,0,7,0.72786,0.52617,-0.29163,0.9996455311775208
1773142878.4312608,PC1,0,8,0.63663,0.51304,-0.39139,0.9996472001075745
1773142878.4312608,PC1,0,9,0.71428,0.60761,-0.49371,0.9998786449432373
1773142878.4312608,PC1,0,10,0.68638,0.60073,-0.52252,0.999879777431488
1773142878.4312608,PC1,0,11,0.77691,0.70777,-0.10011,0.9996683597564697
1773142878.4312608,PC1,0,12,0.53608,0.7594,-0.30584,0.9982564449310303
1773142878.4312608,PC1,0,13,0.92841,0.91788,0.01004,0.9268829822540283
1773142878.4312608,PC1,0,14,0.52529,1.07621,-0.51764,0.6261581182479858
1773142878.4312608,PC1,0,15,1.05838,1.11868,-0.15834,0.7800886034965515
1773142878.4312608,PC1,0,16,0.61926,1.10083,-0.59865,0.3420983552932739
1773142878.4312608,PC1,0,17,1.10955,1.17842,-0.1954,0.6607740521430969
1773142878.4312608,PC1,0,18,0.63084,1.1884,-0.71139,0.3315095603466034
1773142878.4312608,PC1,0,19,1.09674,1.18759,-0.25506,0.7318881750106812
1773142878.4312608,PC1,0,20,0.64042,1.15511,-0.94495,0.3687784671783447
1773142878.4312608,PC1,0,21,1.06878,1.18053,-0.19161,0.740337073802948
1773142878.4312608,PC1,0,22,0.62697,1.11938,-0.85312,0.363684743642807
1773142878.4312608,PC1,0,23,0.42179,1.62616,0.01525,0.025930365547537804
1773142878.4312608,PC1,0,24,0.19414,1.66921,-0.01183,0.013766654767096043
1773142878.4312608,PC1,0,25,0.44334,2.26043,-0.02372,0.00277720857411623
1773142878.4312608,PC1,0,26,0.24156,2.30596,-0.12615,0.0014445995911955833
1773142878.4312608,PC1,0,27,0.46971,2.84876,0.42678,0.0002602401655167341
1773142878.4312608,PC1,0,28,0.28028,2.87366,0.18381,0.00011000315134879202
1773142878.4312608,PC1,0,29,0.47026,2.95013,0.44344,0.00017886946443468332
1773142878.4312608,PC1,0,30,0.27663,2.97256,0.19445,0.00025847030337899923
1773142878.4312608,PC1,0,31,0.46412,3.04221,-0.00021,0.00031722357380203903
1773142878.4312608,PC1,0,32,0.3352,3.0443,-0.29921,0.00024950309307314456
1773142878.4312608,PC1,0,Angle_Elbow_L,121.76,,,
1773142878.4312608,PC1,0,Angle_Shoulder_L,125.11,,,
1773142878.4312608,PC1,0,Angle_Shoulder_R,131.0,,,
1773142878.4312608,PC1,0,Length_UpperArm_L,0.2815,,,
1773142878.4312608,PC1,0,Length_LowerArm_L,0.2925,,,
1773142878.4312608,PC1,0,Length_UpperArm_R,0.3812,,,
1773142878.4312608,PC1,0,Width_Shoulder,0.3209,,,
1773142878.470999,PC1,0,0,0.71755,0.55137,-0.60005,0.9998412728309631
1773142878.470999,PC1,0,1,0.72704,0.50919,-0.56027,0.9997187852859497
1773142878.470999,PC1,0,2,0.73452,0.51069,-0.56017,0.9996473789215088
1773142878.470999,PC1,0,3,0.74103,0.51206,-0.56024,0.9996751546859741
1773142878.470999,PC1,0,4,0.69793,0.50171,-0.5854,0.9997622966766357
1773142878.470999,PC1,0,5,0.68597,0.49845,-0.58515,0.9997382164001465
1773142878.470999,PC1,0,6,0.67412,0.496,-0.5853,0.9997166991233826
1773142878.470999,PC1,0,7,0.73485,0.52497,-0.29166,0.9996821284294128
1773142878.470999,PC1,0,8,0.64321,0.51122,-0.39714,0.999699592590332
1773142878.470999,PC1,0,9,0.7218,0.6073,-0.49702,0.9998895525932312
1773142878.470999,PC1,0,10,0.69383,0.59976,-0.52721,0.999895453453064
1773142878.470999,PC1,0,11,0.78436,0.71111,-0.08593,0.999688446521759
1773142878.470999,PC1,0,12,0.54154,0.75493,-0.31389,0.9985055923461914
1773142878.470999,PC1,0,13,0.93755,0.91752,0.02856,0.9276968240737915
1773142878.470999,PC1,0,14,0.51688,1.08667,-0.55621,0.6753448247909546
1773142878.470999,PC1,0,15,1.07088,1.11088,-0.14796,0.7872812747955322
1773142878.470999,PC1,0,16,0.61926,1.10083,-0.59865,0.4232489764690399
1773142878.470999,PC1,0,17,1.12364,1.16847,-0.18254,0.6685230731964111
1773142878.470999,PC1,0,18,0.63084,1.1884,-0.71139,0.4007844924926758
1773142878.470999,PC1,0,19,1.1112,1.17489,-0.24054,0.7388777136802673
1773142878.470999,PC1,0,20,0.64042,1.15511,-0.94495,0.4376777410507202
1773142878.470999,PC1,0,21,1.08272,1.16862,-0.18117,0.7484273910522461
1773142878.470999,PC1,0,22,0.62697,1.11938,-0.85312,0.4289107620716095
1773142878.470999,PC1,0,23,0.42179,1.62616,0.01525,0.02534000389277935
1773142878.470999,PC1,0,24,0.19414,1.66921,-0.01183,0.013820520602166653
1773142878.470999,PC1,0,25,0.44334,2.26043,-0.02372,0.0029791267588734627
1773142878.470999,PC1,0,26,0.24156,2.30596,-0.12615,0.0016990939620882273
1773142878.470999,PC1,0,27,0.46971,2.84876,0.42678,0.0002869974123314023
1773142878.470999,PC1,0,28,0.28028,2.87366,0.18381,0.00011835972691187635
1773142878.470999,PC1,0,29,0.47026,2.95013,0.44344,0.0002000450185732916
1773142878.470999,PC1,0,30,0.27663,2.97256,0.19445,0.0002695635484997183
1773142878.470999,PC1,0,31,0.46412,3.04221,-0.00021,0.0003550988913048059
1773142878.470999,PC1,0,32,0.3352,3.0443,-0.29921,0.0002736267924774438
1773142878.470999,PC1,0,Angle_Elbow_L,119.04,,,
1773142878.470999,PC1,0,Angle_Shoulder_L,123.97,,,
1773142878.470999,PC1,0,Angle_Shoulder_R,129.7,,,
1773142878.470999,PC1,0,Length_UpperArm_L,0.2814,,,
1773142878.470999,PC1,0,Length_LowerArm_L,0.2938,,,
1773142878.470999,PC1,0,Length_UpperArm_R,0.4116,,,
1773142878.470999,PC1,0,Width_Shoulder,0.3359,,,
1773142878.6253061,PC1,0,0,0.72044,0.55074,-0.65623,0.9998065829277039
1773142878.6253061,PC1,0,1,0.73013,0.5083,-0.61078,0.9996371269226074
1773142878.6253061,PC1,0,2,0.73767,0.50991,-0.61075,0.9995347261428833
1773142878.6253061,PC1,0,3,0.7443,0.51137,-0.61098,0.9995620846748352
1773142878.6253061,PC1,0,4,0.70084,0.50063,-0.6327,0.9997103214263916
1773142878.6253061,PC1,0,5,0.68881,0.49743,-0.63244,0.9996939301490784
1773142878.6253061,PC1,0,6,0.67688,0.49501,-0.63267,0.99967360496521
1773142878.6253061,PC1,0,7,0.73884,0.52444,-0.32002,0.9995852112770081
1773142878.6253061,PC1,0,8,0.64597,0.51043,-0.41917,0.9996646046638489
1773142878.6253061,PC1,0,9,0.72464,0.6072,-0.54297,0.9998657703399658
1773142878.6253061,PC1,0,10,0.6966,0.59939,-0.56997,0.9998800754547119
1773142878.6253061,PC1,0,11,0.78981,0.71408,-0.09788,0.9996472001075745
1773142878.6253061,PC1,0,12,0.54695,0.74994,-0.31917,0.9985504150390625
1773142878.6253061,PC1,0,13,0.94639,0.91726,0.03046,0.9332612156867981
1773142878.6253061,PC1,0,14,0.51144,1.06446,-0.55117,0.6819512844085693
1773142878.6253061,PC1,0,15,1.08558,1.11455,-0.14611,0.7775681018829346
1773142878.6253061,PC1,0,16,0.61926,1.10083,-0.59865,0.3856692314147949
1773142878.6253061,PC1,0,17,1.13809,1.17452,-0.1818,0.6515251398086548
1773142878.6253061,PC1,0,18,0.63084,1.1884,-0.71139,0.3654418885707855
1773142878.6253061,PC1,0,19,1.12728,1.18036,-0.24552,0.7248541116714478
1773142878.6253061,PC1,0,20,0.64042,1.15511,-0.94495,0.40422356128692627
1773142878.6253061,PC1,0,21,1.0991,1.17444,-0.1818,0.7336757779121399
1773142878.6253061,PC1,0,22,0.62697,1.11938,-0.85312,0.3971119225025177
1773142878.6253061,PC1,0,23,0.42179,1.62616,0.01525,0.024926966056227684
1773142878.6253061,PC1,0,24,0.19414,1.66921,-0.01183,0.013947989791631699
1773142878.6253061,PC1,0,25,0.44334,2.26043,-0.02372,0.0028551456052809954
1773142878.6253061,PC1,0,26,0.24156,2.30596,-0.12615,0.001742015709169209
1773142878.6253061,PC1,0,27,0.46971,2.84876,0.42678,0.00029700336745008826
1773142878.6253061,PC1,0,28,0.28028,2.87366,0.18381,0.00016896752640604973
1773142878.6253061,PC1,0,29,0.47026,2.95013,0.44344,0.00020061104441992939
1773142878.6253061,PC1,0,30,0.27663,2.97256,0.19445,0.00037185612018220127
1773142878.6253061,PC1,0,31,0.46412,3.04221,-0.00021,0.0003792091738432646
1773142878.6253061,PC1,0,32,0.3352,3.0443,-0.29921,0.00037845814949832857
1773142878.6253061,PC1,0,Angle_Elbow_L,117.2,,,
1773142878.6253061,PC1,0,Angle_Shoulder_L,122.86,,,
1773142878.6253061,PC1,0,Angle_Shoulder_R,129.66,,,
1773142878.6253061,PC1,0,Length_UpperArm_L,0.2868,,,
1773142878.6253061,PC1,0,Length_LowerArm_L,0.2991,,,
1773142878.6253061,PC1,0,Length_UpperArm_R,0.3924,,,
1773142878.6253061,PC1,0,Width_Shoulder,0.3305,,,
1773142878.66491,PC1,0,0,0.72102,0.55045,-0.65082,0.9997870326042175
1773142878.66491,PC1,0,1,0.73154,0.50765,-0.60644,0.9996014833450317
1773142878.66491,PC1,0,2,0.73967,0.50936,-0.60644,0.9994773864746094
1773142878.66491,PC1,0,3,0.74638,0.51094,-0.60679,0.9995185732841492
1773142878.66491,PC1,0,4,0.7025,0.49997,-0.62047,0.9996824860572815
1773142878.66491,PC1,0,5,0.69067,0.497,-0.62016,0.9996600151062012
1773142878.66491,PC1,0,6,0.67875,0.4949,-0.62043,0.9996471405029297
1773142878.66491,PC1,0,7,0.74308,0.52442,-0.3123,0.9995438456535339
1773142878.66491,PC1,0,8,0.64763,0.51055,-0.38572,0.9996306896209717
1773142878.66491,PC1,0,9,0.72631,0.60746,-0.537,0.9998548030853271
1773142878.66491,PC1,0,10,0.69792,0.59967,-0.55456,0.9998693466186523
1773142878.66491,PC1,0,11,0.79573,0.71757,-0.09247,0.9996213912963867
1773142878.66491,PC1,0,12,0.55369,0.74349,-0.27862,0.998529851436615
1773142878.66491,PC1,0,13,0.95355,0.91551,0.0375,0.9354218244552612
1773142878.66491,PC1,0,14,0.50765,1.03656,-0.51935,0.6767238974571228
1773142878.66491,PC1,0,15,1.09998,1.10119,-0.13235,0.7695980668067932
1773142878.66491,PC1,0,16,0.61926,1.10083,-0.59865,0.36349615454673767
1773142878.66491,PC1,0,17,1.15338,1.15862,-0.16875,0.6391140222549438
1773142878.66491,PC1,0,18,0.63084,1.1884,-0.71139,0.34590548276901245
1773142878.66491,PC1,0,19,1.14369,1.16368,-0.23427,0.713775634765625
1773142878.66491,PC1,0,20,0.64042,1.15511,-0.94495,0.3851144313812256
1773142878.66491,PC1,0,21,1.11532,1.15931,-0.16864,0.72267746925354
1773142878.66491,PC1,0,22,0.62697,1.11938,-0.85312,0.3796538710594177
1773142878.66491,PC1,0,23,0.42179,1.62616,0.01525,0.025302845984697342
1773142878.66491,PC1,0,24,0.19414,1.66921,-0.01183,0.01435546763241291
1773142878.66491,PC1,0,25,0.44334,2.26043,-0.02372,0.0028080418705940247
1773142878.66491,PC1,0,26,0.24156,2.30596,-0.12615,0.0017080295365303755
1773142878.66491,PC1,0,27,0.46971,2.84876,0.42678,0.00028591585578396916
1773142878.66491,PC1,0,28,0.28028,2.87366,0.18381,0.00016522312944289297
1773142878.66491,PC1,0,29,0.47026,2.95013,0.44344,0.00019340973813086748
1773142878.66491,PC1,0,30,0.27663,2.97256,0.19445,0.00037096801679581404
1773142878.66491,PC1,0,31,0.46412,3.04221,-0.00021,0.00036046450259163976
1773142878.66491,PC1,0,32,0.3352,3.0443,-0.29921,0.00036569140502251685
1773142878.66491,PC1,0,Angle_Elbow_L,117.13,,,
1773142878.66491,PC1,0,Angle_Shoulder_L,121.15,,,
1773142878.66491,PC1,0,Angle_Shoulder_R,128.79,,,
1773142878.66491,PC1,0,Length_UpperArm_L,0.2846,,,
1773142878.66491,PC1,0,Length_LowerArm_L,0.2911,,,
1773142878.66491,PC1,0,Length_UpperArm_R,0.382,,,
1773142878.66491,PC1,0,Width_Shoulder,0.3064,,,
1773142878.705665,PC1,0,0,0.7181,0.55026,-0.65663,0.9997860789299011
1773142878.705665,PC1,0,1,0.72989,0.50703,-0.61422,0.999568521976471
1773142878.705665,PC1,0,2,0.73852,0.50874,-0.61421,0.9994357824325562
1773142878.705665,PC1,0,3,0.74569,0.51043,-0.61452,0.9994653463363647
1773142878.705665,PC1,0,4,0.69992,0.49965,-0.62678,0.999667763710022
1773142878.705665,PC1,0,5,0.68782,0.49685,-0.62647,0.9996477961540222
1773142878.705665,PC1,0,6,0.6759,0.49488,-0.62673,0.9996344447135925
1773142878.705665,PC1,0,7,0.74422,0.52431,-0.32563,0.9994937777519226
1773142878.705665,PC1,0,8,0.64709,0.51061,-0.38968,0.9996287822723389
1773142878.705665,PC1,0,9,0.72537,0.60749,-0.54519,0.9998341798782349
1773142878.705665,PC1,0,10,0.69467,0.59979,-0.56051,0.9998612403869629
1773142878.705665,PC1,0,11,0.79857,0.71921,-0.10362,0.9995083212852478
1773142878.705665,PC1,0,12,0.55577,0.7417,-0.28212,0.9985139966011047
1773142878.705665,PC1,0,13,0.95702,0.91458,0.02536,0.9337931275367737
1773142878.705665,PC1,0,14,0.50624,1.02997,-0.5101,0.6724289655685425
1773142878.705665,PC1,0,15,1.10914,1.07569,-0.12914,0.7696634531021118
1773142878.705665,PC1,0,16,0.61926,1.10083,-0.59865,0.3464926779270172
1773142878.705665,PC1,0,17,1.16471,1.1259,-0.16604,0.6396617293357849
1773142878.705665,PC1,0,18,0.63084,1.1884,-0.71139,0.3332212269306183
1773142878.705665,PC1,0,19,1.15552,1.13063,-0.23169,0.7148007154464722
1773142878.705665,PC1,0,20,0.64042,1.15511,-0.94495,0.3748597800731659
1773142878.705665,PC1,0,21,1.12667,1.12937,-0.16637,0.7267746329307556
1773142878.705665,PC1,0,22,0.62697,1.11938,-0.85312,0.3728523850440979
1773142878.705665,PC1,0,23,0.42179,1.62616,0.01525,0.023562058806419373
1773142878.705665,PC1,0,24,0.19414,1.66921,-0.01183,0.013428153470158577
1773142878.705665,PC1,0,25,0.44334,2.26043,-0.02372,0.0025766186881810427
1773142878.705665,PC1,0,26,0.24156,2.30596,-0.12615,0.0015826962189748883
1773142878.705665,PC1,0,27,0.46971,2.84876,0.42678,0.0002617623540572822
1773142878.705665,PC1,0,28,0.28028,2.87366,0.18381,0.00015141085896175355
1773142878.705665,PC1,0,29,0.47026,2.95013,0.44344,0.00017737010784912854
1773142878.705665,PC1,0,30,0.27663,2.97256,0.19445,0.0003417083353269845
1773142878.705665,PC1,0,31,0.46412,3.04221,-0.00021,0.00033403190900571644
1773142878.705665,PC1,0,32,0.3352,3.0443,-0.29921,0.00034166069235652685
1773142878.705665,PC1,0,Angle_Elbow_L,117.83,,,
1773142878.705665,PC1,0,Angle_Shoulder_L,120.78,,,
1773142878.705665,PC1,0,Angle_Shoulder_R,129.63,,,
1773142878.705665,PC1,0,Length_UpperArm_L,0.2827,,,
1773142878.705665,PC1,0,Length_LowerArm_L,0.2701,,,
1773142878.705665,PC1,0,Length_UpperArm_R,0.3708,,,
1773142878.705665,PC1,0,Width_Shoulder,0.3022,,,
1773142878.825711,PC1,0,0,0.7046,0.55059,-0.72435,0.9997940063476562
1773142878.825711,PC1,0,1,0.7216,0.5054,-0.6897,0.9995296001434326
1773142878.825711,PC1,0,2,0.73172,0.50704,-0.68966,0.9993879795074463
1773142878.825711,PC1,0,3,0.74064,0.50899,-0.68981,0.9993821978569031
1773142878.825711,PC1,0,4,0.6881,0.499,-0.69212,0.9996582865715027
1773142878.825711,PC1,0,5,0.67588,0.49666,-0.6918,0.999642550945282
1773142878.825711,PC1,0,6,0.6646,0.49506,-0.69204,0.9996264576911926
1773142878.825711,PC1,0,7,0.74638,0.52418,-0.40815,0.9994134902954102
1773142878.825711,PC1,0,8,0.64408,0.51173,-0.43633,0.9996322393417358
1773142878.825711,PC1,0,9,0.71822,0.60854,-0.61959,0.9997829794883728
1773142878.825711,PC1,0,10,0.68161,0.60125,-0.6208,0.9998359084129333
1773142878.825711,PC1,0,11,0.80831,0.72554,-0.16114,0.9989462494850159
1773142878.825711,PC1,0,12,0.56145,0.74015,-0.31266,0.9981729984283447
1773142878.825711,PC1,0,13,0.96486,0.91136,-0.03558,0.9208193421363831
1773142878.825711,PC1,0,14,0.50408,1.01722,-0.51212,0.620606541633606
1773142878.825711,PC1,0,15,1.13076,1.02518,-0.17363,0.7678816318511963
1773142878.825711,PC1,0,16,0.61926,1.10083,-0.59865,0.3069576919078827
1773142878.825711,PC1,0,17,1.1875,1.05737,-0.20472,0.6484970450401306
1773142878.825711,PC1,0,18,0.63084,1.1884,-0.71139,0.3090108633041382
1773142878.825711,PC1,0,19,1.1824,1.06329,-0.27339,0.7249614596366882
1773142878.825711,PC1,0,20,0.64042,1.15511,-0.94495,0.358053594827652
1773142878.825711,PC1,0,21,1.15289,1.06742,-0.21188,0.7405993938446045
1773142878.825711,PC1,0,22,0.62697,1.11938,-0.85312,0.360977441072464
1773142878.825711,PC1,0,23,0.42179,1.62616,0.01525,0.019687654450535774
1773142878.825711,PC1,0,24,0.19414,1.66921,-0.01183,0.01158132404088974
1773142878.825711,PC1,0,25,0.44334,2.26043,-0.02372,0.0022130031138658524
1773142878.825711,PC1,0,26,0.24156,2.30596,-0.12615,0.0013817127328366041
1773142878.825711,PC1,0,27,0.46971,2.84876,0.42678,0.00022200502280611545
1773142878.825711,PC1,0,28,0.28028,2.87366,0.18381,0.00013677100650966167
1773142878.825711,PC1,0,29,0.47026,2.95013,0.44344,0.00014625187031924725
1773142878.825711,PC1,0,30,0.27663,2.97256,0.19445,0.0002951159840449691
1773142878.825711,PC1,0,31,0.46412,3.04221,-0.00021,0.00031623346148990095
1773142878.825711,PC1,0,32,0.3352,3.0443,-0.29921,0.00038223955198191106
1773142878.825711,PC1,0,Angle_Elbow_L,116.51,,,
1773142878.825711,PC1,0,Angle_Shoulder_L,120.42,,,
1773142878.825711,PC1,0,Angle_Shoulder_R,130.22,,,
1773142878.825711,PC1,0,Length_UpperArm_L,0.2735,,,
1773142878.825711,PC1,0,Length_LowerArm_L,0.244,,,
1773142878.825711,PC1,0,Length_UpperArm_R,0.3462,,,
1773142878.825711,PC1,0,Width_Shoulder,0.29,,,
1773142878.904992,PC1,0,0,0.70128,0.55093,-0.74099,0.999797523021698
1773142878.904992,PC1,0,1,0.71934,0.50503,-0.70669,0.9995227456092834
1773142878.904992,PC1,0,2,0.72981,0.50666,-0.70668,0.9993799924850464
1773142878.904992,PC1,0,3,0.73915,0.50865,-0.70682,0.9993631839752197
1773142878.904992,PC1,0,4,0.68502,0.49891,-0.70855,0.9996557831764221
1773142878.904992,PC1,0,5,0.67277,0.49667,-0.70826,0.9996424913406372
1773142878.904992,PC1,0,6,0.66163,0.49514,-0.70852,0.9996244311332703
1773142878.904992,PC1,0,7,0.74683,0.52426,-0.42257,0.9993958473205566
1773142878.904992,PC1,0,8,0.64301,0.51225,-0.44542,0.9996327757835388
1773142878.904992,PC1,0,9,0.71614,0.60915,-0.63467,0.9997683167457581
1773142878.904992,PC1,0,10,0.67843,0.60217,-0.63511,0.9998270273208618
1773142878.904992,PC1,0,11,0.81102,0.72767,-0.1678,0.9987556338310242
1773142878.904992,PC1,0,12,0.56258,0.74061,-0.3145,0.9978970289230347
1773142878.904992,PC1,0,13,0.96676,0.91068,-0.04157,0.912832498550415
1773142878.904992,PC1,0,14,0.50391,1.01472,-0.51728,0.6030781269073486
1773142878.904992,PC1,0,15,1.13715,1.01562,-0.17756,0.7682350873947144
1773142878.904992,PC1,0,16,0.61926,1.10083,-0.59865,0.29836180806159973
1773142878.904992,PC1,0,17,1.19504,1.04577,-0.20733,0.6541328430175781
1773142878.904992,PC1,0,18,0.63084,1.1884,-0.71139,0.303774893283844
1773142878.904992,PC1,0,19,1.19022,1.05,-0.2773,0.7311948537826538
1773142878.904992,PC1,0,20,0.64042,1.15511,-0.94495,0.35570433735847473
1773142878.904992,PC1,0,21,1.16042,1.05506,-0.21611,0.7454843521118164
1773142878.904992,PC1,0,22,0.62697,1.11938,-0.85312,0.35749372839927673
1773142878.904992,PC1,0,23,0.42179,1.62616,0.01525,0.018481409177184105
1773142878.904992,PC1,0,24,0.19414,1.66921,-0.01183,0.010889418423175812
1773142878.904992,PC1,0,25,0.44334,2.26043,-0.02372,0.00229739211499691
1773142878.904992,PC1,0,26,0.24156,2.30596,-0.12615,0.0014277173904702067
1773142878.904992,PC1,0,27,0.46971,2.84876,0.42678,0.0002278813481098041
1773142878.904992,PC1,0,28,0.28028,2.87366,0.18381,0.00014972139615565538
1773142878.904992,PC1,0,29,0.47026,2.95013,0.44344,0.00014208424545358866
1773142878.904992,PC1,0,30,0.27663,2.97256,0.19445,0.00030628545209765434
1773142878.904992,PC1,0,31,0.46412,3.04221,-0.00021,0.000343191233696416
1773142878.904992,PC1,0,32,0.3352,3.0443,-0.29921,0.00048068989417515695
1773142878.904992,PC1,0,Angle_Elbow_L,115.79,,,
1773142878.904992,PC1,0,Angle_Shoulder_L,120.15,,,
1773142878.904992,PC1,0,Angle_Shoulder_R,129.35,,,
1773142878.904992,PC1,0,Length_UpperArm_L,0.2714,,,
1773142878.904992,PC1,0,Length_LowerArm_L,0.2419,,,
1773142878.904992,PC1,0,Length_UpperArm_R,0.346,,,
1773142878.904992,PC1,0,Width_Shoulder,0.2888,,,
1773142878.944861,PC1,0,0,0.69595,0.55217,-0.77284,0.9997430443763733
1773142878.944861,PC1,0,1,0.71574,0.50474,-0.74019,0.9993636012077332
1773142878.944861,PC1,0,2,0.72673,0.50621,-0.74021,0.9991650581359863
1773142878.944861,PC1,0,3,0.73678,0.50822,-0.74033,0.9991180300712585
1773142878.944861,PC1,0,4,0.67983,0.49952,-0.74204,0.9995562434196472
1773142878.944861,PC1,0,5,0.66752,0.49763,-0.74178,0.9995459318161011
1773142878.944861,PC1,0,6,0.65647,0.49643,-0.74205,0.9995255470275879
1773142878.944861,PC1,0,7,0.74764,0.52446,-0.45795,0.9991728067398071
1773142878.944861,PC1,0,8,0.64107,0.51399,-0.47249,0.9995388388633728
1773142878.944861,PC1,0,9,0.71304,0.61069,-0.6645,0.9996916055679321
1773142878.944861,PC1,0,10,0.67339,0.60482,-0.66524,0.999772310256958
1773142878.944861,PC1,0,11,0.81594,0.73093,-0.1955,0.9984508752822876
1773142878.944861,PC1,0,12,0.56421,0.74131,-0.32894,0.9977598786354065
1773142878.944861,PC1,0,13,0.96965,0.91047,-0.05706,0.9090209603309631
1773142878.944861,PC1,0,14,0.50368,1.01149,-0.53038,0.5913902521133423
1773142878.944861,PC1,0,15,1.14432,1.02323,-0.17568,0.7380313873291016
1773142878.944861,PC1,0,16,0.61926,1.10083,-0.59865,0.27716100215911865
1773142878.944861,PC1,0,17,1.20327,1.05636,-0.2018,0.6207255721092224
1773142878.944861,PC1,0,18,0.63084,1.1884,-0.71139,0.2848483622074127
1773142878.944861,PC1,0,19,1.19879,1.0604,-0.2724,0.7003854513168335
1773142878.944861,PC1,0,20,0.64042,1.15511,-0.94495,0.3370668590068817
1773142878.944861,PC1,0,21,1.16883,1.06548,-0.21378,0.7192822694778442
1773142878.944861,PC1,0,22,0.62697,1.11938,-0.85312,0.34261128306388855
1773142878.944861,PC1,0,23,0.42179,1.62616,0.01525,0.016654467210173607
1773142878.944861,PC1,0,24,0.19414,1.66921,-0.01183,0.009988845326006413
1773142878.944861,PC1,0,25,0.44334,2.26043,-0.02372,0.0023937628138810396
1773142878.944861,PC1,0,26,0.24156,2.30596,-0.12615,0.0014985401649028063
1773142878.944861,PC1,0,27,0.46971,2.84876,0.42678,0.00023179005074780434
1773142878.944861,PC1,0,28,0.28028,2.87366,0.18381,0.000156716225319542
1773142878.944861,PC1,0,29,0.47026,2.95013,0.44344,0.00013537051563616842
1773142878.944861,PC1,0,30,0.27663,2.97256,0.19445,0.0003208031121175736
1773142878.944861,PC1,0,31,0.46412,3.04221,-0.00021,0.0003409868513699621
1773142878.944861,PC1,0,32,0.3352,3.0443,-0.29921,0.0005053575150668621
1773142878.944861,PC1,0,Angle_Elbow_L,117.89,,,
1773142878.944861,PC1,0,Angle_Shoulder_L,120.32,,,
1773142878.944861,PC1,0,Angle_Shoulder_R,128.12,,,
1773142878.944861,PC1,0,Length_UpperArm_L,0.2739,,,
1773142878.944861,PC1,0,Length_LowerArm_L,0.2394,,,
1773142878.944861,PC1,0,Length_UpperArm_R,0.3424,,,
1773142878.944861,PC1,0,Width_Shoulder,0.2851,,,
1773142878.985379,PC1,0,0,0.69404,0.55268,-0.78351,0.9997267723083496
1773142878.985379,PC1,0,1,0.71443,0.50468,-0.75226,0.9992965459823608
1773142878.985379,PC1,0,2,0.72561,0.50605,-0.75226,0.9990839958190918
1773142878.985379,PC1,0,3,0.73591,0.50805,-0.75237,0.9990180730819702
1773142878.985379,PC1,0,4,0.67782,0.5,-0.7543,0.9995258450508118
1773142878.985379,PC1,0,5,0.66545,0.49833,-0.75406,0.9995208382606506
1773142878.985379,PC1,0,6,0.65442,0.49737,-0.75432,0.9994991421699524
1773142878.985379,PC1,0,7,0.74797,0.52454,-0.47294,0.9990684390068054
1773142878.985379,PC1,0,8,0.64025,0.51507,-0.48521,0.9995194673538208
1773142878.985379,PC1,0,9,0.71198,0.61135,-0.67537,0.9996548891067505
1773142878.985379,PC1,0,10,0.67164,0.6061,-0.67619,0.9997564554214478
1773142878.985379,PC1,0,11,0.81777,0.73212,-0.20847,0.9982717633247375
1773142878.985379,PC1,0,12,0.56485,0.742,-0.34018,0.9978002309799194
1773142878.985379,PC1,0,13,0.97066,0.91083,-0.06419,0.9050244688987732
1773142878.985379,PC1,0,14,0.50361,1.01134,-0.53481,0.5901842713356018
1773142878.985379,PC1,0,15,1.14324,1.0287,-0.17211,0.7235281467437744
1773142878.985379,PC1,0,16,0.61926,1.10083,-0.59865,0.2713908851146698
1773142878.985379,PC1,0,17,1.20182,1.06354,-0.19742,0.6050457954406738
1773142878.985379,PC1,0,18,0.63084,1.1884,-0.71139,0.2794431149959564
1773142878.985379,PC1,0,19,1.19725,1.0678,-0.26761,0.6851229667663574
1773142878.985379,PC1,0,20,0.64042,1.15511,-0.94495,0.33149978518486023
1773142878.985379,PC1,0,21,1.16739,1.0725,-0.20973,0.7061470150947571
1773142878.985379,PC1,0,22,0.62697,1.11938,-0.85312,0.33862611651420593
1773142878.985379,PC1,0,23,0.42179,1.62616,0.01525,0.015679724514484406
1773142878.985379,PC1,0,24,0.19414,1.66921,-0.01183,0.009558149613440037
1773142878.985379,PC1,0,25,0.44334,2.26043,-0.02372,0.0022351397201418877
1773142878.985379,PC1,0,26,0.24156,2.30596,-0.12615,0.0014033041661605239
1773142878.985379,PC1,0,27,0.46971,2.84876,0.42678,0.00022007676307111979
1773142878.985379,PC1,0,28,0.28028,2.87366,0.18381,0.00014731759438291192
1773142878.985379,PC1,0,29,0.47026,2.95013,0.44344,0.00012840934505220503
1773142878.985379,PC1,0,30,0.27663,2.97256,0.19445,0.0003036692796740681
1773142878.985379,PC1,0,31,0.46412,3.04221,-0.00021,0.0003245313710067421
1773142878.985379,PC1,0,32,0.3352,3.0443,-0.29921,0.0004794013511855155
1773142878.985379,PC1,0,Angle_Elbow_L,119.42,,,
1773142878.985379,PC1,0,Angle_Shoulder_L,120.57,,,
1773142878.985379,PC1,0,Angle_Shoulder_R,128.34,,,
1773142878.985379,PC1,0,Length_UpperArm_L,0.2759,,,
1773142878.985379,PC1,0,Length_LowerArm_L,0.2352,,,
1773142878.985379,PC1,0,Length_UpperArm_R,0.3379,,,
1773142878.985379,PC1,0,Width_Shoulder,0.2853,,,
1773142879.025014,PC1,0,0,0.69254,0.55311,-0.814,0.9997202754020691
1773142879.025014,PC1,0,1,0.71338,0.50462,-0.78383,0.9992721080780029
1773142879.025014,PC1,0,2,0.72469,0.5059,-0.78381,0.9990516901016235
1773142879.025014,PC1,0,3,0.7352,0.50787,-0.78392,0.9989736676216125
1773142879.025014,PC1,0,4,0.67621,0.50047,-0.78568,0.9995147585868835
1773142879.025014,PC1,0,5,0.66378,0.49904,-0.78545,0.9995113015174866
1773142879.025014,PC1,0,6,0.65275,0.49838,-0.7857,0.9994876384735107
1773142879.025014,PC1,0,7,0.74839,0.52461,-0.50283,0.9990218281745911
1773142879.025014,PC1,0,8,0.63952,0.51638,-0.51156,0.9995102882385254
1773142879.025014,PC1,0,9,0.71112,0.61194,-0.7045,0.9996365904808044
1773142879.025014,PC1,0,10,0.67028,0.60733,-0.70479,0.9997424483299255
1773142879.025014,PC1,0,11,0.81949,0.73321,-0.23421,0.9981545805931091
1773142879.025014,PC1,0,12,0.56534,0.74355,-0.35893,0.9977941513061523
1773142879.025014,PC1,0,13,0.9718,0.91206,-0.08496,0.9024003148078918
1773142879.025014,PC1,0,14,0.50348,1.01266,-0.54511,0.5867827534675598
1773142879.025014,PC1,0,15,1.14227,1.03505,-0.18773,0.7124136090278625
1773142879.025014,PC1,0,16,0.61926,1.10083,-0.59865,0.26562824845314026
1773142879.025014,PC1,0,17,1.20025,1.07125,-0.21329,0.593619167804718
1773142879.025014,PC1,0,18,0.63084,1.1884,-0.71139,0.274474173784256
1773142879.025014,PC1,0,19,1.19564,1.076,-0.28312,0.6747273802757263
1773142879.025014,PC1,0,20,0.64042,1.15511,-0.94495,0.32676973938941956
1773142879.025014,PC1,0,21,1.16591,1.08039,-0.22476,0.6974359750747681
1773142879.025014,PC1,0,22,0.62697,1.11938,-0.85312,0.3358241617679596
1773142879.025014,PC1,0,23,0.42179,1.62616,0.01525,0.014529364183545113
1773142879.025014,PC1,0,24,0.19414,1.66921,-0.01183,0.008975359611213207
1773142879.025014,PC1,0,25,0.44334,2.26043,-0.02372,0.002082694787532091
1773142879.025014,PC1,0,26,0.24156,2.30596,-0.12615,0.0013048058608546853
1773142879.025014,PC1,0,27,0.46971,2.84876,0.42678,0.00020987031166441739
1773142879.025014,PC1,0,28,0.28028,2.87366,0.18381,0.0001371163089061156
1773142879.025014,PC1,0,29,0.47026,2.95013,0.44344,0.00012114884884795174
1773142879.025014,PC1,0,30,0.27663,2.97256,0.19445,0.00028573255985975266
1773142879.025014,PC1,0,31,0.46412,3.04221,-0.00021,0.0003048990620300174
1773142879.025014,PC1,0,32,0.3352,3.0443,-0.29921,0.0004513786407187581
1773142879.025014,PC1,0,Angle_Elbow_L,120.06,,,
1773142879.025014,PC1,0,Angle_Shoulder_L,121.18,,,
1773142879.025014,PC1,0,Angle_Shoulder_R,128.32,,,
1773142879.025014,PC1,0,Length_UpperArm_L,0.2783,,,
1773142879.025014,PC1,0,Length_LowerArm_L,0.234,,,
1773142879.025014,PC1,0,Length_UpperArm_R,0.333,,,
1773142879.025014,PC1,0,Width_Shoulder,0.2833,,,
1773142879.0649102,PC1,0,0,0.69142,0.55372,-0.77896,0.9997158646583557
1773142879.0649102,PC1,0,1,0.71255,0.50476,-0.74939,0.9992674589157104
1773142879.0649102,PC1,0,2,0.72398,0.50597,-0.74935,0.9990403652191162
1773142879.0649102,PC1,0,3,0.73465,0.50791,-0.74948,0.9989773035049438
1773142879.0649102,PC1,0,4,0.67499,0.50099,-0.75014,0.9995126724243164
1773142879.0649102,PC1,0,5,0.66252,0.49974,-0.74986,0.9995040893554688
1773142879.0649102,PC1,0,6,0.65151,0.49932,-0.7501,0.9994884133338928
1773142879.0649102,PC1,0,7,0.74878,0.52483,-0.47411,0.9990143179893494
1773142879.0649102,PC1,0,8,0.63896,0.51747,-0.47516,0.9995042085647583
1773142879.0649102,PC1,0,9,0.71047,0.61265,-0.67203,0.9996452331542969
1773142879.0649102,PC1,0,10,0.66926,0.60855,-0.67037,0.9997461438179016
1773142879.0649102,PC1,0,11,0.8208,0.73406,-0.21821,0.9982002973556519
1773142879.0649102,PC1,0,12,0.56571,0.74503,-0.32904,0.9979143142700195
1773142879.0649102,PC1,0,13,0.97184,0.913,-0.07056,0.9003398418426514
1773142879.0649102,PC1,0,14,0.50362,1.01359,-0.50449,0.5918074250221252
1773142879.0649102,PC1,0,15,1.13902,1.04602,-0.17107,0.6856169104576111
1773142879.0649102,PC1,0,16,0.61926,1.10083,-0.59865,0.2602424621582031
1773142879.0649102,PC1,0,17,1.19622,1.08471,-0.19743,0.5674654841423035
1773142879.0649102,PC1,0,18,0.63084,1.1884,-0.71139,0.26849862933158875
1773142879.0649102,PC1,0,19,1.19103,1.09041,-0.26539,0.6494385600090027
1773142879.0649102,PC1,0,20,0.64042,1.15511,-0.94495,0.32114720344543457
1773142879.0649102,PC1,0,21,1.16131,1.09392,-0.20744,0.6729128956794739
1773142879.0649102,PC1,0,22,0.62697,1.11938,-0.85312,0.33190372586250305
1773142879.0649102,PC1,0,23,0.42179,1.62616,0.01525,0.013750007376074791
1773142879.0649102,PC1,0,24,0.19414,1.66921,-0.01183,0.008601748384535313
1773142879.0649102,PC1,0,25,0.44334,2.26043,-0.02372,0.0019608018919825554
1773142879.0649102,PC1,0,26,0.24156,2.30596,-0.12615,0.0012285077245905995
1773142879.0649102,PC1,0,27,0.46971,2.84876,0.42678,0.0002019831008510664
1773142879.0649102,PC1,0,28,0.28028,2.87366,0.18381,0.00012742933176923543
1773142879.0649102,PC1,0,29,0.47026,2.95013,0.44344,0.00011778833868447691
1773142879.0649102,PC1,0,30,0.27663,2.97256,0.19445,0.0002708775282371789
1773142879.0649102,PC1,0,31,0.46412,3.04221,-0.00021,0.0002840704983100295
1773142879.0649102,PC1,0,32,0.3352,3.0443,-0.29921,0.00041659161797724664
1773142879.0649102,PC1,0,Angle_Elbow_L,121.56,,,
1773142879.0649102,PC1,0,Angle_Shoulder_L,120.75,,,
1773142879.0649102,PC1,0,Angle_Shoulder_R,130.99,,,
1773142879.0649102,PC1,0,Length_UpperArm_L,0.2768,,,
1773142879.0649102,PC1,0,Length_LowerArm_L,0.2361,,,
1773142879.0649102,PC1,0,Length_UpperArm_R,0.3267,,,
1773142879.0649102,PC1,0,Width_Shoulder,0.2783,,,
