Timestamp,Source,Person,Key,Value_X,Value_Y,Value_Z,Conf
1773143877.963275,PC1,0,0,0.57324,0.58008,-0.50637,0.9996541738510132
1773143877.963275,PC1,0,1,0.57582,0.53004,-0.4728,0.9993197917938232
1773143877.963275,PC1,0,2,0.58085,0.5289,-0.47268,0.999381422996521
1773143877.963275,PC1,0,3,0.58544,0.52754,-0.47267,0.9992892146110535
1773143877.963275,PC1,0,4,0.55274,0.52875,-0.51157,0.999450147151947
1773143877.963275,PC1,0,5,0.54153,0.52684,-0.51139,0.9995399713516235
1773143877.963275,PC1,0,6,0.52921,0.52502,-0.5115,0.999419093132019
1773143877.963275,PC1,0,7,0.57061,0.53624,-0.2688,0.999457061290741
1773143877.963275,PC1,0,8,0.49599,0.5348,-0.43309,0.9996599555015564
1773143877.963275,PC1,0,9,0.57339,0.63346,-0.42235,0.9996637105941772
1773143877.963275,PC1,0,10,0.54986,0.63203,-0.47232,0.9997338652610779
1773143877.963275,PC1,0,11,0.60628,0.7177,-0.10083,0.9993425607681274
1773143877.963275,PC1,0,12,0.38672,0.77,-0.41084,0.9987183213233948
1773143877.963275,PC1,0,13,0.75158,0.91458,0.02562,0.7709887623786926
1773143877.963275,PC1,0,14,0.35204,1.10976,-0.60558,0.7087763547897339
1773143877.963275,PC1,0,15,0.89148,1.06674,-0.11848,0.8274016976356506
1773143877.963275,PC1,0,16,0.41511,1.3299,-0.6651,0.4991428256034851
1773143877.963275,PC1,0,17,0.95472,1.10862,-0.16129,0.7778960466384888
1773143877.963275,PC1,0,18,0.42756,1.40829,-0.72039,0.48640283942222595
1773143877.963275,PC1,0,19,0.94455,1.13354,-0.20929,0.8219044208526611
1773143877.963275,PC1,0,20,0.54863,1.20966,-0.90857,0.5291268229484558
1773143877.963275,PC1,0,21,0.91349,1.13519,-0.1498,0.8290160298347473
1773143877.963275,PC1,0,22,0.54114,1.17201,-0.85321,0.5187204480171204
1773143877.963275,PC1,0,23,0.57904,1.36342,0.06538,0.013000532053411007
1773143877.963275,PC1,0,24,0.42127,1.38918,-0.06265,0.009191145189106464
1773143877.963275,PC1,0,25,0.57769,1.83065,0.1012,0.0026682771276682615
1773143877.963275,PC1,0,26,0.43173,1.87311,-0.06293,0.0033476881217211485
1773143877.963275,PC1,0,27,0.55843,2.27531,0.40908,0.0002432892651995644
1773143877.963275,PC1,0,28,0.41329,2.30946,0.13144,0.00012636381143238395
1773143877.963275,PC1,0,29,0.54542,2.35129,0.42336,0.00026590784545987844
1773143877.963275,PC1,0,30,0.39089,2.38669,0.13876,0.00013566837878897786
1773143877.963275,PC1,0,31,0.60246,2.38645,0.18492,0.0007747626514174044
1773143877.963275,PC1,0,32,0.48526,2.41597,-0.18737,0.000370947876945138
1773143877.963275,PC1,0,Angle_Elbow_L,117.52,,,
1773143877.963275,PC1,0,Angle_Shoulder_L,146.92,,,
1773143877.963275,PC1,0,Angle_Shoulder_R,127.84,,,
1773143877.963275,PC1,0,Length_UpperArm_L,0.2754,,,
1773143877.963275,PC1,0,Length_LowerArm_L,0.252,,,
1773143877.963275,PC1,0,Length_UpperArm_R,0.3931,,,
1773143877.963275,PC1,0,Width_Shoulder,0.3835,,,
1773143878.033469,PC1,0,0,0.57439,0.58048,-0.50249,0.9996758103370667
1773143878.033469,PC1,0,1,0.57701,0.53054,-0.4687,0.9993565082550049
1773143878.033469,PC1,0,2,0.58198,0.52947,-0.46858,0.9994140267372131
1773143878.033469,PC1,0,3,0.58654,0.5282,-0.46856,0.9993243217468262
1773143878.033469,PC1,0,4,0.55421,0.52915,-0.50771,0.999485969543457
1773143878.033469,PC1,0,5,0.54295,0.52721,-0.50754,0.9995700120925903
1773143878.033469,PC1,0,6,0.53076,0.52532,-0.50765,0.9994557499885559
1773143878.033469,PC1,0,7,0.57178,0.53674,-0.26657,0.9994818568229675
1773143878.033469,PC1,0,8,0.4975,0.53469,-0.42645,0.9996844530105591
1773143878.033469,PC1,0,9,0.57445,0.63378,-0.41743,0.9996849894523621
1773143878.033469,PC1,0,10,0.55106,0.63224,-0.46875,0.9997556209564209
1773143878.033469,PC1,0,11,0.60766,0.71762,-0.1029,0.9993895292282104
1773143878.033469,PC1,0,12,0.38772,0.76934,-0.40835,0.9988098740577698
1773143878.033469,PC1,0,13,0.75217,0.91451,0.02197,0.7752518653869629
1773143878.033469,PC1,0,14,0.35171,1.11757,-0.58733,0.7103737592697144
1773143878.033469,PC1,0,15,0.89199,1.06613,-0.12308,0.8284326791763306
1773143878.033469,PC1,0,16,0.41511,1.3299,-0.6651,0.49188241362571716
1773143878.033469,PC1,0,17,0.9542,1.1142,-0.16775,0.7775367498397827
1773143878.033469,PC1,0,18,0.42756,1.40829,-0.72039,0.4774765372276306
1773143878.033469,PC1,0,19,0.94343,1.13417,-0.2149,0.8215469121932983
1773143878.033469,PC1,0,20,0.54838,1.22197,-0.88433,0.5213149189949036
1773143878.033469,PC1,0,21,0.91244,1.13563,-0.15415,0.8297831416130066
1773143878.033469,PC1,0,22,0.53951,1.18964,-0.82445,0.5116069316864014
1773143878.033469,PC1,0,23,0.57904,1.36342,0.06538,0.012683995999395847
1773143878.033469,PC1,0,24,0.42127,1.38918,-0.06265,0.008823713287711143
1773143878.033469,PC1,0,25,0.57769,1.83065,0.1012,0.002503485418856144
1773143878.033469,PC1,0,26,0.43173,1.87311,-0.06293,0.003124370938166976
1773143878.033469,PC1,0,27,0.55843,2.27531,0.40908,0.00022849398374091834
1773143878.033469,PC1,0,28,0.41329,2.30946,0.13144,0.00011626345803961158
1773143878.033469,PC1,0,29,0.54542,2.35129,0.42336,0.0002496960514690727
1773143878.033469,PC1,0,30,0.39089,2.38669,0.13876,0.00012620569032151252
1773143878.033469,PC1,0,31,0.60246,2.38645,0.18492,0.0007368147489614785
1773143878.033469,PC1,0,32,0.48526,2.41597,-0.18737,0.0003474775585345924
1773143878.033469,PC1,0,Angle_Elbow_L,117.51,,,
1773143878.033469,PC1,0,Angle_Shoulder_L,146.95,,,
1773143878.033469,PC1,0,Angle_Shoulder_R,130.46,,,
1773143878.033469,PC1,0,Length_UpperArm_L,0.2743,,,
1773143878.033469,PC1,0,Length_LowerArm_L,0.2521,,,
1773143878.033469,PC1,0,Length_UpperArm_R,0.3932,,,
1773143878.033469,PC1,0,Width_Shoulder,0.3799,,,
1773143878.114251,PC1,0,0,0.57514,0.58043,-0.50639,0.9996939897537231
1773143878.114251,PC1,0,1,0.57789,0.53089,-0.47338,0.9993886947631836
1773143878.114251,PC1,0,2,0.58282,0.5299,-0.47326,0.9994450807571411
1773143878.114251,PC1,0,3,0.58736,0.5287,-0.47324,0.9993572235107422
1773143878.114251,PC1,0,4,0.55526,0.52914,-0.51124,0.9995133280754089
1773143878.114251,PC1,0,5,0.544,0.52695,-0.51106,0.9995931386947632
1773143878.114251,PC1,0,6,0.5319,0.52475,-0.51116,0.9994797706604004
1773143878.114251,PC1,0,7,0.57275,0.53715,-0.26935,0.9995102286338806
1773143878.114251,PC1,0,8,0.49874,0.53367,-0.42291,0.9997026324272156
1773143878.114251,PC1,0,9,0.57523,0.63372,-0.42082,0.9997032284736633
1773143878.114251,PC1,0,10,0.5519,0.63167,-0.47076,0.9997729063034058
1773143878.114251,PC1,0,11,0.60838,0.71748,-0.10495,0.9994397759437561
1773143878.114251,PC1,0,12,0.38939,0.76619,-0.40675,0.9988864064216614
1773143878.114251,PC1,0,13,0.75161,0.91446,0.01938,0.7855273485183716
1773143878.114251,PC1,0,14,0.35168,1.1076,-0.58914,0.7146185040473938
1773143878.114251,PC1,0,15,0.89208,1.06824,-0.12642,0.8350489139556885
1773143878.114251,PC1,0,16,0.41511,1.3299,-0.6651,0.4940129816532135
1773143878.114251,PC1,0,17,0.95317,1.11812,-0.1713,0.7839382886886597
1773143878.114251,PC1,0,18,0.42756,1.40829,-0.72039,0.47547218203544617
1773143878.114251,PC1,0,19,0.94236,1.134,-0.21814,0.8269831538200378
1773143878.114251,PC1,0,20,0.54643,1.21243,-0.89602,0.5194205045700073
1773143878.114251,PC1,0,21,0.9115,1.13503,-0.15726,0.8353917598724365
1773143878.114251,PC1,0,22,0.53649,1.186,-0.83348,0.5098968744277954
1773143878.114251,PC1,0,23,0.57904,1.36342,0.06538,0.013179647736251354
1773143878.114251,PC1,0,24,0.42127,1.38918,-0.06265,0.008726444095373154
1773143878.114251,PC1,0,25,0.57769,1.83065,0.1012,0.0023952696938067675
1773143878.114251,PC1,0,26,0.43173,1.87311,-0.06293,0.0029650735668838024
1773143878.114251,PC1,0,27,0.55843,2.27531,0.40908,0.00021600842592306435
1773143878.114251,PC1,0,28,0.41329,2.30946,0.13144,0.00010826280777109787
1773143878.114251,PC1,0,29,0.54542,2.35129,0.42336,0.00023441323719453067
1773143878.114251,PC1,0,30,0.39089,2.38669,0.13876,0.00011907652515219525
1773143878.114251,PC1,0,31,0.60246,2.38645,0.18492,0.0006982326158322394
1773143878.114251,PC1,0,32,0.48526,2.41597,-0.18737,0.00032657620613463223
1773143878.114251,PC1,0,Angle_Elbow_L,117.67,,,
1773143878.114251,PC1,0,Angle_Shoulder_L,147.07,,,
1773143878.114251,PC1,0,Angle_Shoulder_R,129.58,,,
1773143878.114251,PC1,0,Length_UpperArm_L,0.2734,,,
1773143878.114251,PC1,0,Length_LowerArm_L,0.2542,,,
1773143878.114251,PC1,0,Length_UpperArm_R,0.3889,,,
1773143878.114251,PC1,0,Width_Shoulder,0.376,,,
1773143878.171746,PC1,0,0,0.57563,0.58142,-0.56824,0.9997154474258423
1773143878.171746,PC1,0,1,0.57848,0.5316,-0.5381,0.999428927898407
1773143878.171746,PC1,0,2,0.58342,0.53064,-0.53795,0.9994843602180481
1773143878.171746,PC1,0,3,0.58797,0.52954,-0.5379,0.9993985891342163
1773143878.171746,PC1,0,4,0.55576,0.5298,-0.57403,0.9995480179786682
1773143878.171746,PC1,0,5,0.54432,0.52769,-0.57389,0.9996233582496643
1773143878.171746,PC1,0,6,0.5322,0.52549,-0.57396,0.9995144009590149
1773143878.171746,PC1,0,7,0.57345,0.53824,-0.33365,0.9995465278625488
1773143878.171746,PC1,0,8,0.49887,0.53422,-0.48369,0.9997249841690063
1773143878.171746,PC1,0,9,0.57581,0.63436,-0.48345,0.9997228384017944
1773143878.171746,PC1,0,10,0.55247,0.63249,-0.5305,0.9997901320457458
1773143878.171746,PC1,0,11,0.60966,0.71836,-0.15495,0.9994841814041138
1773143878.171746,PC1,0,12,0.39065,0.76693,-0.44947,0.9989619255065918
1773143878.171746,PC1,0,13,0.75532,0.91802,-0.0236,0.7874089479446411
1773143878.171746,PC1,0,14,0.35328,1.12127,-0.65087,0.724556565284729
1773143878.171746,PC1,0,15,0.89909,1.07306,-0.16619,0.8423488140106201
1773143878.171746,PC1,0,16,0.51913,1.15522,-0.9775,0.5155428647994995
1773143878.171746,PC1,0,17,0.95948,1.12095,-0.20671,0.7911381721496582
1773143878.171746,PC1,0,18,0.42756,1.40829,-0.72039,0.4864652752876282
1773143878.171746,PC1,0,19,0.95074,1.13388,-0.25465,0.8327867984771729
1773143878.171746,PC1,0,20,0.56182,1.16784,-0.96041,0.5287501811981201
1773143878.171746,PC1,0,21,0.91932,1.13502,-0.19674,0.8418035507202148
1773143878.171746,PC1,0,22,0.54977,1.15118,-0.90095,0.5180768370628357
1773143878.171746,PC1,0,23,0.57904,1.36342,0.06538,0.013294121250510216
1773143878.171746,PC1,0,24,0.42127,1.38918,-0.06265,0.008718862198293209
1773143878.171746,PC1,0,25,0.57769,1.83065,0.1012,0.00228169746696949
1773143878.171746,PC1,0,26,0.43173,1.87311,-0.06293,0.0028781008441001177
1773143878.171746,PC1,0,27,0.55843,2.27531,0.40908,0.0002060515689663589
1773143878.171746,PC1,0,28,0.41329,2.30946,0.13144,0.0001003366633085534
1773143878.171746,PC1,0,29,0.54542,2.35129,0.42336,0.0002218424779130146
1773143878.171746,PC1,0,30,0.39089,2.38669,0.13876,0.00011098590766778216
1773143878.171746,PC1,0,31,0.60246,2.38645,0.18492,0.0006706261192448437
1773143878.171746,PC1,0,32,0.48526,2.41597,-0.18737,0.00031130973366089165
1773143878.171746,PC1,0,Angle_Elbow_L,117.69,,,
1773143878.171746,PC1,0,Angle_Elbow_R,118.4,,,
1773143878.171746,PC1,0,Angle_Shoulder_L,147.79,,,
1773143878.171746,PC1,0,Angle_Shoulder_R,124.62,,,
1773143878.171746,PC1,0,Length_UpperArm_L,0.2799,,,
1773143878.171746,PC1,0,Length_LowerArm_L,0.255,,,
1773143878.171746,PC1,0,Length_UpperArm_R,0.4093,,,
1773143878.171746,PC1,0,Length_LowerArm_R,0.3679,,,
1773143878.171746,PC1,0,Width_Shoulder,0.3702,,,
1773143878.229352,PC1,0,0,0.57448,0.58195,-0.58764,0.9997211694717407
1773143878.229352,PC1,0,1,0.57789,0.53222,-0.55795,0.9994257688522339
1773143878.229352,PC1,0,2,0.58298,0.53136,-0.55778,0.9994788765907288
1773143878.229352,PC1,0,3,0.58761,0.5304,-0.55762,0.9993906617164612
1773143878.229352,PC1,0,4,0.55465,0.5302,-0.59732,0.9995509386062622
1773143878.229352,PC1,0,5,0.54309,0.52809,-0.59723,0.9996265769004822
1773143878.229352,PC1,0,6,0.53093,0.5259,-0.59724,0.9995143413543701
1773143878.229352,PC1,0,7,0.57381,0.5395,-0.35591,0.9995387196540833
1773143878.229352,PC1,0,8,0.49772,0.53478,-0.49661,0.9997264742851257
1773143878.229352,PC1,0,9,0.57535,0.63469,-0.5045,0.999726414680481
1773143878.229352,PC1,0,10,0.55162,0.63294,-0.5593,0.9997987747192383
1773143878.229352,PC1,0,11,0.61036,0.71878,-0.16719,0.9995132088661194
1773143878.229352,PC1,0,12,0.39154,0.76717,-0.45016,0.9990007877349854
1773143878.229352,PC1,0,13,0.75618,0.91972,-0.02141,0.7939791679382324
1773143878.229352,PC1,0,14,0.35423,1.12722,-0.62872,0.7120596766471863
1773143878.229352,PC1,0,15,0.90213,1.07715,-0.15304,0.8440691232681274
1773143878.229352,PC1,0,16,0.51913,1.15522,-0.9775,0.48712626099586487
1773143878.229352,PC1,0,17,0.96202,1.12386,-0.1919,0.7923887968063354
1773143878.229352,PC1,0,18,0.42756,1.40829,-0.72039,0.4623316824436188
1773143878.229352,PC1,0,19,0.95429,1.13582,-0.24201,0.8344964385032654
1773143878.229352,PC1,0,20,0.54275,1.22795,-0.94971,0.5055436491966248
1773143878.229352,PC1,0,21,0.92285,1.13674,-0.18424,0.8431115746498108
1773143878.229352,PC1,0,22,0.54977,1.15118,-0.90095,0.4954926669597626
1773143878.229352,PC1,0,23,0.57904,1.36342,0.06538,0.012966937385499477
1773143878.229352,PC1,0,24,0.42127,1.38918,-0.06265,0.008322043344378471
1773143878.229352,PC1,0,25,0.57769,1.83065,0.1012,0.002179783768951893
1773143878.229352,PC1,0,26,0.43173,1.87311,-0.06293,0.002729152562096715
1773143878.229352,PC1,0,27,0.55843,2.27531,0.40908,0.0001987423311220482
1773143878.229352,PC1,0,28,0.41329,2.30946,0.13144,9.592102287570015e-05
1773143878.229352,PC1,0,29,0.54542,2.35129,0.42336,0.00021194496366661042
1773143878.229352,PC1,0,30,0.39089,2.38669,0.13876,0.00011028264998458326
1773143878.229352,PC1,0,31,0.60246,2.38645,0.18492,0.000658313394524157
1773143878.229352,PC1,0,32,0.48526,2.41597,-0.18737,0.0003045559860765934
1773143878.229352,PC1,0,Angle_Elbow_L,117.72,,,
1773143878.229352,PC1,0,Angle_Shoulder_L,148.09,,,
1773143878.229352,PC1,0,Angle_Shoulder_R,127.36,,,
1773143878.229352,PC1,0,Length_UpperArm_L,0.2879,,,
1773143878.229352,PC1,0,Length_LowerArm_L,0.2518,,,
1773143878.229352,PC1,0,Length_UpperArm_R,0.4036,,,
1773143878.229352,PC1,0,Width_Shoulder,0.361,,,
1773143878.300023,PC1,0,0,0.57263,0.58233,-0.62162,0.9997411370277405
1773143878.300023,PC1,0,1,0.57653,0.53273,-0.59279,0.999462902545929
1773143878.300023,PC1,0,2,0.58186,0.53198,-0.59261,0.9995136857032776
1773143878.300023,PC1,0,3,0.58661,0.53117,-0.59248,0.9994289875030518
1773143878.300023,PC1,0,4,0.5524,0.53048,-0.63039,0.9995815753936768
1773143878.300023,PC1,0,5,0.54079,0.52836,-0.6303,0.9996532201766968
1773143878.300023,PC1,0,6,0.52849,0.52615,-0.63032,0.9995458126068115
1773143878.300023,PC1,0,7,0.57368,0.5406,-0.38643,0.999569833278656
1773143878.300023,PC1,0,8,0.49563,0.53517,-0.52641,0.9997471570968628
1773143878.300023,PC1,0,9,0.57447,0.63493,-0.53709,0.9997448325157166
1773143878.300023,PC1,0,10,0.55008,0.63325,-0.58869,0.9998145699501038
1773143878.300023,PC1,0,11,0.61041,0.71877,-0.18473,0.9995524883270264
1773143878.300023,PC1,0,12,0.39216,0.76739,-0.47432,0.9990689158439636
1773143878.300023,PC1,0,13,0.75641,0.92091,-0.02672,0.8045324087142944
1773143878.300023,PC1,0,14,0.35485,1.13289,-0.6457,0.71791672706604
1773143878.300023,PC1,0,15,0.90391,1.08009,-0.15185,0.854170024394989
1773143878.300023,PC1,0,16,0.51913,1.15522,-0.9775,0.4829079806804657
1773143878.300023,PC1,0,17,0.96357,1.12587,-0.18984,0.8042277693748474
1773143878.300023,PC1,0,18,0.42756,1.40829,-0.72039,0.45585253834724426
1773143878.300023,PC1,0,19,0.9564,1.13703,-0.24232,0.8442665338516235
1773143878.300023,PC1,0,20,0.54275,1.22795,-0.94971,0.4999821186065674
1773143878.300023,PC1,0,21,0.92487,1.13794,-0.18376,0.8524665832519531
1773143878.300023,PC1,0,22,0.54977,1.15118,-0.90095,0.4905678331851959
1773143878.300023,PC1,0,23,0.57904,1.36342,0.06538,0.013436155393719673
1773143878.300023,PC1,0,24,0.42127,1.38918,-0.06265,0.008336937054991722
1773143878.300023,PC1,0,25,0.57769,1.83065,0.1012,0.0020566051825881004
1773143878.300023,PC1,0,26,0.43173,1.87311,-0.06293,0.0026167077012360096
1773143878.300023,PC1,0,27,0.55843,2.27531,0.40908,0.00019189761951565742
1773143878.300023,PC1,0,28,0.41329,2.30946,0.13144,9.163756476482376e-05
1773143878.300023,PC1,0,29,0.54542,2.35129,0.42336,0.0002026815345743671
1773143878.300023,PC1,0,30,0.39089,2.38669,0.13876,0.0001078420682461001
1773143878.300023,PC1,0,31,0.60246,2.38645,0.18492,0.0006508351652882993
1773143878.300023,PC1,0,32,0.48526,2.41597,-0.18737,0.00030024570878595114
1773143878.300023,PC1,0,Angle_Elbow_L,117.32,,,
1773143878.300023,PC1,0,Angle_Shoulder_L,148.65,,,
1773143878.300023,PC1,0,Angle_Shoulder_R,127.11,,,
1773143878.300023,PC1,0,Length_UpperArm_L,0.2952,,,
1773143878.300023,PC1,0,Length_LowerArm_L,0.2505,,,
1773143878.300023,PC1,0,Length_UpperArm_R,0.4054,,,
1773143878.300023,PC1,0,Width_Shoulder,0.3659,,,
1773143878.300159,PC1,0,0,0.56929,0.58303,-0.67208,0.9997589588165283
1773143878.300159,PC1,0,1,0.57398,0.53321,-0.64489,0.999497652053833
1773143878.300159,PC1,0,2,0.57986,0.53257,-0.64468,0.9995462894439697
1773143878.300159,PC1,0,3,0.58496,0.53193,-0.64457,0.999464750289917
1773143878.300159,PC1,0,4,0.54812,0.53082,-0.67852,0.9996108412742615
1773143878.300159,PC1,0,5,0.53638,0.52874,-0.67843,0.9996781945228577
1773143878.300159,PC1,0,6,0.5238,0.5266,-0.67843,0.9995757341384888
1773143878.300159,PC1,0,7,0.57354,0.54209,-0.43316,0.9995985627174377
1773143878.300159,PC1,0,8,0.49182,0.53572,-0.56452,0.9997650980949402
1773143878.300159,PC1,0,9,0.57293,0.63565,-0.58575,0.9997609257698059
1773143878.300159,PC1,0,10,0.54691,0.63406,-0.63122,0.9998281598091125
1773143878.300159,PC1,0,11,0.61116,0.7201,-0.21963,0.9995850324630737
1773143878.300159,PC1,0,12,0.39252,0.76812,-0.49928,0.9991277456283569
1773143878.300159,PC1,0,13,0.75834,0.92452,-0.05435,0.8094567060470581
1773143878.300159,PC1,0,14,0.35544,1.13858,-0.67915,0.7172297835350037
1773143878.300159,PC1,0,15,0.90713,1.08403,-0.17744,0.8606179356575012
1773143878.300159,PC1,0,16,0.51913,1.15522,-0.9775,0.47949597239494324
1773143878.300159,PC1,0,17,0.96678,1.12771,-0.21422,0.8109469413757324
1773143878.300159,PC1,0,18,0.42756,1.40829,-0.72039,0.4459989666938782
1773143878.300159,PC1,0,19,0.96037,1.13821,-0.26772,0.8498549461364746
1773143878.300159,PC1,0,20,0.54275,1.22795,-0.94971,0.48994508385658264
1773143878.300159,PC1,0,21,0.92852,1.13932,-0.20924,0.8582103848457336
1773143878.300159,PC1,0,22,0.54977,1.15118,-0.90095,0.48017510771751404
1773143878.300159,PC1,0,23,0.57904,1.36342,0.06538,0.014031364582479
1773143878.300159,PC1,0,24,0.42127,1.38918,-0.06265,0.008633571676909924
1773143878.300159,PC1,0,25,0.57769,1.83065,0.1012,0.0019939281046390533
1773143878.300159,PC1,0,26,0.43173,1.87311,-0.06293,0.002520005451515317
1773143878.300159,PC1,0,27,0.55843,2.27531,0.40908,0.00020086148288100958
1773143878.300159,PC1,0,28,0.41329,2.30946,0.13144,8.745354716666043e-05
1773143878.300159,PC1,0,29,0.54542,2.35129,0.42336,0.00020765101362485439
1773143878.300159,PC1,0,30,0.39089,2.38669,0.13876,0.00010465123341418803
1773143878.300159,PC1,0,31,0.60246,2.38645,0.18492,0.0006560993497259915
1773143878.300159,PC1,0,32,0.48526,2.41597,-0.18737,0.0003003688179887831
1773143878.300159,PC1,0,Angle_Elbow_L,116.92,,,
1773143878.300159,PC1,0,Angle_Shoulder_L,149.33,,,
1773143878.300159,PC1,0,Angle_Shoulder_R,124.24,,,
1773143878.300159,PC1,0,Length_UpperArm_L,0.3013,,,
1773143878.300159,PC1,0,Length_LowerArm_L,0.2505,,,
1773143878.300159,PC1,0,Length_UpperArm_R,0.4135,,,
1773143878.300159,PC1,0,Width_Shoulder,0.3582,,,
1773143878.414624,PC1,0,0,0.56201,0.58344,-0.71207,0.9997588992118835
1773143878.414624,PC1,0,1,0.56825,0.53384,-0.6875,0.9994630217552185
1773143878.414624,PC1,0,2,0.57491,0.53339,-0.68729,0.9995178580284119
1773143878.414624,PC1,0,3,0.58076,0.53293,-0.68722,0.9994192123413086
1773143878.414624,PC1,0,4,0.54144,0.53108,-0.71645,0.9995899200439453
1773143878.414624,PC1,0,5,0.52979,0.52901,-0.71635,0.9996663331985474
1773143878.414624,PC1,0,6,0.51737,0.52697,-0.71638,0.9995521306991577
1773143878.414624,PC1,0,7,0.57224,0.54328,-0.47523,0.9995613694190979
1773143878.414624,PC1,0,8,0.487,0.53674,-0.59076,0.9997538924217224
1773143878.414624,PC1,0,9,0.56753,0.63623,-0.62514,0.999751091003418
1773143878.414624,PC1,0,10,0.53992,0.63455,-0.66379,0.9998285174369812
1773143878.414624,PC1,0,11,0.61131,0.72088,-0.24772,0.9995867609977722
1773143878.414624,PC1,0,12,0.39255,0.76855,-0.51193,0.9991409778594971
1773143878.414624,PC1,0,13,0.75849,0.92659,-0.07134,0.8126257658004761
1773143878.414624,PC1,0,14,0.35515,1.12822,-0.67884,0.7053866386413574
1773143878.414624,PC1,0,15,0.90752,1.08635,-0.1861,0.8641033172607422
1773143878.414624,PC1,0,16,0.51913,1.15522,-0.9775,0.46952879428863525
1773143878.414624,PC1,0,17,0.96799,1.12885,-0.22221,0.8150449395179749
1773143878.414624,PC1,0,18,0.42756,1.40829,-0.72039,0.4371980130672455
1773143878.414624,PC1,0,19,0.96218,1.13916,-0.27715,0.8539087772369385
1773143878.414624,PC1,0,20,0.54275,1.22795,-0.94971,0.48327547311782837
1773143878.414624,PC1,0,21,0.92964,1.14039,-0.21816,0.8623928427696228
1773143878.414624,PC1,0,22,0.54977,1.15118,-0.90095,0.4755558669567108
1773143878.414624,PC1,0,23,0.57904,1.36342,0.06538,0.013586623594164848
1773143878.414624,PC1,0,24,0.42127,1.38918,-0.06265,0.008292004466056824
1773143878.414624,PC1,0,25,0.57769,1.83065,0.1012,0.0018945620395243168
1773143878.414624,PC1,0,26,0.43173,1.87311,-0.06293,0.002386179519817233
1773143878.414624,PC1,0,27,0.55843,2.27531,0.40908,0.0001986147981369868
1773143878.414624,PC1,0,28,0.41329,2.30946,0.13144,8.462133700959384e-05
1773143878.414624,PC1,0,29,0.54542,2.35129,0.42336,0.00020494101045187563
1773143878.414624,PC1,0,30,0.39089,2.38669,0.13876,0.00010498445044504479
1773143878.414624,PC1,0,31,0.60246,2.38645,0.18492,0.0006438277196139097
1773143878.414624,PC1,0,32,0.48526,2.41597,-0.18737,0.0002989248896483332
1773143878.414624,PC1,0,Angle_Elbow_L,117.01,,,
1773143878.414624,PC1,0,Angle_Shoulder_L,149.95,,,
1773143878.414624,PC1,0,Angle_Shoulder_R,123.84,,,
1773143878.414624,PC1,0,Length_UpperArm_L,0.3084,,,
1773143878.414624,PC1,0,Length_LowerArm_L,0.2468,,,
1773143878.414624,PC1,0,Length_UpperArm_R,0.3983,,,
1773143878.414624,PC1,0,Width_Shoulder,0.3463,,,
1773143878.482937,PC1,0,0,0.55397,0.58377,-0.74839,0.9997645020484924
1773143878.482937,PC1,0,1,0.56205,0.5343,-0.72652,0.9994754791259766
1773143878.482937,PC1,0,2,0.56965,0.534,-0.72631,0.999532163143158
1773143878.482937,PC1,0,3,0.57628,0.53383,-0.72629,0.9994350075721741
1773143878.482937,PC1,0,4,0.53397,0.53123,-0.75112,0.9996013045310974
1773143878.482937,PC1,0,5,0.52234,0.52919,-0.75105,0.999676525592804
1773143878.482937,PC1,0,6,0.51014,0.52723,-0.75107,0.9995627999305725
1773143878.482937,PC1,0,7,0.57105,0.54517,-0.51609,0.9995760917663574
1773143878.482937,PC1,0,8,0.48216,0.53749,-0.61554,0.9997555017471313
1773143878.482937,PC1,0,9,0.56128,0.63689,-0.66148,0.9997560381889343
1773143878.482937,PC1,0,10,0.53194,0.63511,-0.69405,0.9998329281806946
1773143878.482937,PC1,0,11,0.61153,0.7222,-0.28941,0.9995988607406616
1773143878.482937,PC1,0,12,0.39207,0.76899,-0.52394,0.9991521835327148
1773143878.482937,PC1,0,13,0.75977,0.9284,-0.12502,0.8120507001876831
1773143878.482937,PC1,0,14,0.3562,1.12542,-0.70111,0.7014490962028503
1773143878.482937,PC1,0,15,0.90774,1.09133,-0.23549,0.8595938086509705
1773143878.482937,PC1,0,16,0.51913,1.15522,-0.9775,0.482653945684433
1773143878.482937,PC1,0,17,0.96837,1.13329,-0.26975,0.8062441349029541
1773143878.482937,PC1,0,18,0.42756,1.40829,-0.72039,0.43642568588256836
1773143878.482937,PC1,0,19,0.96287,1.14405,-0.32385,0.8463612794876099
1773143878.482937,PC1,0,20,0.54275,1.22795,-0.94971,0.4808940589427948
1773143878.482937,PC1,0,21,0.93027,1.14492,-0.26628,0.8570494055747986
1773143878.482937,PC1,0,22,0.54977,1.15118,-0.90095,0.47166645526885986
1773143878.482937,PC1,0,23,0.57904,1.36342,0.06538,0.014606179669499397
1773143878.482937,PC1,0,24,0.42127,1.38918,-0.06265,0.009119398891925812
1773143878.482937,PC1,0,25,0.57769,1.83065,0.1012,0.0019423406338319182
1773143878.482937,PC1,0,26,0.43173,1.87311,-0.06293,0.002331163501366973
1773143878.482937,PC1,0,27,0.55843,2.27531,0.40908,0.00021633061987813562
1773143878.482937,PC1,0,28,0.41329,2.30946,0.13144,8.3248654846102e-05
1773143878.482937,PC1,0,29,0.54542,2.35129,0.42336,0.00022377837740350515
1773143878.482937,PC1,0,30,0.39089,2.38669,0.13876,0.00010397605365142226
1773143878.482937,PC1,0,31,0.60246,2.38645,0.18492,0.0006256368942558765
1773143878.482937,PC1,0,32,0.48526,2.41597,-0.18737,0.00030289136338979006
1773143878.482937,PC1,0,Angle_Elbow_L,120.11,,,
1773143878.482937,PC1,0,Angle_Shoulder_L,150.04,,,
1773143878.482937,PC1,0,Angle_Shoulder_R,120.54,,,
1773143878.482937,PC1,0,Length_UpperArm_L,0.3025,,,
1773143878.482937,PC1,0,Length_LowerArm_L,0.2463,,,
1773143878.482937,PC1,0,Length_UpperArm_R,0.3996,,,
1773143878.482937,PC1,0,Width_Shoulder,0.3246,,,
1773143878.548336,PC1,0,0,0.53635,0.58105,-0.73936,0.9997439384460449
1773143878.548336,PC1,0,1,0.54839,0.53264,-0.72048,0.9993904232978821
1773143878.548336,PC1,0,2,0.55723,0.5326,-0.72028,0.9994527101516724
1773143878.548336,PC1,0,3,0.56504,0.53287,-0.7203,0.9993422627449036
1773143878.548336,PC1,0,4,0.51934,0.52962,-0.73628,0.9995403289794922
1773143878.548336,PC1,0,5,0.50835,0.52777,-0.73617,0.9996249675750732
1773143878.548336,PC1,0,6,0.49733,0.52613,-0.73622,0.999500572681427
1773143878.548336,PC1,0,7,0.56735,0.54591,-0.51837,0.9994888305664062
1773143878.548336,PC1,0,8,0.47556,0.53792,-0.58086,0.9997059106826782
1773143878.548336,PC1,0,9,0.54802,0.63521,-0.65557,0.9997244477272034
1773143878.548336,PC1,0,10,0.5163,0.63295,-0.67591,0.9998195767402649
1773143878.548336,PC1,0,11,0.61183,0.72439,-0.29526,0.9995154142379761
1773143878.548336,PC1,0,12,0.39202,0.76661,-0.49114,0.9991323351860046
1773143878.548336,PC1,0,13,0.76063,0.93013,-0.13897,0.8114780187606812
1773143878.548336,PC1,0,14,0.35197,1.10463,-0.64846,0.6927188038825989
1773143878.548336,PC1,0,15,0.9076,1.09535,-0.22653,0.8467051386833191
1773143878.548336,PC1,0,16,0.51913,1.15522,-0.9775,0.46718764305114746
1773143878.548336,PC1,0,17,0.96851,1.1361,-0.25853,0.7915896773338318
1773143878.548336,PC1,0,18,0.42756,1.40829,-0.72039,0.4223540723323822
1773143878.548336,PC1,0,19,0.96272,1.14699,-0.3137,0.8342427611351013
1773143878.548336,PC1,0,20,0.54275,1.22795,-0.94971,0.46710896492004395
1773143878.548336,PC1,0,21,0.93018,1.14753,-0.25678,0.8477175235748291
1773143878.548336,PC1,0,22,0.54977,1.15118,-0.90095,0.46022966504096985
1773143878.548336,PC1,0,23,0.57904,1.36342,0.06538,0.013894039206206799
1773143878.548336,PC1,0,24,0.42127,1.38918,-0.06265,0.008717840537428856
1773143878.548336,PC1,0,25,0.57769,1.83065,0.1012,0.001788850873708725
1773143878.548336,PC1,0,26,0.43173,1.87311,-0.06293,0.0021468924824148417
1773143878.548336,PC1,0,27,0.55843,2.27531,0.40908,0.00020163832232356071
1773143878.548336,PC1,0,28,0.41329,2.30946,0.13144,7.715242827543989e-05
1773143878.548336,PC1,0,29,0.54542,2.35129,0.42336,0.00020927538571413606
1773143878.548336,PC1,0,30,0.39089,2.38669,0.13876,9.92155764834024e-05
1773143878.548336,PC1,0,31,0.60246,2.38645,0.18492,0.0005755688762292266
1773143878.548336,PC1,0,32,0.48526,2.41597,-0.18737,0.00028280061087571084
1773143878.548336,PC1,0,Angle_Elbow_L,126.5,,,
1773143878.548336,PC1,0,Angle_Shoulder_L,149.52,,,
1773143878.548336,PC1,0,Angle_Shoulder_R,122.82,,,
1773143878.548336,PC1,0,Length_UpperArm_L,0.2982,,,
1773143878.548336,PC1,0,Length_LowerArm_L,0.2378,,,
1773143878.548336,PC1,0,Length_UpperArm_R,0.375,,,
1773143878.548336,PC1,0,Width_Shoulder,0.2974,,,
1773143878.615041,PC1,0,0,0.51541,0.57683,-0.72952,0.9994518160820007
1773143878.615041,PC1,0,1,0.53119,0.52977,-0.71556,0.997947096824646
1773143878.615041,PC1,0,2,0.54106,0.53035,-0.71538,0.9980733394622803
1773143878.615041,PC1,0,3,0.55024,0.53131,-0.71542,0.9975540637969971
1773143878.615041,PC1,0,4,0.5031,0.52547,-0.72322,0.9986756443977356
1773143878.615041,PC1,0,5,0.49354,0.52325,-0.7231,0.9989317059516907
1773143878.615041,PC1,0,6,0.48426,0.52119,-0.7232,0.9986553192138672
1773143878.615041,PC1,0,7,0.56037,0.54616,-0.52729,0.9973848462104797
1773143878.615041,PC1,0,8,0.4707,0.53589,-0.55473,0.998948335647583
1773143878.615041,PC1,0,9,0.53003,0.63235,-0.65097,0.9991338849067688
1773143878.615041,PC1,0,10,0.49867,0.62804,-0.65994,0.9995399713516235
1773143878.615041,PC1,0,11,0.61196,0.72592,-0.30696,0.998847484588623
1773143878.615041,PC1,0,12,0.39167,0.76056,-0.46091,0.9990404844284058
1773143878.615041,PC1,0,13,0.75954,0.93095,-0.15473,0.8022410869598389
1773143878.615041,PC1,0,14,0.34626,1.0878,-0.58618,0.6650909781455994
1773143878.615041,PC1,0,15,0.90037,1.0989,-0.2219,0.8403347730636597
1773143878.615041,PC1,0,16,0.51913,1.15522,-0.9775,0.4545157849788666
1773143878.615041,PC1,0,17,0.95993,1.13873,-0.25262,0.7855321764945984
1773143878.615041,PC1,0,18,0.42756,1.40829,-0.72039,0.41518354415893555
1773143878.615041,PC1,0,19,0.95332,1.1498,-0.30826,0.829340398311615
1773143878.615041,PC1,0,20,0.54275,1.22795,-0.94971,0.46199074387550354
1773143878.615041,PC1,0,21,0.9211,1.15038,-0.25104,0.8450283408164978
1773143878.615041,PC1,0,22,0.54977,1.15118,-0.90095,0.4585777819156647
1773143878.615041,PC1,0,23,0.57904,1.36342,0.06538,0.01272690948098898
1773143878.615041,PC1,0,24,0.42127,1.38918,-0.06265,0.008052343502640724
1773143878.615041,PC1,0,25,0.57769,1.83065,0.1012,0.0016239720862358809
1773143878.615041,PC1,0,26,0.43173,1.87311,-0.06293,0.0019453864078968763
1773143878.615041,PC1,0,27,0.55843,2.27531,0.40908,0.00018469213682692498
1773143878.615041,PC1,0,28,0.41329,2.30946,0.13144,7.058630581013858e-05
1773143878.615041,PC1,0,29,0.54542,2.35129,0.42336,0.00019138197239954025
1773143878.615041,PC1,0,30,0.39089,2.38669,0.13876,9.220740321325138e-05
1773143878.615041,PC1,0,31,0.60246,2.38645,0.18492,0.0005255697178654373
1773143878.615041,PC1,0,32,0.48526,2.41597,-0.18737,0.0002625292108859867
1773143878.615041,PC1,0,Angle_Elbow_L,131.72,,,
1773143878.615041,PC1,0,Angle_Shoulder_L,149.43,,,
1773143878.615041,PC1,0,Angle_Shoulder_R,127.38,,,
1773143878.615041,PC1,0,Length_UpperArm_L,0.2949,,,
1773143878.615041,PC1,0,Length_LowerArm_L,0.2292,,,
1773143878.615041,PC1,0,Length_UpperArm_R,0.3533,,,
1773143878.615041,PC1,0,Width_Shoulder,0.271,,,
1773143878.679425,PC1,0,0,0.49615,0.57188,-0.72341,0.9993588328361511
1773143878.679425,PC1,0,1,0.51461,0.52641,-0.71228,0.9976847767829895
1773143878.679425,PC1,0,2,0.525,0.52747,-0.71212,0.9978982210159302
1773143878.679425,PC1,0,3,0.53503,0.52901,-0.71215,0.9972688555717468
1773143878.679425,PC1,0,4,0.4882,0.52143,-0.71457,0.9984763264656067
1773143878.679425,PC1,0,5,0.48013,0.51901,-0.71447,0.9987996220588684
1773143878.679425,PC1,0,6,0.47254,0.51673,-0.71461,0.9984283447265625
1773143878.679425,PC1,0,7,0.55177,0.54592,-0.53659,0.9972686171531677
1773143878.679425,PC1,0,8,0.46676,0.53386,-0.53334,0.9987587332725525
1773143878.679425,PC1,0,9,0.51316,0.62862,-0.6478,0.9989854693412781
1773143878.679425,PC1,0,10,0.48301,0.62246,-0.649,0.9994161128997803
1773143878.679425,PC1,0,11,0.61215,0.72702,-0.31666,0.9986022114753723
1773143878.679425,PC1,0,12,0.39135,0.75654,-0.44074,0.9988901615142822
1773143878.679425,PC1,0,13,0.7576,0.93135,-0.1721,0.7822155952453613
1773143878.679425,PC1,0,14,0.34276,1.07283,-0.58681,0.6446606516838074
1773143878.679425,PC1,0,15,0.89492,1.10131,-0.22928,0.8324997425079346
1773143878.679425,PC1,0,16,0.51913,1.15522,-0.9775,0.46216922998428345
1773143878.679425,PC1,0,17,0.95274,1.14002,-0.25727,0.7761263847351074
1773143878.679425,PC1,0,18,0.42756,1.40829,-0.72039,0.41584885120391846
1773143878.679425,PC1,0,19,0.94623,1.1502,-0.31112,0.8206589221954346
1773143878.679425,PC1,0,20,0.54275,1.22795,-0.94971,0.4611184895038605
1773143878.679425,PC1,0,21,0.91443,1.15041,-0.25653,0.8383176326751709
1773143878.679425,PC1,0,22,0.54977,1.15118,-0.90095,0.4573972523212433
1773143878.679425,PC1,0,23,0.57904,1.36342,0.06538,0.01201601978391409
1773143878.679425,PC1,0,24,0.42127,1.38918,-0.06265,0.0077939932234585285
1773143878.679425,PC1,0,25,0.57769,1.83065,0.1012,0.0015117729781195521
1773143878.679425,PC1,0,26,0.43173,1.87311,-0.06293,0.0017998217372223735
1773143878.679425,PC1,0,27,0.55843,2.27531,0.40908,0.0001748555077938363
1773143878.679425,PC1,0,28,0.41329,2.30946,0.13144,6.551929254783317e-05
1773143878.679425,PC1,0,29,0.54542,2.35129,0.42336,0.00018103838374372572
1773143878.679425,PC1,0,30,0.39089,2.38669,0.13876,8.683337364345789e-05
1773143878.679425,PC1,0,31,0.60246,2.38645,0.18492,0.0004879845946561545
1773143878.679425,PC1,0,32,0.48526,2.41597,-0.18737,0.0002504986769054085
1773143878.679425,PC1,0,Angle_Elbow_L,135.25,,,
1773143878.679425,PC1,0,Angle_Shoulder_L,149.43,,,
1773143878.679425,PC1,0,Angle_Shoulder_R,123.94,,,
1773143878.679425,PC1,0,Length_UpperArm_L,0.2895,,,
1773143878.679425,PC1,0,Length_LowerArm_L,0.2259,,,
1773143878.679425,PC1,0,Length_UpperArm_R,0.3518,,,
1773143878.679425,PC1,0,Width_Shoulder,0.255,,,
1773143878.731234,PC1,0,0,0.48061,0.56804,-0.69182,0.9992851614952087
1773143878.731234,PC1,0,1,0.50038,0.52402,-0.68432,0.9974977374076843
1773143878.731234,PC1,0,2,0.51124,0.52546,-0.68416,0.9977585673332214
1773143878.731234,PC1,0,3,0.52212,0.52744,-0.68418,0.9970882534980774
1773143878.731234,PC1,0,4,0.47549,0.5186,-0.68073,0.9983295202255249
1773143878.731234,PC1,0,5,0.46861,0.51604,-0.6806,0.9986709952354431
1773143878.731234,PC1,0,6,0.46231,0.51363,-0.68074,0.9982356429100037
1773143878.731234,PC1,0,7,0.5442,0.54579,-0.5202,0.9971905946731567
1773143878.731234,PC1,0,8,0.46273,0.53243,-0.49199,0.9986200928688049
1773143878.731234,PC1,0,9,0.49951,0.6256,-0.62082,0.9989301562309265
1773143878.731234,PC1,0,10,0.47037,0.61806,-0.6142,0.9993675351142883
1773143878.731234,PC1,0,11,0.61157,0.72776,-0.30544,0.9985236525535583
1773143878.731234,PC1,0,12,0.39027,0.75277,-0.40614,0.9988768696784973
1773143878.731234,PC1,0,13,0.75313,0.93158,-0.16784,0.778377115726471
1773143878.731234,PC1,0,14,0.33757,1.06259,-0.57616,0.6401125192642212
1773143878.731234,PC1,0,15,0.89102,1.09764,-0.218,0.8315340280532837
1773143878.731234,PC1,0,16,0.51913,1.15522,-0.9775,0.46264323592185974
1773143878.731234,PC1,0,17,0.9483,1.13224,-0.24492,0.7740692496299744
1773143878.731234,PC1,0,18,0.42756,1.40829,-0.72039,0.41327548027038574
1773143878.731234,PC1,0,19,0.94158,1.12613,-0.29822,0.8184208273887634
1773143878.731234,PC1,0,20,0.54275,1.22795,-0.94971,0.4570659399032593
1773143878.731234,PC1,0,21,0.91041,1.14157,-0.24474,0.8375329971313477
1773143878.731234,PC1,0,22,0.54977,1.15118,-0.90095,0.45421820878982544
1773143878.731234,PC1,0,23,0.57904,1.36342,0.06538,0.011542938649654388
1773143878.731234,PC1,0,24,0.42127,1.38918,-0.06265,0.007646847516298294
1773143878.731234,PC1,0,25,0.57769,1.83065,0.1012,0.0013955954927951097
1773143878.731234,PC1,0,26,0.43173,1.87311,-0.06293,0.001654266263358295
1773143878.731234,PC1,0,27,0.55843,2.27531,0.40908,0.00016199126548599452
1773143878.731234,PC1,0,28,0.41329,2.30946,0.13144,6.020042928867042e-05
1773143878.731234,PC1,0,29,0.54542,2.35129,0.42336,0.0001676971442066133
1773143878.731234,PC1,0,30,0.39089,2.38669,0.13876,8.072365017142147e-05
1773143878.731234,PC1,0,31,0.60246,2.38645,0.18492,0.0004474722081795335
1773143878.731234,PC1,0,32,0.48526,2.41597,-0.18737,0.00023233286628965288
1773143878.731234,PC1,0,Angle_Elbow_L,137.64,,,
1773143878.731234,PC1,0,Angle_Shoulder_L,149.68,,,
1773143878.731234,PC1,0,Angle_Shoulder_R,121.55,,,
1773143878.731234,PC1,0,Length_UpperArm_L,0.2838,,,
1773143878.731234,PC1,0,Length_LowerArm_L,0.2216,,,
1773143878.731234,PC1,0,Length_UpperArm_R,0.3573,,,
1773143878.731234,PC1,0,Width_Shoulder,0.2444,,,
1773143878.7843468,PC1,0,0,0.47069,0.56437,-0.70532,0.9991304874420166
1773143878.7843468,PC1,0,1,0.49136,0.5218,-0.69852,0.9970154166221619
1773143878.7843468,PC1,0,2,0.50242,0.52355,-0.69839,0.9974322319030762
1773143878.7843468,PC1,0,3,0.51371,0.52589,-0.69838,0.9964767098426819
1773143878.7843468,PC1,0,4,0.46725,0.51616,-0.69228,0.998026430606842
1773143878.7843468,PC1,0,5,0.46099,0.51358,-0.69221,0.998496413230896
1773143878.7843468,PC1,0,6,0.45539,0.51116,-0.69239,0.9979122281074524
1773143878.7843468,PC1,0,7,0.53863,0.54555,-0.53166,0.9969038963317871
1773143878.7843468,PC1,0,8,0.45945,0.53118,-0.49173,0.9983628392219543
1773143878.7843468,PC1,0,9,0.49041,0.62258,-0.63323,0.9984838962554932
1773143878.7843468,PC1,0,10,0.46186,0.61394,-0.62331,0.9990598559379578
1773143878.7843468,PC1,0,11,0.61059,0.72878,-0.3064,0.9976507425308228
1773143878.7843468,PC1,0,12,0.38805,0.75066,-0.40068,0.9984984397888184
1773143878.7843468,PC1,0,13,0.7485,0.93153,-0.16575,0.7541860938072205
1773143878.7843468,PC1,0,14,0.33489,1.05769,-0.59786,0.6126412749290466
1773143878.7843468,PC1,0,15,0.88823,1.08635,-0.21303,0.8334247469902039
1773143878.7843468,PC1,0,16,0.51913,1.15522,-0.9775,0.4726121723651886
1773143878.7843468,PC1,0,17,0.94411,1.10938,-0.2373,0.7785570025444031
1773143878.7843468,PC1,0,18,0.42756,1.40829,-0.72039,0.4225924611091614
1773143878.7843468,PC1,0,19,0.93865,1.10378,-0.29089,0.8219519853591919
1773143878.7843468,PC1,0,20,0.54275,1.22795,-0.94971,0.4657910168170929
1773143878.7843468,PC1,0,21,0.90824,1.1171,-0.23961,0.8413110375404358
1773143878.7843468,PC1,0,22,0.54977,1.15118,-0.90095,0.462282657623291
1773143878.7843468,PC1,0,23,0.57904,1.36342,0.06538,0.011094762943685055
1773143878.7843468,PC1,0,24,0.42127,1.38918,-0.06265,0.007645111996680498
1773143878.7843468,PC1,0,25,0.57769,1.83065,0.1012,0.0013801095774397254
1773143878.7843468,PC1,0,26,0.43173,1.87311,-0.06293,0.0016402719775214791
1773143878.7843468,PC1,0,27,0.55843,2.27531,0.40908,0.00016766942280810326
1773143878.7843468,PC1,0,28,0.41329,2.30946,0.13144,6.074452176108025e-05
1773143878.7843468,PC1,0,29,0.54542,2.35129,0.42336,0.00017462536925449967
1773143878.7843468,PC1,0,30,0.39089,2.38669,0.13876,8.515986701240763e-05
1773143878.7843468,PC1,0,31,0.60246,2.38645,0.18492,0.0004440396442078054
1773143878.7843468,PC1,0,32,0.48526,2.41597,-0.18737,0.00025326578179374337
1773143878.7843468,PC1,0,Angle_Elbow_L,136.72,,,
1773143878.7843468,PC1,0,Angle_Shoulder_L,150.38,,,
1773143878.7843468,PC1,0,Angle_Shoulder_R,117.82,,,
1773143878.7843468,PC1,0,Length_UpperArm_L,0.2827,,,
1773143878.7843468,PC1,0,Length_LowerArm_L,0.2138,,,
1773143878.7843468,PC1,0,Length_UpperArm_R,0.3687,,,
1773143878.7843468,PC1,0,Width_Shoulder,0.2427,,,
1773143878.891511,PC1,0,0,0.46247,0.56089,-0.69483,0.9990851879119873
1773143878.891511,PC1,0,1,0.48432,0.51965,-0.68719,0.9969280362129211
1773143878.891511,PC1,0,2,0.49565,0.52169,-0.68707,0.9973911046981812
1773143878.891511,PC1,0,3,0.50723,0.52436,-0.68702,0.996395468711853
1773143878.891511,PC1,0,4,0.46043,0.51374,-0.67934,0.997946560382843
1773143878.891511,PC1,0,5,0.45445,0.51112,-0.67928,0.9984488487243652
1773143878.891511,PC1,0,6,0.44923,0.50869,-0.67947,0.9978063702583313
1773143878.891511,PC1,0,7,0.53397,0.54531,-0.51773,0.9969525337219238
1773143878.891511,PC1,0,8,0.45585,0.5299,-0.47187,0.9983043074607849
1773143878.891511,PC1,0,9,0.48276,0.61955,-0.62269,0.9984605312347412
1773143878.891511,PC1,0,10,0.4544,0.61015,-0.61055,0.9990130066871643
1773143878.891511,PC1,0,11,0.6094,0.72938,-0.29318,0.997597336769104
1773143878.891511,PC1,0,12,0.38587,0.74916,-0.39116,0.9984553456306458
1773143878.891511,PC1,0,13,0.74522,0.93147,-0.15528,0.7472606301307678
1773143878.891511,PC1,0,14,0.33545,1.05602,-0.6106,0.6133231520652771
1773143878.891511,PC1,0,15,0.88796,1.07733,-0.20429,0.8339287042617798
1773143878.891511,PC1,0,16,0.51913,1.15522,-0.9775,0.4854957163333893
1773143878.891511,PC1,0,17,0.94189,1.09367,-0.2263,0.7791740894317627
1773143878.891511,PC1,0,18,0.42756,1.40829,-0.72039,0.4310396909713745
1773143878.891511,PC1,0,19,0.93742,1.0893,-0.27984,0.8222053647041321
1773143878.891511,PC1,0,20,0.54275,1.22795,-0.94971,0.47285857796669006
1773143878.891511,PC1,0,21,0.90758,1.10207,-0.23077,0.8426367044448853
1773143878.891511,PC1,0,22,0.54977,1.15118,-0.90095,0.46964964270591736
1773143878.891511,PC1,0,23,0.57904,1.36342,0.06538,0.010921976529061794
1773143878.891511,PC1,0,24,0.42127,1.38918,-0.06265,0.00772412633523345
1773143878.891511,PC1,0,25,0.57769,1.83065,0.1012,0.0013095643371343613
1773143878.891511,PC1,0,26,0.43173,1.87311,-0.06293,0.0015570891555398703
1773143878.891511,PC1,0,27,0.55843,2.27531,0.40908,0.0001596240181243047
1773143878.891511,PC1,0,28,0.41329,2.30946,0.13144,5.68628529435955e-05
1773143878.891511,PC1,0,29,0.54542,2.35129,0.42336,0.00016744442109484226
1773143878.891511,PC1,0,30,0.39089,2.38669,0.13876,8.177097333827987e-05
1773143878.891511,PC1,0,31,0.60246,2.38645,0.18492,0.0004131855093874037
1773143878.891511,PC1,0,32,0.48526,2.41597,-0.18737,0.00024036428658291698
1773143878.891511,PC1,0,Angle_Elbow_L,135.8,,,
1773143878.891511,PC1,0,Angle_Shoulder_L,150.6,,,
1773143878.891511,PC1,0,Angle_Shoulder_R,115.82,,,
1773143878.891511,PC1,0,Length_UpperArm_L,0.2798,,,
1773143878.891511,PC1,0,Length_LowerArm_L,0.2099,,,
1773143878.891511,PC1,0,Length_UpperArm_R,0.3806,,,
1773143878.891511,PC1,0,Width_Shoulder,0.2449,,,
1773143878.8916311,PC1,0,0,0.45529,0.55861,-0.63718,0.9991248846054077
1773143878.8916311,PC1,0,1,0.4775,0.51813,-0.62783,0.9970704913139343
1773143878.8916311,PC1,0,2,0.48892,0.52029,-0.62771,0.9975109696388245
1773143878.8916311,PC1,0,3,0.50059,0.5232,-0.62769,0.9965915083885193
1773143878.8916311,PC1,0,4,0.45412,0.51233,-0.61975,0.9980265498161316
1773143878.8916311,PC1,0,5,0.44852,0.50981,-0.61965,0.9984997510910034
1773143878.8916311,PC1,0,6,0.44372,0.50744,-0.61985,0.9978878498077393
1773143878.8916311,PC1,0,7,0.52879,0.54484,-0.46042,0.9971039891242981
1773143878.8916311,PC1,0,8,0.45231,0.52926,-0.41437,0.9983753561973572
1773143878.8916311,PC1,0,9,0.47664,0.61737,-0.5673,0.9985430836677551
1773143878.8916311,PC1,0,10,0.44851,0.60781,-0.55462,0.9990618228912354
1773143878.8916311,PC1,0,11,0.60785,0.72975,-0.24506,0.9977157115936279
1773143878.8916311,PC1,0,12,0.3841,0.74787,-0.34726,0.9985120892524719
1773143878.8916311,PC1,0,13,0.73985,0.93106,-0.11219,0.7569652199745178
1773143878.8916311,PC1,0,14,0.33592,1.05488,-0.54973,0.5987703204154968
1773143878.8916311,PC1,0,15,0.88369,1.06647,-0.1703,0.8393021821975708
1773143878.8916311,PC1,0,16,0.51913,1.15522,-0.9775,0.4649151563644409
1773143878.8916311,PC1,0,17,0.93624,1.07606,-0.19447,0.7867223024368286
1773143878.8916311,PC1,0,18,0.42756,1.40829,-0.72039,0.41896000504493713
1773143878.8916311,PC1,0,19,0.93272,1.07121,-0.24646,0.8289803266525269
1773143878.8916311,PC1,0,20,0.54275,1.22795,-0.94971,0.46163326501846313
1773143878.8916311,PC1,0,21,0.904,1.08396,-0.19676,0.8484405279159546
1773143878.8916311,PC1,0,22,0.54977,1.15118,-0.90095,0.4604652523994446
1773143878.8916311,PC1,0,23,0.57904,1.36342,0.06538,0.01064541470259428
1773143878.8916311,PC1,0,24,0.42127,1.38918,-0.06265,0.007598479278385639
1773143878.8916311,PC1,0,25,0.57769,1.83065,0.1012,0.0012117978185415268
1773143878.8916311,PC1,0,26,0.43173,1.87311,-0.06293,0.0014329067198559642
1773143878.8916311,PC1,0,27,0.55843,2.27531,0.40908,0.00014944812573958188
1773143878.8916311,PC1,0,28,0.41329,2.30946,0.13144,5.301475175656378e-05
1773143878.8916311,PC1,0,29,0.54542,2.35129,0.42336,0.00015886759501881897
1773143878.8916311,PC1,0,30,0.39089,2.38669,0.13876,7.829644164303318e-05
1773143878.8916311,PC1,0,31,0.60246,2.38645,0.18492,0.00038277346175163984
1773143878.8916311,PC1,0,32,0.48526,2.41597,-0.18737,0.0002237496810266748
1773143878.8916311,PC1,0,Angle_Elbow_L,132.88,,,
1773143878.8916311,PC1,0,Angle_Shoulder_L,150.53,,,
1773143878.8916311,PC1,0,Angle_Shoulder_R,121.23,,,
1773143878.8916311,PC1,0,Length_UpperArm_L,0.275,,,
1773143878.8916311,PC1,0,Length_LowerArm_L,0.2059,,,
1773143878.8916311,PC1,0,Length_UpperArm_R,0.3709,,,
1773143878.8916311,PC1,0,Width_Shoulder,0.2467,,,
1773143879.0741708,PC1,0,0,0.4446,0.5557,-0.59346,0.9991605877876282
1773143879.0741708,PC1,0,1,0.46714,0.51603,-0.58924,0.9972023367881775
1773143879.0741708,PC1,0,2,0.47848,0.51824,-0.58911,0.9976692199707031
1773143879.0741708,PC1,0,3,0.49025,0.52129,-0.58904,0.9968029260635376
1773143879.0741708,PC1,0,4,0.44468,0.5105,-0.57633,0.9980873465538025
1773143879.0741708,PC1,0,5,0.43957,0.50808,-0.57619,0.9985473155975342
1773143879.0741708,PC1,0,6,0.4352,0.50582,-0.57634,0.997913658618927
1773143879.0741708,PC1,0,7,0.52068,0.5439,-0.43503,0.9973576664924622
1773143879.0741708,PC1,0,8,0.44652,0.52869,-0.37396,0.9984068274497986
1773143879.0741708,PC1,0,9,0.4671,0.61458,-0.53067,0.998638391494751
1773143879.0741708,PC1,0,10,0.43955,0.60494,-0.51165,0.9991004467010498
1773143879.0741708,PC1,0,11,0.60416,0.72944,-0.22544,0.997908890247345
1773143879.0741708,PC1,0,12,0.38076,0.74778,-0.30339,0.9985315799713135
1773143879.0741708,PC1,0,13,0.733,0.93034,-0.0951,0.7456179261207581
1773143879.0741708,PC1,0,14,0.33205,1.04811,-0.51617,0.5958446860313416
1773143879.0741708,PC1,0,15,0.87975,1.05365,-0.1558,0.8477135896682739
1773143879.0741708,PC1,0,16,0.51913,1.15522,-0.9775,0.47070837020874023
1773143879.0741708,PC1,0,17,0.93181,1.05315,-0.18015,0.795327365398407
1773143879.0741708,PC1,0,18,0.42756,1.40829,-0.72039,0.41405606269836426
1773143879.0741708,PC1,0,19,0.93031,1.04939,-0.2316,0.8356983661651611
1773143879.0741708,PC1,0,20,0.54275,1.22795,-0.94971,0.45432230830192566
1773143879.0741708,PC1,0,21,0.90249,1.05912,-0.18216,0.8554315567016602
1773143879.0741708,PC1,0,22,0.54977,1.15118,-0.90095,0.45421138405799866
1773143879.0741708,PC1,0,23,0.57904,1.36342,0.06538,0.010794221423566341
1773143879.0741708,PC1,0,24,0.42127,1.38918,-0.06265,0.007897498086094856
1773143879.0741708,PC1,0,25,0.57769,1.83065,0.1012,0.0010722691658884287
1773143879.0741708,PC1,0,26,0.43173,1.87311,-0.06293,0.0012603297363966703
1773143879.0741708,PC1,0,27,0.55843,2.27531,0.40908,0.0001313936518272385
1773143879.0741708,PC1,0,28,0.41329,2.30946,0.13144,4.506454570218921e-05
1773143879.0741708,PC1,0,29,0.54542,2.35129,0.42336,0.00014204226317815483
1773143879.0741708,PC1,0,30,0.39089,2.38669,0.13876,6.825164018664509e-05
1773143879.0741708,PC1,0,31,0.60246,2.38645,0.18492,0.00032707813079468906
1773143879.0741708,PC1,0,32,0.48526,2.41597,-0.18737,0.00019579436047933996
1773143879.0741708,PC1,0,Angle_Elbow_L,130.86,,,
1773143879.0741708,PC1,0,Angle_Shoulder_L,150.64,,,
1773143879.0741708,PC1,0,Angle_Shoulder_R,121.65,,,
1773143879.0741708,PC1,0,Length_UpperArm_L,0.2719,,,
1773143879.0741708,PC1,0,Length_LowerArm_L,0.2011,,,
1773143879.0741708,PC1,0,Length_UpperArm_R,0.3713,,,
1773143879.0741708,PC1,0,Width_Shoulder,0.2373,,,
1773143879.176933,PC1,0,0,0.43565,0.55246,-0.62842,0.9991572499275208
1773143879.176933,PC1,0,1,0.45831,0.51297,-0.6221,0.9972251653671265
1773143879.176933,PC1,0,2,0.46942,0.51495,-0.62199,0.9977076649665833
1773143879.176933,PC1,0,3,0.48114,0.5178,-0.62198,0.9968260526657104
1773143879.176933,PC1,0,4,0.43689,0.50813,-0.61048,0.9980841875076294
1773143879.176933,PC1,0,5,0.43227,0.5059,-0.61039,0.9985544085502625
1773143879.176933,PC1,0,6,0.42831,0.50381,-0.61057,0.9979012608528137
1773143879.176933,PC1,0,7,0.51293,0.54152,-0.45273,0.9974662661552429
1773143879.176933,PC1,0,8,0.44137,0.52741,-0.40222,0.9984052777290344
1773143879.176933,PC1,0,9,0.45811,0.61117,-0.56082,0.9986123442649841
1773143879.176933,PC1,0,10,0.43186,0.60186,-0.54367,0.9990729093551636
1773143879.176933,PC1,0,11,0.59944,0.72677,-0.2404,0.9976863861083984
1773143879.176933,PC1,0,12,0.37727,0.74551,-0.32336,0.9983472228050232
1773143879.176933,PC1,0,13,0.72647,0.92765,-0.10593,0.7341065406799316
1773143879.176933,PC1,0,14,0.32515,1.03835,-0.55121,0.5783701539039612
1773143879.176933,PC1,0,15,0.87641,1.04617,-0.16995,0.8460731506347656
1773143879.176933,PC1,0,16,0.51913,1.15522,-0.9775,0.474618524312973
1773143879.176933,PC1,0,17,0.92754,1.06473,-0.19339,0.795037567615509
1773143879.176933,PC1,0,18,0.42756,1.40829,-0.72039,0.41426172852516174
1773143879.176933,PC1,0,19,0.92783,1.05268,-0.2474,0.835854709148407
1773143879.176933,PC1,0,20,0.54275,1.22795,-0.94971,0.454181969165802
1773143879.176933,PC1,0,21,0.90077,1.05836,-0.19672,0.855283796787262
1773143879.176933,PC1,0,22,0.54977,1.15118,-0.90095,0.4522678256034851
1773143879.176933,PC1,0,23,0.57904,1.36342,0.06538,0.010604191571474075
1773143879.176933,PC1,0,24,0.42127,1.38918,-0.06265,0.00816917885094881
1773143879.176933,PC1,0,25,0.57769,1.83065,0.1012,0.001108052907511592
1773143879.176933,PC1,0,26,0.43173,1.87311,-0.06293,0.001389650977216661
1773143879.176933,PC1,0,27,0.55843,2.27531,0.40908,0.00014194520190358162
1773143879.176933,PC1,0,28,0.41329,2.30946,0.13144,5.9961501392535865e-05
1773143879.176933,PC1,0,29,0.54542,2.35129,0.42336,0.00015060843725223094
1773143879.176933,PC1,0,30,0.39089,2.38669,0.13876,8.685050852363929e-05
1773143879.176933,PC1,0,31,0.60246,2.38645,0.18492,0.00034274591598659754
1773143879.176933,PC1,0,32,0.48526,2.41597,-0.18737,0.0002572459343355149
1773143879.176933,PC1,0,Angle_Elbow_L,128.48,,,
1773143879.176933,PC1,0,Angle_Shoulder_L,151.6,,,
1773143879.176933,PC1,0,Angle_Shoulder_R,117.79,,,
1773143879.176933,PC1,0,Length_UpperArm_L,0.2731,,,
1773143879.176933,PC1,0,Length_LowerArm_L,0.2016,,,
1773143879.176933,PC1,0,Length_UpperArm_R,0.3747,,,
1773143879.176933,PC1,0,Width_Shoulder,0.2379,,,
1773143879.24176,PC1,0,0,0.43601,0.55152,-0.6506,0.9991759061813354
1773143879.24176,PC1,0,1,0.45874,0.51209,-0.64304,0.9973247647285461
1773143879.24176,PC1,0,2,0.46991,0.51415,-0.64294,0.9977940320968628
1773143879.24176,PC1,0,3,0.48138,0.51709,-0.64293,0.9969589710235596
1773143879.24176,PC1,0,4,0.4363,0.50728,-0.63252,0.9981463551521301
1773143879.24176,PC1,0,5,0.43131,0.50506,-0.63244,0.9985988140106201
1773143879.24176,PC1,0,6,0.42705,0.50302,-0.63263,0.997962236404419
1773143879.24176,PC1,0,7,0.51211,0.54117,-0.47359,0.9975994229316711
1773143879.24176,PC1,0,8,0.43983,0.52681,-0.42234,0.9984608292579651
1773143879.24176,PC1,0,9,0.45842,0.61019,-0.58066,0.9986717700958252
1773143879.24176,PC1,0,10,0.43078,0.60088,-0.56503,0.9991103410720825
1773143879.24176,PC1,0,11,0.59813,0.72632,-0.25865,0.9977501034736633
1773143879.24176,PC1,0,12,0.37507,0.74535,-0.34173,0.9983099699020386
1773143879.24176,PC1,0,13,0.72473,0.92685,-0.11743,0.7352542877197266
1773143879.24176,PC1,0,14,0.32387,1.03759,-0.56516,0.5790899395942688
1773143879.24176,PC1,0,15,0.87521,1.04574,-0.18158,0.8443424701690674
1773143879.24176,PC1,0,16,0.51913,1.15522,-0.9775,0.46346887946128845
1773143879.24176,PC1,0,17,0.92551,1.06755,-0.2036,0.7912347912788391
1773143879.24176,PC1,0,18,0.42756,1.40829,-0.72039,0.4009435474872589
1773143879.24176,PC1,0,19,0.92615,1.06084,-0.25858,0.8326663970947266
1773143879.24176,PC1,0,20,0.54275,1.22795,-0.94971,0.44002988934516907
1773143879.24176,PC1,0,21,0.89776,1.06779,-0.2084,0.8527223467826843
1773143879.24176,PC1,0,22,0.54977,1.15118,-0.90095,0.43794089555740356
1773143879.24176,PC1,0,23,0.57904,1.36342,0.06538,0.011250728741288185
1773143879.24176,PC1,0,24,0.42127,1.38918,-0.06265,0.008648988790810108
1773143879.24176,PC1,0,25,0.57769,1.83065,0.1012,0.0011253425618633628
1773143879.24176,PC1,0,26,0.43173,1.87311,-0.06293,0.0013801002642139792
1773143879.24176,PC1,0,27,0.55843,2.27531,0.40908,0.00014251863467507064
1773143879.24176,PC1,0,28,0.41329,2.30946,0.13144,5.8133533457294106e-05
1773143879.24176,PC1,0,29,0.54542,2.35129,0.42336,0.00015635463932994753
1773143879.24176,PC1,0,30,0.39089,2.38669,0.13876,8.698784949956462e-05
1773143879.24176,PC1,0,31,0.60246,2.38645,0.18492,0.0003312226908747107
1773143879.24176,PC1,0,32,0.48526,2.41597,-0.18737,0.00025135226314887404
1773143879.24176,PC1,0,Angle_Elbow_L,127.31,,,
1773143879.24176,PC1,0,Angle_Shoulder_L,152.11,,,
1773143879.24176,PC1,0,Angle_Shoulder_R,116.93,,,
1773143879.24176,PC1,0,Length_UpperArm_L,0.276,,,
1773143879.24176,PC1,0,Length_LowerArm_L,0.2022,,,
1773143879.24176,PC1,0,Length_UpperArm_R,0.3714,,,
1773143879.24176,PC1,0,Width_Shoulder,0.2388,,,
1773143879.304041,PC1,0,0,0.43765,0.555,-0.68265,0.9990849494934082
1773143879.304041,PC1,0,1,0.46021,0.51456,-0.6757,0.9969216585159302
1773143879.304041,PC1,0,2,0.47143,0.51631,-0.67558,0.9974064230918884
1773143879.304041,PC1,0,3,0.48262,0.51884,-0.67557,0.9964394569396973
1773143879.304041,PC1,0,4,0.43643,0.50983,-0.66578,0.9979351758956909
1773143879.304041,PC1,0,5,0.43087,0.50762,-0.66569,0.9984400868415833
1773143879.304041,PC1,0,6,0.42606,0.50563,-0.66589,0.9977955222129822
1773143879.304041,PC1,0,7,0.51212,0.54162,-0.5049,0.9970219731330872
1773143879.304041,PC1,0,8,0.43822,0.52791,-0.45515,0.9983561038970947
1773143879.304041,PC1,0,9,0.45996,0.61327,-0.61137,0.9985045194625854
1773143879.304041,PC1,0,10,0.43072,0.60423,-0.59641,0.9990599155426025
1773143879.304041,PC1,0,11,0.59713,0.72665,-0.28033,0.9973709583282471
1773143879.304041,PC1,0,12,0.37263,0.745,-0.36233,0.9983124732971191
1773143879.304041,PC1,0,13,0.7271,0.92849,-0.1348,0.7269407510757446
1773143879.304041,PC1,0,14,0.31994,1.03696,-0.55068,0.5685434937477112
1773143879.304041,PC1,0,15,0.86911,1.05936,-0.19982,0.8210146427154541
1773143879.304041,PC1,0,16,0.51913,1.15522,-0.9775,0.44631922245025635
1773143879.304041,PC1,0,17,0.91874,1.08543,-0.22334,0.7685043811798096
1773143879.304041,PC1,0,18,0.42756,1.40829,-0.72039,0.3900822401046753
1773143879.304041,PC1,0,19,0.91702,1.08302,-0.27648,0.8132551312446594
1773143879.304041,PC1,0,20,0.54275,1.22795,-0.94971,0.4308876097202301
1773143879.304041,PC1,0,21,0.8883,1.08812,-0.22598,0.8358895182609558
1773143879.304041,PC1,0,22,0.54977,1.15118,-0.90095,0.43049222230911255
1773143879.304041,PC1,0,23,0.57904,1.36342,0.06538,0.010296680964529514
1773143879.304041,PC1,0,24,0.42127,1.38918,-0.06265,0.007947724312543869
1773143879.304041,PC1,0,25,0.57769,1.83065,0.1012,0.0010376147693023086
1773143879.304041,PC1,0,26,0.43173,1.87311,-0.06293,0.0012656126637011766
1773143879.304041,PC1,0,27,0.55843,2.27531,0.40908,0.0001337187859462574
1773143879.304041,PC1,0,28,0.41329,2.30946,0.13144,5.370063445298001e-05
1773143879.304041,PC1,0,29,0.54542,2.35129,0.42336,0.00014602005830965936
1773143879.304041,PC1,0,30,0.39089,2.38669,0.13876,8.206637721741572e-05
1773143879.304041,PC1,0,31,0.60246,2.38645,0.18492,0.0003082610201090574
1773143879.304041,PC1,0,32,0.48526,2.41597,-0.18737,0.00023511782637797296
1773143879.304041,PC1,0,Angle_Elbow_L,128.24,,,
1773143879.304041,PC1,0,Angle_Shoulder_L,152.25,,,
1773143879.304041,PC1,0,Angle_Shoulder_R,119.83,,,
1773143879.304041,PC1,0,Length_UpperArm_L,0.2807,,,
1773143879.304041,PC1,0,Length_LowerArm_L,0.2038,,,
1773143879.304041,PC1,0,Length_UpperArm_R,0.3514,,,
1773143879.304041,PC1,0,Width_Shoulder,0.2397,,,
1773143879.370378,PC1,0,0,0.4422,0.55844,-0.73527,0.9991037845611572
1773143879.370378,PC1,0,1,0.46477,0.51726,-0.72858,0.9968757629394531
1773143879.370378,PC1,0,2,0.47597,0.51885,-0.72846,0.9973250031471252
1773143879.370378,PC1,0,3,0.48688,0.52117,-0.72845,0.9963042140007019
1773143879.370378,PC1,0,4,0.43908,0.51233,-0.71916,0.9979506731033325
1773143879.370378,PC1,0,5,0.43264,0.51008,-0.7191,0.998449444770813
1773143879.370378,PC1,0,6,0.42702,0.50815,-0.7193,0.9978346824645996
1773143879.370378,PC1,0,7,0.5144,0.54233,-0.55262,0.9968173503875732
1773143879.370378,PC1,0,8,0.4371,0.52878,-0.50473,0.9983737468719482
1773143879.370378,PC1,0,9,0.46432,0.61676,-0.66137,0.9984367489814758
1773143879.370378,PC1,0,10,0.43298,0.60779,-0.6469,0.9990588426589966
1773143879.370378,PC1,0,11,0.59667,0.72794,-0.31165,0.9969098567962646
1773143879.370378,PC1,0,12,0.37099,0.74506,-0.39387,0.9982882142066956
1773143879.370378,PC1,0,13,0.73001,0.93136,-0.1547,0.7325879335403442
1773143879.370378,PC1,0,14,0.317,1.03672,-0.54487,0.573932945728302
1773143879.370378,PC1,0,15,0.87175,1.06551,-0.21506,0.8217533230781555
1773143879.370378,PC1,0,16,0.51913,1.15522,-0.9775,0.45073333382606506
1773143879.370378,PC1,0,17,0.92661,1.09591,-0.23685,0.7696122527122498
1773143879.370378,PC1,0,18,0.42756,1.40829,-0.72039,0.3980436623096466
1773143879.370378,PC1,0,19,0.92378,1.09302,-0.29344,0.8153569102287292
1773143879.370378,PC1,0,20,0.54275,1.22795,-0.94971,0.44235414266586304
1773143879.370378,PC1,0,21,0.89344,1.09851,-0.24244,0.8387958407402039
1773143879.370378,PC1,0,22,0.54977,1.15118,-0.90095,0.44382423162460327
1773143879.370378,PC1,0,23,0.57904,1.36342,0.06538,0.00952192209661007
1773143879.370378,PC1,0,24,0.42127,1.38918,-0.06265,0.007374490145593882
1773143879.370378,PC1,0,25,0.57769,1.83065,0.1012,0.0009730824967846274
1773143879.370378,PC1,0,26,0.43173,1.87311,-0.06293,0.0011784209636971354
1773143879.370378,PC1,0,27,0.55843,2.27531,0.40908,0.00012936622078996152
1773143879.370378,PC1,0,28,0.41329,2.30946,0.13144,5.316841998137534e-05
1773143879.370378,PC1,0,29,0.54542,2.35129,0.42336,0.00013836220023222268
1773143879.370378,PC1,0,30,0.39089,2.38669,0.13876,8.335734310094267e-05
1773143879.370378,PC1,0,31,0.60246,2.38645,0.18492,0.00030066457111388445
1773143879.370378,PC1,0,32,0.48526,2.41597,-0.18737,0.00024691791622899473
1773143879.370378,PC1,0,Angle_Elbow_L,128.38,,,
1773143879.370378,PC1,0,Angle_Shoulder_L,152.56,,,
1773143879.370378,PC1,0,Angle_Shoulder_R,122.9,,,
1773143879.370378,PC1,0,Length_UpperArm_L,0.2895,,,
1773143879.370378,PC1,0,Length_LowerArm_L,0.2043,,,
1773143879.370378,PC1,0,Length_UpperArm_R,0.3328,,,
1773143879.370378,PC1,0,Width_Shoulder,0.2408,,,
1773143879.4338849,PC1,0,0,0.45049,0.55974,-0.7852,0.9991657733917236
1773143879.4338849,PC1,0,1,0.47288,0.5182,-0.7765,0.997135579586029
1773143879.4338849,PC1,0,2,0.48399,0.51984,-0.77639,0.9975457191467285
1773143879.4338849,PC1,0,3,0.49466,0.52217,-0.77641,0.9966120719909668
1773143879.4338849,PC1,0,4,0.44486,0.51344,-0.77069,0.9981201887130737
1773143879.4338849,PC1,0,5,0.43721,0.51144,-0.7707,0.9985775351524353
1773143879.4338849,PC1,0,6,0.43042,0.50984,-0.77091,0.998016357421875
1773143879.4338849,PC1,0,7,0.51909,0.54261,-0.59095,0.9970913529396057
1773143879.4338849,PC1,0,8,0.43629,0.52943,-0.55994,0.9985048770904541
1773143879.4338849,PC1,0,9,0.4725,0.61877,-0.7069,0.9985485672950745
1773143879.4338849,PC1,0,10,0.43876,0.61041,-0.69749,0.9991267323493958
1773143879.4338849,PC1,0,11,0.59641,0.72873,-0.34248,0.9970171451568604
1773143879.4338849,PC1,0,12,0.37013,0.74723,-0.44277,0.998304545879364
1773143879.4338849,PC1,0,13,0.73186,0.93343,-0.19441,0.7230028510093689
1773143879.4338849,PC1,0,14,0.31853,1.04206,-0.61542,0.5846438407897949
1773143879.4338849,PC1,0,15,0.87553,1.06913,-0.27485,0.8101513981819153
1773143879.4338849,PC1,0,16,0.51913,1.15522,-0.9775,0.4846736788749695
1773143879.4338849,PC1,0,17,0.93156,1.10413,-0.29603,0.7573336958885193
1773143879.4338849,PC1,0,18,0.42756,1.40829,-0.72039,0.42506685853004456
1773143879.4338849,PC1,0,19,0.92841,1.10207,-0.35363,0.8054351806640625
1773143879.4338849,PC1,0,20,0.54275,1.22795,-0.94971,0.46762245893478394
1773143879.4338849,PC1,0,21,0.89739,1.10689,-0.3028,0.8288649916648865
1773143879.4338849,PC1,0,22,0.54977,1.15118,-0.90095,0.46399566531181335
1773143879.4338849,PC1,0,23,0.57904,1.36342,0.06538,0.010510286316275597
1773143879.4338849,PC1,0,24,0.42127,1.38918,-0.06265,0.008609754964709282
1773143879.4338849,PC1,0,25,0.57769,1.83065,0.1012,0.001530984416604042
1773143879.4338849,PC1,0,26,0.43173,1.87311,-0.06293,0.0018867977196350694
1773143879.4338849,PC1,0,27,0.55843,2.27531,0.40908,0.0002433990011923015
1773143879.4338849,PC1,0,28,0.41329,2.30946,0.13144,0.00011125865421490744
1773143879.4338849,PC1,0,29,0.54542,2.35129,0.42336,0.0002532490761950612
1773143879.4338849,PC1,0,30,0.39089,2.38669,0.13876,0.000148792692925781
1773143879.4338849,PC1,0,31,0.60246,2.38645,0.18492,0.0004563927068375051
1773143879.4338849,PC1,0,32,0.48526,2.41597,-0.18737,0.00042510961066000164
1773143879.4338849,PC1,0,Angle_Elbow_L,125.28,,,
1773143879.4338849,PC1,0,Angle_Shoulder_L,152.79,,,
1773143879.4338849,PC1,0,Angle_Shoulder_R,117.4,,,
1773143879.4338849,PC1,0,Length_UpperArm_L,0.2867,,,
1773143879.4338849,PC1,0,Length_LowerArm_L,0.2134,,,
1773143879.4338849,PC1,0,Length_UpperArm_R,0.3455,,,
1773143879.4338849,PC1,0,Width_Shoulder,0.2482,,,
1773143879.497397,PC1,0,0,0.45921,0.55925,-0.7641,0.9992039799690247
1773143879.497397,PC1,0,1,0.48075,0.51749,-0.75232,0.9973105192184448
1773143879.497397,PC1,0,2,0.49184,0.5191,-0.7522,0.997696042060852
1773143879.497397,PC1,0,3,0.50229,0.52146,-0.75226,0.996840238571167
1773143879.497397,PC1,0,4,0.45153,0.51341,-0.74911,0.9982296228408813
1773143879.497397,PC1,0,5,0.44294,0.51187,-0.74908,0.998654842376709
1773143879.497397,PC1,0,6,0.43523,0.51079,-0.74924,0.9981356263160706
1773143879.497397,PC1,0,7,0.52433,0.54207,-0.56431,0.9972822666168213
1773143879.497397,PC1,0,8,0.43652,0.52969,-0.54445,0.9985953569412231
1773143879.497397,PC1,0,9,0.48055,0.61952,-0.68599,0.9986480474472046
1773143879.497397,PC1,0,10,0.44536,0.61215,-0.67989,0.9991870522499084
1773143879.497397,PC1,0,11,0.59731,0.73004,-0.32845,0.997131884098053
1773143879.497397,PC1,0,12,0.36981,0.74964,-0.43152,0.9983107447624207
1773143879.497397,PC1,0,13,0.73659,0.93617,-0.19235,0.7106245756149292
1773143879.497397,PC1,0,14,0.32099,1.05752,-0.58651,0.5877031683921814
1773143879.497397,PC1,0,15,0.87499,1.07783,-0.29089,0.7657773494720459
1773143879.497397,PC1,0,16,0.51913,1.15522,-0.9775,0.4761270582675934
1773143879.497397,PC1,0,17,0.92912,1.11466,-0.33464,0.7115718126296997
1773143879.497397,PC1,0,18,0.42756,1.40829,-0.72039,0.41053465008735657
1773143879.497397,PC1,0,19,0.92269,1.11525,-0.37046,0.7618598341941833
1773143879.497397,PC1,0,20,0.54275,1.22795,-0.94971,0.4523959457874298
1773143879.497397,PC1,0,21,0.89283,1.11766,-0.31662,0.7888229489326477
1773143879.497397,PC1,0,22,0.54977,1.15118,-0.90095,0.4481719136238098
1773143879.497397,PC1,0,23,0.57904,1.36342,0.06538,0.010121180675923824
1773143879.497397,PC1,0,24,0.42127,1.38918,-0.06265,0.00826262030750513
1773143879.497397,PC1,0,25,0.57769,1.83065,0.1012,0.001462077139876783
1773143879.497397,PC1,0,26,0.43173,1.87311,-0.06293,0.00174623797647655
1773143879.497397,PC1,0,27,0.55843,2.27531,0.40908,0.00023090602189768106
1773143879.497397,PC1,0,28,0.41329,2.30946,0.13144,0.0001016849564621225
1773143879.497397,PC1,0,29,0.54542,2.35129,0.42336,0.0002436415379634127
1773143879.497397,PC1,0,30,0.39089,2.38669,0.13876,0.00013651972403749824
1773143879.497397,PC1,0,31,0.60246,2.38645,0.18492,0.0004208145255688578
1773143879.497397,PC1,0,32,0.48526,2.41597,-0.18737,0.0003894074179697782
1773143879.497397,PC1,0,Angle_Elbow_L,123.99,,,
1773143879.497397,PC1,0,Angle_Shoulder_L,151.76,,,
1773143879.497397,PC1,0,Angle_Shoulder_R,121.77,,,
1773143879.497397,PC1,0,Length_UpperArm_L,0.2836,,,
1773143879.497397,PC1,0,Length_LowerArm_L,0.2212,,,
1773143879.497397,PC1,0,Length_UpperArm_R,0.3481,,,
1773143879.497397,PC1,0,Width_Shoulder,0.2505,,,
1773143879.5617762,PC1,0,0,0.46703,0.5587,-0.75332,0.9992532134056091
1773143879.5617762,PC1,0,1,0.4871,0.51664,-0.73946,0.9974913597106934
1773143879.5617762,PC1,0,2,0.49794,0.51821,-0.73932,0.9978474378585815
1773143879.5617762,PC1,0,3,0.50834,0.52059,-0.73939,0.9970537424087524
1773143879.5617762,PC1,0,4,0.45712,0.5131,-0.73849,0.9983516335487366
1773143879.5617762,PC1,0,5,0.44783,0.51196,-0.73844,0.9987484216690063
1773143879.5617762,PC1,0,6,0.43946,0.51134,-0.73858,0.9982722997665405
1773143879.5617762,PC1,0,7,0.52859,0.54148,-0.54702,0.9974591732025146
1773143879.5617762,PC1,0,8,0.43681,0.53011,-0.53608,0.99870765209198
1773143879.5617762,PC1,0,9,0.48776,0.61945,-0.67439,0.998737633228302
1773143879.5617762,PC1,0,10,0.45171,0.61323,-0.6711,0.9992507696151733
1773143879.5617762,PC1,0,11,0.59797,0.731,-0.31298,0.9972674250602722
1773143879.5617762,PC1,0,12,0.3698,0.75056,-0.42657,0.9984118342399597
1773143879.5617762,PC1,0,13,0.73947,0.93825,-0.17447,0.695451557636261
1773143879.5617762,PC1,0,14,0.31963,1.06221,-0.56811,0.5955038666725159
1773143879.5617762,PC1,0,15,0.87172,1.0845,-0.28535,0.7429524660110474
1773143879.5617762,PC1,0,16,0.51913,1.15522,-0.9775,0.4763064980506897
1773143879.5617762,PC1,0,17,0.92504,1.12139,-0.34072,0.6901139616966248
1773143879.5617762,PC1,0,18,0.42756,1.40829,-0.72039,0.4088679552078247
1773143879.5617762,PC1,0,19,0.91704,1.12347,-0.37121,0.7433814406394958
1773143879.5617762,PC1,0,20,0.54275,1.22795,-0.94971,0.45202454924583435
1773143879.5617762,PC1,0,21,0.88769,1.12468,-0.31239,0.7719500064849854
1773143879.5617762,PC1,0,22,0.54977,1.15118,-0.90095,0.4471330940723419
1773143879.5617762,PC1,0,23,0.57904,1.36342,0.06538,0.009438127279281616
1773143879.5617762,PC1,0,24,0.42127,1.38918,-0.06265,0.007730626501142979
1773143879.5617762,PC1,0,25,0.57769,1.83065,0.1012,0.00134092487860471
1773143879.5617762,PC1,0,26,0.43173,1.87311,-0.06293,0.0016014549182727933
1773143879.5617762,PC1,0,27,0.55843,2.27531,0.40908,0.0002125071914633736
1773143879.5617762,PC1,0,28,0.41329,2.30946,0.13144,9.245202818419784e-05
1773143879.5617762,PC1,0,29,0.54542,2.35129,0.42336,0.00022488149988930672
1773143879.5617762,PC1,0,30,0.39089,2.38669,0.13876,0.000124872982269153
1773143879.5617762,PC1,0,31,0.60246,2.38645,0.18492,0.0003866749757435173
1773143879.5617762,PC1,0,32,0.48526,2.41597,-0.18737,0.0003561857156455517
1773143879.5617762,PC1,0,Angle_Elbow_L,121.28,,,
1773143879.5617762,PC1,0,Angle_Shoulder_L,151.49,,,
1773143879.5617762,PC1,0,Angle_Shoulder_R,124.63,,,
1773143879.5617762,PC1,0,Length_UpperArm_L,0.2866,,,
1773143879.5617762,PC1,0,Length_LowerArm_L,0.2262,,,
1773143879.5617762,PC1,0,Length_UpperArm_R,0.3459,,,
1773143879.5617762,PC1,0,Width_Shoulder,0.2556,,,
1773143879.613087,PC1,0,0,0.47362,0.55805,-0.78971,0.999285876750946
1773143879.613087,PC1,0,1,0.49259,0.51595,-0.77555,0.9976206421852112
1773143879.613087,PC1,0,2,0.50321,0.51753,-0.77538,0.9979605674743652
1773143879.613087,PC1,0,3,0.51344,0.51993,-0.77545,0.9972138404846191
1773143879.613087,PC1,0,4,0.46186,0.5128,-0.77668,0.9984353184700012
1773143879.613087,PC1,0,5,0.45194,0.51198,-0.77666,0.998811662197113
1773143879.613087,PC1,0,6,0.44299,0.51169,-0.77678,0.9983565211296082
1773143879.613087,PC1,0,7,0.53186,0.54086,-0.58052,0.9976023435592651
1773143879.613087,PC1,0,8,0.43709,0.53053,-0.5801,0.9987742304801941
1773143879.613087,PC1,0,9,0.49377,0.61894,-0.70937,0.9987954497337341
1773143879.613087,PC1,0,10,0.45693,0.61375,-0.70908,0.9992870688438416
1773143879.613087,PC1,0,11,0.59857,0.73165,-0.34257,0.9974331855773926
1773143879.613087,PC1,0,12,0.36983,0.75271,-0.46166,0.9984257817268372
1773143879.613087,PC1,0,13,0.74133,0.93949,-0.19693,0.6995131969451904
1773143879.613087,PC1,0,14,0.31941,1.06255,-0.60046,0.5886180996894836
1773143879.613087,PC1,0,15,0.87628,1.09008,-0.30187,0.7405000329017639
1773143879.613087,PC1,0,16,0.51913,1.15522,-0.9775,0.4680379033088684
1773143879.613087,PC1,0,17,0.93069,1.12735,-0.35076,0.6832991242408752
1773143879.613087,PC1,0,18,0.42756,1.40829,-0.72039,0.39689329266548157
1773143879.613087,PC1,0,19,0.92305,1.1318,-0.38686,0.7382711172103882
1773143879.613087,PC1,0,20,0.54275,1.22795,-0.94971,0.4390025734901428
1773143879.613087,PC1,0,21,0.89333,1.13219,-0.32916,0.7683731317520142
1773143879.613087,PC1,0,22,0.54977,1.15118,-0.90095,0.4345712959766388
1773143879.613087,PC1,0,23,0.57904,1.36342,0.06538,0.009508510120213032
1773143879.613087,PC1,0,24,0.42127,1.38918,-0.06265,0.007762337569147348
1773143879.613087,PC1,0,25,0.57769,1.83065,0.1012,0.001272408990189433
1773143879.613087,PC1,0,26,0.43173,1.87311,-0.06293,0.0014961271081119776
1773143879.613087,PC1,0,27,0.55843,2.27531,0.40908,0.00020285393111407757
1773143879.613087,PC1,0,28,0.41329,2.30946,0.13144,8.620727021479979e-05
1773143879.613087,PC1,0,29,0.54542,2.35129,0.42336,0.0002166324557038024
1773143879.613087,PC1,0,30,0.39089,2.38669,0.13876,0.00011729221296263859
1773143879.613087,PC1,0,31,0.60246,2.38645,0.18492,0.00036807454307563603
1773143879.613087,PC1,0,32,0.48526,2.41597,-0.18737,0.00033876782981678843
1773143879.613087,PC1,0,Angle_Elbow_L,122.13,,,
1773143879.613087,PC1,0,Angle_Shoulder_L,151.75,,,
1773143879.613087,PC1,0,Angle_Shoulder_R,122.77,,,
1773143879.613087,PC1,0,Length_UpperArm_L,0.2912,,,
1773143879.613087,PC1,0,Length_LowerArm_L,0.2278,,,
1773143879.613087,PC1,0,Length_UpperArm_R,0.3432,,,
1773143879.613087,PC1,0,Width_Shoulder,0.2587,,,
1773143879.7412028,PC1,0,0,0.48695,0.55727,-0.76538,0.9993245601654053
1773143879.7412028,PC1,0,1,0.50272,0.51514,-0.74833,0.9977902770042419
1773143879.7412028,PC1,0,2,0.5126,0.51673,-0.74815,0.9980888366699219
1773143879.7412028,PC1,0,3,0.52227,0.51911,-0.74822,0.9974091649055481
1773143879.7412028,PC1,0,4,0.47238,0.51238,-0.75392,0.9985706210136414
1773143879.7412028,PC1,0,5,0.46138,0.51191,-0.75385,0.9989182353019714
1773143879.7412028,PC1,0,6,0.45112,0.51201,-0.75395,0.9985244870185852
1773143879.7412028,PC1,0,7,0.53612,0.53947,-0.55142,0.9977439641952515
1773143879.7412028,PC1,0,8,0.43851,0.53133,-0.57426,0.9989299774169922
1773143879.7412028,PC1,0,9,0.50418,0.61731,-0.68521,0.9988811016082764
1773143879.7412028,PC1,0,10,0.46828,0.6136,-0.69103,0.9993752837181091
1773143879.7412028,PC1,0,11,0.59956,0.73227,-0.32007,0.997582733631134
1773143879.7412028,PC1,0,12,0.37002,0.7548,-0.46554,0.9985406994819641
1773143879.7412028,PC1,0,13,0.7433,0.94068,-0.17121,0.6879442930221558
1773143879.7412028,PC1,0,14,0.31744,1.062,-0.56867,0.5917151570320129
1773143879.7412028,PC1,0,15,0.87482,1.09724,-0.28296,0.7183585166931152
1773143879.7412028,PC1,0,16,0.51913,1.15522,-0.9775,0.4459652900695801
1773143879.7412028,PC1,0,17,0.9293,1.13439,-0.33018,0.6646976470947266
1773143879.7412028,PC1,0,18,0.42756,1.40829,-0.72039,0.37861138582229614
1773143879.7412028,PC1,0,19,0.91998,1.14099,-0.37284,0.7238734364509583
1773143879.7412028,PC1,0,20,0.54275,1.22795,-0.94971,0.4226338267326355
1773143879.7412028,PC1,0,21,0.89038,1.14033,-0.31182,0.7540512084960938
1773143879.7412028,PC1,0,22,0.54977,1.15118,-0.90095,0.4174869954586029
1773143879.7412028,PC1,0,23,0.57904,1.36342,0.06538,0.008809329010546207
1773143879.7412028,PC1,0,24,0.42127,1.38918,-0.06265,0.007157407701015472
1773143879.7412028,PC1,0,25,0.57769,1.83065,0.1012,0.00112712022382766
1773143879.7412028,PC1,0,26,0.43173,1.87311,-0.06293,0.0012821877608075738
1773143879.7412028,PC1,0,27,0.55843,2.27531,0.40908,0.00018429459305480123
1773143879.7412028,PC1,0,28,0.41329,2.30946,0.13144,7.370844832621515e-05
1773143879.7412028,PC1,0,29,0.54542,2.35129,0.42336,0.00020280083117540926
1773143879.7412028,PC1,0,30,0.39089,2.38669,0.13876,0.00010225404548691586
1773143879.7412028,PC1,0,31,0.60246,2.38645,0.18492,0.00033673393772915006
1773143879.7412028,PC1,0,32,0.48526,2.41597,-0.18737,0.0002976102405227721
1773143879.7412028,PC1,0,Angle_Elbow_L,120.66,,,
1773143879.7412028,PC1,0,Angle_Shoulder_L,151.67,,,
1773143879.7412028,PC1,0,Angle_Shoulder_R,128.66,,,
1773143879.7412028,PC1,0,Length_UpperArm_L,0.2937,,,
1773143879.7412028,PC1,0,Length_LowerArm_L,0.233,,,
1773143879.7412028,PC1,0,Length_UpperArm_R,0.3283,,,
1773143879.7412028,PC1,0,Width_Shoulder,0.2727,,,
1773143879.805224,PC1,0,0,0.49256,0.55697,-0.77617,0.9993748664855957
1773143879.805224,PC1,0,1,0.5071,0.51485,-0.7578,0.9979685544967651
1773143879.805224,PC1,0,2,0.51657,0.51643,-0.75759,0.9982433319091797
1773143879.805224,PC1,0,3,0.52591,0.5188,-0.75766,0.9976180195808411
1773143879.805224,PC1,0,4,0.47736,0.51213,-0.76523,0.9986875653266907
1773143879.805224,PC1,0,5,0.46604,0.51172,-0.76522,0.9990073442459106
1773143879.805224,PC1,0,6,0.45525,0.51188,-0.76532,0.99864661693573
1773143879.805224,PC1,0,7,0.53763,0.53885,-0.55703,0.9979308247566223
1773143879.805224,PC1,0,8,0.43944,0.53155,-0.58894,0.9990218281745911
1773143879.805224,PC1,0,9,0.50808,0.61619,-0.69453,0.9989664554595947
1773143879.805224,PC1,0,10,0.47305,0.61272,-0.70303,0.9994266033172607
1773143879.805224,PC1,0,11,0.59982,0.73216,-0.32313,0.9977158904075623
1773143879.805224,PC1,0,12,0.37016,0.75545,-0.48394,0.9986101388931274
1773143879.805224,PC1,0,13,0.74372,0.94045,-0.17682,0.6862133741378784
1773143879.805224,PC1,0,14,0.31658,1.06154,-0.61145,0.6143113374710083
1773143879.805224,PC1,0,15,0.87326,1.09811,-0.29167,0.7218393683433533
1773143879.805224,PC1,0,16,0.51913,1.15522,-0.9775,0.47689464688301086
1773143879.805224,PC1,0,17,0.9276,1.13477,-0.33307,0.6654271483421326
1773143879.805224,PC1,0,18,0.42756,1.40829,-0.72039,0.39801087975502014
1773143879.805224,PC1,0,19,0.91895,1.14161,-0.37794,0.7241134643554688
1773143879.805224,PC1,0,20,0.54275,1.22795,-0.94971,0.43936681747436523
1773143879.805224,PC1,0,21,0.88932,1.14086,-0.32,0.7546104192733765
1773143879.805224,PC1,0,22,0.54977,1.15118,-0.90095,0.43145760893821716
1773143879.805224,PC1,0,23,0.57904,1.36342,0.06538,0.009791219606995583
1773143879.805224,PC1,0,24,0.42127,1.38918,-0.06265,0.008258545771241188
1773143879.805224,PC1,0,25,0.57769,1.83065,0.1012,0.0011267566587775946
1773143879.805224,PC1,0,26,0.43173,1.87311,-0.06293,0.0013479340123012662
1773143879.805224,PC1,0,27,0.55843,2.27531,0.40908,0.00018502329476177692
1773143879.805224,PC1,0,28,0.41329,2.30946,0.13144,7.416592416120693e-05
1773143879.805224,PC1,0,29,0.54542,2.35129,0.42336,0.00020257977303117514
1773143879.805224,PC1,0,30,0.39089,2.38669,0.13876,0.00010073624434880912
1773143879.805224,PC1,0,31,0.60246,2.38645,0.18492,0.0003408092597965151
1773143879.805224,PC1,0,32,0.48526,2.41597,-0.18737,0.0003048738872166723
1773143879.805224,PC1,0,Angle_Elbow_L,120.43,,,
1773143879.805224,PC1,0,Angle_Shoulder_L,151.58,,,
1773143879.805224,PC1,0,Angle_Shoulder_R,124.02,,,
1773143879.805224,PC1,0,Length_UpperArm_L,0.2924,,,
1773143879.805224,PC1,0,Length_LowerArm_L,0.2342,,,
1773143879.805224,PC1,0,Length_UpperArm_R,0.3359,,,
1773143879.805224,PC1,0,Width_Shoulder,0.2813,,,
1773143879.8691719,PC1,0,0,0.5,0.5565,-0.77689,0.9994094371795654
1773143879.8691719,PC1,0,1,0.51216,0.5141,-0.75369,0.9981043338775635
1773143879.8691719,PC1,0,2,0.52097,0.5155,-0.7535,0.9983550906181335
1773143879.8691719,PC1,0,3,0.52959,0.51758,-0.75355,0.9977691769599915
1773143879.8691719,PC1,0,4,0.48384,0.51137,-0.76643,0.9987766742706299
1773143879.8691719,PC1,0,5,0.47238,0.51087,-0.76647,0.9990752935409546
1773143879.8691719,PC1,0,6,0.4611,0.51096,-0.76659,0.998741090297699
1773143879.8691719,PC1,0,7,0.53839,0.53667,-0.54057,0.9980682730674744
1773143879.8691719,PC1,0,8,0.44111,0.53073,-0.59891,0.9990968108177185
1773143879.8691719,PC1,0,9,0.51277,0.61431,-0.69047,0.9990266561508179
1773143879.8691719,PC1,0,10,0.48029,0.61133,-0.70668,0.9994665384292603
1773143879.8691719,PC1,0,11,0.5989,0.73153,-0.30323,0.997811496257782
1773143879.8691719,PC1,0,12,0.36949,0.75578,-0.4911,0.9986273646354675
1773143879.8691719,PC1,0,13,0.74196,0.93927,-0.15544,0.6874062418937683
1773143879.8691719,PC1,0,14,0.31534,1.05941,-0.63223,0.6257762312889099
1773143879.8691719,PC1,0,15,0.87215,1.09906,-0.28111,0.7284688949584961
1773143879.8691719,PC1,0,16,0.51913,1.15522,-0.9775,0.49293607473373413
1773143879.8691719,PC1,0,17,0.92647,1.13574,-0.31987,0.6705172657966614
1773143879.8691719,PC1,0,18,0.42756,1.40829,-0.72039,0.4096861481666565
1773143879.8691719,PC1,0,19,0.91828,1.14272,-0.3677,0.7286142706871033
1773143879.8691719,PC1,0,20,0.54275,1.22795,-0.94971,0.4514778256416321
1773143879.8691719,PC1,0,21,0.88864,1.14183,-0.31036,0.758777916431427
1773143879.8691719,PC1,0,22,0.54977,1.15118,-0.90095,0.4412144720554352
1773143879.8691719,PC1,0,23,0.57904,1.36342,0.06538,0.010348345153033733
1773143879.8691719,PC1,0,24,0.42127,1.38918,-0.06265,0.008610711432993412
1773143879.8691719,PC1,0,25,0.57769,1.83065,0.1012,0.001088287797756493
1773143879.8691719,PC1,0,26,0.43173,1.87311,-0.06293,0.0013044856023043394
1773143879.8691719,PC1,0,27,0.55843,2.27531,0.40908,0.00017893551557790488
1773143879.8691719,PC1,0,28,0.41329,2.30946,0.13144,7.188841846073046e-05
1773143879.8691719,PC1,0,29,0.54542,2.35129,0.42336,0.00019558810163289309
1773143879.8691719,PC1,0,30,0.39089,2.38669,0.13876,9.788310126168653e-05
1773143879.8691719,PC1,0,31,0.60246,2.38645,0.18492,0.0003455068508628756
1773143879.8691719,PC1,0,32,0.48526,2.41597,-0.18737,0.000307280890410766
1773143879.8691719,PC1,0,Angle_Elbow_L,118.11,,,
1773143879.8691719,PC1,0,Angle_Shoulder_L,151.76,,,
1773143879.8691719,PC1,0,Angle_Shoulder_R,122.15,,,
1773143879.8691719,PC1,0,Length_UpperArm_L,0.2923,,,
1773143879.8691719,PC1,0,Length_LowerArm_L,0.2414,,,
1773143879.8691719,PC1,0,Length_UpperArm_R,0.3392,,,
1773143879.8691719,PC1,0,Width_Shoulder,0.2975,,,
1773143879.934268,PC1,0,0,0.50785,0.55536,-0.76482,0.999416708946228
1773143879.934268,PC1,0,1,0.51761,0.51243,-0.73768,0.9981810450553894
1773143879.934268,PC1,0,2,0.52577,0.5136,-0.73752,0.9984122514724731
1773143879.934268,PC1,0,3,0.53359,0.5152,-0.73758,0.9978595972061157
1773143879.934268,PC1,0,4,0.49036,0.50981,-0.75535,0.9988280534744263
1773143879.934268,PC1,0,5,0.47917,0.50926,-0.75539,0.9991108775138855
1773143879.934268,PC1,0,6,0.46757,0.50939,-0.75552,0.9987943172454834
1773143879.934268,PC1,0,7,0.53899,0.53378,-0.51783,0.998145341873169
1773143879.934268,PC1,0,8,0.44387,0.5296,-0.60149,0.9991457462310791
1773143879.934268,PC1,0,9,0.5187,0.61114,-0.67661,0.9990482330322266
1773143879.934268,PC1,0,10,0.48798,0.60972,-0.69943,0.999489426612854
1773143879.934268,PC1,0,11,0.59794,0.73111,-0.28291,0.9978728890419006
1773143879.934268,PC1,0,12,0.36867,0.75704,-0.49457,0.9985373020172119
1773143879.934268,PC1,0,13,0.74179,0.93835,-0.13302,0.6921880841255188
1773143879.934268,PC1,0,14,0.31432,1.05825,-0.63912,0.6255987286567688
1773143879.934268,PC1,0,15,0.8735,1.0995,-0.26431,0.7346222996711731
1773143879.934268,PC1,0,16,0.51913,1.15522,-0.9775,0.4837603271007538
1773143879.934268,PC1,0,17,0.92856,1.13591,-0.30217,0.677004337310791
1773143879.934268,PC1,0,18,0.42756,1.40829,-0.72039,0.4038114547729492
1773143879.934268,PC1,0,19,0.92051,1.1433,-0.35232,0.7347068190574646
1773143879.934268,PC1,0,20,0.54275,1.22795,-0.94971,0.4472459852695465
1773143879.934268,PC1,0,21,0.89067,1.14249,-0.29442,0.7641667127609253
1773143879.934268,PC1,0,22,0.54977,1.15118,-0.90095,0.4357908070087433
1773143879.934268,PC1,0,23,0.57904,1.36342,0.06538,0.010670819319784641
1773143879.934268,PC1,0,24,0.42127,1.38918,-0.06265,0.008661407046020031
1773143879.934268,PC1,0,25,0.57769,1.83065,0.1012,0.0010830677347257733
1773143879.934268,PC1,0,26,0.43173,1.87311,-0.06293,0.001296131289564073
1773143879.934268,PC1,0,27,0.55843,2.27531,0.40908,0.00017661154561210424
1773143879.934268,PC1,0,28,0.41329,2.30946,0.13144,7.116153574315831e-05
1773143879.934268,PC1,0,29,0.54542,2.35129,0.42336,0.00019484182121232152
1773143879.934268,PC1,0,30,0.39089,2.38669,0.13876,9.988990495912731e-05
1773143879.934268,PC1,0,31,0.60246,2.38645,0.18492,0.0003642454685177654
1773143879.934268,PC1,0,32,0.48526,2.41597,-0.18737,0.0003128618700429797
1773143879.934268,PC1,0,Angle_Elbow_L,116.89,,,
1773143879.934268,PC1,0,Angle_Shoulder_L,151.66,,,
1773143879.934268,PC1,0,Angle_Shoulder_R,121.96,,,
1773143879.934268,PC1,0,Length_UpperArm_L,0.2934,,,
1773143879.934268,PC1,0,Length_LowerArm_L,0.2461,,,
1773143879.934268,PC1,0,Length_UpperArm_R,0.3385,,,
1773143879.934268,PC1,0,Width_Shoulder,0.3131,,,
1773143879.9993448,PC1,0,0,0.51477,0.55447,-0.73704,0.9994378089904785
1773143879.9993448,PC1,0,1,0.52264,0.51103,-0.70767,0.9982693791389465
1773143879.9993448,PC1,0,2,0.53012,0.51203,-0.70755,0.998481035232544
1773143879.9993448,PC1,0,3,0.53712,0.51326,-0.7076,0.997959554195404
1773143879.9993448,PC1,0,4,0.49659,0.50834,-0.72959,0.9988896250724792
1773143879.9993448,PC1,0,5,0.48561,0.50767,-0.72965,0.9991580843925476
1773143879.9993448,PC1,0,6,0.47382,0.5077,-0.7298,0.998859167098999
1773143879.9993448,PC1,0,7,0.53941,0.53138,-0.48484,0.9982355833053589
1773143879.9993448,PC1,0,8,0.44698,0.52831,-0.58721,0.9992008805274963
1773143879.9993448,PC1,0,9,0.52383,0.60865,-0.6485,0.999089777469635
1773143879.9993448,PC1,0,10,0.49478,0.60841,-0.67671,0.999518871307373
1773143879.9993448,PC1,0,11,0.59681,0.7308,-0.25248,0.9979559183120728
1773143879.9993448,PC1,0,12,0.3681,0.75706,-0.49042,0.9985198974609375
1773143879.9993448,PC1,0,13,0.74018,0.9358,-0.10183,0.6978210210800171
1773143879.9993448,PC1,0,14,0.31346,1.05729,-0.62039,0.6200777888298035
1773143879.9993448,PC1,0,15,0.87191,1.09314,-0.23956,0.7450075745582581
1773143879.9993448,PC1,0,16,0.51913,1.15522,-0.9775,0.4676549434661865
1773143879.9993448,PC1,0,17,0.92753,1.13593,-0.27735,0.6903483867645264
1773143879.9993448,PC1,0,18,0.42756,1.40829,-0.72039,0.3982057571411133
1773143879.9993448,PC1,0,19,0.91937,1.14347,-0.33011,0.7468253970146179
1773143879.9993448,PC1,0,20,0.54275,1.22795,-0.94971,0.44441720843315125
1773143879.9993448,PC1,0,21,0.88969,1.14283,-0.27088,0.7738604545593262
1773143879.9993448,PC1,0,22,0.54977,1.15118,-0.90095,0.4325556457042694
1773143879.9993448,PC1,0,23,0.57904,1.36342,0.06538,0.010006429627537727
1773143879.9993448,PC1,0,24,0.42127,1.38918,-0.06265,0.008064302615821362
1773143879.9993448,PC1,0,25,0.57769,1.83065,0.1012,0.0010124254040420055
1773143879.9993448,PC1,0,26,0.43173,1.87311,-0.06293,0.0012155546573922038
1773143879.9993448,PC1,0,27,0.55843,2.27531,0.40908,0.0001665604067966342
1773143879.9993448,PC1,0,28,0.41329,2.30946,0.13144,6.865252362331375e-05
1773143879.9993448,PC1,0,29,0.54542,2.35129,0.42336,0.00018366920994594693
1773143879.9993448,PC1,0,30,0.39089,2.38669,0.13876,9.968620724976063e-05
1773143879.9993448,PC1,0,31,0.60246,2.38645,0.18492,0.00036733970046043396
1773143879.9993448,PC1,0,32,0.48526,2.41597,-0.18737,0.00030942578450776637
1773143879.9993448,PC1,0,Angle_Elbow_L,114.91,,,
1773143879.9993448,PC1,0,Angle_Shoulder_L,151.44,,,
1773143879.9993448,PC1,0,Angle_Shoulder_R,125.21,,,
1773143879.9993448,PC1,0,Length_UpperArm_L,0.292,,,
1773143879.9993448,PC1,0,Length_LowerArm_L,0.2471,,,
1773143879.9993448,PC1,0,Length_UpperArm_R,0.3317,,,
1773143879.9993448,PC1,0,Width_Shoulder,0.3311,,,
1773143880.065501,PC1,0,0,0.52077,0.55282,-0.72227,0.9994747042655945
1773143880.065501,PC1,0,1,0.52718,0.50913,-0.69178,0.9983983635902405
1773143880.065501,PC1,0,2,0.53406,0.50997,-0.69167,0.9985947012901306
1773143880.065501,PC1,0,3,0.54037,0.51089,-0.69172,0.9981156587600708
1773143880.065501,PC1,0,4,0.50214,0.50627,-0.71682,0.9989703893661499
1773143880.065501,PC1,0,5,0.49128,0.50544,-0.71687,0.9992195963859558
1773143880.065501,PC1,0,6,0.47956,0.50534,-0.71703,0.9989384412765503
1773143880.065501,PC1,0,7,0.53978,0.52889,-0.46742,0.9983774423599243
1773143880.065501,PC1,0,8,0.45045,0.52644,-0.58316,0.9992644786834717
1773143880.065501,PC1,0,9,0.52828,0.60577,-0.63358,0.9991552233695984
1773143880.065501,PC1,0,10,0.50058,0.60658,-0.66556,0.9995545148849487
1773143880.065501,PC1,0,11,0.59519,0.7294,-0.2365,0.9981251955032349
1773143880.065501,PC1,0,12,0.36773,0.75706,-0.49727,0.9985460638999939
1773143880.065501,PC1,0,13,0.73835,0.93306,-0.08264,0.7100603580474854
1773143880.065501,PC1,0,14,0.31404,1.05657,-0.62941,0.6151838302612305
1773143880.065501,PC1,0,15,0.87175,1.08677,-0.22559,0.763227105140686
1773143880.065501,PC1,0,16,0.51913,1.15522,-0.9775,0.45126304030418396
1773143880.065501,PC1,0,17,0.92673,1.13537,-0.26424,0.7109257578849792
1773143880.065501,PC1,0,18,0.42756,1.40829,-0.72039,0.38859498500823975
1773143880.065501,PC1,0,19,0.91836,1.14235,-0.31884,0.7644045948982239
1773143880.065501,PC1,0,20,0.54275,1.22795,-0.94971,0.4360574781894684
1773143880.065501,PC1,0,21,0.8887,1.14206,-0.25783,0.7889673113822937
1773143880.065501,PC1,0,22,0.54977,1.15118,-0.90095,0.4232144355773926
1773143880.065501,PC1,0,23,0.57904,1.36342,0.06538,0.009817693382501602
1773143880.065501,PC1,0,24,0.42127,1.38918,-0.06265,0.007688418030738831
1773143880.065501,PC1,0,25,0.57769,1.83065,0.1012,0.0009475719998590648
1773143880.065501,PC1,0,26,0.43173,1.87311,-0.06293,0.001152077573351562
1773143880.065501,PC1,0,27,0.55843,2.27531,0.40908,0.00015661823272239417
1773143880.065501,PC1,0,28,0.41329,2.30946,0.13144,6.563456554431468e-05
1773143880.065501,PC1,0,29,0.54542,2.35129,0.42336,0.00017234220285899937
1773143880.065501,PC1,0,30,0.39089,2.38669,0.13876,9.504516492597759e-05
1773143880.065501,PC1,0,31,0.60246,2.38645,0.18492,0.0003709901066031307
1773143880.065501,PC1,0,32,0.48526,2.41597,-0.18737,0.00030175549909472466
1773143880.065501,PC1,0,Angle_Elbow_L,112.97,,,
1773143880.065501,PC1,0,Angle_Shoulder_L,151.41,,,
1773143880.065501,PC1,0,Angle_Shoulder_R,125.16,,,
1773143880.065501,PC1,0,Length_UpperArm_L,0.2927,,,
1773143880.065501,PC1,0,Length_LowerArm_L,0.2487,,,
1773143880.065501,PC1,0,Length_UpperArm_R,0.3317,,,
1773143880.065501,PC1,0,Width_Shoulder,0.3471,,,
1773143880.065623,PC1,0,0,0.52489,0.55106,-0.65815,0.999496579170227
1773143880.065623,PC1,0,1,0.53047,0.50744,-0.62515,0.9984921216964722
1773143880.065623,PC1,0,2,0.53693,0.50817,-0.62506,0.9986690282821655
1773143880.065623,PC1,0,3,0.54286,0.50889,-0.62511,0.9982306957244873
1773143880.065623,PC1,0,4,0.506,0.50459,-0.65219,0.999028205871582
1773143880.065623,PC1,0,5,0.49519,0.5037,-0.65221,0.9992588758468628
1773143880.065623,PC1,0,6,0.48352,0.50353,-0.65237,0.9989946484565735
1773143880.065623,PC1,0,7,0.54004,0.52686,-0.40217,0.9984769225120544
1773143880.065623,PC1,0,8,0.45314,0.52462,-0.52577,0.999309241771698
1773143880.065623,PC1,0,9,0.53148,0.60346,-0.57154,0.9992119073867798
1773143880.065623,PC1,0,10,0.50458,0.60456,-0.60596,0.9995852708816528
1773143880.065623,PC1,0,11,0.59401,0.72932,-0.18803,0.9982613325119019
1773143880.065623,PC1,0,12,0.36745,0.7572,-0.45461,0.9985684752464294
1773143880.065623,PC1,0,13,0.73547,0.92929,-0.04378,0.7251390814781189
1773143880.065623,PC1,0,14,0.31432,1.05486,-0.58954,0.6191900968551636
1773143880.065623,PC1,0,15,0.87017,1.07969,-0.19314,0.7729128003120422
1773143880.065623,PC1,0,16,0.51913,1.15522,-0.9775,0.43440133333206177
1773143880.065623,PC1,0,17,0.92572,1.13442,-0.23283,0.7191356420516968
1773143880.065623,PC1,0,18,0.42756,1.40829,-0.72039,0.3770129084587097
1773143880.065623,PC1,0,19,0.91675,1.14123,-0.28722,0.7714415788650513
1773143880.065623,PC1,0,20,0.54275,1.22795,-0.94971,0.42434075474739075
1773143880.065623,PC1,0,21,0.88724,1.14111,-0.22549,0.7946842312812805
1773143880.065623,PC1,0,22,0.54977,1.15118,-0.90095,0.41257643699645996
1773143880.065623,PC1,0,23,0.57904,1.36342,0.06538,0.0105889355763793
1773143880.065623,PC1,0,24,0.42127,1.38918,-0.06265,0.007898599840700626
1773143880.065623,PC1,0,25,0.57769,1.83065,0.1012,0.0009035391267389059
1773143880.065623,PC1,0,26,0.43173,1.87311,-0.06293,0.0010861748596653342
1773143880.065623,PC1,0,27,0.55843,2.27531,0.40908,0.00014764288789592683
1773143880.065623,PC1,0,28,0.41329,2.30946,0.13144,6.25699685770087e-05
1773143880.065623,PC1,0,29,0.54542,2.35129,0.42336,0.0001636538509046659
1773143880.065623,PC1,0,30,0.39089,2.38669,0.13876,9.212509758071974e-05
1773143880.065623,PC1,0,31,0.60246,2.38645,0.18492,0.00036082349834032357
1773143880.065623,PC1,0,32,0.48526,2.41597,-0.18737,0.0002875816135201603
1773143880.065623,PC1,0,Angle_Elbow_L,112.73,,,
1773143880.065623,PC1,0,Angle_Shoulder_L,150.51,,,
1773143880.065623,PC1,0,Angle_Shoulder_R,127.68,,,
1773143880.065623,PC1,0,Length_UpperArm_L,0.2843,,,
1773143880.065623,PC1,0,Length_LowerArm_L,0.2511,,,
1773143880.065623,PC1,0,Length_UpperArm_R,0.3311,,,
1773143880.065623,PC1,0,Width_Shoulder,0.351,,,
1773143880.173482,PC1,0,0,0.52837,0.55003,-0.63042,0.999504029750824
1773143880.173482,PC1,0,1,0.53318,0.50628,-0.59597,0.998546838760376
1773143880.173482,PC1,0,2,0.5393,0.50694,-0.59591,0.9987115263938904
1773143880.173482,PC1,0,3,0.54489,0.50756,-0.59595,0.9982948303222656
1773143880.173482,PC1,0,4,0.50928,0.50345,-0.62471,0.9990591406822205
1773143880.173482,PC1,0,5,0.49847,0.50252,-0.62472,0.9992817044258118
1773143880.173482,PC1,0,6,0.48686,0.5023,-0.62489,0.9990234971046448
1773143880.173482,PC1,0,7,0.54041,0.52558,-0.37034,0.998545229434967
1773143880.173482,PC1,0,8,0.45532,0.52347,-0.50049,0.9993391633033752
1773143880.173482,PC1,0,9,0.53426,0.60201,-0.5431,0.9992361664772034
1773143880.173482,PC1,0,10,0.50776,0.60332,-0.57963,0.9995995759963989
1773143880.173482,PC1,0,11,0.59328,0.72929,-0.1598,0.9983430504798889
1773143880.173482,PC1,0,12,0.36729,0.75722,-0.4354,0.9984323382377625
1773143880.173482,PC1,0,13,0.73321,0.9269,-0.01943,0.7271600961685181
1773143880.173482,PC1,0,14,0.31558,1.05344,-0.57482,0.6097469329833984
1773143880.173482,PC1,0,15,0.8685,1.08043,-0.17314,0.7821059823036194
1773143880.173482,PC1,0,16,0.51913,1.15522,-0.9775,0.42073169350624084
1773143880.173482,PC1,0,17,0.92374,1.135,-0.21283,0.730713427066803
1773143880.173482,PC1,0,18,0.42756,1.40829,-0.72039,0.37144187092781067
1773143880.173482,PC1,0,19,0.91442,1.14151,-0.26772,0.7819433808326721
1773143880.173482,PC1,0,20,0.54275,1.22795,-0.94971,0.42085951566696167
1773143880.173482,PC1,0,21,0.88517,1.14129,-0.20574,0.8030520081520081
1773143880.173482,PC1,0,22,0.54977,1.15118,-0.90095,0.407399982213974
1773143880.173482,PC1,0,23,0.57904,1.36342,0.06538,0.010157259181141853
1773143880.173482,PC1,0,24,0.42127,1.38918,-0.06265,0.007427573669701815
1773143880.173482,PC1,0,25,0.57769,1.83065,0.1012,0.0008940708357840776
1773143880.173482,PC1,0,26,0.43173,1.87311,-0.06293,0.0010665319859981537
1773143880.173482,PC1,0,27,0.55843,2.27531,0.40908,0.00014279062452260405
1773143880.173482,PC1,0,28,0.41329,2.30946,0.13144,6.234528700588271e-05
1773143880.173482,PC1,0,29,0.54542,2.35129,0.42336,0.0001581187971169129
1773143880.173482,PC1,0,30,0.39089,2.38669,0.13876,9.617040632292628e-05
1773143880.173482,PC1,0,31,0.60246,2.38645,0.18492,0.00037340252310968935
1773143880.173482,PC1,0,32,0.48526,2.41597,-0.18737,0.0002914595534093678
1773143880.173482,PC1,0,Angle_Elbow_L,112.74,,,
1773143880.173482,PC1,0,Angle_Shoulder_L,150.05,,,
1773143880.173482,PC1,0,Angle_Shoulder_R,128.6,,,
1773143880.173482,PC1,0,Length_UpperArm_L,0.2799,,,
1773143880.173482,PC1,0,Length_LowerArm_L,0.2559,,,
1773143880.173482,PC1,0,Length_UpperArm_R,0.3314,,,
1773143880.173482,PC1,0,Width_Shoulder,0.3575,,,
1773143880.237967,PC1,0,0,0.53112,0.5492,-0.61368,0.9995099902153015
1773143880.237967,PC1,0,1,0.5355,0.50526,-0.57859,0.9985848665237427
1773143880.237967,PC1,0,2,0.54144,0.5059,-0.57853,0.9987378716468811
1773143880.237967,PC1,0,3,0.5468,0.50644,-0.57856,0.9983330965042114
1773143880.237967,PC1,0,4,0.51185,0.50227,-0.60839,0.9990924000740051
1773143880.237967,PC1,0,5,0.50108,0.50126,-0.60838,0.9993080496788025
1773143880.237967,PC1,0,6,0.48954,0.50096,-0.60854,0.9990635514259338
1773143880.237967,PC1,0,7,0.54111,0.52436,-0.35311,0.9985713362693787
1773143880.237967,PC1,0,8,0.45739,0.52234,-0.48703,0.9993791580200195
1773143880.237967,PC1,0,9,0.53652,0.6009,-0.52674,0.9992578029632568
1773143880.237967,PC1,0,10,0.51032,0.60239,-0.56449,0.9996216893196106
1773143880.237967,PC1,0,11,0.59279,0.72923,-0.1442,0.9983707070350647
1773143880.237967,PC1,0,12,0.36712,0.75715,-0.42635,0.9984853863716125
1773143880.237967,PC1,0,13,0.73223,0.92657,-0.00396,0.7140789031982422
1773143880.237967,PC1,0,14,0.31533,1.05345,-0.56482,0.6113983988761902
1773143880.237967,PC1,0,15,0.86787,1.08128,-0.1601,0.7778891921043396
1773143880.237967,PC1,0,16,0.51913,1.15522,-0.9775,0.41457778215408325
1773143880.237967,PC1,0,17,0.92362,1.13351,-0.20078,0.7292846441268921
1773143880.237967,PC1,0,18,0.42756,1.40829,-0.72039,0.3713127076625824
1773143880.237967,PC1,0,19,0.91397,1.13989,-0.25509,0.7811216115951538
1773143880.237967,PC1,0,20,0.54275,1.22795,-0.94971,0.42240625619888306
1773143880.237967,PC1,0,21,0.88454,1.14003,-0.19297,0.8015065789222717
1773143880.237967,PC1,0,22,0.54977,1.15118,-0.90095,0.4083181917667389
1773143880.237967,PC1,0,23,0.57904,1.36342,0.06538,0.009566990658640862
1773143880.237967,PC1,0,24,0.42127,1.38918,-0.06265,0.006958997808396816
1773143880.237967,PC1,0,25,0.57769,1.83065,0.1012,0.0008367348345927894
1773143880.237967,PC1,0,26,0.43173,1.87311,-0.06293,0.0010010908590629697
1773143880.237967,PC1,0,27,0.55843,2.27531,0.40908,0.0001350992824882269
1773143880.237967,PC1,0,28,0.41329,2.30946,0.13144,5.815628173877485e-05
1773143880.237967,PC1,0,29,0.54542,2.35129,0.42336,0.00014959208783693612
1773143880.237967,PC1,0,30,0.39089,2.38669,0.13876,9.075823618331924e-05
1773143880.237967,PC1,0,31,0.60246,2.38645,0.18492,0.00036617089062929153
1773143880.237967,PC1,0,32,0.48526,2.41597,-0.18737,0.0002767853147815913
1773143880.237967,PC1,0,Angle_Elbow_L,112.44,,,
1773143880.237967,PC1,0,Angle_Shoulder_L,149.84,,,
1773143880.237967,PC1,0,Angle_Shoulder_R,129.63,,,
1773143880.237967,PC1,0,Length_UpperArm_L,0.2794,,,
1773143880.237967,PC1,0,Length_LowerArm_L,0.2583,,,
1773143880.237967,PC1,0,Length_UpperArm_R,0.3311,,,
1773143880.237967,PC1,0,Width_Shoulder,0.3624,,,
1773143880.305154,PC1,0,0,0.53392,0.54846,-0.60765,0.999497652053833
1773143880.305154,PC1,0,1,0.53769,0.50435,-0.57067,0.9985727071762085
1773143880.305154,PC1,0,2,0.54347,0.50499,-0.57062,0.9987201690673828
1773143880.305154,PC1,0,3,0.5486,0.50546,-0.57062,0.9983134269714355
1773143880.305154,PC1,0,4,0.51442,0.50117,-0.60232,0.9990891814231873
1773143880.305154,PC1,0,5,0.50374,0.50008,-0.60233,0.9993082284927368
1773143880.305154,PC1,0,6,0.49227,0.49968,-0.60251,0.9990597367286682
1773143880.305154,PC1,0,7,0.5418,0.52325,-0.33948,0.998561680316925
1773143880.305154,PC1,0,8,0.45956,0.52132,-0.48267,0.9993880391120911
1773143880.305154,PC1,0,9,0.53888,0.59989,-0.52011,0.9992513060569763
1773143880.305154,PC1,0,10,0.51309,0.6016,-0.55997,0.999622642993927
1773143880.305154,PC1,0,11,0.59349,0.72966,-0.13292,0.9984328746795654
1773143880.305154,PC1,0,12,0.36722,0.75837,-0.42176,0.9984405040740967
1773143880.305154,PC1,0,13,0.73241,0.92668,0.00676,0.7229295372962952
1773143880.305154,PC1,0,14,0.31529,1.05347,-0.56239,0.6057239174842834
1773143880.305154,PC1,0,15,0.87126,1.07862,-0.15139,0.7892117500305176
1773143880.305154,PC1,0,16,0.51913,1.15522,-0.9775,0.40196648240089417
1773143880.305154,PC1,0,17,0.9276,1.13229,-0.19271,0.7416198253631592
1773143880.305154,PC1,0,18,0.42756,1.40829,-0.72039,0.3654872179031372
1773143880.305154,PC1,0,19,0.91847,1.13853,-0.24575,0.7916473150253296
1773143880.305154,PC1,0,20,0.54275,1.22795,-0.94971,0.41750526428222656
1773143880.305154,PC1,0,21,0.88886,1.13908,-0.1839,0.8107464909553528
1773143880.305154,PC1,0,22,0.54977,1.15118,-0.90095,0.4045626223087311
1773143880.305154,PC1,0,23,0.57904,1.36342,0.06538,0.009314639493823051
1773143880.305154,PC1,0,24,0.42127,1.38918,-0.06265,0.006681866478174925
1773143880.305154,PC1,0,25,0.57769,1.83065,0.1012,0.0007913633598946035
1773143880.305154,PC1,0,26,0.43173,1.87311,-0.06293,0.0009492370299994946
1773143880.305154,PC1,0,27,0.55843,2.27531,0.40908,0.00012927839998155832
1773143880.305154,PC1,0,28,0.41329,2.30946,0.13144,5.587730265688151e-05
1773143880.305154,PC1,0,29,0.54542,2.35129,0.42336,0.00014270223618950695
1773143880.305154,PC1,0,30,0.39089,2.38669,0.13876,9.013342787511647e-05
1773143880.305154,PC1,0,31,0.60246,2.38645,0.18492,0.0003671957238111645
1773143880.305154,PC1,0,32,0.48526,2.41597,-0.18737,0.0002721766650211066
1773143880.305154,PC1,0,Angle_Elbow_L,112.04,,,
1773143880.305154,PC1,0,Angle_Shoulder_L,149.68,,,
1773143880.305154,PC1,0,Angle_Shoulder_R,129.77,,,
1773143880.305154,PC1,0,Length_UpperArm_L,0.2786,,,
1773143880.305154,PC1,0,Length_LowerArm_L,0.2596,,,
1773143880.305154,PC1,0,Length_UpperArm_R,0.331,,,
1773143880.305154,PC1,0,Width_Shoulder,0.368,,,
1773143880.4493282,PC1,0,0,0.53641,0.54778,-0.58403,0.9995044469833374
1773143880.4493282,PC1,0,1,0.53971,0.50333,-0.54732,0.998612105846405
1773143880.4493282,PC1,0,2,0.54538,0.50397,-0.54726,0.9987485408782959
1773143880.4493282,PC1,0,3,0.55034,0.50443,-0.54725,0.9983654022216797
1773143880.4493282,PC1,0,4,0.51676,0.49998,-0.57889,0.9991219639778137
1773143880.4493282,PC1,0,5,0.5062,0.49882,-0.57886,0.9993290305137634
1773143880.4493282,PC1,0,6,0.49469,0.49836,-0.57902,0.9990955591201782
1773143880.4493282,PC1,0,7,0.54255,0.52213,-0.3225,0.9985854029655457
1773143880.4493282,PC1,0,8,0.46145,0.52032,-0.4649,0.999418318271637
1773143880.4493282,PC1,0,9,0.54109,0.59888,-0.49928,0.9992735385894775
1773143880.4493282,PC1,0,10,0.51556,0.6008,-0.53903,0.9996419548988342
1773143880.4493282,PC1,0,11,0.59408,0.72993,-0.12544,0.9984856843948364
1773143880.4493282,PC1,0,12,0.36734,0.75883,-0.41124,0.9984757900238037
1773143880.4493282,PC1,0,13,0.7356,0.92953,0.01386,0.7051087021827698
1773143880.4493282,PC1,0,14,0.31376,1.05664,-0.54662,0.6080931425094604
1773143880.4493282,PC1,0,15,0.87075,1.07847,-0.15115,0.7794010043144226
1773143880.4493282,PC1,0,16,0.51913,1.15522,-0.9775,0.391545832157135
1773143880.4493282,PC1,0,17,0.92601,1.13071,-0.19625,0.7333066463470459
1773143880.4493282,PC1,0,18,0.42756,1.40829,-0.72039,0.35754063725471497
1773143880.4493282,PC1,0,19,0.91462,1.13648,-0.24434,0.7847470641136169
1773143880.4493282,PC1,0,20,0.54275,1.22795,-0.94971,0.4101521968841553
1773143880.4493282,PC1,0,21,0.8857,1.13727,-0.18197,0.8030693531036377
1773143880.4493282,PC1,0,22,0.54977,1.15118,-0.90095,0.3961513936519623
1773143880.4493282,PC1,0,23,0.57904,1.36342,0.06538,0.008699635043740273
1773143880.4493282,PC1,0,24,0.42127,1.38918,-0.06265,0.0062193917110562325
1773143880.4493282,PC1,0,25,0.57769,1.83065,0.1012,0.0007384837372228503
1773143880.4493282,PC1,0,26,0.43173,1.87311,-0.06293,0.0008782162913121283
1773143880.4493282,PC1,0,27,0.55843,2.27531,0.40908,0.00012051071098539978
1773143880.4493282,PC1,0,28,0.41329,2.30946,0.13144,5.122091533849016e-05
1773143880.4493282,PC1,0,29,0.54542,2.35129,0.42336,0.00013276931713335216
1773143880.4493282,PC1,0,30,0.39089,2.38669,0.13876,8.291022822959349e-05
1773143880.4493282,PC1,0,31,0.60246,2.38645,0.18492,0.0003462632594164461
1773143880.4493282,PC1,0,32,0.48526,2.41597,-0.18737,0.00025256050867028534
1773143880.4493282,PC1,0,Angle_Elbow_L,110.68,,,
1773143880.4493282,PC1,0,Angle_Shoulder_L,149.33,,,
1773143880.4493282,PC1,0,Angle_Shoulder_R,131.39,,,
1773143880.4493282,PC1,0,Length_UpperArm_L,0.2816,,,
1773143880.4493282,PC1,0,Length_LowerArm_L,0.2601,,,
1773143880.4493282,PC1,0,Length_UpperArm_R,0.3315,,,
1773143880.4493282,PC1,0,Width_Shoulder,0.366,,,
1773143880.510994,PC1,0,0,0.53903,0.5468,-0.54253,0.9995328783988953
1773143880.510994,PC1,0,1,0.54152,0.50171,-0.50441,0.9987084865570068
1773143880.510994,PC1,0,2,0.54693,0.50233,-0.50433,0.9988373517990112
1773143880.510994,PC1,0,3,0.55172,0.5028,-0.50431,0.9984827637672424
1773143880.510994,PC1,0,4,0.51918,0.49852,-0.53732,0.999180257320404
1773143880.510994,PC1,0,5,0.50869,0.49742,-0.53725,0.9993731379508972
1773143880.510994,PC1,0,6,0.49732,0.49705,-0.53741,0.9991537928581238
1773143880.510994,PC1,0,7,0.54307,0.5209,-0.28081,0.9986950159072876
1773143880.510994,PC1,0,8,0.46346,0.51947,-0.428,0.9994605779647827
1773143880.510994,PC1,0,9,0.54335,0.59763,-0.4586,0.9993213415145874
1773143880.510994,PC1,0,10,0.51847,0.59971,-0.49994,0.9996650815010071
1773143880.510994,PC1,0,11,0.5944,0.7303,-0.09427,0.9985940456390381
1773143880.510994,PC1,0,12,0.36871,0.75915,-0.39416,0.9985349774360657
1773143880.510994,PC1,0,13,0.73436,0.93112,0.03399,0.7131373882293701
1773143880.510994,PC1,0,14,0.31384,1.0601,-0.55801,0.6334033608436584
1773143880.510994,PC1,0,15,0.87005,1.07514,-0.12806,0.782281219959259
1773143880.510994,PC1,0,16,0.51913,1.15522,-0.9775,0.4170607030391693
1773143880.510994,PC1,0,17,0.92491,1.12029,-0.16979,0.733193039894104
1773143880.510994,PC1,0,18,0.42756,1.40829,-0.72039,0.3766102194786072
1773143880.510994,PC1,0,19,0.9125,1.12443,-0.21648,0.7839699983596802
1773143880.510994,PC1,0,20,0.54275,1.22795,-0.94971,0.42704325914382935
1773143880.510994,PC1,0,21,0.884,1.12623,-0.15836,0.802849531173706
1773143880.510994,PC1,0,22,0.54977,1.15118,-0.90095,0.41220152378082275
1773143880.510994,PC1,0,23,0.57904,1.36342,0.06538,0.009161015041172504
1773143880.510994,PC1,0,24,0.42127,1.38918,-0.06265,0.006329173222184181
1773143880.510994,PC1,0,25,0.57769,1.83065,0.1012,0.0007163372356444597
1773143880.510994,PC1,0,26,0.43173,1.87311,-0.06293,0.0008769288542680442
1773143880.510994,PC1,0,27,0.55843,2.27531,0.40908,0.00011407545389374718
1773143880.510994,PC1,0,28,0.41329,2.30946,0.13144,4.919437924399972e-05
1773143880.510994,PC1,0,29,0.54542,2.35129,0.42336,0.00012430149945430458
1773143880.510994,PC1,0,30,0.39089,2.38669,0.13876,7.936194742796943e-05
1773143880.510994,PC1,0,31,0.60246,2.38645,0.18492,0.0003350621846038848
1773143880.510994,PC1,0,32,0.48526,2.41597,-0.18737,0.00024186521477531642
1773143880.510994,PC1,0,Angle_Elbow_L,112.57,,,
1773143880.510994,PC1,0,Angle_Shoulder_L,149.21,,,
1773143880.510994,PC1,0,Angle_Shoulder_R,129.24,,,
1773143880.510994,PC1,0,Length_UpperArm_L,0.2763,,,
1773143880.510994,PC1,0,Length_LowerArm_L,0.2558,,,
1773143880.510994,PC1,0,Length_UpperArm_R,0.347,,,
1773143880.510994,PC1,0,Width_Shoulder,0.3764,,,
1773143880.573548,PC1,0,0,0.54167,0.54399,-0.49393,0.9995610117912292
1773143880.573548,PC1,0,1,0.54343,0.49798,-0.45712,0.998785674571991
1773143880.573548,PC1,0,2,0.54855,0.49887,-0.45701,0.9989126920700073
1773143880.573548,PC1,0,3,0.55317,0.49957,-0.45699,0.9985789060592651
1773143880.573548,PC1,0,4,0.52159,0.49498,-0.48959,0.9992243051528931
1773143880.573548,PC1,0,5,0.51133,0.49414,-0.48945,0.9994048476219177
1773143880.573548,PC1,0,6,0.50002,0.49412,-0.4896,0.9991870522499084
1773143880.573548,PC1,0,7,0.54385,0.51883,-0.24649,0.9987839460372925
1773143880.573548,PC1,0,8,0.46557,0.51668,-0.39291,0.999489963054657
1773143880.573548,PC1,0,9,0.54572,0.59446,-0.41483,0.9993581771850586
1773143880.573548,PC1,0,10,0.52134,0.59623,-0.4561,0.9996832013130188
1773143880.573548,PC1,0,11,0.59461,0.73128,-0.07802,0.9987124800682068
1773143880.573548,PC1,0,12,0.3696,0.75314,-0.36475,0.998591959476471
1773143880.573548,PC1,0,13,0.73078,0.93287,0.04897,0.732745349407196
1773143880.573548,PC1,0,14,0.30663,1.04267,-0.52269,0.61409592628479
1773143880.573548,PC1,0,15,0.87442,1.03872,-0.10974,0.8020182847976685
1773143880.573548,PC1,0,16,0.51913,1.15522,-0.9775,0.4015284478664398
1773143880.573548,PC1,0,17,0.929,1.05408,-0.14979,0.7564598321914673
1773143880.573548,PC1,0,18,0.42756,1.40829,-0.72039,0.3723682761192322
1773143880.573548,PC1,0,19,0.92232,1.05375,-0.19742,0.8027703166007996
1773143880.573548,PC1,0,20,0.54275,1.22795,-0.94971,0.424297571182251
1773143880.573548,PC1,0,21,0.89173,1.06293,-0.13634,0.819889485836029
1773143880.573548,PC1,0,22,0.54977,1.15118,-0.90095,0.41343146562576294
1773143880.573548,PC1,0,23,0.57904,1.36342,0.06538,0.009991775266826153
1773143880.573548,PC1,0,24,0.42127,1.38918,-0.06265,0.006642097607254982
1773143880.573548,PC1,0,25,0.57769,1.83065,0.1012,0.0006643857923336327
1773143880.573548,PC1,0,26,0.43173,1.87311,-0.06293,0.0008032735204324126
1773143880.573548,PC1,0,27,0.55843,2.27531,0.40908,0.00010519633360672742
1773143880.573548,PC1,0,28,0.41329,2.30946,0.13144,4.5289449190022424e-05
1773143880.573548,PC1,0,29,0.54542,2.35129,0.42336,0.00011636483395705
1773143880.573548,PC1,0,30,0.39089,2.38669,0.13876,7.483020453946665e-05
1773143880.573548,PC1,0,31,0.60246,2.38645,0.18492,0.0003263444814365357
1773143880.573548,PC1,0,32,0.48526,2.41597,-0.18737,0.00022727801115252078
1773143880.573548,PC1,0,Angle_Elbow_L,108.45,,,
1773143880.573548,PC1,0,Angle_Shoulder_L,149.26,,,
1773143880.573548,PC1,0,Angle_Shoulder_R,130.72,,,
1773143880.573548,PC1,0,Length_UpperArm_L,0.2744,,,
1773143880.573548,PC1,0,Length_LowerArm_L,0.2388,,,
1773143880.573548,PC1,0,Length_UpperArm_R,0.3358,,,
1773143880.573548,PC1,0,Width_Shoulder,0.3651,,,
1773143880.573649,PC1,0,0,0.54262,0.54361,-0.48042,0.9995973110198975
1773143880.573649,PC1,0,1,0.54428,0.49735,-0.44815,0.9988856315612793
1773143880.573649,PC1,0,2,0.54931,0.49836,-0.44803,0.999004065990448
1773143880.573649,PC1,0,3,0.55384,0.49917,-0.44801,0.9986965656280518
1773143880.573649,PC1,0,4,0.52272,0.49407,-0.47794,0.9992843866348267
1773143880.573649,PC1,0,5,0.51252,0.4932,-0.47772,0.9994490146636963
1773143880.573649,PC1,0,6,0.50125,0.49319,-0.47779,0.9992416501045227
1773143880.573649,PC1,0,7,0.5441,0.51821,-0.23252,0.9988855719566345
1773143880.573649,PC1,0,8,0.46644,0.51569,-0.38569,0.9995299577713013
1773143880.573649,PC1,0,9,0.54647,0.59376,-0.40639,0.9994112849235535
1773143880.573649,PC1,0,10,0.52227,0.59541,-0.44596,0.99970942735672
1773143880.573649,PC1,0,11,0.59445,0.73364,-0.05789,0.998828113079071
1773143880.573649,PC1,0,12,0.36823,0.74593,-0.35504,0.998654305934906
1773143880.573649,PC1,0,13,0.72918,0.93296,0.05253,0.7572025656700134
1773143880.573649,PC1,0,14,0.29505,1.0255,-0.49865,0.6243237853050232
1773143880.573649,PC1,0,15,0.87576,1.01523,-0.14073,0.821474552154541
1773143880.573649,PC1,0,16,0.51913,1.15522,-0.9775,0.42445823550224304
1773143880.573649,PC1,0,17,0.93038,1.01753,-0.18326,0.7801728844642639
1773143880.573649,PC1,0,18,0.42756,1.40829,-0.72039,0.40328285098075867
1773143880.573649,PC1,0,19,0.92532,1.00698,-0.2365,0.8220157027244568
1773143880.573649,PC1,0,20,0.54275,1.22795,-0.94971,0.4574300944805145
1773143880.573649,PC1,0,21,0.89442,1.02015,-0.1715,0.8373883366584778
1773143880.573649,PC1,0,22,0.54977,1.15118,-0.90095,0.4488256871700287
1773143880.573649,PC1,0,23,0.57904,1.36342,0.06538,0.010333508253097534
1773143880.573649,PC1,0,24,0.42127,1.38918,-0.06265,0.006640967447310686
1773143880.573649,PC1,0,25,0.57769,1.83065,0.1012,0.0007150052697397768
1773143880.573649,PC1,0,26,0.43173,1.87311,-0.06293,0.0008356311591342092
1773143880.573649,PC1,0,27,0.55843,2.27531,0.40908,0.00010413866402814165
1773143880.573649,PC1,0,28,0.41329,2.30946,0.13144,5.6584620324429125e-05
1773143880.573649,PC1,0,29,0.54542,2.35129,0.42336,0.00011460194946266711
1773143880.573649,PC1,0,30,0.39089,2.38669,0.13876,9.288176806876436e-05
1773143880.573649,PC1,0,31,0.60246,2.38645,0.18492,0.0004524935211520642
1773143880.573649,PC1,0,32,0.48526,2.41597,-0.18737,0.00031816039700061083
1773143880.573649,PC1,0,Angle_Elbow_L,102.61,,,
1773143880.573649,PC1,0,Angle_Shoulder_L,149.23,,,
1773143880.573649,PC1,0,Angle_Shoulder_R,132.75,,,
1773143880.573649,PC1,0,Length_UpperArm_L,0.2647,,,
1773143880.573649,PC1,0,Length_LowerArm_L,0.2561,,,
1773143880.573649,PC1,0,Length_UpperArm_R,0.3227,,,
1773143880.573649,PC1,0,Width_Shoulder,0.3737,,,
1773143880.762182,PC1,0,0,0.54321,0.54361,-0.47514,0.9996369481086731
1773143880.762182,PC1,0,1,0.54482,0.49731,-0.44037,0.9989953637123108
1773143880.762182,PC1,0,2,0.54984,0.49846,-0.44023,0.9991024136543274
1773143880.762182,PC1,0,3,0.55436,0.4994,-0.4402,0.9988250136375427
1773143880.762182,PC1,0,4,0.52339,0.49364,-0.47128,0.9993544816970825
1773143880.762182,PC1,0,5,0.51324,0.49272,-0.47105,0.9995028376579285
1773143880.762182,PC1,0,6,0.50201,0.49271,-0.47112,0.9993148446083069
1773143880.762182,PC1,0,7,0.54441,0.51828,-0.21923,0.9989959597587585
1773143880.762182,PC1,0,8,0.46695,0.5151,-0.37798,0.9995763301849365
1773143880.762182,PC1,0,9,0.54689,0.594,-0.39955,0.9994692206382751
1773143880.762182,PC1,0,10,0.52271,0.59517,-0.44076,0.9997380375862122
1773143880.762182,PC1,0,11,0.59292,0.73692,-0.04878,0.9989437460899353
1773143880.762182,PC1,0,12,0.36654,0.74123,-0.3468,0.9987719655036926
1773143880.762182,PC1,0,13,0.72834,0.93405,0.03674,0.78061443567276
1773143880.762182,PC1,0,14,0.28111,1.01446,-0.48057,0.6225396394729614
1773143880.762182,PC1,0,15,0.87389,0.98523,-0.16982,0.8392660617828369
1773143880.762182,PC1,0,16,0.51913,1.15522,-0.9775,0.43750321865081787
1773143880.762182,PC1,0,17,0.92872,0.97119,-0.21252,0.8019979596138
1773143880.762182,PC1,0,18,0.42756,1.40829,-0.72039,0.4266309142112732
1773143880.762182,PC1,0,19,0.92184,0.95233,-0.26264,0.8396808505058289
1773143880.762182,PC1,0,20,0.54275,1.22795,-0.94971,0.48361602425575256
1773143880.762182,PC1,0,21,0.89246,0.96927,-0.20068,0.8535085916519165
1773143880.762182,PC1,0,22,0.54977,1.15118,-0.90095,0.4800527095794678
1773143880.762182,PC1,0,23,0.57904,1.36342,0.06538,0.011348925530910492
1773143880.762182,PC1,0,24,0.42127,1.38918,-0.06265,0.006972283590584993
1773143880.762182,PC1,0,25,0.57769,1.83065,0.1012,0.0006677151541225612
1773143880.762182,PC1,0,26,0.43173,1.87311,-0.06293,0.0007727766060270369
1773143880.762182,PC1,0,27,0.55843,2.27531,0.40908,9.663213859312236e-05
1773143880.762182,PC1,0,28,0.41329,2.30946,0.13144,5.2894349209964275e-05
1773143880.762182,PC1,0,29,0.54542,2.35129,0.42336,0.00010858762834686786
1773143880.762182,PC1,0,30,0.39089,2.38669,0.13876,8.949874609243125e-05
1773143880.762182,PC1,0,31,0.60246,2.38645,0.18492,0.00047389129758812487
1773143880.762182,PC1,0,32,0.48526,2.41597,-0.18737,0.0003116063307970762
1773143880.762182,PC1,0,Angle_Elbow_L,100.68,,,
1773143880.762182,PC1,0,Angle_Shoulder_L,149.0,,,
1773143880.762182,PC1,0,Angle_Shoulder_R,133.67,,,
1773143880.762182,PC1,0,Length_UpperArm_L,0.254,,,
1773143880.762182,PC1,0,Length_LowerArm_L,0.2578,,,
1773143880.762182,PC1,0,Length_UpperArm_R,0.316,,,
1773143880.762182,PC1,0,Width_Shoulder,0.3743,,,
1773143880.8282628,PC1,0,0,0.54326,0.54577,-0.41491,0.999673068523407
1773143880.8282628,PC1,0,1,0.54523,0.4998,-0.37671,0.9990952014923096
1773143880.8282628,PC1,0,2,0.55023,0.50113,-0.37652,0.9991918206214905
1773143880.8282628,PC1,0,3,0.5547,0.5023,-0.37648,0.9989418983459473
1773143880.8282628,PC1,0,4,0.52416,0.49518,-0.40988,0.9994183778762817
1773143880.8282628,PC1,0,5,0.51414,0.49392,-0.4096,0.9995520114898682
1773143880.8282628,PC1,0,6,0.50303,0.49346,-0.40967,0.9993821978569031
1773143880.8282628,PC1,0,7,0.54425,0.52021,-0.16789,0.9990960955619812
1773143880.8282628,PC1,0,8,0.46741,0.51458,-0.32977,0.999618411064148
1773143880.8282628,PC1,0,9,0.5466,0.59598,-0.34125,0.9995219707489014
1773143880.8282628,PC1,0,10,0.52257,0.59671,-0.38538,0.9997640252113342
1773143880.8282628,PC1,0,11,0.58962,0.74324,-0.02963,0.9990489482879639
1773143880.8282628,PC1,0,12,0.36114,0.73334,-0.29926,0.9988873600959778
1773143880.8282628,PC1,0,13,0.72723,0.93552,-0.01058,0.8020830154418945
1773143880.8282628,PC1,0,14,0.25858,0.99928,-0.3796,0.6235905885696411
1773143880.8282628,PC1,0,15,0.86238,0.92678,-0.24614,0.8552490472793579
1773143880.8282628,PC1,0,16,0.51913,1.15522,-0.9775,0.43946245312690735
1773143880.8282628,PC1,0,17,0.91726,0.8951,-0.29099,0.8215378522872925
1773143880.8282628,PC1,0,18,0.42756,1.40829,-0.72039,0.43890032172203064
1773143880.8282628,PC1,0,19,0.90253,0.86486,-0.32115,0.8554812669754028
1773143880.8282628,PC1,0,20,0.54275,1.22795,-0.94971,0.4980335533618927
1773143880.8282628,PC1,0,21,0.87473,0.88514,-0.2716,0.8679057955741882
1773143880.8282628,PC1,0,22,0.22301,1.34756,-0.43801,0.500293493270874
1773143880.8282628,PC1,0,23,0.57904,1.36342,0.06538,0.013279302977025509
1773143880.8282628,PC1,0,24,0.42127,1.38918,-0.06265,0.007837907411158085
1773143880.8282628,PC1,0,25,0.57769,1.83065,0.1012,0.0006600520573556423
1773143880.8282628,PC1,0,26,0.43173,1.87311,-0.06293,0.0007455446175299585
1773143880.8282628,PC1,0,27,0.55843,2.27531,0.40908,9.127731755143031e-05
1773143880.8282628,PC1,0,28,0.41329,2.30946,0.13144,5.01545837323647e-05
1773143880.8282628,PC1,0,29,0.54542,2.35129,0.42336,0.00010570975427981466
1773143880.8282628,PC1,0,30,0.39089,2.38669,0.13876,8.824164979159832e-05
1773143880.8282628,PC1,0,31,0.60246,2.38645,0.18492,0.0005155884427949786
1773143880.8282628,PC1,0,32,0.48526,2.41597,-0.18737,0.0002996629336848855
1773143880.8282628,PC1,0,Angle_Elbow_L,101.12,,,
1773143880.8282628,PC1,0,Angle_Shoulder_L,145.68,,,
1773143880.8282628,PC1,0,Angle_Shoulder_R,141.94,,,
1773143880.8282628,PC1,0,Length_UpperArm_L,0.2372,,,
1773143880.8282628,PC1,0,Length_LowerArm_L,0.2717,,,
1773143880.8282628,PC1,0,Length_UpperArm_R,0.2961,,,
1773143880.8282628,PC1,0,Width_Shoulder,0.3536,,,
1773143880.903467,PC1,0,0,0.5405,0.55056,-0.39246,0.9997051358222961
1773143880.903467,PC1,0,1,0.54355,0.50487,-0.35507,0.9991839528083801
1773143880.903467,PC1,0,2,0.54856,0.50607,-0.35487,0.9992713332176208
1773143880.903467,PC1,0,3,0.55302,0.50725,-0.35482,0.9990460872650146
1773143880.903467,PC1,0,4,0.52229,0.49978,-0.38907,0.9994749426841736
1773143880.903467,PC1,0,5,0.51205,0.49813,-0.3888,0.9995952248573303
1773143880.903467,PC1,0,6,0.50069,0.49721,-0.3889,0.9994415044784546
1773143880.903467,PC1,0,7,0.54211,0.52371,-0.14997,0.99918532371521
1773143880.903467,PC1,0,8,0.46493,0.51546,-0.31314,0.9996557831764221
1773143880.903467,PC1,0,9,0.54267,0.60034,-0.31848,0.99956876039505
1773143880.903467,PC1,0,10,0.51907,0.60019,-0.36375,0.9997870922088623
1773143880.903467,PC1,0,11,0.58529,0.7454,-0.01828,0.9991423487663269
1773143880.903467,PC1,0,12,0.35743,0.73224,-0.27771,0.9989778995513916
1773143880.903467,PC1,0,13,0.72483,0.93235,-0.04648,0.8212434649467468
1773143880.903467,PC1,0,14,0.2528,0.9942,-0.34468,0.6357857584953308
1773143880.903467,PC1,0,15,0.85316,0.88852,-0.31503,0.8696161508560181
1773143880.903467,PC1,0,16,0.51913,1.15522,-0.9775,0.4460851848125458
1773143880.903467,PC1,0,17,0.90476,0.84255,-0.36715,0.8390166759490967
1773143880.903467,PC1,0,18,0.42756,1.40829,-0.72039,0.447215735912323
1773143880.903467,PC1,0,19,0.88557,0.80869,-0.38491,0.8696000576019287
1773143880.903467,PC1,0,20,0.25187,1.38652,-0.49281,0.5076812505722046
1773143880.903467,PC1,0,21,0.86067,0.83156,-0.33657,0.8807393908500671
1773143880.903467,PC1,0,22,0.22769,1.35461,-0.43192,0.5112360715866089
1773143880.903467,PC1,0,23,0.57904,1.36342,0.06538,0.01529900822788477
1773143880.903467,PC1,0,24,0.42127,1.38918,-0.06265,0.008763980120420456
1773143880.903467,PC1,0,25,0.57769,1.83065,0.1012,0.0007110376609489322
1773143880.903467,PC1,0,26,0.43173,1.87311,-0.06293,0.0008149847271852195
1773143880.903467,PC1,0,27,0.55843,2.27531,0.40908,9.016693365992978e-05
1773143880.903467,PC1,0,28,0.41329,2.30946,0.13144,4.935474498779513e-05
1773143880.903467,PC1,0,29,0.54542,2.35129,0.42336,0.00010684398876037449
1773143880.903467,PC1,0,30,0.39089,2.38669,0.13876,8.692081610206515e-05
1773143880.903467,PC1,0,31,0.60246,2.38645,0.18492,0.000552619167137891
1773143880.903467,PC1,0,32,0.48526,2.41597,-0.18737,0.0002972218790091574
1773143880.903467,PC1,0,Angle_Elbow_L,104.15,,,
1773143880.903467,PC1,0,Angle_Shoulder_L,140.59,,,
1773143880.903467,PC1,0,Angle_Shoulder_R,144.13,,,
1773143880.903467,PC1,0,Length_UpperArm_L,0.235,,,
1773143880.903467,PC1,0,Length_LowerArm_L,0.3008,,,
1773143880.903467,PC1,0,Length_UpperArm_R,0.2899,,,
1773143880.903467,PC1,0,Width_Shoulder,0.3455,,,
1773143880.963239,PC1,0,0,0.53703,0.55547,-0.37599,0.9997339248657227
1773143880.963239,PC1,0,1,0.54111,0.51001,-0.3398,0.9992635846138
1773143880.963239,PC1,0,2,0.54604,0.51112,-0.33961,0.9993427395820618
1773143880.963239,PC1,0,3,0.55037,0.51231,-0.33952,0.9991395473480225
1773143880.963239,PC1,0,4,0.51962,0.50464,-0.37421,0.9995255470275879
1773143880.963239,PC1,0,5,0.5092,0.50264,-0.37395,0.9996339082717896
1773143880.963239,PC1,0,6,0.49766,0.50129,-0.37408,0.9994944930076599
1773143880.963239,PC1,0,7,0.53851,0.52717,-0.13722,0.9992653727531433
1773143880.963239,PC1,0,8,0.46193,0.51646,-0.30055,0.9996893405914307
1773143880.963239,PC1,0,9,0.53791,0.60489,-0.30126,0.9996104836463928
1773143880.963239,PC1,0,10,0.51441,0.60389,-0.34717,0.9998076558113098
1773143880.963239,PC1,0,11,0.57997,0.74683,-0.00851,0.999225914478302
1773143880.963239,PC1,0,12,0.3545,0.72834,-0.2577,0.9990528225898743
1773143880.963239,PC1,0,13,0.72071,0.92469,-0.07729,0.8378174304962158
1773143880.963239,PC1,0,14,0.24933,0.99049,-0.31333,0.6421804428100586
1773143880.963239,PC1,0,15,0.84325,0.85038,-0.36805,0.882557213306427
1773143880.963239,PC1,0,16,0.51913,1.15522,-0.9775,0.4599224030971527
1773143880.963239,PC1,0,17,0.89064,0.78802,-0.42609,0.8548319339752197
1773143880.963239,PC1,0,18,0.42756,1.40829,-0.72039,0.4638935625553131
1773143880.963239,PC1,0,19,0.86792,0.7561,-0.43392,0.8823960423469543
1773143880.963239,PC1,0,20,0.24508,1.38883,-0.47575,0.5265856981277466
1773143880.963239,PC1,0,21,0.84539,0.78362,-0.38677,0.8923804759979248
1773143880.963239,PC1,0,22,0.23086,1.35924,-0.41912,0.5298176407814026
1773143880.963239,PC1,0,23,0.57904,1.36342,0.06538,0.015237357467412949
1773143880.963239,PC1,0,24,0.42127,1.38918,-0.06265,0.008594858460128307
1773143880.963239,PC1,0,25,0.57769,1.83065,0.1012,0.000748097721952945
1773143880.963239,PC1,0,26,0.43173,1.87311,-0.06293,0.0008322892826981843
1773143880.963239,PC1,0,27,0.55843,2.27531,0.40908,8.647407230455428e-05
1773143880.963239,PC1,0,28,0.41329,2.30946,0.13144,4.594056008500047e-05
1773143880.963239,PC1,0,29,0.54542,2.35129,0.42336,0.00010393319098511711
1773143880.963239,PC1,0,30,0.39089,2.38669,0.13876,8.1346181104891e-05
1773143880.963239,PC1,0,31,0.60246,2.38645,0.18492,0.0005578534910455346
1773143880.963239,PC1,0,32,0.48526,2.41597,-0.18737,0.00028320224373601377
1773143880.963239,PC1,0,Angle_Elbow_L,108.22,,,
1773143880.963239,PC1,0,Angle_Shoulder_L,134.72,,,
1773143880.963239,PC1,0,Angle_Shoulder_R,146.28,,,
1773143880.963239,PC1,0,Length_UpperArm_L,0.237,,,
1773143880.963239,PC1,0,Length_LowerArm_L,0.3242,,,
1773143880.963239,PC1,0,Length_UpperArm_R,0.2879,,,
1773143880.963239,PC1,0,Width_Shoulder,0.3366,,,
1773143881.0252101,PC1,0,0,0.5346,0.55878,-0.35104,0.9997602105140686
1773143881.0252101,PC1,0,1,0.53845,0.51344,-0.31537,0.999336302280426
1773143881.0252101,PC1,0,2,0.54319,0.51446,-0.31517,0.9994078278541565
1773143881.0252101,PC1,0,3,0.5473,0.51562,-0.31505,0.9992247819900513
1773143881.0252101,PC1,0,4,0.51699,0.50796,-0.35074,0.9995720386505127
1773143881.0252101,PC1,0,5,0.50651,0.50577,-0.35047,0.99966961145401
1773143881.0252101,PC1,0,6,0.49495,0.50418,-0.3506,0.9995434284210205
1773143881.0252101,PC1,0,7,0.5335,0.5293,-0.11809,0.9993382692337036
1773143881.0252101,PC1,0,8,0.45917,0.51759,-0.28463,0.9997197985649109
1773143881.0252101,PC1,0,9,0.53452,0.60779,-0.27765,0.9996486902236938
1773143881.0252101,PC1,0,10,0.51132,0.60618,-0.32487,0.9998263716697693
1773143881.0252101,PC1,0,11,0.57548,0.74761,0.00178,0.9993022084236145
1773143881.0252101,PC1,0,12,0.35168,0.72625,-0.24178,0.9991143345832825
1773143881.0252101,PC1,0,13,0.71459,0.91454,-0.08835,0.85294109582901
1773143881.0252101,PC1,0,14,0.24788,0.98863,-0.29082,0.6279886364936829
1773143881.0252101,PC1,0,15,0.83541,0.82497,-0.38946,0.894202470779419
1773143881.0252101,PC1,0,16,0.51913,1.15522,-0.9775,0.4554611146450043
1773143881.0252101,PC1,0,17,0.88146,0.75813,-0.44152,0.8690691590309143
1773143881.0252101,PC1,0,18,0.42756,1.40829,-0.72039,0.46840545535087585
1773143881.0252101,PC1,0,19,0.85609,0.72532,-0.45999,0.8939194083213806
1773143881.0252101,PC1,0,20,0.24352,1.39439,-0.46295,0.5335661172866821
1773143881.0252101,PC1,0,21,0.83511,0.75388,-0.41354,0.9028587937355042
1773143881.0252101,PC1,0,22,0.23435,1.36528,-0.40809,0.5370308756828308
1773143881.0252101,PC1,0,23,0.57904,1.36342,0.06538,0.014882235787808895
1773143881.0252101,PC1,0,24,0.42127,1.38918,-0.06265,0.008210333064198494
1773143881.0252101,PC1,0,25,0.57769,1.83065,0.1012,0.0007932506268844008
1773143881.0252101,PC1,0,26,0.43173,1.87311,-0.06293,0.0008562695002183318
1773143881.0252101,PC1,0,27,0.55843,2.27531,0.40908,8.332310972036794e-05
1773143881.0252101,PC1,0,28,0.41329,2.30946,0.13144,4.316918057156727e-05
1773143881.0252101,PC1,0,29,0.54542,2.35129,0.42336,0.00010089224088005722
1773143881.0252101,PC1,0,30,0.39089,2.38669,0.13876,7.657042442588136e-05
1773143881.0252101,PC1,0,31,0.60246,2.38645,0.18492,0.000598528771661222
1773143881.0252101,PC1,0,32,0.48526,2.41597,-0.18737,0.00027425927692092955
1773143881.0252101,PC1,0,Angle_Elbow_L,111.48,,,
1773143881.0252101,PC1,0,Angle_Shoulder_L,131.14,,,
1773143881.0252101,PC1,0,Angle_Shoulder_R,147.83,,,
1773143881.0252101,PC1,0,Length_UpperArm_L,0.2352,,,
1773143881.0252101,PC1,0,Length_LowerArm_L,0.3366,,,
1773143881.0252101,PC1,0,Length_UpperArm_R,0.2864,,,
1773143881.0252101,PC1,0,Width_Shoulder,0.3315,,,
1773143881.100547,PC1,0,0,0.53107,0.56118,-0.32656,0.9997836947441101
1773143881.100547,PC1,0,1,0.53465,0.51611,-0.29156,0.9994013905525208
1773143881.100547,PC1,0,2,0.53925,0.51705,-0.29136,0.9994661211967468
1773143881.100547,PC1,0,3,0.5432,0.51818,-0.29124,0.9993011951446533
1773143881.100547,PC1,0,4,0.51304,0.51058,-0.32699,0.9996134638786316
1773143881.100547,PC1,0,5,0.50245,0.50832,-0.32672,0.9997013807296753
1773143881.100547,PC1,0,6,0.49071,0.50666,-0.32686,0.9995870590209961
1773143881.100547,PC1,0,7,0.5283,0.53108,-0.09759,0.9994036555290222
1773143881.100547,PC1,0,8,0.45506,0.51918,-0.26375,0.9997469186782837
1773143881.100547,PC1,0,9,0.53067,0.60987,-0.25388,0.9996827840805054
1773143881.100547,PC1,0,10,0.50743,0.60786,-0.30123,0.9998430013656616
1773143881.100547,PC1,0,11,0.57094,0.7475,0.01578,0.9993703961372375
1773143881.100547,PC1,0,12,0.34969,0.72369,-0.22051,0.9991558790206909
1773143881.100547,PC1,0,13,0.70901,0.90107,-0.08843,0.8668683171272278
1773143881.100547,PC1,0,14,0.25145,0.98748,-0.27388,0.6243493556976318
1773143881.100547,PC1,0,15,0.82966,0.79967,-0.37874,0.9046933054924011
1773143881.100547,PC1,0,16,0.51913,1.15522,-0.9775,0.4551960229873657
1773143881.100547,PC1,0,17,0.87415,0.72799,-0.43496,0.881870687007904
1773143881.100547,PC1,0,18,0.42756,1.40829,-0.72039,0.4717453420162201
1773143881.100547,PC1,0,19,0.84778,0.69595,-0.44956,0.9042811989784241
1773143881.100547,PC1,0,20,0.24527,1.39628,-0.46449,0.5386149287223816
1773143881.100547,PC1,0,21,0.82808,0.72472,-0.40116,0.9122750163078308
1773143881.100547,PC1,0,22,0.24105,1.3676,-0.40992,0.5411288738250732
1773143881.100547,PC1,0,23,0.57904,1.36342,0.06538,0.016291717067360878
1773143881.100547,PC1,0,24,0.42127,1.38918,-0.06265,0.008578862994909286
1773143881.100547,PC1,0,25,0.57769,1.83065,0.1012,0.0010840288596227765
1773143881.100547,PC1,0,26,0.43173,1.87311,-0.06293,0.0011174825485795736
1773143881.100547,PC1,0,27,0.55843,2.27531,0.40908,0.00010247929458273575
1773143881.100547,PC1,0,28,0.41329,2.30946,0.13144,4.61957351944875e-05
1773143881.100547,PC1,0,29,0.54542,2.35129,0.42336,0.00012863927986472845
1773143881.100547,PC1,0,30,0.39089,2.38669,0.13876,8.073241770034656e-05
1773143881.100547,PC1,0,31,0.60246,2.38645,0.18492,0.0007875697920098901
1773143881.100547,PC1,0,32,0.48526,2.41597,-0.18737,0.0002992784429807216
1773143881.100547,PC1,0,Angle_Elbow_L,114.21,,,
1773143881.100547,PC1,0,Angle_Shoulder_L,128.23,,,
1773143881.100547,PC1,0,Angle_Shoulder_R,148.92,,,
1773143881.100547,PC1,0,Length_UpperArm_L,0.2313,,,
1773143881.100547,PC1,0,Length_LowerArm_L,0.3303,,,
1773143881.100547,PC1,0,Length_UpperArm_R,0.2865,,,
1773143881.100547,PC1,0,Width_Shoulder,0.3246,,,
1773143881.175064,PC1,0,0,0.52424,0.56372,-0.31431,0.9998037219047546
1773143881.175064,PC1,0,1,0.52742,0.51894,-0.27954,0.9994571805000305
1773143881.175064,PC1,0,2,0.5319,0.51976,-0.27934,0.9995163083076477
1773143881.175064,PC1,0,3,0.53575,0.52081,-0.27922,0.9993671774864197
1773143881.175064,PC1,0,4,0.50588,0.51373,-0.31495,0.9996485114097595
1773143881.175064,PC1,0,5,0.49494,0.51152,-0.31466,0.9997279644012451
1773143881.175064,PC1,0,6,0.48303,0.50984,-0.31479,0.9996231198310852
1773143881.175064,PC1,0,7,0.51971,0.5328,-0.08664,0.9994605779647827
1773143881.175064,PC1,0,8,0.44821,0.52081,-0.25233,0.9997702836990356
1773143881.175064,PC1,0,9,0.5233,0.61167,-0.24066,0.9997115135192871
1773143881.175064,PC1,0,10,0.50037,0.60942,-0.28855,0.9998570084571838
1773143881.175064,PC1,0,11,0.5616,0.74406,0.03821,0.9994293451309204
1773143881.175064,PC1,0,12,0.34721,0.72161,-0.2051,0.9991922378540039
1773143881.175064,PC1,0,13,0.69559,0.88481,-0.04789,0.8792358040809631
1773143881.175064,PC1,0,14,0.25436,0.98886,-0.28343,0.6368213295936584
1773143881.175064,PC1,0,15,0.82315,0.77862,-0.30617,0.9141483306884766
1773143881.175064,PC1,0,16,0.51913,1.15522,-0.9775,0.4752557575702667
1773143881.175064,PC1,0,17,0.86607,0.70424,-0.36201,0.8934696912765503
1773143881.175064,PC1,0,18,0.42756,1.40829,-0.72039,0.49451956152915955
1773143881.175064,PC1,0,19,0.83945,0.67214,-0.37624,0.9136747121810913
1773143881.175064,PC1,0,20,0.25553,1.39939,-0.50126,0.5611286163330078
1773143881.175064,PC1,0,21,0.8209,0.70105,-0.32779,0.9208290576934814
1773143881.175064,PC1,0,22,0.25535,1.37057,-0.44374,0.5620902180671692
1773143881.175064,PC1,0,23,0.57904,1.36342,0.06538,0.017055867239832878
1773143881.175064,PC1,0,24,0.42127,1.38918,-0.06265,0.008744306862354279
1773143881.175064,PC1,0,25,0.57769,1.83065,0.1012,0.0013214224018156528
1773143881.175064,PC1,0,26,0.43173,1.87311,-0.06293,0.0014162538573145866
1773143881.175064,PC1,0,27,0.55843,2.27531,0.40908,0.00010959131031995639
1773143881.175064,PC1,0,28,0.41329,2.30946,0.13144,5.245175998425111e-05
1773143881.175064,PC1,0,29,0.54542,2.35129,0.42336,0.0001356762950308621
1773143881.175064,PC1,0,30,0.39089,2.38669,0.13876,8.905296999728307e-05
1773143881.175064,PC1,0,31,0.60246,2.38645,0.18492,0.0009694581385701895
1773143881.175064,PC1,0,32,0.48526,2.41597,-0.18737,0.0003521626931615174
1773143881.175064,PC1,0,Angle_Elbow_L,111.94,,,
1773143881.175064,PC1,0,Angle_Shoulder_L,130.27,,,
1773143881.175064,PC1,0,Angle_Shoulder_R,147.49,,,
1773143881.175064,PC1,0,Length_UpperArm_L,0.2125,,,
1773143881.175064,PC1,0,Length_LowerArm_L,0.307,,,
1773143881.175064,PC1,0,Length_UpperArm_R,0.2936,,,
1773143881.175064,PC1,0,Width_Shoulder,0.3251,,,
1773143881.237189,PC1,0,0,0.51733,0.56532,-0.30572,0.9998227953910828
1773143881.237189,PC1,0,1,0.52039,0.52083,-0.27224,0.9995095729827881
1773143881.237189,PC1,0,2,0.52485,0.52156,-0.27206,0.999563455581665
1773143881.237189,PC1,0,3,0.52873,0.52254,-0.27191,0.9994288086891174
1773143881.237189,PC1,0,4,0.4985,0.51586,-0.30774,0.9996818900108337
1773143881.237189,PC1,0,5,0.4876,0.51374,-0.30748,0.9997536540031433
1773143881.237189,PC1,0,6,0.47556,0.51215,-0.30762,0.9996579885482788
1773143881.237189,PC1,0,7,0.5123,0.53398,-0.08184,0.9995132684707642
1773143881.237189,PC1,0,8,0.4415,0.52274,-0.24786,0.999792218208313
1773143881.237189,PC1,0,9,0.5164,0.61252,-0.23316,0.9997389912605286
1773143881.237189,PC1,0,10,0.49364,0.61043,-0.28117,0.9998704791069031
1773143881.237189,PC1,0,11,0.55389,0.74142,0.03948,0.9994843602180481
1773143881.237189,PC1,0,12,0.34327,0.72177,-0.19846,0.999234139919281
1773143881.237189,PC1,0,13,0.68388,0.87064,-0.0441,0.8902517557144165
1773143881.237189,PC1,0,14,0.25642,0.99493,-0.28901,0.6414350271224976
1773143881.237189,PC1,0,15,0.81584,0.76427,-0.27642,0.9226746559143066
1773143881.237189,PC1,0,16,0.51913,1.15522,-0.9775,0.47545477747917175
1773143881.237189,PC1,0,17,0.85698,0.68586,-0.33536,0.9039446711540222
1773143881.237189,PC1,0,18,0.42756,1.40829,-0.72039,0.49757009744644165
1773143881.237189,PC1,0,19,0.83145,0.65457,-0.35647,0.9221532940864563
1773143881.237189,PC1,0,20,0.26865,1.40528,-0.51558,0.5651832222938538
1773143881.237189,PC1,0,21,0.81399,0.68512,-0.30044,0.92856764793396
1773143881.237189,PC1,0,22,0.27053,1.37514,-0.45804,0.5664317607879639
1773143881.237189,PC1,0,23,0.57904,1.36342,0.06538,0.018824821338057518
1773143881.237189,PC1,0,24,0.42127,1.38918,-0.06265,0.009480186738073826
1773143881.237189,PC1,0,25,0.57769,1.83065,0.1012,0.0015909936046227813
1773143881.237189,PC1,0,26,0.43173,1.87311,-0.06293,0.0018945167539641261
1773143881.237189,PC1,0,27,0.55843,2.27531,0.40908,0.00012315814092289656
1773143881.237189,PC1,0,28,0.41329,2.30946,0.13144,5.813955795019865e-05
1773143881.237189,PC1,0,29,0.54542,2.35129,0.42336,0.00015005601744633168
1773143881.237189,PC1,0,30,0.39089,2.38669,0.13876,9.448515629628673e-05
1773143881.237189,PC1,0,31,0.60246,2.38645,0.18492,0.001131962868385017
1773143881.237189,PC1,0,32,0.48526,2.41597,-0.18737,0.0003959605237469077
1773143881.237189,PC1,0,Angle_Elbow_L,113.2,,,
1773143881.237189,PC1,0,Angle_Shoulder_L,129.35,,,
1773143881.237189,PC1,0,Angle_Shoulder_R,146.99,,,
1773143881.237189,PC1,0,Length_UpperArm_L,0.2014,,,
1773143881.237189,PC1,0,Length_LowerArm_L,0.2876,,,
1773143881.237189,PC1,0,Length_UpperArm_R,0.3006,,,
1773143881.237189,PC1,0,Width_Shoulder,0.3184,,,
1773143881.366666,PC1,0,0,0.51052,0.56647,-0.3186,0.9998378157615662
1773143881.366666,PC1,0,1,0.51401,0.52273,-0.28399,0.9995522499084473
1773143881.366666,PC1,0,2,0.51846,0.5234,-0.28386,0.9996019005775452
1773143881.366666,PC1,0,3,0.52237,0.52434,-0.28371,0.9994794726371765
1773143881.366666,PC1,0,4,0.49199,0.51791,-0.32192,0.9997081756591797
1773143881.366666,PC1,0,5,0.48104,0.51586,-0.32175,0.9997734427452087
1773143881.366666,PC1,0,6,0.46888,0.51439,-0.32193,0.9996846318244934
1773143881.366666,PC1,0,7,0.50624,0.53531,-0.08102,0.9995566606521606
1773143881.366666,PC1,0,8,0.43507,0.525,-0.25908,0.999809741973877
1773143881.366666,PC1,0,9,0.50946,0.61303,-0.24045,0.9997596740722656
1773143881.366666,PC1,0,10,0.48703,0.61119,-0.29182,0.9998804330825806
1773143881.366666,PC1,0,11,0.5467,0.73976,0.05414,0.9995256066322327
1773143881.366666,PC1,0,12,0.33969,0.722,-0.20673,0.9991699457168579
1773143881.366666,PC1,0,13,0.67617,0.86298,-0.02497,0.9002924561500549
1773143881.366666,PC1,0,14,0.25785,0.99735,-0.30952,0.6390615701675415
1773143881.366666,PC1,0,15,0.81007,0.7518,-0.25952,0.9303550720214844
1773143881.366666,PC1,0,16,0.51913,1.15522,-0.9775,0.4862443208694458
1773143881.366666,PC1,0,17,0.84873,0.66777,-0.31932,0.9133937954902649
1773143881.366666,PC1,0,18,0.27646,1.39836,-0.6218,0.5117003321647644
1773143881.366666,PC1,0,19,0.82365,0.63996,-0.33812,0.9298058748245239
1773143881.366666,PC1,0,20,0.27604,1.40158,-0.56045,0.5800290107727051
1773143881.366666,PC1,0,21,0.80707,0.67196,-0.2826,0.9355425238609314
1773143881.366666,PC1,0,22,0.27896,1.37186,-0.49959,0.5795641541481018
1773143881.366666,PC1,0,23,0.57904,1.36342,0.06538,0.01907401904463768
1773143881.366666,PC1,0,24,0.42127,1.38918,-0.06265,0.009456180036067963
1773143881.366666,PC1,0,25,0.57769,1.83065,0.1012,0.0017594998935237527
1773143881.366666,PC1,0,26,0.43173,1.87311,-0.06293,0.0019911129493266344
1773143881.366666,PC1,0,27,0.55843,2.27531,0.40908,0.00013137038331478834
1773143881.366666,PC1,0,28,0.41329,2.30946,0.13144,6.843581650173292e-05
1773143881.366666,PC1,0,29,0.54542,2.35129,0.42336,0.00015946233179420233
1773143881.366666,PC1,0,30,0.39089,2.38669,0.13876,0.00011409597209421918
1773143881.366666,PC1,0,31,0.60246,2.38645,0.18492,0.0013071512803435326
1773143881.366666,PC1,0,32,0.48526,2.41597,-0.18737,0.0004869669792242348
1773143881.366666,PC1,0,Angle_Elbow_L,112.88,,,
1773143881.366666,PC1,0,Angle_Shoulder_L,129.28,,,
1773143881.366666,PC1,0,Angle_Shoulder_R,146.01,,,
1773143881.366666,PC1,0,Length_UpperArm_L,0.1955,,,
1773143881.366666,PC1,0,Length_LowerArm_L,0.2921,,,
1773143881.366666,PC1,0,Length_UpperArm_R,0.3051,,,
1773143881.366666,PC1,0,Width_Shoulder,0.3335,,,
1773143881.42913,PC1,0,0,0.49954,0.56777,-0.3406,0.999850869178772
1773143881.42913,PC1,0,1,0.50388,0.52541,-0.30288,0.9995906949043274
1773143881.42913,PC1,0,2,0.5085,0.52612,-0.3028,0.9996365308761597
1773143881.42913,PC1,0,3,0.51258,0.52712,-0.30267,0.9995253086090088
1773143881.42913,PC1,0,4,0.48139,0.52044,-0.34425,0.9997315406799316
1773143881.42913,PC1,0,5,0.4704,0.51844,-0.34418,0.9997908473014832
1773143881.42913,PC1,0,6,0.45799,0.51707,-0.3444,0.9997080564498901
1773143881.42913,PC1,0,7,0.49752,0.53791,-0.08052,0.9995959401130676
1773143881.42913,PC1,0,8,0.42478,0.52802,-0.27484,0.9998252987861633
1773143881.42913,PC1,0,9,0.49872,0.6136,-0.25465,0.9997774958610535
1773143881.42913,PC1,0,10,0.47601,0.61198,-0.31044,0.9998887181282043
1773143881.42913,PC1,0,11,0.53723,0.73845,0.07679,0.9995608329772949
1773143881.42913,PC1,0,12,0.33228,0.72785,-0.22634,0.999055027961731
1773143881.42913,PC1,0,13,0.66843,0.85241,2e-05,0.9091817140579224
1773143881.42913,PC1,0,14,0.25931,1.00205,-0.34747,0.6378005146980286
1773143881.42913,PC1,0,15,0.79993,0.73023,-0.24434,0.9372543096542358
1773143881.42913,PC1,0,16,0.51913,1.15522,-0.9775,0.4913357198238373
1773143881.42913,PC1,0,17,0.83652,0.64072,-0.30552,0.9218724966049194
1773143881.42913,PC1,0,18,0.28173,1.3929,-0.64168,0.5201193690299988
1773143881.42913,PC1,0,19,0.81209,0.61508,-0.32092,0.9366761445999146
1773143881.42913,PC1,0,20,0.29288,1.38975,-0.63116,0.5899983644485474
1773143881.42913,PC1,0,21,0.79634,0.64836,-0.2663,0.9417959451675415
1773143881.42913,PC1,0,22,0.29547,1.36138,-0.56593,0.5875959396362305
1773143881.42913,PC1,0,23,0.57904,1.36342,0.06538,0.01916499249637127
1773143881.42913,PC1,0,24,0.42127,1.38918,-0.06265,0.009374411776661873
1773143881.42913,PC1,0,25,0.57769,1.83065,0.1012,0.002048233523964882
1773143881.42913,PC1,0,26,0.43173,1.87311,-0.06293,0.0022189412266016006
1773143881.42913,PC1,0,27,0.55843,2.27531,0.40908,0.00014856696361675858
1773143881.42913,PC1,0,28,0.41329,2.30946,0.13144,8.010308374650776e-05
1773143881.42913,PC1,0,29,0.54542,2.35129,0.42336,0.0001845809310907498
1773143881.42913,PC1,0,30,0.39089,2.38669,0.13876,0.0001480870123486966
1773143881.42913,PC1,0,31,0.60246,2.38645,0.18492,0.001511109760031104
1773143881.42913,PC1,0,32,0.48526,2.41597,-0.18737,0.0005760107305832207
1773143881.42913,PC1,0,Angle_Elbow_L,112.55,,,
1773143881.42913,PC1,0,Angle_Shoulder_L,127.94,,,
1773143881.42913,PC1,0,Angle_Shoulder_R,143.94,,,
1773143881.42913,PC1,0,Length_UpperArm_L,0.19,,,
1773143881.42913,PC1,0,Length_LowerArm_L,0.3032,,,
1773143881.42913,PC1,0,Length_UpperArm_R,0.3085,,,
1773143881.42913,PC1,0,Width_Shoulder,0.3661,,,
1773143881.492704,PC1,0,0,0.49225,0.56843,-0.35018,0.9998626708984375
1773143881.492704,PC1,0,1,0.49645,0.52708,-0.31076,0.9996256232261658
1773143881.492704,PC1,0,2,0.50089,0.52785,-0.3107,0.9996677041053772
1773143881.492704,PC1,0,3,0.50479,0.5289,-0.31056,0.9995664954185486
1773143881.492704,PC1,0,4,0.47433,0.52207,-0.35328,0.9997531771659851
1773143881.492704,PC1,0,5,0.46333,0.5201,-0.35324,0.9998072385787964
1773143881.492704,PC1,0,6,0.45102,0.51878,-0.35347,0.9997303485870361
1773143881.492704,PC1,0,7,0.48984,0.54,-0.07978,0.9996310472488403
1773143881.492704,PC1,0,8,0.41768,0.53019,-0.27896,0.9998399019241333
1773143881.492704,PC1,0,9,0.49132,0.61383,-0.26025,0.9997926354408264
1773143881.492704,PC1,0,10,0.469,0.6124,-0.31747,0.9998960494995117
1773143881.492704,PC1,0,11,0.52976,0.73767,0.09245,0.9995858073234558
1773143881.492704,PC1,0,12,0.32734,0.73035,-0.23526,0.9989129304885864
1773143881.492704,PC1,0,13,0.66212,0.84374,0.02128,0.9171079397201538
1773143881.492704,PC1,0,14,0.25864,1.00359,-0.37143,0.6436471939086914
1773143881.492704,PC1,0,15,0.79433,0.71893,-0.22108,0.9434736967086792
1773143881.492704,PC1,0,16,0.33528,1.23192,-0.66147,0.509777307510376
1773143881.492704,PC1,0,17,0.83034,0.6282,-0.28305,0.9295330047607422
1773143881.492704,PC1,0,18,0.29831,1.37162,-0.65751,0.5382436513900757
1773143881.492704,PC1,0,19,0.80681,0.60504,-0.29938,0.9428816437721252
1773143881.492704,PC1,0,20,0.31224,1.36328,-0.66117,0.6072766780853271
1773143881.492704,PC1,0,21,0.79181,0.63914,-0.24362,0.9474555253982544
1773143881.492704,PC1,0,22,0.31289,1.33648,-0.59421,0.6017408967018127
1773143881.492704,PC1,0,23,0.57904,1.36342,0.06538,0.020586494356393814
1773143881.492704,PC1,0,24,0.42127,1.38918,-0.06265,0.009889292530715466
1773143881.492704,PC1,0,25,0.57769,1.83065,0.1012,0.002337678335607052
1773143881.492704,PC1,0,26,0.43173,1.87311,-0.06293,0.002544746035709977
1773143881.492704,PC1,0,27,0.55843,2.27531,0.40908,0.00016599069931544363
1773143881.492704,PC1,0,28,0.41329,2.30946,0.13144,0.00011018117220373824
1773143881.492704,PC1,0,29,0.54542,2.35129,0.42336,0.0002042791893472895
1773143881.492704,PC1,0,30,0.39089,2.38669,0.13876,0.00019868940580636263
1773143881.492704,PC1,0,31,0.60246,2.38645,0.18492,0.001783966668881476
1773143881.492704,PC1,0,32,0.48526,2.41597,-0.18737,0.0007919780327938497
1773143881.492704,PC1,0,Angle_Elbow_L,112.7,,,
1773143881.492704,PC1,0,Angle_Elbow_R,144.98,,,
1773143881.492704,PC1,0,Angle_Shoulder_L,127.26,,,
1773143881.492704,PC1,0,Angle_Shoulder_R,142.14,,,
1773143881.492704,PC1,0,Length_UpperArm_L,0.1839,,,
1773143881.492704,PC1,0,Length_LowerArm_L,0.303,,,
1773143881.492704,PC1,0,Length_UpperArm_R,0.3129,,,
1773143881.492704,PC1,0,Length_LowerArm_R,0.377,,,
1773143881.492704,PC1,0,Width_Shoulder,0.3853,,,
1773143881.55657,PC1,0,0,0.48332,0.56913,-0.36384,0.999869167804718
1773143881.55657,PC1,0,1,0.48801,0.52883,-0.32344,0.9996476769447327
1773143881.55657,PC1,0,2,0.49256,0.52967,-0.32342,0.9996891617774963
1773143881.55657,PC1,0,3,0.49662,0.53078,-0.3233,0.9995957612991333
1773143881.55657,PC1,0,4,0.4658,0.52365,-0.3649,0.9997622966766357
1773143881.55657,PC1,0,5,0.45481,0.52165,-0.36489,0.9998128414154053
1773143881.55657,PC1,0,6,0.44274,0.52039,-0.36514,0.9997348785400391
1773143881.55657,PC1,0,7,0.48314,0.54222,-0.08781,0.9996559023857117
1773143881.55657,PC1,0,8,0.41028,0.53244,-0.28211,0.9998465180397034
1773143881.55657,PC1,0,9,0.48304,0.6142,-0.2722,0.9998009204864502
1773143881.55657,PC1,0,10,0.46079,0.61276,-0.32778,0.9998986124992371
1773143881.55657,PC1,0,11,0.52283,0.73664,0.09133,0.999610960483551
1773143881.55657,PC1,0,12,0.32225,0.73382,-0.23521,0.9985728859901428
1773143881.55657,PC1,0,13,0.65489,0.83613,0.02157,0.9247069954872131
1773143881.55657,PC1,0,14,0.25777,1.00702,-0.36343,0.6440354585647583
1773143881.55657,PC1,0,15,0.78897,0.71177,-0.22421,0.9490727782249451
1773143881.55657,PC1,0,16,0.33106,1.23379,-0.62793,0.5086643695831299
1773143881.55657,PC1,0,17,0.82413,0.62042,-0.28831,0.9364141225814819
1773143881.55657,PC1,0,18,0.30815,1.35613,-0.63793,0.5358655452728271
1773143881.55657,PC1,0,19,0.80178,0.59867,-0.30488,0.9484578371047974
1773143881.55657,PC1,0,20,0.32444,1.34564,-0.65494,0.6066858768463135
1773143881.55657,PC1,0,21,0.78655,0.6328,-0.24666,0.9525381922721863
1773143881.55657,PC1,0,22,0.32403,1.32045,-0.58679,0.5998714566230774
1773143881.55657,PC1,0,23,0.57904,1.36342,0.06538,0.021467795595526695
1773143881.55657,PC1,0,24,0.42127,1.38918,-0.06265,0.010049990378320217
1773143881.55657,PC1,0,25,0.57769,1.83065,0.1012,0.0028790265787392855
1773143881.55657,PC1,0,26,0.43173,1.87311,-0.06293,0.00283919763751328
1773143881.55657,PC1,0,27,0.55843,2.27531,0.40908,0.00019737517868634313
1773143881.55657,PC1,0,28,0.41329,2.30946,0.13144,0.000126860715681687
1773143881.55657,PC1,0,29,0.54542,2.35129,0.42336,0.00023761347983963788
1773143881.55657,PC1,0,30,0.39089,2.38669,0.13876,0.000246758630964905
1773143881.55657,PC1,0,31,0.60246,2.38645,0.18492,0.0019192348700016737
1773143881.55657,PC1,0,32,0.48526,2.41597,-0.18737,0.0008865876588970423
1773143881.55657,PC1,0,Angle_Elbow_L,114.14,,,
1773143881.55657,PC1,0,Angle_Elbow_R,146.05,,,
1773143881.55657,PC1,0,Angle_Shoulder_L,126.22,,,
1773143881.55657,PC1,0,Angle_Shoulder_R,143.27,,,
1773143881.55657,PC1,0,Length_UpperArm_L,0.1795,,,
1773143881.55657,PC1,0,Length_LowerArm_L,0.3064,,,
1773143881.55657,PC1,0,Length_UpperArm_R,0.3086,,,
1773143881.55657,PC1,0,Length_LowerArm_R,0.356,,,
1773143881.55657,PC1,0,Width_Shoulder,0.3832,,,
1773143881.619047,PC1,0,0,0.47426,0.5698,-0.36342,0.9998764991760254
1773143881.619047,PC1,0,1,0.47941,0.53038,-0.32108,0.9996711611747742
1773143881.619047,PC1,0,2,0.48415,0.53127,-0.32109,0.9997106790542603
1773143881.619047,PC1,0,3,0.48842,0.53244,-0.32097,0.9996245503425598
1773143881.619047,PC1,0,4,0.4571,0.52516,-0.36209,0.9997755885124207
1773143881.619047,PC1,0,5,0.44626,0.5232,-0.36211,0.9998229742050171
1773143881.619047,PC1,0,6,0.43444,0.52201,-0.36236,0.9997482299804688
1773143881.619047,PC1,0,7,0.47647,0.54423,-0.08448,0.99968022108078
1773143881.619047,PC1,0,8,0.40303,0.53468,-0.2753,0.9998562335968018
1773143881.619047,PC1,0,9,0.47478,0.61452,-0.27194,0.9998061060905457
1773143881.619047,PC1,0,10,0.45253,0.6131,-0.32649,0.9999013543128967
1773143881.619047,PC1,0,11,0.51526,0.73586,0.09389,0.9996076226234436
1773143881.619047,PC1,0,12,0.31742,0.73886,-0.2376,0.9981851577758789
1773143881.619047,PC1,0,13,0.64603,0.83027,0.0315,0.930346667766571
1773143881.619047,PC1,0,14,0.25644,1.00945,-0.3813,0.6555407047271729
1773143881.619047,PC1,0,15,0.78329,0.71267,-0.19997,0.9540287852287292
1773143881.619047,PC1,0,16,0.33789,1.22463,-0.62649,0.5226774215698242
1773143881.619047,PC1,0,17,0.81889,0.62423,-0.2623,0.9424353837966919
1773143881.619047,PC1,0,18,0.32983,1.33486,-0.64862,0.5476961731910706
1773143881.619047,PC1,0,19,0.79794,0.60337,-0.28134,0.9533392190933228
1773143881.619047,PC1,0,20,0.34752,1.31837,-0.66913,0.6182714104652405
1773143881.619047,PC1,0,21,0.78251,0.6378,-0.22311,0.9569721817970276
1773143881.619047,PC1,0,22,0.3441,1.29409,-0.60155,0.6091982126235962
1773143881.619047,PC1,0,23,0.57904,1.36342,0.06538,0.02235310710966587
1773143881.619047,PC1,0,24,0.42127,1.38918,-0.06265,0.010292774997651577
1773143881.619047,PC1,0,25,0.57769,1.83065,0.1012,0.003178731771185994
1773143881.619047,PC1,0,26,0.43173,1.87311,-0.06293,0.003015527268871665
1773143881.619047,PC1,0,27,0.55843,2.27531,0.40908,0.00020837830379605293
1773143881.619047,PC1,0,28,0.41329,2.30946,0.13144,0.0001395242870785296
1773143881.619047,PC1,0,29,0.54542,2.35129,0.42336,0.00024632367421872914
1773143881.619047,PC1,0,30,0.39089,2.38669,0.13876,0.0002680283214431256
1773143881.619047,PC1,0,31,0.60246,2.38645,0.18492,0.001968580763787031
1773143881.619047,PC1,0,32,0.48526,2.41597,-0.18737,0.0009515857673250139
1773143881.619047,PC1,0,Angle_Elbow_L,114.78,,,
1773143881.619047,PC1,0,Angle_Elbow_R,147.4,,,
1773143881.619047,PC1,0,Angle_Shoulder_L,126.5,,,
1773143881.619047,PC1,0,Angle_Shoulder_R,140.91,,,
1773143881.619047,PC1,0,Length_UpperArm_L,0.1729,,,
1773143881.619047,PC1,0,Length_LowerArm_L,0.2937,,,
1773143881.619047,PC1,0,Length_UpperArm_R,0.3124,,,
1773143881.619047,PC1,0,Length_LowerArm_R,0.3362,,,
1773143881.619047,PC1,0,Width_Shoulder,0.3861,,,
1773143881.682751,PC1,0,0,0.46648,0.56886,-0.35863,0.9998849630355835
1773143881.682751,PC1,0,1,0.47142,0.53075,-0.31499,0.9996956586837769
1773143881.682751,PC1,0,2,0.4762,0.53185,-0.315,0.9997320175170898
1773143881.682751,PC1,0,3,0.48056,0.53318,-0.31487,0.9996528625488281
1773143881.682751,PC1,0,4,0.44918,0.52494,-0.35655,0.9997915029525757
1773143881.682751,PC1,0,5,0.43868,0.52285,-0.35658,0.9998351335525513
1773143881.682751,PC1,0,6,0.42703,0.52162,-0.35684,0.9997654557228088
1773143881.682751,PC1,0,7,0.46973,0.5456,-0.07773,0.9997032284736633
1773143881.682751,PC1,0,8,0.39639,0.53598,-0.26942,0.9998669624328613
1773143881.682751,PC1,0,9,0.46776,0.61307,-0.26748,0.999815821647644
1773143881.682751,PC1,0,10,0.4455,0.61171,-0.32239,0.9999066591262817
1773143881.682751,PC1,0,11,0.50756,0.73549,0.10269,0.9996094703674316
1773143881.682751,PC1,0,12,0.31354,0.74151,-0.24494,0.9981324672698975
1773143881.682751,PC1,0,13,0.63762,0.82565,0.05173,0.9352771043777466
1773143881.682751,PC1,0,14,0.25545,1.0113,-0.39879,0.6631578207015991
1773143881.682751,PC1,0,15,0.77936,0.71684,-0.16072,0.9584180116653442
1773143881.682751,PC1,0,16,0.33613,1.22963,-0.63343,0.5317079424858093
1773143881.682751,PC1,0,17,0.81456,0.62754,-0.21595,0.9476727843284607
1773143881.682751,PC1,0,18,0.33507,1.3345,-0.66303,0.5572101473808289
1773143881.682751,PC1,0,19,0.795,0.60733,-0.2367,0.9575954079627991
1773143881.682751,PC1,0,20,0.35579,1.31735,-0.6872,0.6284114718437195
1773143881.682751,PC1,0,21,0.77991,0.6443,-0.18406,0.9608104228973389
1773143881.682751,PC1,0,22,0.35142,1.29281,-0.62044,0.6182958483695984
1773143881.682751,PC1,0,23,0.57904,1.36342,0.06538,0.022621041163802147
1773143881.682751,PC1,0,24,0.42127,1.38918,-0.06265,0.010467452928423882
1773143881.682751,PC1,0,25,0.57769,1.83065,0.1012,0.0034154707100242376
1773143881.682751,PC1,0,26,0.43173,1.87311,-0.06293,0.003417231608182192
1773143881.682751,PC1,0,27,0.55843,2.27531,0.40908,0.0002315865276614204
1773143881.682751,PC1,0,28,0.41329,2.30946,0.13144,0.00016624473209958524
1773143881.682751,PC1,0,29,0.54542,2.35129,0.42336,0.0002664602652657777
1773143881.682751,PC1,0,30,0.39089,2.38669,0.13876,0.0003234397154301405
1773143881.682751,PC1,0,31,0.60246,2.38645,0.18492,0.0021230571437627077
1773143881.682751,PC1,0,32,0.48526,2.41597,-0.18737,0.0011052886256948113
1773143881.682751,PC1,0,Angle_Elbow_L,114.93,,,
1773143881.682751,PC1,0,Angle_Elbow_R,149.87,,,
1773143881.682751,PC1,0,Angle_Shoulder_L,127.41,,,
1773143881.682751,PC1,0,Angle_Shoulder_R,139.5,,,
1773143881.682751,PC1,0,Length_UpperArm_L,0.1663,,,
1773143881.682751,PC1,0,Length_LowerArm_L,0.2776,,,
1773143881.682751,PC1,0,Length_UpperArm_R,0.316,,,
1773143881.682751,PC1,0,Length_LowerArm_R,0.3305,,,
1773143881.682751,PC1,0,Width_Shoulder,0.3982,,,
1773143881.745698,PC1,0,0,0.45993,0.56858,-0.35061,0.9998917579650879
1773143881.745698,PC1,0,1,0.46504,0.53207,-0.30676,0.9997155666351318
1773143881.745698,PC1,0,2,0.46983,0.53339,-0.30675,0.9997493624687195
1773143881.745698,PC1,0,3,0.4742,0.5349,-0.30661,0.9996770024299622
1773143881.745698,PC1,0,4,0.44309,0.52571,-0.34891,0.9998035430908203
1773143881.745698,PC1,0,5,0.43277,0.52332,-0.34893,0.9998440742492676
1773143881.745698,PC1,0,6,0.42132,0.52178,-0.34919,0.9997779130935669
1773143881.745698,PC1,0,7,0.46382,0.54759,-0.06977,0.999722957611084
1773143881.745698,PC1,0,8,0.39067,0.53714,-0.26329,0.9998737573623657
1773143881.745698,PC1,0,9,0.46132,0.61221,-0.25982,0.999823272228241
1773143881.745698,PC1,0,10,0.4393,0.6108,-0.31537,0.9999092221260071
1773143881.745698,PC1,0,11,0.50138,0.73523,0.10876,0.9996269941329956
1773143881.745698,PC1,0,12,0.31019,0.74377,-0.25,0.9980523586273193
1773143881.745698,PC1,0,13,0.63052,0.82154,0.06988,0.9405370950698853
1773143881.745698,PC1,0,14,0.25598,1.01258,-0.41537,0.6672217845916748
1773143881.745698,PC1,0,15,0.77455,0.72057,-0.12383,0.9624596238136292
1773143881.745698,PC1,0,16,0.33426,1.23956,-0.65531,0.5326921343803406
1773143881.745698,PC1,0,17,0.80976,0.63208,-0.1732,0.9525631666183472
1773143881.745698,PC1,0,18,0.33755,1.34128,-0.69148,0.5583289861679077
1773143881.745698,PC1,0,19,0.79178,0.61205,-0.19645,0.9615593552589417
1773143881.745698,PC1,0,20,0.3598,1.32464,-0.72029,0.6300354599952698
1773143881.745698,PC1,0,21,0.77707,0.64997,-0.14743,0.9644011855125427
1773143881.745698,PC1,0,22,0.35608,1.2993,-0.65249,0.6187480092048645
1773143881.745698,PC1,0,23,0.57904,1.36342,0.06538,0.024228151887655258
1773143881.745698,PC1,0,24,0.42127,1.38918,-0.06265,0.011067649349570274
1773143881.745698,PC1,0,25,0.57769,1.83065,0.1012,0.003595965215936303
1773143881.745698,PC1,0,26,0.43173,1.87311,-0.06293,0.0037215552292764187
1773143881.745698,PC1,0,27,0.55843,2.27531,0.40908,0.00025712529895827174
1773143881.745698,PC1,0,28,0.41329,2.30946,0.13144,0.00019988729036413133
1773143881.745698,PC1,0,29,0.54542,2.35129,0.42336,0.0002870209573302418
1773143881.745698,PC1,0,30,0.39089,2.38669,0.13876,0.00039397546788677573
1773143881.745698,PC1,0,31,0.60246,2.38645,0.18492,0.002282855100929737
1773143881.745698,PC1,0,32,0.48526,2.41597,-0.18737,0.0012664316454902291
1773143881.745698,PC1,0,Angle_Elbow_L,114.56,,,
1773143881.745698,PC1,0,Angle_Elbow_R,152.54,,,
1773143881.745698,PC1,0,Angle_Shoulder_L,128.35,,,
1773143881.745698,PC1,0,Angle_Shoulder_R,138.0,,,
1773143881.745698,PC1,0,Length_UpperArm_L,0.1601,,,
1773143881.745698,PC1,0,Length_LowerArm_L,0.2617,,,
1773143881.745698,PC1,0,Length_UpperArm_R,0.3202,,,
1773143881.745698,PC1,0,Length_LowerArm_R,0.3394,,,
1773143881.745698,PC1,0,Width_Shoulder,0.4066,,,
1773143881.871367,PC1,0,0,0.4546,0.5685,-0.33831,0.9999017119407654
1773143881.871367,PC1,0,1,0.45989,0.53331,-0.29481,0.9997420907020569
1773143881.871367,PC1,0,2,0.46467,0.5347,-0.29477,0.9997726678848267
1773143881.871367,PC1,0,3,0.46902,0.53627,-0.29462,0.9997074007987976
1773143881.871367,PC1,0,4,0.43812,0.52671,-0.33652,0.9998216032981873
1773143881.871367,PC1,0,5,0.42795,0.52422,-0.33649,0.9998582005500793
1773143881.871367,PC1,0,6,0.41676,0.52255,-0.33672,0.9997979402542114
1773143881.871367,PC1,0,7,0.45884,0.54904,-0.06302,0.9997490048408508
1773143881.871367,PC1,0,8,0.38665,0.5383,-0.25471,0.9998851418495178
1773143881.871367,PC1,0,9,0.45614,0.61169,-0.25028,0.9998389482498169
1773143881.871367,PC1,0,10,0.43431,0.61018,-0.30526,0.9999170303344727
1773143881.871367,PC1,0,11,0.49672,0.73504,0.10874,0.999657392501831
1773143881.871367,PC1,0,12,0.3071,0.74662,-0.25308,0.998151421546936
1773143881.871367,PC1,0,13,0.6251,0.81671,0.07962,0.9455022811889648
1773143881.871367,PC1,0,14,0.25554,1.01317,-0.42475,0.6736113429069519
1773143881.871367,PC1,0,15,0.77098,0.72176,-0.09998,0.9660746455192566
1773143881.871367,PC1,0,16,0.33122,1.24556,-0.66231,0.5337413549423218
1773143881.871367,PC1,0,17,0.80505,0.63513,-0.14513,0.9569104313850403
1773143881.871367,PC1,0,18,0.33728,1.34445,-0.70183,0.5594878792762756
1773143881.871367,PC1,0,19,0.78745,0.61519,-0.16875,0.9650933146476746
1773143881.871367,PC1,0,20,0.36093,1.32755,-0.73355,0.6319639086723328
1773143881.871367,PC1,0,21,0.77343,0.65375,-0.12323,0.9675947427749634
1773143881.871367,PC1,0,22,0.35734,1.302,-0.66628,0.6202840209007263
1773143881.871367,PC1,0,23,0.57904,1.36342,0.06538,0.026791060343384743
1773143881.871367,PC1,0,24,0.42127,1.38918,-0.06265,0.012128646485507488
1773143881.871367,PC1,0,25,0.57769,1.83065,0.1012,0.0036413297057151794
1773143881.871367,PC1,0,26,0.43173,1.87311,-0.06293,0.0037444368936121464
1773143881.871367,PC1,0,27,0.55843,2.27531,0.40908,0.000266486284090206
1773143881.871367,PC1,0,28,0.41329,2.30946,0.13144,0.00020159466657787561
1773143881.871367,PC1,0,29,0.54542,2.35129,0.42336,0.00030216379673220217
1773143881.871367,PC1,0,30,0.39089,2.38669,0.13876,0.00040607803384773433
1773143881.871367,PC1,0,31,0.60246,2.38645,0.18492,0.0023098725359886885
1773143881.871367,PC1,0,32,0.48526,2.41597,-0.18737,0.0012591136619448662
1773143881.871367,PC1,0,Angle_Elbow_L,114.72,,,
1773143881.871367,PC1,0,Angle_Elbow_R,154.51,,,
1773143881.871367,PC1,0,Angle_Shoulder_L,128.47,,,
1773143881.871367,PC1,0,Angle_Shoulder_R,136.86,,,
1773143881.871367,PC1,0,Length_UpperArm_L,0.1549,,,
1773143881.871367,PC1,0,Length_LowerArm_L,0.2501,,,
1773143881.871367,PC1,0,Length_UpperArm_R,0.3212,,,
1773143881.871367,PC1,0,Length_LowerArm_R,0.3408,,,
1773143881.871367,PC1,0,Width_Shoulder,0.4087,,,
1773143881.934889,PC1,0,0,0.45009,0.5691,-0.32709,0.9999089241027832
1773143881.934889,PC1,0,1,0.45558,0.5347,-0.28396,0.9997619390487671
1773143881.934889,PC1,0,2,0.46034,0.53613,-0.2839,0.9997897744178772
1773143881.934889,PC1,0,3,0.46466,0.53772,-0.28375,0.9997305870056152
1773143881.934889,PC1,0,4,0.43403,0.52808,-0.32554,0.9998348951339722
1773143881.934889,PC1,0,5,0.42395,0.52552,-0.3255,0.9998682737350464
1773143881.934889,PC1,0,6,0.41287,0.52371,-0.32572,0.999812662601471
1773143881.934889,PC1,0,7,0.45458,0.55048,-0.056,0.9997682571411133
1773143881.934889,PC1,0,8,0.38301,0.53936,-0.24635,0.999893307685852
1773143881.934889,PC1,0,9,0.45158,0.61191,-0.24082,0.9998488426208496
1773143881.934889,PC1,0,10,0.42994,0.61006,-0.29548,0.9999219179153442
1773143881.934889,PC1,0,11,0.49284,0.7349,0.10966,0.9996736645698547
1773143881.934889,PC1,0,12,0.30497,0.74861,-0.25292,0.9981645345687866
1773143881.934889,PC1,0,13,0.62166,0.81059,0.08576,0.9499714374542236
1773143881.934889,PC1,0,14,0.25516,1.01377,-0.42547,0.6795622706413269
1773143881.934889,PC1,0,15,0.76752,0.72046,-0.08853,0.9692473411560059
1773143881.934889,PC1,0,16,0.32572,1.25262,-0.65547,0.5316540002822876
1773143881.934889,PC1,0,17,0.79979,0.63292,-0.13115,0.9605227112770081
1773143881.934889,PC1,0,18,0.33205,1.34936,-0.69579,0.5570778846740723
1773143881.934889,PC1,0,19,0.7822,0.615,-0.15301,0.9680289626121521
1773143881.934889,PC1,0,20,0.35582,1.33288,-0.7305,0.6308227777481079
1773143881.934889,PC1,0,21,0.76904,0.65447,-0.11087,0.9702034592628479
1773143881.934889,PC1,0,22,0.35305,1.30727,-0.66445,0.6188280582427979
1773143881.934889,PC1,0,23,0.57904,1.36342,0.06538,0.027453338727355003
1773143881.934889,PC1,0,24,0.42127,1.38918,-0.06265,0.012514431960880756
1773143881.934889,PC1,0,25,0.57769,1.83065,0.1012,0.0038646270986646414
1773143881.934889,PC1,0,26,0.43173,1.87311,-0.06293,0.004083338193595409
1773143881.934889,PC1,0,27,0.55843,2.27531,0.40908,0.00028351356741040945
1773143881.934889,PC1,0,28,0.41329,2.30946,0.13144,0.0002219371817773208
1773143881.934889,PC1,0,29,0.54542,2.35129,0.42336,0.00031348984339274466
1773143881.934889,PC1,0,30,0.39089,2.38669,0.13876,0.0004461350035853684
1773143881.934889,PC1,0,31,0.60246,2.38645,0.18492,0.0024196410086005926
1773143881.934889,PC1,0,32,0.48526,2.41597,-0.18737,0.001327918260358274
1773143881.934889,PC1,0,Angle_Elbow_L,115.86,,,
1773143881.934889,PC1,0,Angle_Elbow_R,156.42,,,
1773143881.934889,PC1,0,Angle_Shoulder_L,127.32,,,
1773143881.934889,PC1,0,Angle_Shoulder_R,136.65,,,
1773143881.934889,PC1,0,Length_UpperArm_L,0.1513,,,
1773143881.934889,PC1,0,Length_LowerArm_L,0.2445,,,
1773143881.934889,PC1,0,Length_UpperArm_R,0.3203,,,
1773143881.934889,PC1,0,Length_LowerArm_R,0.339,,,
1773143881.934889,PC1,0,Width_Shoulder,0.4086,,,
1773143881.998163,PC1,0,0,0.44409,0.5698,-0.3085,0.999923825263977
1773143881.998163,PC1,0,1,0.44909,0.53649,-0.26668,0.9998016357421875
1773143881.998163,PC1,0,2,0.45374,0.53792,-0.26659,0.9998248219490051
1773143881.998163,PC1,0,3,0.45794,0.53951,-0.26644,0.999776303768158
1773143881.998163,PC1,0,4,0.42809,0.53013,-0.30595,0.9998617172241211
1773143881.998163,PC1,0,5,0.4182,0.52759,-0.30586,0.9998891353607178
1773143881.998163,PC1,0,6,0.40727,0.52569,-0.30607,0.9998422265052795
1773143881.998163,PC1,0,7,0.44775,0.55245,-0.04735,0.9998078942298889
1773143881.998163,PC1,0,8,0.37769,0.54186,-0.22738,0.9999103546142578
1773143881.998163,PC1,0,9,0.44564,0.61208,-0.22619,0.9998714327812195
1773143881.998163,PC1,0,10,0.4244,0.6101,-0.27789,0.9999330043792725
1773143881.998163,PC1,0,11,0.48817,0.73416,0.10374,0.9997158646583557
1773143881.998163,PC1,0,12,0.30294,0.74978,-0.23671,0.9983007907867432
1773143881.998163,PC1,0,13,0.61688,0.79843,0.06425,0.9573407769203186
1773143881.998163,PC1,0,14,0.25449,1.0093,-0.42005,0.6792465448379517
1773143881.998163,PC1,0,15,0.75668,0.71125,-0.12017,0.9747888445854187
1773143881.998163,PC1,0,16,0.31189,1.25321,-0.66444,0.531526505947113
1773143881.998163,PC1,0,17,0.78645,0.6266,-0.16278,0.9670830965042114
1773143881.998163,PC1,0,18,0.31838,1.34625,-0.70926,0.5579761862754822
1773143881.998163,PC1,0,19,0.77062,0.61203,-0.18086,0.9733179211616516
1773143881.998163,PC1,0,20,0.34179,1.32839,-0.74219,0.6316065788269043
1773143881.998163,PC1,0,21,0.75861,0.65281,-0.14096,0.9749812483787537
1773143881.998163,PC1,0,22,0.33963,1.30293,-0.67876,0.6193596720695496
1773143881.998163,PC1,0,23,0.57904,1.36342,0.06538,0.030767319723963737
1773143881.998163,PC1,0,24,0.42127,1.38918,-0.06265,0.014187202788889408
1773143881.998163,PC1,0,25,0.57769,1.83065,0.1012,0.0034292389173060656
1773143881.998163,PC1,0,26,0.43173,1.87311,-0.06293,0.0035756942816078663
1773143881.998163,PC1,0,27,0.55843,2.27531,0.40908,0.0002503295545466244
1773143881.998163,PC1,0,28,0.41329,2.30946,0.13144,0.0001973442849703133
1773143881.998163,PC1,0,29,0.54542,2.35129,0.42336,0.0002805837139021605
1773143881.998163,PC1,0,30,0.39089,2.38669,0.13876,0.00039636011933907866
1773143881.998163,PC1,0,31,0.60246,2.38645,0.18492,0.0021817812230437994
1773143881.998163,PC1,0,32,0.48526,2.41597,-0.18737,0.001199861173518002
1773143881.998163,PC1,0,Angle_Elbow_L,122.23,,,
1773143881.998163,PC1,0,Angle_Elbow_R,159.42,,,
1773143881.998163,PC1,0,Angle_Shoulder_L,122.31,,,
1773143881.998163,PC1,0,Angle_Shoulder_R,135.07,,,
1773143881.998163,PC1,0,Length_UpperArm_L,0.1492,,,
1773143881.998163,PC1,0,Length_LowerArm_L,0.2473,,,
1773143881.998163,PC1,0,Length_UpperArm_R,0.3214,,,
1773143881.998163,PC1,0,Length_LowerArm_R,0.35,,,
1773143881.998163,PC1,0,Width_Shoulder,0.3879,,,
1773143882.063999,PC1,0,0,0.44129,0.56992,-0.3189,0.9999276995658875
1773143882.063999,PC1,0,1,0.44626,0.53687,-0.27556,0.9998146891593933
1773143882.063999,PC1,0,2,0.45104,0.53828,-0.27547,0.9998363852500916
1773143882.063999,PC1,0,3,0.45529,0.53985,-0.27531,0.9997920393943787
1773143882.063999,PC1,0,4,0.42514,0.53071,-0.31434,0.9998692870140076
1773143882.063999,PC1,0,5,0.41515,0.52824,-0.31426,0.9998944997787476
1773143882.063999,PC1,0,6,0.40436,0.52639,-0.31447,0.9998498558998108
1773143882.063999,PC1,0,7,0.44538,0.55301,-0.05079,0.9998213052749634
1773143882.063999,PC1,0,8,0.37559,0.54292,-0.22709,0.9999151229858398
1773143882.063999,PC1,0,9,0.44311,0.61202,-0.23472,0.9998753070831299
1773143882.063999,PC1,0,10,0.42194,0.61013,-0.28568,0.9999340772628784
1773143882.063999,PC1,0,11,0.48694,0.73356,0.10049,0.9997102618217468
1773143882.063999,PC1,0,12,0.30202,0.74974,-0.23289,0.9979735612869263
1773143882.063999,PC1,0,13,0.61482,0.79381,0.05309,0.9600321054458618
1773143882.063999,PC1,0,14,0.25209,1.00349,-0.43447,0.6847421526908875
1773143882.063999,PC1,0,15,0.75196,0.70551,-0.13905,0.9771877527236938
1773143882.063999,PC1,0,16,0.3109,1.21488,-0.6924,0.5407544374465942
1773143882.063999,PC1,0,17,0.78104,0.62125,-0.18328,0.9700173735618591
1773143882.063999,PC1,0,18,0.32215,1.29798,-0.74159,0.5641622543334961
1773143882.063999,PC1,0,19,0.76584,0.607,-0.20056,0.9756855368614197
1773143882.063999,PC1,0,20,0.34358,1.27624,-0.77005,0.6375411152839661
1773143882.063999,PC1,0,21,0.75394,0.64846,-0.15971,0.9771425724029541
1773143882.063999,PC1,0,22,0.33944,1.25421,-0.70671,0.6240860819816589
1773143882.063999,PC1,0,23,0.57904,1.36342,0.06538,0.030045682564377785
1773143882.063999,PC1,0,24,0.42127,1.38918,-0.06265,0.013692427426576614
1773143882.063999,PC1,0,25,0.57769,1.83065,0.1012,0.0032791856210678816
1773143882.063999,PC1,0,26,0.43173,1.87311,-0.06293,0.003363746451213956
1773143882.063999,PC1,0,27,0.55843,2.27531,0.40908,0.00024029593623708934
1773143882.063999,PC1,0,28,0.41329,2.30946,0.13144,0.00018606358207762241
1773143882.063999,PC1,0,29,0.54542,2.35129,0.42336,0.0002691015833988786
1773143882.063999,PC1,0,30,0.39089,2.38669,0.13876,0.00037480314495041966
1773143882.063999,PC1,0,31,0.60246,2.38645,0.18492,0.0020793622825294733
1773143882.063999,PC1,0,32,0.48526,2.41597,-0.18737,0.001153132296167314
1773143882.063999,PC1,0,Angle_Elbow_L,124.57,,,
1773143882.063999,PC1,0,Angle_Elbow_R,157.65,,,
1773143882.063999,PC1,0,Angle_Shoulder_L,120.22,,,
1773143882.063999,PC1,0,Angle_Shoulder_R,132.08,,,
1773143882.063999,PC1,0,Length_UpperArm_L,0.1491,,,
1773143882.063999,PC1,0,Length_LowerArm_L,0.252,,,
1773143882.063999,PC1,0,Length_UpperArm_R,0.3279,,,
1773143882.063999,PC1,0,Length_LowerArm_R,0.3386,,,
1773143882.063999,PC1,0,Width_Shoulder,0.3816,,,
1773143882.128712,PC1,0,0,0.43918,0.57,-0.32474,0.9999288320541382
1773143882.128712,PC1,0,1,0.44414,0.53716,-0.27959,0.999822199344635
1773143882.128712,PC1,0,2,0.44896,0.53857,-0.27951,0.9998425841331482
1773143882.128712,PC1,0,3,0.45323,0.54014,-0.27933,0.9998021125793457
1773143882.128712,PC1,0,4,0.42292,0.53114,-0.31842,0.9998732209205627
1773143882.128712,PC1,0,5,0.4129,0.52868,-0.31834,0.9998967051506042
1773143882.128712,PC1,0,6,0.40213,0.52678,-0.31855,0.9998540282249451
1773143882.128712,PC1,0,7,0.44331,0.55354,-0.05131,0.9998294115066528
1773143882.128712,PC1,0,8,0.37363,0.54361,-0.22656,0.9999174475669861
1773143882.128712,PC1,0,9,0.441,0.61199,-0.23891,0.9998713731765747
1773143882.128712,PC1,0,10,0.41987,0.61017,-0.2898,0.9999314546585083
1773143882.128712,PC1,0,11,0.48533,0.73297,0.09898,0.9996795058250427
1773143882.128712,PC1,0,12,0.30019,0.74975,-0.23304,0.997636616230011
1773143882.128712,PC1,0,13,0.61311,0.79056,0.04103,0.9612055420875549
1773143882.128712,PC1,0,14,0.2497,0.99927,-0.45956,0.6896700859069824
1773143882.128712,PC1,0,15,0.7476,0.69745,-0.15355,0.9792224764823914
1773143882.128712,PC1,0,16,0.31776,1.17257,-0.72439,0.5551596879959106
1773143882.128712,PC1,0,17,0.77597,0.61279,-0.19879,0.9723186492919922
1773143882.128712,PC1,0,18,0.33388,1.24313,-0.77706,0.5738102793693542
1773143882.128712,PC1,0,19,0.76159,0.60048,-0.21315,0.977527379989624
1773143882.128712,PC1,0,20,0.35254,1.21788,-0.79998,0.6459448933601379
1773143882.128712,PC1,0,21,0.74999,0.6415,-0.1733,0.9787800908088684
1773143882.128712,PC1,0,22,0.34659,1.20073,-0.73778,0.6312826871871948
1773143882.128712,PC1,0,23,0.57904,1.36342,0.06538,0.028908755630254745
1773143882.128712,PC1,0,24,0.42127,1.38918,-0.06265,0.01313458289951086
1773143882.128712,PC1,0,25,0.57769,1.83065,0.1012,0.0030978857539594173
1773143882.128712,PC1,0,26,0.43173,1.87311,-0.06293,0.0031345938332378864
1773143882.128712,PC1,0,27,0.55843,2.27531,0.40908,0.00022372190142050385
1773143882.128712,PC1,0,28,0.41329,2.30946,0.13144,0.00017193522944580764
1773143882.128712,PC1,0,29,0.54542,2.35129,0.42336,0.0002498114772606641
1773143882.128712,PC1,0,30,0.39089,2.38669,0.13876,0.00034505262738093734
1773143882.128712,PC1,0,31,0.60246,2.38645,0.18492,0.0019363409373909235
1773143882.128712,PC1,0,32,0.48526,2.41597,-0.18737,0.0010804784251376987
1773143882.128712,PC1,0,Angle_Elbow_L,126.81,,,
1773143882.128712,PC1,0,Angle_Elbow_R,154.77,,,
1773143882.128712,PC1,0,Angle_Shoulder_L,118.14,,,
1773143882.128712,PC1,0,Angle_Shoulder_R,128.55,,,
1773143882.128712,PC1,0,Length_UpperArm_L,0.1517,,,
1773143882.128712,PC1,0,Length_LowerArm_L,0.2542,,,
1773143882.128712,PC1,0,Length_UpperArm_R,0.3408,,,
1773143882.128712,PC1,0,Length_LowerArm_R,0.3237,,,
1773143882.128712,PC1,0,Width_Shoulder,0.3805,,,
1773143882.1937652,PC1,0,0,0.43757,0.5699,-0.32801,0.9999321103096008
1773143882.1937652,PC1,0,1,0.4425,0.53708,-0.28099,0.9998330473899841
1773143882.1937652,PC1,0,2,0.44739,0.53845,-0.28093,0.9998520612716675
1773143882.1937652,PC1,0,3,0.45171,0.54,-0.28073,0.999815046787262
1773143882.1937652,PC1,0,4,0.42126,0.53135,-0.31899,0.9998800158500671
1773143882.1937652,PC1,0,5,0.41123,0.52895,-0.31892,0.9999020099639893
1773143882.1937652,PC1,0,6,0.40047,0.52706,-0.31912,0.9998618960380554
1773143882.1937652,PC1,0,7,0.44192,0.5537,-0.04905,0.9998409748077393
1773143882.1937652,PC1,0,8,0.37215,0.5441,-0.22121,0.9999220967292786
1773143882.1937652,PC1,0,9,0.4395,0.61187,-0.2401,0.9998742341995239
1773143882.1937652,PC1,0,10,0.41842,0.6102,-0.28978,0.9999319314956665
1773143882.1937652,PC1,0,11,0.48425,0.7326,0.10135,0.9996720552444458
1773143882.1937652,PC1,0,12,0.29892,0.74918,-0.22999,0.9974822998046875
1773143882.1937652,PC1,0,13,0.61228,0.78706,0.03475,0.9630457162857056
1773143882.1937652,PC1,0,14,0.24933,0.99235,-0.47287,0.6921324729919434
1773143882.1937652,PC1,0,15,0.74483,0.68784,-0.16011,0.981073796749115
1773143882.1937652,PC1,0,16,0.31979,1.14832,-0.75478,0.5673505067825317
1773143882.1937652,PC1,0,17,0.77226,0.60456,-0.20561,0.9743962287902832
1773143882.1937652,PC1,0,18,0.33639,1.21156,-0.8107,0.5826838612556458
1773143882.1937652,PC1,0,19,0.75797,0.59448,-0.21889,0.9791898131370544
1773143882.1937652,PC1,0,20,0.35166,1.18479,-0.83226,0.6540724635124207
1773143882.1937652,PC1,0,21,0.74674,0.63416,-0.17946,0.9802838563919067
1773143882.1937652,PC1,0,22,0.34596,1.17035,-0.76906,0.6391564011573792
1773143882.1937652,PC1,0,23,0.57904,1.36342,0.06538,0.02925657108426094
1773143882.1937652,PC1,0,24,0.42127,1.38918,-0.06265,0.013235670514404774
1773143882.1937652,PC1,0,25,0.57769,1.83065,0.1012,0.003040954004973173
1773143882.1937652,PC1,0,26,0.43173,1.87311,-0.06293,0.0030077763367444277
1773143882.1937652,PC1,0,27,0.55843,2.27531,0.40908,0.00021819026733282954
1773143882.1937652,PC1,0,28,0.41329,2.30946,0.13144,0.00016378155851271003
1773143882.1937652,PC1,0,29,0.54542,2.35129,0.42336,0.00024427424068562686
1773143882.1937652,PC1,0,30,0.39089,2.38669,0.13876,0.00032708808430470526
1773143882.1937652,PC1,0,31,0.60246,2.38645,0.18492,0.0018603354692459106
1773143882.1937652,PC1,0,32,0.48526,2.41597,-0.18737,0.0010451573180034757
1773143882.1937652,PC1,0,Angle_Elbow_L,128.48,,,
1773143882.1937652,PC1,0,Angle_Elbow_R,153.97,,,
1773143882.1937652,PC1,0,Angle_Shoulder_L,116.2,,,
1773143882.1937652,PC1,0,Angle_Shoulder_R,126.29,,,
1773143882.1937652,PC1,0,Length_UpperArm_L,0.1543,,,
1773143882.1937652,PC1,0,Length_LowerArm_L,0.2557,,,
1773143882.1937652,PC1,0,Length_UpperArm_R,0.3472,,,
1773143882.1937652,PC1,0,Length_LowerArm_R,0.3298,,,
1773143882.1937652,PC1,0,Width_Shoulder,0.38,,,
1773143882.264072,PC1,0,0,0.43649,0.56973,-0.31485,0.9999379515647888
1773143882.264072,PC1,0,1,0.44145,0.53691,-0.26893,0.9998480677604675
1773143882.264072,PC1,0,2,0.4464,0.53826,-0.26889,0.9998654127120972
1773143882.264072,PC1,0,3,0.45079,0.53979,-0.26869,0.9998319149017334
1773143882.264072,PC1,0,4,0.42013,0.53141,-0.30452,0.9998905658721924
1773143882.264072,PC1,0,5,0.41007,0.52912,-0.30445,0.9999105930328369
1773143882.264072,PC1,0,6,0.39935,0.52727,-0.30462,0.9998738765716553
1773143882.264072,PC1,0,7,0.4411,0.55365,-0.03975,0.999855637550354
1773143882.264072,PC1,0,8,0.37114,0.54444,-0.20247,0.9999287128448486
1773143882.264072,PC1,0,9,0.43851,0.61176,-0.22811,0.9998842477798462
1773143882.264072,PC1,0,10,0.41745,0.61015,-0.27493,0.9999366998672485
1773143882.264072,PC1,0,11,0.48354,0.73187,0.10727,0.9996910095214844
1773143882.264072,PC1,0,12,0.29896,0.74877,-0.21485,0.9975882768630981
1773143882.264072,PC1,0,13,0.61146,0.78422,0.03263,0.9643905758857727
1773143882.264072,PC1,0,14,0.25703,0.98969,-0.47602,0.7030889391899109
1773143882.264072,PC1,0,15,0.74305,0.68191,-0.16353,0.9828384518623352
1773143882.264072,PC1,0,16,0.33115,1.10901,-0.76559,0.5990794897079468
1773143882.264072,PC1,0,17,0.76991,0.60123,-0.21089,0.9766544699668884
1773143882.264072,PC1,0,18,0.34854,1.1603,-0.82259,0.6101008653640747
1773143882.264072,PC1,0,19,0.7556,0.59052,-0.22534,0.9810275435447693
1773143882.264072,PC1,0,20,0.36126,1.13277,-0.8448,0.6771551370620728
1773143882.264072,PC1,0,21,0.74454,0.62919,-0.18309,0.9819725155830383
1773143882.264072,PC1,0,22,0.35593,1.12276,-0.7811,0.6620495915412903
1773143882.264072,PC1,0,23,0.57904,1.36342,0.06538,0.030888468027114868
1773143882.264072,PC1,0,24,0.42127,1.38918,-0.06265,0.014115272089838982
1773143882.264072,PC1,0,25,0.57769,1.83065,0.1012,0.003191024763509631
1773143882.264072,PC1,0,26,0.43173,1.87311,-0.06293,0.0031112090218812227
1773143882.264072,PC1,0,27,0.55843,2.27531,0.40908,0.00022401938622351736
1773143882.264072,PC1,0,28,0.41329,2.30946,0.13144,0.00016473516006954014
1773143882.264072,PC1,0,29,0.54542,2.35129,0.42336,0.0002509377372916788
1773143882.264072,PC1,0,30,0.39089,2.38669,0.13876,0.00031681580003350973
1773143882.264072,PC1,0,31,0.60246,2.38645,0.18492,0.0018651847494766116
1773143882.264072,PC1,0,32,0.48526,2.41597,-0.18737,0.0010388216469436884
1773143882.264072,PC1,0,Angle_Elbow_L,130.24,,,
1773143882.264072,PC1,0,Angle_Elbow_R,151.57,,,
1773143882.264072,PC1,0,Angle_Shoulder_L,115.07,,,
1773143882.264072,PC1,0,Angle_Shoulder_R,125.41,,,
1773143882.264072,PC1,0,Length_UpperArm_L,0.1571,,,
1773143882.264072,PC1,0,Length_LowerArm_L,0.2574,,,
1773143882.264072,PC1,0,Length_UpperArm_R,0.3578,,,
1773143882.264072,PC1,0,Length_LowerArm_R,0.3218,,,
1773143882.264072,PC1,0,Width_Shoulder,0.3716,,,
1773143882.416652,PC1,0,0,0.43567,0.56823,-0.30112,0.9999490976333618
1773143882.416652,PC1,0,1,0.44124,0.53502,-0.25934,0.9998757839202881
1773143882.416652,PC1,0,2,0.4467,0.53629,-0.2593,0.9998899698257446
1773143882.416652,PC1,0,3,0.45163,0.53777,-0.25915,0.9998626112937927
1773143882.416652,PC1,0,4,0.41938,0.53013,-0.28624,0.9999103546142578
1773143882.416652,PC1,0,5,0.4093,0.52828,-0.28613,0.999926745891571
1773143882.416652,PC1,0,6,0.39867,0.52681,-0.28628,0.9998965859413147
1773143882.416652,PC1,0,7,0.44412,0.55169,-0.04391,0.9998822808265686
1773143882.416652,PC1,0,8,0.37115,0.54416,-0.16972,0.9999414682388306
1773143882.416652,PC1,0,9,0.43857,0.61045,-0.22229,0.999904990196228
1773143882.416652,PC1,0,10,0.41714,0.60874,-0.25912,0.9999474883079529
1773143882.416652,PC1,0,11,0.4895,0.73062,0.08658,0.9997408390045166
1773143882.416652,PC1,0,12,0.30246,0.7461,-0.16984,0.9979712963104248
1773143882.416652,PC1,0,13,0.61097,0.78086,0.01484,0.9696701765060425
1773143882.416652,PC1,0,14,0.25642,0.97998,-0.4546,0.7448169589042664
1773143882.416652,PC1,0,15,0.74688,0.67646,-0.18689,0.9859366416931152
1773143882.416652,PC1,0,16,0.2747,1.02157,-0.81561,0.6685912013053894
1773143882.416652,PC1,0,17,0.77267,0.59868,-0.22843,0.9805026650428772
1773143882.416652,PC1,0,18,0.27486,1.04854,-0.87451,0.673194944858551
1773143882.416652,PC1,0,19,0.75667,0.58464,-0.24402,0.9841201305389404
1773143882.416652,PC1,0,20,0.28159,1.01893,-0.89118,0.7294175624847412
1773143882.416652,PC1,0,21,0.74659,0.62311,-0.20595,0.9848722815513611
1773143882.416652,PC1,0,22,0.2865,1.01711,-0.83214,0.7175975441932678
1773143882.416652,PC1,0,23,0.57904,1.36342,0.06538,0.0857294425368309
1773143882.416652,PC1,0,24,0.42127,1.38918,-0.06265,0.05321565270423889
1773143882.416652,PC1,0,25,0.57769,1.83065,0.1012,0.004833177663385868
1773143882.416652,PC1,0,26,0.43173,1.87311,-0.06293,0.0038997791707515717
1773143882.416652,PC1,0,27,0.55843,2.27531,0.40908,0.00027778188814409077
1773143882.416652,PC1,0,28,0.41329,2.30946,0.13144,0.00016755197430029511
1773143882.416652,PC1,0,29,0.54542,2.35129,0.42336,0.00032989736064337194
1773143882.416652,PC1,0,30,0.39089,2.38669,0.13876,0.0003208004345651716
1773143882.416652,PC1,0,31,0.60246,2.38645,0.18492,0.001734010991640389
1773143882.416652,PC1,0,32,0.48526,2.41597,-0.18737,0.0009416309185326099
1773143882.416652,PC1,0,Angle_Elbow_L,130.49,,,
1773143882.416652,PC1,0,Angle_Elbow_R,145.75,,,
1773143882.416652,PC1,0,Angle_Shoulder_L,115.41,,,
1773143882.416652,PC1,0,Angle_Shoulder_R,123.32,,,
1773143882.416652,PC1,0,Length_UpperArm_L,0.1498,,,
1773143882.416652,PC1,0,Length_LowerArm_L,0.2647,,,
1773143882.416652,PC1,0,Length_UpperArm_R,0.3714,,,
1773143882.416652,PC1,0,Length_LowerArm_R,0.3639,,,
1773143882.416652,PC1,0,Width_Shoulder,0.3178,,,
1773143882.494923,PC1,0,0,0.4361,0.56756,-0.28956,0.9999539852142334
1773143882.494923,PC1,0,1,0.44188,0.53387,-0.24874,0.9998878240585327
1773143882.494923,PC1,0,2,0.44756,0.53503,-0.24867,0.9999006390571594
1773143882.494923,PC1,0,3,0.45271,0.53644,-0.24852,0.9998759627342224
1773143882.494923,PC1,0,4,0.41987,0.52943,-0.27281,0.9999189972877502
1773143882.494923,PC1,0,5,0.40985,0.52774,-0.27268,0.9999337792396545
1773143882.494923,PC1,0,6,0.39941,0.52643,-0.27282,0.9999064803123474
1773143882.494923,PC1,0,7,0.44662,0.55061,-0.03974,0.9998937845230103
1773143882.494923,PC1,0,8,0.37271,0.54368,-0.15316,0.9999470114707947
1773143882.494923,PC1,0,9,0.43978,0.60977,-0.21403,0.9999139904975891
1773143882.494923,PC1,0,10,0.41818,0.60792,-0.24715,0.9999521970748901
1773143882.494923,PC1,0,11,0.49397,0.73039,0.07781,0.9997639656066895
1773143882.494923,PC1,0,12,0.30485,0.74356,-0.14916,0.998141348361969
1773143882.494923,PC1,0,13,0.61263,0.77995,0.00307,0.972130537033081
1773143882.494923,PC1,0,14,0.25229,0.97746,-0.44189,0.7605578303337097
1773143882.494923,PC1,0,15,0.75249,0.67569,-0.21263,0.987280011177063
1773143882.494923,PC1,0,16,0.25008,0.98936,-0.82751,0.6981079578399658
1773143882.494923,PC1,0,17,0.77887,0.59812,-0.25292,0.9822328686714172
1773143882.494923,PC1,0,18,0.2432,1.00422,-0.88699,0.700336217880249
1773143882.494923,PC1,0,19,0.76144,0.58027,-0.26949,0.9855223894119263
1773143882.494923,PC1,0,20,0.25194,0.97783,-0.90128,0.7519537210464478
1773143882.494923,PC1,0,21,0.75145,0.61872,-0.23237,0.9861938953399658
1773143882.494923,PC1,0,22,0.25881,0.97922,-0.84403,0.7418527007102966
1773143882.494923,PC1,0,23,0.57904,1.36342,0.06538,0.10272400826215744
1773143882.494923,PC1,0,24,0.42127,1.38918,-0.06265,0.06571413576602936
1773143882.494923,PC1,0,25,0.57769,1.83065,0.1012,0.004732321482151747
1773143882.494923,PC1,0,26,0.43173,1.87311,-0.06293,0.0036890811752527952
1773143882.494923,PC1,0,27,0.55843,2.27531,0.40908,0.0002596302656456828
1773143882.494923,PC1,0,28,0.41329,2.30946,0.13144,0.0001534093462396413
1773143882.494923,PC1,0,29,0.54542,2.35129,0.42336,0.00031160132493823767
1773143882.494923,PC1,0,30,0.39089,2.38669,0.13876,0.00029317691223695874
1773143882.494923,PC1,0,31,0.60246,2.38645,0.18492,0.001596747781150043
1773143882.494923,PC1,0,32,0.48526,2.41597,-0.18737,0.0008593621314503253
1773143882.494923,PC1,0,Angle_Elbow_L,131.89,,,
1773143882.494923,PC1,0,Angle_Elbow_R,142.48,,,
1773143882.494923,PC1,0,Angle_Shoulder_L,115.08,,,
1773143882.494923,PC1,0,Angle_Shoulder_R,122.95,,,
1773143882.494923,PC1,0,Length_UpperArm_L,0.1487,,,
1773143882.494923,PC1,0,Length_LowerArm_L,0.2774,,,
1773143882.494923,PC1,0,Length_UpperArm_R,0.3784,,,
1773143882.494923,PC1,0,Length_LowerArm_R,0.3858,,,
1773143882.494923,PC1,0,Width_Shoulder,0.2957,,,
1773143882.5720608,PC1,0,0,0.43775,0.56611,-0.31156,0.9999583959579468
1773143882.5720608,PC1,0,1,0.44415,0.53218,-0.2711,0.9998987317085266
1773143882.5720608,PC1,0,2,0.45027,0.53355,-0.27099,0.9999102354049683
1773143882.5720608,PC1,0,3,0.45571,0.53499,-0.27084,0.999888002872467
1773143882.5720608,PC1,0,4,0.42148,0.52667,-0.29282,0.9999268054962158
1773143882.5720608,PC1,0,5,0.41167,0.52474,-0.29266,0.9999400973320007
1773143882.5720608,PC1,0,6,0.40126,0.52339,-0.29281,0.9999154210090637
1773143882.5720608,PC1,0,7,0.45135,0.54936,-0.05812,0.9999041557312012
1773143882.5720608,PC1,0,8,0.37486,0.54148,-0.16004,0.9999520182609558
1773143882.5720608,PC1,0,9,0.44213,0.60892,-0.23499,0.9999222755432129
1773143882.5720608,PC1,0,10,0.41977,0.6064,-0.2648,0.9999566078186035
1773143882.5720608,PC1,0,11,0.49802,0.7293,0.06439,0.9997848868370056
1773143882.5720608,PC1,0,12,0.30749,0.74077,-0.14015,0.9982874989509583
1773143882.5720608,PC1,0,13,0.61862,0.77981,-0.00877,0.9746264219284058
1773143882.5720608,PC1,0,14,0.24959,0.96264,-0.429,0.7773246169090271
1773143882.5720608,PC1,0,15,0.75742,0.67644,-0.23334,0.9885022640228271
1773143882.5720608,PC1,0,16,0.23208,0.96803,-0.8263,0.7238243222236633
1773143882.5720608,PC1,0,17,0.78445,0.59744,-0.27118,0.9837943315505981
1773143882.5720608,PC1,0,18,0.22311,0.97407,-0.8822,0.7229375243186951
1773143882.5720608,PC1,0,19,0.766,0.57677,-0.28521,0.9867875576019287
1773143882.5720608,PC1,0,20,0.23189,0.94384,-0.89556,0.7707930207252502
1773143882.5720608,PC1,0,21,0.75624,0.61608,-0.25169,0.9873760938644409
1773143882.5720608,PC1,0,22,0.23768,0.94849,-0.8431,0.7622741460800171
1773143882.5720608,PC1,0,23,0.57904,1.36342,0.06538,0.11266032606363297
1773143882.5720608,PC1,0,24,0.42127,1.38918,-0.06265,0.07236401736736298
1773143882.5720608,PC1,0,25,0.57769,1.83065,0.1012,0.004721935838460922
1773143882.5720608,PC1,0,26,0.43173,1.87311,-0.06293,0.003465748857706785
1773143882.5720608,PC1,0,27,0.55843,2.27531,0.40908,0.00025416960124857724
1773143882.5720608,PC1,0,28,0.41329,2.30946,0.13144,0.00014155122335068882
1773143882.5720608,PC1,0,29,0.54542,2.35129,0.42336,0.00030485313618555665
1773143882.5720608,PC1,0,30,0.39089,2.38669,0.13876,0.0002728998370002955
1773143882.5720608,PC1,0,31,0.60246,2.38645,0.18492,0.0014825499383732677
1773143882.5720608,PC1,0,32,0.48526,2.41597,-0.18737,0.0007872071000747383
1773143882.5720608,PC1,0,Angle_Elbow_L,131.14,,,
1773143882.5720608,PC1,0,Angle_Elbow_R,142.89,,,
1773143882.5720608,PC1,0,Angle_Shoulder_L,115.08,,,
1773143882.5720608,PC1,0,Angle_Shoulder_R,121.52,,,
1773143882.5720608,PC1,0,Length_UpperArm_L,0.1498,,,
1773143882.5720608,PC1,0,Length_LowerArm_L,0.2835,,,
1773143882.5720608,PC1,0,Length_UpperArm_R,0.3688,,,
1773143882.5720608,PC1,0,Length_LowerArm_R,0.3977,,,
1773143882.5720608,PC1,0,Width_Shoulder,0.2798,,,
1773143882.633178,PC1,0,0,0.44055,0.56458,-0.32573,0.9999618530273438
1773143882.633178,PC1,0,1,0.44751,0.53057,-0.28429,0.9999078512191772
1773143882.633178,PC1,0,2,0.45388,0.53207,-0.28418,0.9999183416366577
1773143882.633178,PC1,0,3,0.45946,0.53347,-0.28402,0.9998981356620789
1773143882.633178,PC1,0,4,0.42436,0.52409,-0.30769,0.9999332427978516
1773143882.633178,PC1,0,5,0.41471,0.52169,-0.30755,0.9999452829360962
1773143882.633178,PC1,0,6,0.40439,0.51993,-0.30772,0.9999227523803711
1773143882.633178,PC1,0,7,0.45604,0.54775,-0.06648,0.9999130368232727
1773143882.633178,PC1,0,8,0.37806,0.53842,-0.17583,0.9999562501907349
1773143882.633178,PC1,0,9,0.44535,0.60771,-0.24702,0.9999289512634277
1773143882.633178,PC1,0,10,0.42267,0.60477,-0.27897,0.9999598860740662
1773143882.633178,PC1,0,11,0.50134,0.72859,0.06019,0.9998009204864502
1773143882.633178,PC1,0,12,0.30989,0.73763,-0.15023,0.9983744025230408
1773143882.633178,PC1,0,13,0.62396,0.78126,-0.01463,0.9767575860023499
1773143882.633178,PC1,0,14,0.24751,0.95386,-0.43384,0.7904589176177979
1773143882.633178,PC1,0,15,0.76263,0.67701,-0.2336,0.9895640015602112
1773143882.633178,PC1,0,16,0.22965,0.95116,-0.81149,0.7428897619247437
1773143882.633178,PC1,0,17,0.78961,0.59323,-0.26654,0.9850075244903564
1773143882.633178,PC1,0,18,0.22442,0.95602,-0.86375,0.7364256381988525
1773143882.633178,PC1,0,19,0.771,0.57304,-0.27586,0.9877618551254272
1773143882.633178,PC1,0,20,0.22908,0.9239,-0.87383,0.7816322445869446
1773143882.633178,PC1,0,21,0.7611,0.61295,-0.24929,0.9882602095603943
1773143882.633178,PC1,0,22,0.23653,0.92864,-0.82617,0.7743205428123474
1773143882.633178,PC1,0,23,0.57904,1.36342,0.06538,0.12796646356582642
1773143882.633178,PC1,0,24,0.42127,1.38918,-0.06265,0.08204968273639679
1773143882.633178,PC1,0,25,0.57769,1.83065,0.1012,0.005289076827466488
1773143882.633178,PC1,0,26,0.43173,1.87311,-0.06293,0.0034621725790202618
1773143882.633178,PC1,0,27,0.55843,2.27531,0.40908,0.00025896437000483274
1773143882.633178,PC1,0,28,0.41329,2.30946,0.13144,0.00013653885980602354
1773143882.633178,PC1,0,29,0.54542,2.35129,0.42336,0.00031306516029872
1773143882.633178,PC1,0,30,0.39089,2.38669,0.13876,0.00026288381195627153
1773143882.633178,PC1,0,31,0.60246,2.38645,0.18492,0.0014223086182028055
1773143882.633178,PC1,0,32,0.48526,2.41597,-0.18737,0.0007483705994673073
1773143882.633178,PC1,0,Angle_Elbow_L,130.74,,,
1773143882.633178,PC1,0,Angle_Elbow_R,141.84,,,
1773143882.633178,PC1,0,Angle_Shoulder_L,114.91,,,
1773143882.633178,PC1,0,Angle_Shoulder_R,120.57,,,
1773143882.633178,PC1,0,Length_UpperArm_L,0.153,,,
1773143882.633178,PC1,0,Length_LowerArm_L,0.2794,,,
1773143882.633178,PC1,0,Length_UpperArm_R,0.3621,,,
1773143882.633178,PC1,0,Length_LowerArm_R,0.3781,,,
1773143882.633178,PC1,0,Width_Shoulder,0.2846,,,
1773143882.696741,PC1,0,0,0.44421,0.56307,-0.34067,0.999964714050293
1773143882.696741,PC1,0,1,0.45137,0.52849,-0.29988,0.9999153017997742
1773143882.696741,PC1,0,2,0.45794,0.53005,-0.29978,0.9999250769615173
1773143882.696741,PC1,0,3,0.46363,0.53142,-0.29962,0.9999063611030579
1773143882.696741,PC1,0,4,0.42772,0.52155,-0.32244,0.9999383091926575
1773143882.696741,PC1,0,5,0.41806,0.51898,-0.32231,0.9999493956565857
1773143882.696741,PC1,0,6,0.40758,0.51713,-0.3225,0.9999282956123352
1773143882.696741,PC1,0,7,0.46083,0.5459,-0.08164,0.9999205470085144
1773143882.696741,PC1,0,8,0.38125,0.53615,-0.18729,0.9999594688415527
1773143882.696741,PC1,0,9,0.44976,0.60659,-0.26162,0.9999342560768127
1773143882.696741,PC1,0,10,0.42646,0.60356,-0.29241,0.9999620914459229
1773143882.696741,PC1,0,11,0.50618,0.72758,0.04809,0.9998140931129456
1773143882.696741,PC1,0,12,0.31324,0.73532,-0.15484,0.9984233975410461
1773143882.696741,PC1,0,13,0.62911,0.78256,-0.03622,0.9786664247512817
1773143882.696741,PC1,0,14,0.2473,0.94314,-0.43644,0.8033283948898315
1773143882.696741,PC1,0,15,0.76686,0.67856,-0.26223,0.9905611276626587
1773143882.696741,PC1,0,16,0.22212,0.9352,-0.80514,0.7655091285705566
1773143882.696741,PC1,0,17,0.79386,0.591,-0.29579,0.9863057136535645
1773143882.696741,PC1,0,18,0.21761,0.93752,-0.8545,0.756800651550293
1773143882.696741,PC1,0,19,0.77477,0.57141,-0.30373,0.9888131022453308
1773143882.696741,PC1,0,20,0.22267,0.90576,-0.86217,0.7986308336257935
1773143882.696741,PC1,0,21,0.76461,0.61139,-0.27738,0.9892498254776001
1773143882.696741,PC1,0,22,0.23107,0.91215,-0.81932,0.792391300201416
1773143882.696741,PC1,0,23,0.57904,1.36342,0.06538,0.13732527196407318
1773143882.696741,PC1,0,24,0.42127,1.38918,-0.06265,0.08796706795692444
1773143882.696741,PC1,0,25,0.57769,1.83065,0.1012,0.0056634629145264626
1773143882.696741,PC1,0,26,0.43173,1.87311,-0.06293,0.0033789859153330326
1773143882.696741,PC1,0,27,0.55843,2.27531,0.40908,0.0002656159922480583
1773143882.696741,PC1,0,28,0.41329,2.30946,0.13144,0.0001311560918111354
1773143882.696741,PC1,0,29,0.54542,2.35129,0.42336,0.0003173892619088292
1773143882.696741,PC1,0,30,0.39089,2.38669,0.13876,0.00025055938749574125
1773143882.696741,PC1,0,31,0.60246,2.38645,0.18492,0.001358799054287374
1773143882.696741,PC1,0,32,0.48526,2.41597,-0.18737,0.0007094620959833264
1773143882.696741,PC1,0,Angle_Elbow_L,132.06,,,
1773143882.696741,PC1,0,Angle_Elbow_R,142.07,,,
1773143882.696741,PC1,0,Angle_Shoulder_L,113.84,,,
1773143882.696741,PC1,0,Angle_Shoulder_R,118.95,,,
1773143882.696741,PC1,0,Length_UpperArm_L,0.1589,,,
1773143882.696741,PC1,0,Length_LowerArm_L,0.2844,,,
1773143882.696741,PC1,0,Length_UpperArm_R,0.3561,,,
1773143882.696741,PC1,0,Length_LowerArm_R,0.3696,,,
1773143882.696741,PC1,0,Width_Shoulder,0.2801,,,
1773143882.760784,PC1,0,0,0.44869,0.56159,-0.35345,0.9999666810035706
1773143882.760784,PC1,0,1,0.4556,0.52661,-0.31219,0.999920666217804
1773143882.760784,PC1,0,2,0.46226,0.52833,-0.31211,0.9999300837516785
1773143882.760784,PC1,0,3,0.46808,0.52976,-0.31196,0.9999122619628906
1773143882.760784,PC1,0,4,0.43142,0.51914,-0.3347,0.9999420046806335
1773143882.760784,PC1,0,5,0.42151,0.5165,-0.33461,0.9999524354934692
1773143882.760784,PC1,0,6,0.41083,0.51474,-0.33482,0.9999322295188904
1773143882.760784,PC1,0,7,0.46539,0.54448,-0.09174,0.9999263882637024
1773143882.760784,PC1,0,8,0.38435,0.53448,-0.19684,0.9999618530273438
1773143882.760784,PC1,0,9,0.45482,0.60528,-0.27341,0.9999376535415649
1773143882.760784,PC1,0,10,0.43088,0.60247,-0.30402,0.9999631643295288
1773143882.760784,PC1,0,11,0.51022,0.72668,0.04013,0.9998244643211365
1773143882.760784,PC1,0,12,0.31681,0.73437,-0.16071,0.9984679818153381
1773143882.760784,PC1,0,13,0.63446,0.78407,-0.0562,0.9803959131240845
1773143882.760784,PC1,0,14,0.24794,0.93641,-0.45405,0.8153828978538513
1773143882.760784,PC1,0,15,0.77252,0.68071,-0.29274,0.9914286732673645
1773143882.760784,PC1,0,16,0.21693,0.91978,-0.83668,0.7855237722396851
1773143882.760784,PC1,0,17,0.79913,0.58969,-0.32709,0.9873652458190918
1773143882.760784,PC1,0,18,0.21011,0.91638,-0.88941,0.7743112444877625
1773143882.760784,PC1,0,19,0.77952,0.57089,-0.33537,0.9896689057350159
1773143882.760784,PC1,0,20,0.2156,0.88588,-0.89652,0.8131449818611145
1773143882.760784,PC1,0,21,0.76908,0.61053,-0.3082,0.9900351166725159
1773143882.760784,PC1,0,22,0.22475,0.89499,-0.85126,0.8077876567840576
1773143882.760784,PC1,0,23,0.57904,1.36342,0.06538,0.14977306127548218
1773143882.760784,PC1,0,24,0.42127,1.38918,-0.06265,0.09654541313648224
1773143882.760784,PC1,0,25,0.57769,1.83065,0.1012,0.006629572715610266
1773143882.760784,PC1,0,26,0.43173,1.87311,-0.06293,0.003563767299056053
1773143882.760784,PC1,0,27,0.55843,2.27531,0.40908,0.0002919868566095829
1773143882.760784,PC1,0,28,0.41329,2.30946,0.13144,0.00014905516582075506
1773143882.760784,PC1,0,29,0.54542,2.35129,0.42336,0.0003448820789344609
1773143882.760784,PC1,0,30,0.39089,2.38669,0.13876,0.0002662469632923603
1773143882.760784,PC1,0,31,0.60246,2.38645,0.18492,0.0014275572029873729
1773143882.760784,PC1,0,32,0.48526,2.41597,-0.18737,0.0007572735194116831
1773143882.760784,PC1,0,Angle_Elbow_L,133.96,,,
1773143882.760784,PC1,0,Angle_Elbow_R,142.79,,,
1773143882.760784,PC1,0,Angle_Shoulder_L,112.48,,,
1773143882.760784,PC1,0,Angle_Shoulder_R,116.63,,,
1773143882.760784,PC1,0,Length_UpperArm_L,0.1674,,,
1773143882.760784,PC1,0,Length_LowerArm_L,0.2927,,,
1773143882.760784,PC1,0,Length_UpperArm_R,0.3628,,,
1773143882.760784,PC1,0,Length_LowerArm_R,0.3842,,,
1773143882.760784,PC1,0,Width_Shoulder,0.2789,,,
1773143882.9592,PC1,0,0,0.4569,0.55579,-0.32711,0.9999721646308899
1773143882.9592,PC1,0,1,0.46385,0.51987,-0.29025,0.999934196472168
1773143882.9592,PC1,0,2,0.47098,0.52178,-0.29014,0.9999420046806335
1773143882.9592,PC1,0,3,0.4775,0.52362,-0.29,0.9999273419380188
1773143882.9592,PC1,0,4,0.43847,0.51279,-0.30791,0.9999516010284424
1773143882.9592,PC1,0,5,0.42787,0.51061,-0.30774,0.9999601244926453
1773143882.9592,PC1,0,6,0.417,0.50957,-0.3079,0.999943196773529
1773143882.9592,PC1,0,7,0.47669,0.54071,-0.08858,0.9999392032623291
1773143882.9592,PC1,0,8,0.39179,0.53114,-0.17056,0.9999678134918213
1773143882.9592,PC1,0,9,0.46514,0.60065,-0.2539,0.9999476075172424
1773143882.9592,PC1,0,10,0.43934,0.59805,-0.27803,0.9999681711196899
1773143882.9592,PC1,0,11,0.52217,0.72376,0.01727,0.9998497366905212
1773143882.9592,PC1,0,12,0.32815,0.73135,-0.12446,0.998619556427002
1773143882.9592,PC1,0,13,0.64367,0.79242,-0.09477,0.9830724000930786
1773143882.9592,PC1,0,14,0.25318,0.93151,-0.39042,0.8293334245681763
1773143882.9592,PC1,0,15,0.78384,0.69051,-0.34808,0.9929465651512146
1773143882.9592,PC1,0,16,0.21073,0.86986,-0.74838,0.8210973739624023
1773143882.9592,PC1,0,17,0.81371,0.60197,-0.38483,0.9893812537193298
1773143882.9592,PC1,0,18,0.19921,0.85445,-0.79602,0.8083921670913696
1773143882.9592,PC1,0,19,0.79151,0.57606,-0.39129,0.9913122057914734
1773143882.9592,PC1,0,20,0.20482,0.82327,-0.79752,0.841513454914093
1773143882.9592,PC1,0,21,0.77968,0.61519,-0.36371,0.9915857911109924
1773143882.9592,PC1,0,22,0.21257,0.8335,-0.76124,0.8377362489700317
1773143882.9592,PC1,0,23,0.57904,1.36342,0.06538,0.14973263442516327
1773143882.9592,PC1,0,24,0.42127,1.38918,-0.06265,0.09735102206468582
1773143882.9592,PC1,0,25,0.57769,1.83065,0.1012,0.006053184159100056
1773143882.9592,PC1,0,26,0.43173,1.87311,-0.06293,0.0031035100109875202
1773143882.9592,PC1,0,27,0.55843,2.27531,0.40908,0.00024985964410007
1773143882.9592,PC1,0,28,0.41329,2.30946,0.13144,0.00012443482410162687
1773143882.9592,PC1,0,29,0.54542,2.35129,0.42336,0.0002930629998445511
1773143882.9592,PC1,0,30,0.39089,2.38669,0.13876,0.0002204189804615453
1773143882.9592,PC1,0,31,0.60246,2.38645,0.18492,0.0011971598723903298
1773143882.9592,PC1,0,32,0.48526,2.41597,-0.18737,0.0006319539388641715
1773143882.9592,PC1,0,Angle_Elbow_L,134.38,,,
1773143882.9592,PC1,0,Angle_Elbow_R,133.6,,,
1773143882.9592,PC1,0,Angle_Shoulder_L,113.89,,,
1773143882.9592,PC1,0,Angle_Shoulder_R,119.35,,,
1773143882.9592,PC1,0,Length_UpperArm_L,0.179,,,
1773143882.9592,PC1,0,Length_LowerArm_L,0.3069,,,
1773143882.9592,PC1,0,Length_UpperArm_R,0.3412,,,
1773143882.9592,PC1,0,Length_LowerArm_R,0.3657,,,
1773143882.9592,PC1,0,Width_Shoulder,0.2404,,,
1773143883.019997,PC1,0,0,0.4598,0.55536,-0.3316,0.9999738931655884
1773143883.019997,PC1,0,1,0.46724,0.51939,-0.29404,0.9999391436576843
1773143883.019997,PC1,0,2,0.47437,0.52136,-0.29396,0.9999463558197021
1773143883.019997,PC1,0,3,0.48084,0.52328,-0.29389,0.9999328851699829
1773143883.019997,PC1,0,4,0.44163,0.51192,-0.31143,0.999954879283905
1773143883.019997,PC1,0,5,0.43089,0.50965,-0.31127,0.9999626874923706
1773143883.019997,PC1,0,6,0.41992,0.50866,-0.31143,0.9999468922615051
1773143883.019997,PC1,0,7,0.47979,0.54006,-0.08631,0.999944269657135
1773143883.019997,PC1,0,8,0.39443,0.53026,-0.16561,0.9999697804450989
1773143883.019997,PC1,0,9,0.46759,0.60057,-0.25546,0.999951183795929
1773143883.019997,PC1,0,10,0.44181,0.59748,-0.27954,0.9999696016311646
1773143883.019997,PC1,0,11,0.52447,0.72346,0.01602,0.9998611211776733
1773143883.019997,PC1,0,12,0.33009,0.72879,-0.11764,0.9986997246742249
1773143883.019997,PC1,0,13,0.64571,0.79616,-0.09772,0.9845163822174072
1773143883.019997,PC1,0,14,0.25252,0.92941,-0.38794,0.8387216925621033
1773143883.019997,PC1,0,15,0.78724,0.69444,-0.35545,0.9935455322265625
1773143883.019997,PC1,0,16,0.21062,0.86253,-0.78039,0.835204005241394
1773143883.019997,PC1,0,17,0.81729,0.60708,-0.39261,0.9900338649749756
1773143883.019997,PC1,0,18,0.19913,0.84565,-0.83233,0.82111656665802
1773143883.019997,PC1,0,19,0.7958,0.58067,-0.40041,0.9918404817581177
1773143883.019997,PC1,0,20,0.20339,0.81021,-0.83315,0.8518013954162598
1773143883.019997,PC1,0,21,0.78388,0.61981,-0.37146,0.9920380711555481
1773143883.019997,PC1,0,22,0.21067,0.82062,-0.79343,0.8484752774238586
1773143883.019997,PC1,0,23,0.57904,1.36342,0.06538,0.16659685969352722
1773143883.019997,PC1,0,24,0.42127,1.38918,-0.06265,0.11012403666973114
1773143883.019997,PC1,0,25,0.57769,1.83065,0.1012,0.007143449503928423
1773143883.019997,PC1,0,26,0.43173,1.87311,-0.06293,0.0033169917296618223
1773143883.019997,PC1,0,27,0.55843,2.27531,0.40908,0.00024862398277036846
1773143883.019997,PC1,0,28,0.41329,2.30946,0.13144,0.00012567122757900506
1773143883.019997,PC1,0,29,0.54542,2.35129,0.42336,0.000293766992399469
1773143883.019997,PC1,0,30,0.39089,2.38669,0.13876,0.000216941480175592
1773143883.019997,PC1,0,31,0.60246,2.38645,0.18492,0.0011472540209069848
1773143883.019997,PC1,0,32,0.48526,2.41597,-0.18737,0.0006032432429492474
1773143883.019997,PC1,0,Angle_Elbow_L,133.81,,,
1773143883.019997,PC1,0,Angle_Elbow_R,133.92,,,
1773143883.019997,PC1,0,Angle_Shoulder_L,114.92,,,
1773143883.019997,PC1,0,Angle_Shoulder_R,119.22,,,
1773143883.019997,PC1,0,Length_UpperArm_L,0.1814,,,
1773143883.019997,PC1,0,Length_LowerArm_L,0.3111,,,
1773143883.019997,PC1,0,Length_UpperArm_R,0.3454,,,
1773143883.019997,PC1,0,Length_LowerArm_R,0.4003,,,
1773143883.019997,PC1,0,Width_Shoulder,0.236,,,
1773143883.080837,PC1,0,0,0.46248,0.55515,-0.3328,0.9999727606773376
1773143883.080837,PC1,0,1,0.47034,0.5191,-0.29339,0.9999414682388306
1773143883.080837,PC1,0,2,0.47755,0.52108,-0.29339,0.9999485015869141
1773143883.080837,PC1,0,3,0.48402,0.52303,-0.29342,0.9999361038208008
1773143883.080837,PC1,0,4,0.44447,0.51162,-0.31172,0.9999545216560364
1773143883.080837,PC1,0,5,0.43368,0.50942,-0.31164,0.9999614953994751
1773143883.080837,PC1,0,6,0.42261,0.50857,-0.3118,0.9999463558197021
1773143883.080837,PC1,0,7,0.48271,0.5396,-0.08074,0.9999470710754395
1773143883.080837,PC1,0,8,0.39705,0.53017,-0.16432,0.9999685883522034
1773143883.080837,PC1,0,9,0.46993,0.60061,-0.2545,0.9999500513076782
1773143883.080837,PC1,0,10,0.44421,0.59741,-0.27991,0.9999662637710571
1773143883.080837,PC1,0,11,0.52752,0.72329,0.01562,0.999821126461029
1773143883.080837,PC1,0,12,0.33219,0.7272,-0.10642,0.9978947043418884
1773143883.080837,PC1,0,13,0.64713,0.79963,-0.10608,0.9850186109542847
1773143883.080837,PC1,0,14,0.2535,0.92219,-0.37248,0.8358242511749268
1773143883.080837,PC1,0,15,0.78956,0.70031,-0.36446,0.9936791658401489
1773143883.080837,PC1,0,16,0.21084,0.85789,-0.77083,0.830304741859436
1773143883.080837,PC1,0,17,0.81966,0.6139,-0.40308,0.9895881414413452
1773143883.080837,PC1,0,18,0.19993,0.84059,-0.82442,0.8100285530090332
1773143883.080837,PC1,0,19,0.79867,0.58703,-0.41341,0.991434633731842
1773143883.080837,PC1,0,20,0.2027,0.80164,-0.82821,0.8395316004753113
1773143883.080837,PC1,0,21,0.78679,0.6261,-0.38028,0.9912506937980652
1773143883.080837,PC1,0,22,0.21381,0.81196,-0.7847,0.8358747959136963
1773143883.080837,PC1,0,23,0.57904,1.36342,0.06538,0.20198379456996918
1773143883.080837,PC1,0,24,0.42127,1.38918,-0.06265,0.1455925703048706
1773143883.080837,PC1,0,25,0.57769,1.83065,0.1012,0.058291491121053696
1773143883.080837,PC1,0,26,0.43173,1.87311,-0.06293,0.04190156236290932
1773143883.080837,PC1,0,27,0.55843,2.27531,0.40908,0.007595555391162634
1773143883.080837,PC1,0,28,0.41329,2.30946,0.13144,0.0076354434713721275
1773143883.080837,PC1,0,29,0.54542,2.35129,0.42336,0.009580638259649277
1773143883.080837,PC1,0,30,0.39089,2.38669,0.13876,0.010873931460082531
1773143883.080837,PC1,0,31,0.60246,2.38645,0.18492,0.009418610483407974
1773143883.080837,PC1,0,32,0.48526,2.41597,-0.18737,0.009744877927005291
1773143883.080837,PC1,0,Angle_Elbow_L,134.65,,,
1773143883.080837,PC1,0,Angle_Elbow_R,134.71,,,
1773143883.080837,PC1,0,Angle_Shoulder_L,115.29,,,
1773143883.080837,PC1,0,Angle_Shoulder_R,119.31,,,
1773143883.080837,PC1,0,Length_UpperArm_L,0.1869,,,
1773143883.080837,PC1,0,Length_LowerArm_L,0.3113,,,
1773143883.080837,PC1,0,Length_UpperArm_R,0.3391,,,
1773143883.080837,PC1,0,Length_LowerArm_R,0.4058,,,
1773143883.080837,PC1,0,Width_Shoulder,0.2304,,,
1773143883.143035,PC1,0,0,0.46468,0.55515,-0.35211,0.9999707341194153
1773143883.143035,PC1,0,1,0.47263,0.51898,-0.3118,0.9999392628669739
1773143883.143035,PC1,0,2,0.47993,0.52103,-0.31185,0.9999476075172424
1773143883.143035,PC1,0,3,0.48642,0.52306,-0.31193,0.99993497133255
1773143883.143035,PC1,0,4,0.44678,0.51141,-0.3321,0.9999507665634155
1773143883.143035,PC1,0,5,0.43599,0.50927,-0.33208,0.9999582767486572
1773143883.143035,PC1,0,6,0.42491,0.50851,-0.33225,0.9999400973320007
1773143883.143035,PC1,0,7,0.48524,0.5395,-0.09148,0.9999486804008484
1773143883.143035,PC1,0,8,0.39929,0.5301,-0.18449,0.9999656081199646
1773143883.143035,PC1,0,9,0.47198,0.60065,-0.2702,0.9999485611915588
1773143883.143035,PC1,0,10,0.44651,0.59747,-0.29804,0.9999615550041199
1773143883.143035,PC1,0,11,0.52964,0.72305,0.01556,0.9998310804367065
1773143883.143035,PC1,0,12,0.33452,0.72627,-0.11614,0.9978517293930054
1773143883.143035,PC1,0,13,0.64837,0.80244,-0.09876,0.9863344430923462
1773143883.143035,PC1,0,14,0.25792,0.91598,-0.38814,0.8360849618911743
1773143883.143035,PC1,0,15,0.79123,0.70683,-0.35085,0.9942492842674255
1773143883.143035,PC1,0,16,0.2117,0.85481,-0.80927,0.8385135531425476
1773143883.143035,PC1,0,17,0.82132,0.62022,-0.38959,0.9904009699821472
1773143883.143035,PC1,0,18,0.19723,0.83167,-0.86872,0.8169175982475281
1773143883.143035,PC1,0,19,0.80084,0.59299,-0.40246,0.9921104311943054
1773143883.143035,PC1,0,20,0.20255,0.79637,-0.87783,0.8454442620277405
1773143883.143035,PC1,0,21,0.78894,0.63278,-0.36751,0.9918947219848633
1773143883.143035,PC1,0,22,0.21483,0.80606,-0.82612,0.8419430255889893
1773143883.143035,PC1,0,23,0.57904,1.36342,0.06538,0.21547923982143402
1773143883.143035,PC1,0,24,0.42127,1.38918,-0.06265,0.15388649702072144
1773143883.143035,PC1,0,25,0.57769,1.83065,0.1012,0.06049836799502373
1773143883.143035,PC1,0,26,0.43173,1.87311,-0.06293,0.040513776242733
1773143883.143035,PC1,0,27,0.55843,2.27531,0.40908,0.007120482157915831
1773143883.143035,PC1,0,28,0.41329,2.30946,0.13144,0.007211458869278431
1773143883.143035,PC1,0,29,0.54542,2.35129,0.42336,0.008856245316565037
1773143883.143035,PC1,0,30,0.39089,2.38669,0.13876,0.010138975456357002
1773143883.143035,PC1,0,31,0.60246,2.38645,0.18492,0.009442578069865704
1773143883.143035,PC1,0,32,0.48526,2.41597,-0.18737,0.009595997631549835
1773143883.143035,PC1,0,Angle_Elbow_L,133.17,,,
1773143883.143035,PC1,0,Angle_Elbow_R,136.96,,,
1773143883.143035,PC1,0,Angle_Shoulder_L,116.64,,,
1773143883.143035,PC1,0,Angle_Shoulder_R,117.81,,,
1773143883.143035,PC1,0,Length_UpperArm_L,0.1829,,,
1773143883.143035,PC1,0,Length_LowerArm_L,0.3051,,,
1773143883.143035,PC1,0,Length_UpperArm_R,0.3404,,,
1773143883.143035,PC1,0,Length_LowerArm_R,0.4281,,,
1773143883.143035,PC1,0,Width_Shoulder,0.2354,,,
1773143883.202647,PC1,0,0,0.46616,0.55511,-0.35052,0.9999732971191406
1773143883.202647,PC1,0,1,0.47401,0.5189,-0.31103,0.999944806098938
1773143883.202647,PC1,0,2,0.48139,0.521,-0.31104,0.9999524354934692
1773143883.202647,PC1,0,3,0.48803,0.52308,-0.31107,0.9999409317970276
1773143883.202647,PC1,0,4,0.44832,0.51125,-0.33101,0.9999551177024841
1773143883.202647,PC1,0,5,0.43752,0.50915,-0.33096,0.9999619126319885
1773143883.202647,PC1,0,6,0.42643,0.50845,-0.33113,0.9999452829360962
1773143883.202647,PC1,0,7,0.48704,0.53943,-0.09509,0.9999534487724304
1773143883.202647,PC1,0,8,0.4009,0.53017,-0.18776,0.9999685287475586
1773143883.202647,PC1,0,9,0.47336,0.60069,-0.2705,0.999953031539917
1773143883.202647,PC1,0,10,0.44808,0.59753,-0.29797,0.9999645948410034
1773143883.202647,PC1,0,11,0.53113,0.72289,0.01586,0.9998448491096497
1773143883.202647,PC1,0,12,0.33675,0.72613,-0.12143,0.9979716539382935
1773143883.202647,PC1,0,13,0.64925,0.80451,-0.10703,0.9870778918266296
1773143883.202647,PC1,0,14,0.26301,0.92465,-0.3923,0.823692262172699
1773143883.202647,PC1,0,15,0.79247,0.71167,-0.36886,0.9947233200073242
1773143883.202647,PC1,0,16,0.22229,0.85899,-0.79144,0.8416610956192017
1773143883.202647,PC1,0,17,0.82285,0.62458,-0.40842,0.9910315871238708
1773143883.202647,PC1,0,18,0.20879,0.83863,-0.84824,0.8189790844917297
1773143883.202647,PC1,0,19,0.80243,0.59717,-0.42028,0.9926392436027527
1773143883.202647,PC1,0,20,0.215,0.80677,-0.85457,0.8476653099060059
1773143883.202647,PC1,0,21,0.79039,0.63824,-0.3858,0.9924023747444153
1773143883.202647,PC1,0,22,0.22626,0.81636,-0.80691,0.8452098965644836
1773143883.202647,PC1,0,23,0.57904,1.36342,0.06538,0.20651426911354065
1773143883.202647,PC1,0,24,0.42127,1.38918,-0.06265,0.14628005027770996
1773143883.202647,PC1,0,25,0.57769,1.83065,0.1012,0.05501452833414078
1773143883.202647,PC1,0,26,0.43173,1.87311,-0.06293,0.036633290350437164
1773143883.202647,PC1,0,27,0.55843,2.27531,0.40908,0.006420573219656944
1773143883.202647,PC1,0,28,0.41329,2.30946,0.13144,0.006495344918221235
1773143883.202647,PC1,0,29,0.54542,2.35129,0.42336,0.007984415628015995
1773143883.202647,PC1,0,30,0.39089,2.38669,0.13876,0.009130379185080528
1773143883.202647,PC1,0,31,0.60246,2.38645,0.18492,0.008559725247323513
1773143883.202647,PC1,0,32,0.48526,2.41597,-0.18737,0.00866385642439127
1773143883.202647,PC1,0,Angle_Elbow_L,134.66,,,
1773143883.202647,PC1,0,Angle_Elbow_R,134.56,,,
1773143883.202647,PC1,0,Angle_Shoulder_L,115.95,,,
1773143883.202647,PC1,0,Angle_Shoulder_R,119.08,,,
1773143883.202647,PC1,0,Length_UpperArm_L,0.189,,,
1773143883.202647,PC1,0,Length_LowerArm_L,0.3125,,,
1773143883.202647,PC1,0,Length_UpperArm_R,0.3438,,,
1773143883.202647,PC1,0,Length_LowerArm_R,0.4065,,,
1773143883.202647,PC1,0,Width_Shoulder,0.238,,,
1773143883.263259,PC1,0,0,0.46749,0.55511,-0.36604,0.9999753832817078
1773143883.263259,PC1,0,1,0.47529,0.51881,-0.32547,0.99994957447052
1773143883.263259,PC1,0,2,0.48275,0.52097,-0.32551,0.9999565482139587
1773143883.263259,PC1,0,3,0.48948,0.52309,-0.32555,0.9999460577964783
1773143883.263259,PC1,0,4,0.44945,0.51105,-0.34532,0.9999588131904602
1773143883.263259,PC1,0,5,0.43859,0.50897,-0.34529,0.9999649524688721
1773143883.263259,PC1,0,6,0.42749,0.50831,-0.34547,0.9999496936798096
1773143883.263259,PC1,0,7,0.48864,0.53944,-0.10337,0.9999576807022095
1773143883.263259,PC1,0,8,0.40203,0.53015,-0.19599,0.9999712109565735
1773143883.263259,PC1,0,9,0.47495,0.60071,-0.28354,0.9999567270278931
1773143883.263259,PC1,0,10,0.44932,0.59755,-0.3109,0.999967098236084
1773143883.263259,PC1,0,11,0.53248,0.72244,0.01442,0.9998561143875122
1773143883.263259,PC1,0,12,0.33817,0.728,-0.12503,0.9980441331863403
1773143883.263259,PC1,0,13,0.6502,0.80684,-0.11137,0.98805171251297
1773143883.263259,PC1,0,14,0.26603,0.9296,-0.39467,0.826517641544342
1773143883.263259,PC1,0,15,0.79345,0.71522,-0.37867,0.9951480627059937
1773143883.263259,PC1,0,16,0.22581,0.8639,-0.79724,0.8495185971260071
1773143883.263259,PC1,0,17,0.82391,0.62752,-0.41963,0.9915769696235657
1773143883.263259,PC1,0,18,0.21108,0.84568,-0.85643,0.8253141045570374
1773143883.263259,PC1,0,19,0.80376,0.60038,-0.43184,0.993100106716156
1773143883.263259,PC1,0,20,0.21467,0.81136,-0.86412,0.853100597858429
1773143883.263259,PC1,0,21,0.79146,0.64199,-0.39588,0.9928171634674072
1773143883.263259,PC1,0,22,0.22834,0.82261,-0.81365,0.8514676094055176
1773143883.263259,PC1,0,23,0.57904,1.36342,0.06538,0.22174377739429474
1773143883.263259,PC1,0,24,0.42127,1.38918,-0.06265,0.1607416719198227
1773143883.263259,PC1,0,25,0.57769,1.83065,0.1012,0.0535876490175724
1773143883.263259,PC1,0,26,0.43173,1.87311,-0.06293,0.0341777503490448
1773143883.263259,PC1,0,27,0.55843,2.27531,0.40908,0.005826182197779417
1773143883.263259,PC1,0,28,0.41329,2.30946,0.13144,0.005877919029444456
1773143883.263259,PC1,0,29,0.54542,2.35129,0.42336,0.007238033227622509
1773143883.263259,PC1,0,30,0.39089,2.38669,0.13876,0.008249527774751186
1773143883.263259,PC1,0,31,0.60246,2.38645,0.18492,0.007824084721505642
1773143883.263259,PC1,0,32,0.48526,2.41597,-0.18737,0.007876196876168251
1773143883.263259,PC1,0,Angle_Elbow_L,134.71,,,
1773143883.263259,PC1,0,Angle_Elbow_R,134.1,,,
1773143883.263259,PC1,0,Angle_Shoulder_L,116.11,,,
1773143883.263259,PC1,0,Angle_Shoulder_R,119.49,,,
1773143883.263259,PC1,0,Length_UpperArm_L,0.1918,,,
1773143883.263259,PC1,0,Length_LowerArm_L,0.3168,,,
1773143883.263259,PC1,0,Length_UpperArm_R,0.3443,,,
1773143883.263259,PC1,0,Length_LowerArm_R,0.4099,,,
1773143883.263259,PC1,0,Width_Shoulder,0.2392,,,
1773143883.328647,PC1,0,0,0.46874,0.55513,-0.36092,0.9999775290489197
1773143883.328647,PC1,0,1,0.47645,0.51876,-0.32017,0.9999539256095886
1773143883.328647,PC1,0,2,0.48386,0.52098,-0.3202,0.9999604225158691
1773143883.328647,PC1,0,3,0.49059,0.52315,-0.32023,0.9999508261680603
1773143883.328647,PC1,0,4,0.45056,0.51089,-0.34118,0.9999622702598572
1773143883.328647,PC1,0,5,0.43955,0.50876,-0.34113,0.9999678730964661
1773143883.328647,PC1,0,6,0.42839,0.50805,-0.34131,0.9999537467956543
1773143883.328647,PC1,0,7,0.48975,0.53947,-0.09978,0.9999616146087646
1773143883.328647,PC1,0,8,0.40287,0.52959,-0.19811,0.9999736547470093
1773143883.328647,PC1,0,9,0.47615,0.60069,-0.2791,0.9999604225158691
1773143883.328647,PC1,0,10,0.45028,0.59743,-0.30802,0.9999697804450989
1773143883.328647,PC1,0,11,0.53306,0.72185,0.02144,0.9998688697814941
1773143883.328647,PC1,0,12,0.33912,0.7273,-0.13101,0.9981994032859802
1773143883.328647,PC1,0,13,0.65022,0.80865,-0.09667,0.9888982176780701
1773143883.328647,PC1,0,14,0.26728,0.9346,-0.40166,0.8236261606216431
1773143883.328647,PC1,0,15,0.79413,0.7183,-0.35837,0.9955697059631348
1773143883.328647,PC1,0,16,0.22673,0.87319,-0.80325,0.8548091053962708
1773143883.328647,PC1,0,17,0.82466,0.63091,-0.39905,0.9922067523002625
1773143883.328647,PC1,0,18,0.21067,0.85977,-0.86432,0.8305115699768066
1773143883.328647,PC1,0,19,0.80488,0.60352,-0.4134,0.9936235547065735
1773143883.328647,PC1,0,20,0.21428,0.82792,-0.87453,0.8579479455947876
1773143883.328647,PC1,0,21,0.79235,0.64539,-0.37677,0.9933398962020874
1773143883.328647,PC1,0,22,0.22889,0.83844,-0.821,0.857676088809967
1773143883.328647,PC1,0,23,0.57904,1.36342,0.06538,0.21784959733486176
1773143883.328647,PC1,0,24,0.42127,1.38918,-0.06265,0.15683038532733917
1773143883.328647,PC1,0,25,0.57769,1.83065,0.1012,0.049283891916275024
1773143883.328647,PC1,0,26,0.43173,1.87311,-0.06293,0.031164884567260742
1773143883.328647,PC1,0,27,0.55843,2.27531,0.40908,0.005268577486276627
1773143883.328647,PC1,0,28,0.41329,2.30946,0.13144,0.005311991088092327
1773143883.328647,PC1,0,29,0.54542,2.35129,0.42336,0.006551735103130341
1773143883.328647,PC1,0,30,0.39089,2.38669,0.13876,0.007450802251696587
1773143883.328647,PC1,0,31,0.60246,2.38645,0.18492,0.007192457094788551
1773143883.328647,PC1,0,32,0.48526,2.41597,-0.18737,0.007165544666349888
1773143883.328647,PC1,0,Angle_Elbow_L,133.0,,,
1773143883.328647,PC1,0,Angle_Elbow_R,134.03,,,
1773143883.328647,PC1,0,Angle_Shoulder_L,117.76,,,
1773143883.328647,PC1,0,Angle_Shoulder_R,120.23,,,
1773143883.328647,PC1,0,Length_UpperArm_L,0.1876,,,
1773143883.328647,PC1,0,Length_LowerArm_L,0.312,,,
1773143883.328647,PC1,0,Length_UpperArm_R,0.3484,,,
1773143883.328647,PC1,0,Length_LowerArm_R,0.4083,,,
1773143883.328647,PC1,0,Width_Shoulder,0.2467,,,
1773143883.391367,PC1,0,0,0.47034,0.55574,-0.35006,0.9999792575836182
1773143883.391367,PC1,0,1,0.47799,0.51929,-0.31091,0.9999577403068542
1773143883.391367,PC1,0,2,0.48519,0.52135,-0.31091,0.9999637007713318
1773143883.391367,PC1,0,3,0.49171,0.52344,-0.31091,0.999954879283905
1773143883.391367,PC1,0,4,0.45224,0.51179,-0.33229,0.999965250492096
1773143883.391367,PC1,0,5,0.44126,0.50955,-0.33223,0.9999703764915466
1773143883.391367,PC1,0,6,0.43009,0.50862,-0.33242,0.999957263469696
1773143883.391367,PC1,0,7,0.49056,0.53956,-0.09499,0.9999649524688721
1773143883.391367,PC1,0,8,0.40419,0.52933,-0.19641,0.9999757409095764
1773143883.391367,PC1,0,9,0.47725,0.60128,-0.26977,0.999963641166687
1773143883.391367,PC1,0,10,0.45151,0.59811,-0.29927,0.9999720454216003
1773143883.391367,PC1,0,11,0.53345,0.72135,0.03008,0.9998790621757507
1773143883.391367,PC1,0,12,0.34009,0.72294,-0.13434,0.9983315467834473
1773143883.391367,PC1,0,13,0.6503,0.80983,-0.07829,0.9895907640457153
1773143883.391367,PC1,0,14,0.26845,0.92637,-0.40668,0.8291116952896118
1773143883.391367,PC1,0,15,0.79468,0.7211,-0.33258,0.9959508776664734
1773143883.391367,PC1,0,16,0.23152,0.87954,-0.79862,0.8621050715446472
1773143883.391367,PC1,0,17,0.82522,0.6352,-0.37138,0.9927418231964111
1773143883.391367,PC1,0,18,0.21402,0.86884,-0.85752,0.8369918465614319
1773143883.391367,PC1,0,19,0.80561,0.60637,-0.38631,0.994055449962616
1773143883.391367,PC1,0,20,0.22122,0.84077,-0.86786,0.8633708953857422
1773143883.391367,PC1,0,21,0.79282,0.64802,-0.35098,0.9937782883644104
1773143883.391367,PC1,0,22,0.23458,0.85001,-0.81584,0.8635250926017761
1773143883.391367,PC1,0,23,0.57904,1.36342,0.06538,0.2260514795780182
1773143883.391367,PC1,0,24,0.42127,1.38918,-0.06265,0.1613498032093048
1773143883.391367,PC1,0,25,0.57769,1.83065,0.1012,0.045709364116191864
1773143883.391367,PC1,0,26,0.43173,1.87311,-0.06293,0.02855708822607994
1773143883.391367,PC1,0,27,0.55843,2.27531,0.40908,0.0047799875028431416
1773143883.391367,PC1,0,28,0.41329,2.30946,0.13144,0.004802245181053877
1773143883.391367,PC1,0,29,0.54542,2.35129,0.42336,0.0059394873678684235
1773143883.391367,PC1,0,30,0.39089,2.38669,0.13876,0.006734171882271767
1773143883.391367,PC1,0,31,0.60246,2.38645,0.18492,0.006621355656534433
1773143883.391367,PC1,0,32,0.48526,2.41597,-0.18737,0.0065205940045416355
1773143883.391367,PC1,0,Angle_Elbow_L,131.05,,,
1773143883.391367,PC1,0,Angle_Elbow_R,136.47,,,
1773143883.391367,PC1,0,Angle_Shoulder_L,119.67,,,
1773143883.391367,PC1,0,Angle_Shoulder_R,119.84,,,
1773143883.391367,PC1,0,Length_UpperArm_L,0.1823,,,
1773143883.391367,PC1,0,Length_LowerArm_L,0.3056,,,
1773143883.391367,PC1,0,Length_UpperArm_R,0.3474,,,
1773143883.391367,PC1,0,Length_LowerArm_R,0.3965,,,
1773143883.391367,PC1,0,Width_Shoulder,0.2538,,,
1773143883.451766,PC1,0,0,0.47178,0.55642,-0.35341,0.999980628490448
1773143883.451766,PC1,0,1,0.4792,0.51985,-0.31511,0.999960720539093
1773143883.451766,PC1,0,2,0.48629,0.52176,-0.31507,0.9999663829803467
1773143883.451766,PC1,0,3,0.49265,0.52376,-0.31504,0.9999579787254333
1773143883.451766,PC1,0,4,0.45354,0.51279,-0.33751,0.9999675750732422
1773143883.451766,PC1,0,5,0.44256,0.51057,-0.33744,0.9999723434448242
1773143883.451766,PC1,0,6,0.43133,0.50955,-0.33764,0.9999599456787109
1773143883.451766,PC1,0,7,0.49109,0.53987,-0.10189,0.999967634677887
1773143883.451766,PC1,0,8,0.4051,0.52961,-0.20776,0.9999775290489197
1773143883.451766,PC1,0,9,0.47832,0.60207,-0.27407,0.9999661445617676
1773143883.451766,PC1,0,10,0.45278,0.59913,-0.30485,0.9999740719795227
1773143883.451766,PC1,0,11,0.5337,0.72193,0.02741,0.9998819231987
1773143883.451766,PC1,0,12,0.34049,0.72019,-0.15198,0.9984105825424194
1773143883.451766,PC1,0,13,0.65037,0.8107,-0.09954,0.9894486665725708
1773143883.451766,PC1,0,14,0.26326,0.91969,-0.42169,0.8287860751152039
1773143883.451766,PC1,0,15,0.7948,0.72301,-0.37395,0.9962376356124878
1773143883.451766,PC1,0,16,0.23987,0.89406,-0.79215,0.8640283346176147
1773143883.451766,PC1,0,17,0.82552,0.63711,-0.4157,0.9931008815765381
1773143883.451766,PC1,0,18,0.22628,0.88914,-0.8479,0.8371591567993164
1773143883.451766,PC1,0,19,0.80588,0.60819,-0.42778,0.9943460822105408
1773143883.451766,PC1,0,20,0.23474,0.85676,-0.85503,0.8637348413467407
1773143883.451766,PC1,0,21,0.79272,0.64994,-0.39182,0.9940527677536011
1773143883.451766,PC1,0,22,0.24758,0.86816,-0.80689,0.8636685609817505
1773143883.451766,PC1,0,23,0.57904,1.36342,0.06538,0.21431145071983337
1773143883.451766,PC1,0,24,0.42127,1.38918,-0.06265,0.15253230929374695
1773143883.451766,PC1,0,25,0.57769,1.83065,0.1012,0.04221029952168465
1773143883.451766,PC1,0,26,0.43173,1.87311,-0.06293,0.02603888511657715
1773143883.451766,PC1,0,27,0.55843,2.27531,0.40908,0.00435669394209981
1773143883.451766,PC1,0,28,0.41329,2.30946,0.13144,0.004345628432929516
1773143883.451766,PC1,0,29,0.54542,2.35129,0.42336,0.005410834681242704
1773143883.451766,PC1,0,30,0.39089,2.38669,0.13876,0.006089591886848211
1773143883.451766,PC1,0,31,0.60246,2.38645,0.18492,0.006214407738298178
1773143883.451766,PC1,0,32,0.48526,2.41597,-0.18737,0.005996492225676775
1773143883.451766,PC1,0,Angle_Elbow_L,134.63,,,
1773143883.451766,PC1,0,Angle_Elbow_R,138.96,,,
1773143883.451766,PC1,0,Angle_Shoulder_L,116.61,,,
1773143883.451766,PC1,0,Angle_Shoulder_R,118.51,,,
1773143883.451766,PC1,0,Length_UpperArm_L,0.1939,,,
1773143883.451766,PC1,0,Length_LowerArm_L,0.3223,,,
1773143883.451766,PC1,0,Length_UpperArm_R,0.3443,,,
1773143883.451766,PC1,0,Length_LowerArm_R,0.3721,,,
1773143883.451766,PC1,0,Width_Shoulder,0.2637,,,
1773143883.579199,PC1,0,0,0.47275,0.55685,-0.35549,0.9999821186065674
1773143883.579199,PC1,0,1,0.48004,0.52024,-0.31727,0.9999640583992004
1773143883.579199,PC1,0,2,0.48707,0.52207,-0.31723,0.9999691843986511
1773143883.579199,PC1,0,3,0.49336,0.52405,-0.31718,0.9999614953994751
1773143883.579199,PC1,0,4,0.45442,0.51326,-0.33864,0.9999701380729675
1773143883.579199,PC1,0,5,0.44347,0.51099,-0.33857,0.9999744892120361
1773143883.579199,PC1,0,6,0.43219,0.50993,-0.33877,0.9999630451202393
1773143883.579199,PC1,0,7,0.49202,0.54012,-0.10519,0.9999704360961914
1773143883.579199,PC1,0,8,0.40573,0.52979,-0.20461,0.9999792575836182
1773143883.579199,PC1,0,9,0.47907,0.60249,-0.27695,0.9999686479568481
1773143883.579199,PC1,0,10,0.4536,0.59939,-0.30674,0.9999757409095764
1773143883.579199,PC1,0,11,0.53417,0.72282,0.0246,0.9998834133148193
1773143883.579199,PC1,0,12,0.34075,0.71759,-0.14974,0.9984455108642578
1773143883.579199,PC1,0,13,0.64987,0.81159,-0.1102,0.9892734885215759
1773143883.579199,PC1,0,14,0.26583,0.91668,-0.42894,0.8254457116127014
1773143883.579199,PC1,0,15,0.79262,0.72599,-0.39472,0.9965232014656067
1773143883.579199,PC1,0,16,0.24519,0.89347,-0.81179,0.8703051209449768
1773143883.579199,PC1,0,17,0.82561,0.64391,-0.43782,0.9935570359230042
1773143883.579199,PC1,0,18,0.23025,0.88406,-0.87075,0.8450205326080322
1773143883.579199,PC1,0,19,0.80601,0.61419,-0.45167,0.9947210550308228
1773143883.579199,PC1,0,20,0.24208,0.86064,-0.87753,0.8706604242324829
1773143883.579199,PC1,0,21,0.79197,0.65226,-0.41343,0.9944297075271606
1773143883.579199,PC1,0,22,0.25459,0.87033,-0.82717,0.8706973195075989
1773143883.579199,PC1,0,23,0.57904,1.36342,0.06538,0.22372367978096008
1773143883.579199,PC1,0,24,0.42127,1.38918,-0.06265,0.1607675701379776
1773143883.579199,PC1,0,25,0.57769,1.83065,0.1012,0.03919590264558792
1773143883.579199,PC1,0,26,0.43173,1.87311,-0.06293,0.02390417829155922
1773143883.579199,PC1,0,27,0.55843,2.27531,0.40908,0.0039552501402795315
1773143883.579199,PC1,0,28,0.41329,2.30946,0.13144,0.00393547210842371
1773143883.579199,PC1,0,29,0.54542,2.35129,0.42336,0.004904798232018948
1773143883.579199,PC1,0,30,0.39089,2.38669,0.13876,0.005507307592779398
1773143883.579199,PC1,0,31,0.60246,2.38645,0.18492,0.005714395083487034
1773143883.579199,PC1,0,32,0.48526,2.41597,-0.18737,0.0054816254414618015
1773143883.579199,PC1,0,Angle_Elbow_L,136.23,,,
1773143883.579199,PC1,0,Angle_Elbow_R,140.36,,,
1773143883.579199,PC1,0,Angle_Shoulder_L,115.63,,,
1773143883.579199,PC1,0,Angle_Shoulder_R,117.71,,,
1773143883.579199,PC1,0,Length_UpperArm_L,0.1986,,,
1773143883.579199,PC1,0,Length_LowerArm_L,0.3296,,,
1773143883.579199,PC1,0,Length_UpperArm_R,0.351,,,
1773143883.579199,PC1,0,Length_LowerArm_R,0.3841,,,
1773143883.579199,PC1,0,Width_Shoulder,0.2604,,,
1773143883.639966,PC1,0,0,0.47431,0.55899,-0.3707,0.9999828934669495
1773143883.639966,PC1,0,1,0.48154,0.52251,-0.32597,0.9999675154685974
1773143883.639966,PC1,0,2,0.48843,0.52417,-0.32604,0.9999722838401794
1773143883.639966,PC1,0,3,0.49463,0.52611,-0.32606,0.999965250492096
1773143883.639966,PC1,0,4,0.45646,0.51567,-0.34791,0.9999722242355347
1773143883.639966,PC1,0,5,0.44555,0.51321,-0.34794,0.9999762177467346
1773143883.639966,PC1,0,6,0.43426,0.51183,-0.34813,0.9999656677246094
1773143883.639966,PC1,0,7,0.49324,0.5416,-0.10165,0.9999735951423645
1773143883.639966,PC1,0,8,0.40694,0.52984,-0.19966,0.9999812245368958
1773143883.639966,PC1,0,9,0.48025,0.60394,-0.28516,0.9999657869338989
1773143883.639966,PC1,0,10,0.45515,0.60087,-0.31563,0.9999730587005615
1773143883.639966,PC1,0,11,0.53555,0.7256,0.02474,0.9997872710227966
1773143883.639966,PC1,0,12,0.33921,0.71543,-0.14216,0.9977931976318359
1773143883.639966,PC1,0,13,0.64808,0.81393,-0.12838,0.9864639639854431
1773143883.639966,PC1,0,14,0.26562,0.91512,-0.44591,0.8066616654396057
1773143883.639966,PC1,0,15,0.78883,0.74141,-0.42348,0.9964877963066101
1773143883.639966,PC1,0,16,0.24475,0.87844,-0.85318,0.8730158805847168
1773143883.639966,PC1,0,17,0.82559,0.6695,-0.46798,0.9934265613555908
1773143883.639966,PC1,0,18,0.23566,0.86511,-0.9171,0.8479579091072083
1773143883.639966,PC1,0,19,0.8073,0.63857,-0.4832,0.9947075247764587
1773143883.639966,PC1,0,20,0.24974,0.84458,-0.92047,0.8725382089614868
1773143883.639966,PC1,0,21,0.79163,0.67044,-0.44263,0.9941202402114868
1773143883.639966,PC1,0,22,0.26116,0.85453,-0.86732,0.8710814714431763
1773143883.639966,PC1,0,23,0.57904,1.36342,0.06538,0.23561353981494904
1773143883.639966,PC1,0,24,0.42127,1.38918,-0.06265,0.189002126455307
1773143883.639966,PC1,0,25,0.57769,1.83065,0.1012,0.053916942328214645
1773143883.639966,PC1,0,26,0.43173,1.87311,-0.06293,0.04639359936118126
1773143883.639966,PC1,0,27,0.55843,2.27531,0.40908,0.0049977838061749935
1773143883.639966,PC1,0,28,0.41329,2.30946,0.13144,0.006194572430104017
1773143883.639966,PC1,0,29,0.54542,2.35129,0.42336,0.0060238707810640335
1773143883.639966,PC1,0,30,0.39089,2.38669,0.13876,0.0072284871712327
1773143883.639966,PC1,0,31,0.60246,2.38645,0.18492,0.007833901792764664
1773143883.639966,PC1,0,32,0.48526,2.41597,-0.18737,0.009802611544728279
1773143883.639966,PC1,0,Angle_Elbow_L,141.11,,,
1773143883.639966,PC1,0,Angle_Elbow_R,140.94,,,
1773143883.639966,PC1,0,Angle_Shoulder_L,113.73,,,
1773143883.639966,PC1,0,Angle_Shoulder_R,116.14,,,
1773143883.639966,PC1,0,Length_UpperArm_L,0.2095,,,
1773143883.639966,PC1,0,Length_LowerArm_L,0.3349,,,
1773143883.639966,PC1,0,Length_UpperArm_R,0.3709,,,
1773143883.639966,PC1,0,Length_LowerArm_R,0.4095,,,
1773143883.639966,PC1,0,Width_Shoulder,0.2579,,,
1773143883.702589,PC1,0,0,0.47487,0.56013,-0.38036,0.9999836087226868
1773143883.702589,PC1,0,1,0.48225,0.52371,-0.33614,0.9999694228172302
1773143883.702589,PC1,0,2,0.48905,0.5253,-0.3362,0.9999737739562988
1773143883.702589,PC1,0,3,0.49518,0.52719,-0.33625,0.9999670386314392
1773143883.702589,PC1,0,4,0.45739,0.51673,-0.35646,0.999973714351654
1773143883.702589,PC1,0,5,0.44654,0.51399,-0.3565,0.9999773502349854
1773143883.702589,PC1,0,6,0.43525,0.51232,-0.35668,0.9999672174453735
1773143883.702589,PC1,0,7,0.49377,0.54225,-0.10996,0.9999754428863525
1773143883.702589,PC1,0,8,0.40765,0.52966,-0.20219,0.9999821782112122
1773143883.702589,PC1,0,9,0.4806,0.60465,-0.29452,0.9999676942825317
1773143883.702589,PC1,0,10,0.45565,0.60149,-0.32301,0.9999741911888123
1773143883.702589,PC1,0,11,0.53601,0.72695,0.01674,0.9997965693473816
1773143883.702589,PC1,0,12,0.33861,0.71439,-0.14242,0.997901976108551
1773143883.702589,PC1,0,13,0.64712,0.81505,-0.13097,0.9869570136070251
1773143883.702589,PC1,0,14,0.26306,0.90247,-0.4656,0.8186309337615967
1773143883.702589,PC1,0,15,0.7874,0.74701,-0.4189,0.996776282787323
1773143883.702589,PC1,0,16,0.24202,0.8603,-0.89177,0.8833135962486267
1773143883.702589,PC1,0,17,0.82551,0.68141,-0.45961,0.9939027428627014
1773143883.702589,PC1,0,18,0.22941,0.84452,-0.95759,0.8588226437568665
1773143883.702589,PC1,0,19,0.808,0.64827,-0.47611,0.9950860142707825
1773143883.702589,PC1,0,20,0.24986,0.82911,-0.9557,0.881496250629425
1773143883.702589,PC1,0,21,0.79165,0.67808,-0.4379,0.9945263266563416
1773143883.702589,PC1,0,22,0.2608,0.8394,-0.90426,0.8801881074905396
1773143883.702589,PC1,0,23,0.57904,1.36342,0.06538,0.2544384300708771
1773143883.702589,PC1,0,24,0.42127,1.38918,-0.06265,0.208396777510643
1773143883.702589,PC1,0,25,0.57769,1.83065,0.1012,0.05151665583252907
1773143883.702589,PC1,0,26,0.43173,1.87311,-0.06293,0.04348500818014145
1773143883.702589,PC1,0,27,0.55843,2.27531,0.40908,0.004570913966745138
1773143883.702589,PC1,0,28,0.41329,2.30946,0.13144,0.005696084816008806
1773143883.702589,PC1,0,29,0.54542,2.35129,0.42336,0.005490695126354694
1773143883.702589,PC1,0,30,0.39089,2.38669,0.13876,0.006616582162678242
1773143883.702589,PC1,0,31,0.60246,2.38645,0.18492,0.007287891115993261
1773143883.702589,PC1,0,32,0.48526,2.41597,-0.18737,0.009090852923691273
1773143883.702589,PC1,0,Angle_Elbow_L,141.03,,,
1773143883.702589,PC1,0,Angle_Elbow_R,143.44,,,
1773143883.702589,PC1,0,Angle_Shoulder_L,114.07,,,
1773143883.702589,PC1,0,Angle_Shoulder_R,112.8,,,
1773143883.702589,PC1,0,Length_UpperArm_L,0.2048,,,
1773143883.702589,PC1,0,Length_LowerArm_L,0.3274,,,
1773143883.702589,PC1,0,Length_UpperArm_R,0.3815,,,
1773143883.702589,PC1,0,Length_LowerArm_R,0.4288,,,
1773143883.702589,PC1,0,Width_Shoulder,0.2539,,,
1773143883.764916,PC1,0,0,0.47534,0.56125,-0.38519,0.9999834299087524
1773143883.764916,PC1,0,1,0.48279,0.52483,-0.34141,0.9999701380729675
1773143883.764916,PC1,0,2,0.48951,0.52635,-0.34148,0.9999744296073914
1773143883.764916,PC1,0,3,0.49559,0.52817,-0.34153,0.9999678730964661
1773143883.764916,PC1,0,4,0.45815,0.51769,-0.36155,0.999973714351654
1773143883.764916,PC1,0,5,0.44736,0.51471,-0.3616,0.999977171421051
1773143883.764916,PC1,0,6,0.43612,0.51282,-0.36178,0.999966561794281
1773143883.764916,PC1,0,7,0.49416,0.54273,-0.11425,0.999976634979248
1773143883.764916,PC1,0,8,0.40854,0.52962,-0.20829,0.9999819397926331
1773143883.764916,PC1,0,9,0.4809,0.60528,-0.29939,0.9999686479568481
1773143883.764916,PC1,0,10,0.45611,0.602,-0.32739,0.9999740123748779
1773143883.764916,PC1,0,11,0.53635,0.7276,0.01403,0.9997988939285278
1773143883.764916,PC1,0,12,0.33969,0.71467,-0.14935,0.9977730512619019
1773143883.764916,PC1,0,13,0.64627,0.81576,-0.13439,0.9869620203971863
1773143883.764916,PC1,0,14,0.26582,0.8982,-0.47598,0.8114874362945557
1773143883.764916,PC1,0,15,0.78638,0.75094,-0.43589,0.9969872236251831
1773143883.764916,PC1,0,16,0.24138,0.85876,-0.9108,0.8836371898651123
1773143883.764916,PC1,0,17,0.82506,0.68859,-0.48104,0.9942459464073181
1773143883.764916,PC1,0,18,0.22684,0.84954,-0.97928,0.8601045608520508
1773143883.764916,PC1,0,19,0.80685,0.65431,-0.4994,0.9953694939613342
1773143883.764916,PC1,0,20,0.24948,0.83474,-0.98014,0.8828965425491333
1773143883.764916,PC1,0,21,0.78963,0.68298,-0.45616,0.9948185086250305
1773143883.764916,PC1,0,22,0.26005,0.84344,-0.92476,0.8809862732887268
1773143883.764916,PC1,0,23,0.57904,1.36342,0.06538,0.24857692420482635
1773143883.764916,PC1,0,24,0.42127,1.38918,-0.06265,0.1998598277568817
1773143883.764916,PC1,0,25,0.57769,1.83065,0.1012,0.047736283391714096
1773143883.764916,PC1,0,26,0.43173,1.87311,-0.06293,0.040161989629268646
1773143883.764916,PC1,0,27,0.55843,2.27531,0.40908,0.00416991300880909
1773143883.764916,PC1,0,28,0.41329,2.30946,0.13144,0.005273608025163412
1773143883.764916,PC1,0,29,0.54542,2.35129,0.42336,0.004981633275747299
1773143883.764916,PC1,0,30,0.39089,2.38669,0.13876,0.00606206338852644
1773143883.764916,PC1,0,31,0.60246,2.38645,0.18492,0.006898760795593262
1773143883.764916,PC1,0,32,0.48526,2.41597,-0.18737,0.00861422624439001
1773143883.764916,PC1,0,Angle_Elbow_L,141.74,,,
1773143883.764916,PC1,0,Angle_Elbow_R,144.88,,,
1773143883.764916,PC1,0,Angle_Shoulder_L,113.66,,,
1773143883.764916,PC1,0,Angle_Shoulder_R,111.62,,,
1773143883.764916,PC1,0,Length_UpperArm_L,0.2047,,,
1773143883.764916,PC1,0,Length_LowerArm_L,0.3387,,,
1773143883.764916,PC1,0,Length_UpperArm_R,0.3819,,,
1773143883.764916,PC1,0,Length_LowerArm_R,0.4373,,,
1773143883.764916,PC1,0,Width_Shoulder,0.256,,,
1773143883.825824,PC1,0,0,0.47555,0.56169,-0.38781,0.9999824166297913
1773143883.825824,PC1,0,1,0.48313,0.52514,-0.34483,0.9999690651893616
1773143883.825824,PC1,0,2,0.48984,0.52677,-0.34491,0.9999740123748779
1773143883.825824,PC1,0,3,0.4959,0.52865,-0.345,0.9999670386314392
1773143883.825824,PC1,0,4,0.45859,0.5177,-0.36431,0.9999722242355347
1773143883.825824,PC1,0,5,0.44785,0.51462,-0.36436,0.9999759793281555
1773143883.825824,PC1,0,6,0.43668,0.51263,-0.36454,0.9999640583992004
1773143883.825824,PC1,0,7,0.49452,0.54308,-0.11655,0.9999768733978271
1773143883.825824,PC1,0,8,0.40918,0.5292,-0.21515,0.9999814629554749
1773143883.825824,PC1,0,9,0.48105,0.60547,-0.30185,0.9999678730964661
1773143883.825824,PC1,0,10,0.45624,0.60189,-0.32979,0.9999738931655884
1773143883.825824,PC1,0,11,0.53661,0.72797,0.01564,0.9998013377189636
1773143883.825824,PC1,0,12,0.33873,0.71374,-0.15694,0.9978143572807312
1773143883.825824,PC1,0,13,0.64557,0.8169,-0.13093,0.9870213866233826
1773143883.825824,PC1,0,14,0.26228,0.90002,-0.48089,0.8098883032798767
1773143883.825824,PC1,0,15,0.78627,0.75463,-0.44421,0.9971839785575867
1773143883.825824,PC1,0,16,0.24257,0.86701,-0.92206,0.8861972689628601
1773143883.825824,PC1,0,17,0.82521,0.69266,-0.49218,0.9945598840713501
1773143883.825824,PC1,0,18,0.23016,0.8641,-0.99357,0.862932562828064
1773143883.825824,PC1,0,19,0.80655,0.65787,-0.51025,0.9956238269805908
1773143883.825824,PC1,0,20,0.25168,0.84623,-0.99454,0.8853650093078613
1773143883.825824,PC1,0,21,0.78894,0.68652,-0.46741,0.9950848817825317
1773143883.825824,PC1,0,22,0.26097,0.8539,-0.93649,0.8832076787948608
1773143883.825824,PC1,0,23,0.57904,1.36342,0.06538,0.23313403129577637
1773143883.825824,PC1,0,24,0.42127,1.38918,-0.06265,0.185868039727211
1773143883.825824,PC1,0,25,0.57769,1.83065,0.1012,0.0442325696349144
1773143883.825824,PC1,0,26,0.43173,1.87311,-0.06293,0.036822203546762466
1773143883.825824,PC1,0,27,0.55843,2.27531,0.40908,0.0037918821908533573
1773143883.825824,PC1,0,28,0.41329,2.30946,0.13144,0.004807837773114443
1773143883.825824,PC1,0,29,0.54542,2.35129,0.42336,0.004527824465185404
1773143883.825824,PC1,0,30,0.39089,2.38669,0.13876,0.005508651491254568
1773143883.825824,PC1,0,31,0.60246,2.38645,0.18492,0.006522005423903465
1773143883.825824,PC1,0,32,0.48526,2.41597,-0.18737,0.00797717273235321
1773143883.825824,PC1,0,Angle_Elbow_L,141.79,,,
1773143883.825824,PC1,0,Angle_Elbow_R,144.95,,,
1773143883.825824,PC1,0,Angle_Shoulder_L,113.91,,,
1773143883.825824,PC1,0,Angle_Shoulder_R,111.84,,,
1773143883.825824,PC1,0,Length_UpperArm_L,0.2031,,,
1773143883.825824,PC1,0,Length_LowerArm_L,0.349,,,
1773143883.825824,PC1,0,Length_UpperArm_R,0.3814,,,
1773143883.825824,PC1,0,Length_LowerArm_R,0.4428,,,
1773143883.825824,PC1,0,Width_Shoulder,0.263,,,
1773143883.949654,PC1,0,0,0.47643,0.56238,-0.40657,0.9999779462814331
1773143883.949654,PC1,0,1,0.48424,0.52561,-0.36458,0.9999632239341736
1773143883.949654,PC1,0,2,0.49094,0.52731,-0.36463,0.9999698996543884
1773143883.949654,PC1,0,3,0.49688,0.52923,-0.36467,0.9999614953994751
1773143883.949654,PC1,0,4,0.45983,0.5182,-0.38474,0.9999657869338989
1773143883.949654,PC1,0,5,0.4491,0.51521,-0.38478,0.9999704360961914
1773143883.949654,PC1,0,6,0.43779,0.51325,-0.38495,0.999954342842102
1773143883.949654,PC1,0,7,0.49541,0.54363,-0.13119,0.9999750256538391
1773143883.949654,PC1,0,8,0.41009,0.52968,-0.23844,0.9999773502349854
1773143883.949654,PC1,0,9,0.4816,0.60613,-0.32423,0.9999626874923706
1773143883.949654,PC1,0,10,0.4568,0.60244,-0.34905,0.9999693036079407
1773143883.949654,PC1,0,11,0.53578,0.72687,0.01901,0.9998146891593933
1773143883.949654,PC1,0,12,0.33791,0.71465,-0.1703,0.9977344870567322
1773143883.949654,PC1,0,13,0.64572,0.81832,-0.10846,0.9881401062011719
1773143883.949654,PC1,0,14,0.25597,0.91048,-0.48787,0.8222408890724182
1773143883.949654,PC1,0,15,0.78631,0.75523,-0.40323,0.9975310564041138
1773143883.949654,PC1,0,16,0.24715,0.8666,-0.92321,0.892292320728302
1773143883.949654,PC1,0,17,0.82528,0.68354,-0.44965,0.9950301051139832
1773143883.949654,PC1,0,18,0.23791,0.8624,-0.99411,0.8659880757331848
1773143883.949654,PC1,0,19,0.80548,0.64917,-0.46751,0.9960000514984131
1773143883.949654,PC1,0,20,0.25538,0.82943,-0.99609,0.8872870206832886
1773143883.949654,PC1,0,21,0.78778,0.68432,-0.42502,0.9954505562782288
1773143883.949654,PC1,0,22,0.26444,0.84482,-0.93711,0.883394718170166
1773143883.949654,PC1,0,23,0.57904,1.36342,0.06538,0.22169671952724457
1773143883.949654,PC1,0,24,0.42127,1.38918,-0.06265,0.17037297785282135
1773143883.949654,PC1,0,25,0.57769,1.83065,0.1012,0.04090942442417145
1773143883.949654,PC1,0,26,0.43173,1.87311,-0.06293,0.0324508398771286
1773143883.949654,PC1,0,27,0.55843,2.27531,0.40908,0.003257207805290818
1773143883.949654,PC1,0,28,0.41329,2.30946,0.13144,0.004214185755699873
1773143883.949654,PC1,0,29,0.54542,2.35129,0.42336,0.0038046841509640217
1773143883.949654,PC1,0,30,0.39089,2.38669,0.13876,0.004734049551188946
1773143883.949654,PC1,0,31,0.60246,2.38645,0.18492,0.0062225209549069405
1773143883.949654,PC1,0,32,0.48526,2.41597,-0.18737,0.007513276766985655
1773143883.949654,PC1,0,Angle_Elbow_L,137.88,,,
1773143883.949654,PC1,0,Angle_Elbow_R,141.25,,,
1773143883.949654,PC1,0,Angle_Shoulder_L,116.71,,,
1773143883.949654,PC1,0,Angle_Shoulder_R,112.94,,,
1773143883.949654,PC1,0,Length_UpperArm_L,0.1916,,,
1773143883.949654,PC1,0,Length_LowerArm_L,0.3326,,,
1773143883.949654,PC1,0,Length_UpperArm_R,0.382,,,
1773143883.949654,PC1,0,Length_LowerArm_R,0.4376,,,
1773143883.949654,PC1,0,Width_Shoulder,0.2741,,,
1773143884.010735,PC1,0,0,0.47712,0.56262,-0.40616,0.9999783635139465
1773143884.010735,PC1,0,1,0.48507,0.52574,-0.36557,0.9999642968177795
1773143884.010735,PC1,0,2,0.49171,0.52744,-0.36557,0.9999707937240601
1773143884.010735,PC1,0,3,0.49756,0.52931,-0.36559,0.9999622702598572
1773143884.010735,PC1,0,4,0.46062,0.51839,-0.38614,0.999967098236084
1773143884.010735,PC1,0,5,0.44989,0.5154,-0.38615,0.9999716281890869
1773143884.010735,PC1,0,6,0.43853,0.5134,-0.38632,0.9999561309814453
1773143884.010735,PC1,0,7,0.49582,0.54368,-0.13216,0.9999760985374451
1773143884.010735,PC1,0,8,0.41055,0.52979,-0.24568,0.9999787211418152
1773143884.010735,PC1,0,9,0.48199,0.60659,-0.32604,0.9999644756317139
1773143884.010735,PC1,0,10,0.45724,0.603,-0.35009,0.9999711513519287
1773143884.010735,PC1,0,11,0.53523,0.72569,0.02536,0.9998282790184021
1773143884.010735,PC1,0,12,0.33766,0.71544,-0.1741,0.9979251623153687
1773143884.010735,PC1,0,13,0.6467,0.81879,-0.09485,0.9889686703681946
1773143884.010735,PC1,0,14,0.24905,0.91356,-0.49223,0.8369539976119995
1773143884.010735,PC1,0,15,0.78652,0.7519,-0.37856,0.9976908564567566
1773143884.010735,PC1,0,16,0.24931,0.87365,-0.92634,0.8996753096580505
1773143884.010735,PC1,0,17,0.82522,0.67609,-0.42272,0.9951857328414917
1773143884.010735,PC1,0,18,0.24295,0.86024,-0.99577,0.8723325729370117
1773143884.010735,PC1,0,19,0.80504,0.64262,-0.43914,0.9960988759994507
1773143884.010735,PC1,0,20,0.26101,0.82826,-0.99669,0.8923302292823792
1773143884.010735,PC1,0,21,0.78761,0.68079,-0.39902,0.995570957660675
1773143884.010735,PC1,0,22,0.26857,0.84293,-0.93913,0.8888950943946838
1773143884.010735,PC1,0,23,0.57904,1.36342,0.06538,0.23228012025356293
1773143884.010735,PC1,0,24,0.42127,1.38918,-0.06265,0.17790041863918304
1773143884.010735,PC1,0,25,0.57769,1.83065,0.1012,0.03875437378883362
1773143884.010735,PC1,0,26,0.43173,1.87311,-0.06293,0.030117100104689598
1773143884.010735,PC1,0,27,0.55843,2.27531,0.40908,0.0029971005860716105
1773143884.010735,PC1,0,28,0.41329,2.30946,0.13144,0.003850968088954687
1773143884.010735,PC1,0,29,0.54542,2.35129,0.42336,0.003516837954521179
1773143884.010735,PC1,0,30,0.39089,2.38669,0.13876,0.0043593961745500565
1773143884.010735,PC1,0,31,0.60246,2.38645,0.18492,0.005828993860632181
1773143884.010735,PC1,0,32,0.48526,2.41597,-0.18737,0.006905174348503351
1773143884.010735,PC1,0,Angle_Elbow_L,135.49,,,
1773143884.010735,PC1,0,Angle_Elbow_R,140.84,,,
1773143884.010735,PC1,0,Angle_Shoulder_L,118.18,,,
1773143884.010735,PC1,0,Angle_Shoulder_R,113.09,,,
1773143884.010735,PC1,0,Length_UpperArm_L,0.1885,,,
1773143884.010735,PC1,0,Length_LowerArm_L,0.3233,,,
1773143884.010735,PC1,0,Length_UpperArm_R,0.3851,,,
1773143884.010735,PC1,0,Length_LowerArm_R,0.4359,,,
1773143884.010735,PC1,0,Width_Shoulder,0.2809,,,
1773143884.133825,PC1,0,0,0.47819,0.56284,-0.39822,0.9999791979789734
1773143884.133825,PC1,0,1,0.48607,0.52588,-0.3569,0.9999655485153198
1773143884.133825,PC1,0,2,0.49257,0.52753,-0.3569,0.9999719858169556
1773143884.133825,PC1,0,3,0.49829,0.52937,-0.35693,0.9999637603759766
1773143884.133825,PC1,0,4,0.4618,0.51863,-0.37796,0.9999682903289795
1773143884.133825,PC1,0,5,0.45113,0.51562,-0.37799,0.9999727010726929
1773143884.133825,PC1,0,6,0.43976,0.51354,-0.37818,0.9999576210975647
1773143884.133825,PC1,0,7,0.49613,0.54366,-0.12632,0.999977171421051
1773143884.133825,PC1,0,8,0.41138,0.52984,-0.24047,0.999979555606842
1773143884.133825,PC1,0,9,0.48277,0.60694,-0.31863,0.9999657869338989
1773143884.133825,PC1,0,10,0.45822,0.60358,-0.34419,0.9999722242355347
1773143884.133825,PC1,0,11,0.53616,0.72705,0.01971,0.999835729598999
1773143884.133825,PC1,0,12,0.33725,0.71645,-0.1739,0.9980388283729553
1773143884.133825,PC1,0,13,0.64764,0.81912,-0.12043,0.9895545244216919
1773143884.133825,PC1,0,14,0.24494,0.90554,-0.49868,0.8412715792655945
1773143884.133825,PC1,0,15,0.78564,0.74485,-0.41436,0.9978379011154175
1773143884.133825,PC1,0,16,0.24637,0.86443,-0.93785,0.9052032232284546
1773143884.133825,PC1,0,17,0.82375,0.66856,-0.45974,0.9954385757446289
1773143884.133825,PC1,0,18,0.23642,0.84919,-1.00834,0.8776990175247192
1773143884.133825,PC1,0,19,0.80277,0.63546,-0.47468,0.9963017702102661
1773143884.133825,PC1,0,20,0.25464,0.81979,-1.00577,0.8967235684394836
1773143884.133825,PC1,0,21,0.78515,0.67383,-0.43413,0.9957672953605652
1773143884.133825,PC1,0,22,0.26475,0.83668,-0.94983,0.8936905860900879
1773143884.133825,PC1,0,23,0.57904,1.36342,0.06538,0.23179490864276886
1773143884.133825,PC1,0,24,0.42127,1.38918,-0.06265,0.18014375865459442
1773143884.133825,PC1,0,25,0.57769,1.83065,0.1012,0.0371878445148468
1773143884.133825,PC1,0,26,0.43173,1.87311,-0.06293,0.028143247589468956
1773143884.133825,PC1,0,27,0.55843,2.27531,0.40908,0.0027597600128501654
1773143884.133825,PC1,0,28,0.41329,2.30946,0.13144,0.003556294133886695
1773143884.133825,PC1,0,29,0.54542,2.35129,0.42336,0.0032386097591370344
1773143884.133825,PC1,0,30,0.39089,2.38669,0.13876,0.004003043286502361
1773143884.133825,PC1,0,31,0.60246,2.38645,0.18492,0.005613135639578104
1773143884.133825,PC1,0,32,0.48526,2.41597,-0.18737,0.00650158803910017
1773143884.133825,PC1,0,Angle_Elbow_L,137.86,,,
1773143884.133825,PC1,0,Angle_Elbow_R,142.12,,,
1773143884.133825,PC1,0,Angle_Shoulder_L,114.99,,,
1773143884.133825,PC1,0,Angle_Shoulder_R,111.14,,,
1773143884.133825,PC1,0,Length_UpperArm_L,0.2014,,,
1773143884.133825,PC1,0,Length_LowerArm_L,0.3331,,,
1773143884.133825,PC1,0,Length_UpperArm_R,0.387,,,
1773143884.133825,PC1,0,Length_LowerArm_R,0.4411,,,
1773143884.133825,PC1,0,Width_Shoulder,0.2778,,,
1773143884.194551,PC1,0,0,0.47915,0.56341,-0.38609,0.9999804496765137
1773143884.194551,PC1,0,1,0.4869,0.52627,-0.34529,0.9999676942825317
1773143884.194551,PC1,0,2,0.49326,0.5279,-0.34527,0.999973714351654
1773143884.194551,PC1,0,3,0.49884,0.52966,-0.34528,0.9999659061431885
1773143884.194551,PC1,0,4,0.46287,0.51886,-0.3672,0.9999702572822571
1773143884.194551,PC1,0,5,0.45222,0.51578,-0.36723,0.9999743700027466
1773143884.194551,PC1,0,6,0.44081,0.51361,-0.36741,0.99996018409729
1773143884.194551,PC1,0,7,0.49622,0.54364,-0.11789,0.9999786615371704
1773143884.194551,PC1,0,8,0.41219,0.52952,-0.23317,0.9999810457229614
1773143884.194551,PC1,0,9,0.48332,0.6073,-0.30606,0.9999682307243347
1773143884.194551,PC1,0,10,0.45899,0.60404,-0.33384,0.9999743103981018
1773143884.194551,PC1,0,11,0.53683,0.72803,0.02212,0.9998492002487183
1773143884.194551,PC1,0,12,0.33628,0.71571,-0.17244,0.998202919960022
1773143884.194551,PC1,0,13,0.64831,0.82031,-0.12146,0.9902169704437256
1773143884.194551,PC1,0,14,0.23824,0.89395,-0.50246,0.8543441295623779
1773143884.194551,PC1,0,15,0.78471,0.73998,-0.41929,0.998027503490448
1773143884.194551,PC1,0,16,0.24848,0.85791,-0.93078,0.9120105504989624
1773143884.194551,PC1,0,17,0.82113,0.66325,-0.46282,0.9957734942436218
1773143884.194551,PC1,0,18,0.2395,0.84261,-0.99612,0.8835391998291016
1773143884.194551,PC1,0,19,0.7991,0.63038,-0.47041,0.9965588450431824
1773143884.194551,PC1,0,20,0.26242,0.81448,-0.98616,0.9011983871459961
1773143884.194551,PC1,0,21,0.78099,0.66918,-0.43507,0.9960612058639526
1773143884.194551,PC1,0,22,0.2699,0.83284,-0.93849,0.8987991809844971
1773143884.194551,PC1,0,23,0.57904,1.36342,0.06538,0.2277921438217163
1773143884.194551,PC1,0,24,0.42127,1.38918,-0.06265,0.17605207860469818
1773143884.194551,PC1,0,25,0.57769,1.83065,0.1012,0.03398062288761139
1773143884.194551,PC1,0,26,0.43173,1.87311,-0.06293,0.02549387328326702
1773143884.194551,PC1,0,27,0.55843,2.27531,0.40908,0.0025019876193255186
1773143884.194551,PC1,0,28,0.41329,2.30946,0.13144,0.0032087331637740135
1773143884.194551,PC1,0,29,0.54542,2.35129,0.42336,0.0029414286836981773
1773143884.194551,PC1,0,30,0.39089,2.38669,0.13876,0.003616899251937866
1773143884.194551,PC1,0,31,0.60246,2.38645,0.18492,0.0051280115731060505
1773143884.194551,PC1,0,32,0.48526,2.41597,-0.18737,0.005890247877687216
1773143884.194551,PC1,0,Angle_Elbow_L,137.33,,,
1773143884.194551,PC1,0,Angle_Elbow_R,143.46,,,
1773143884.194551,PC1,0,Angle_Shoulder_L,114.75,,,
1773143884.194551,PC1,0,Angle_Shoulder_R,109.38,,,
1773143884.194551,PC1,0,Length_UpperArm_L,0.2039,,,
1773143884.194551,PC1,0,Length_LowerArm_L,0.3373,,,
1773143884.194551,PC1,0,Length_UpperArm_R,0.3877,,,
1773143884.194551,PC1,0,Length_LowerArm_R,0.43,,,
1773143884.194551,PC1,0,Width_Shoulder,0.2797,,,
1773143884.256825,PC1,0,0,0.48067,0.56462,-0.34369,0.9999818801879883
1773143884.256825,PC1,0,1,0.48873,0.52685,-0.30705,0.9999709129333496
1773143884.256825,PC1,0,2,0.49486,0.52839,-0.30707,0.9999760985374451
1773143884.256825,PC1,0,3,0.50022,0.53002,-0.30711,0.9999692440032959
1773143884.256825,PC1,0,4,0.46474,0.51979,-0.33132,0.999973475933075
1773143884.256825,PC1,0,5,0.45394,0.5169,-0.33136,0.9999769926071167
1773143884.256825,PC1,0,6,0.44237,0.51486,-0.33153,0.9999645948410034
1773143884.256825,PC1,0,7,0.49659,0.54355,-0.09329,0.999980628490448
1773143884.256825,PC1,0,8,0.41331,0.52978,-0.21452,0.9999830722808838
1773143884.256825,PC1,0,9,0.484,0.60948,-0.26539,0.9999713897705078
1773143884.256825,PC1,0,10,0.45999,0.60653,-0.29752,0.9999772310256958
1773143884.256825,PC1,0,11,0.53599,0.72786,0.03447,0.9998694062232971
1773143884.256825,PC1,0,12,0.33482,0.71307,-0.16016,0.9984663128852844
1773143884.256825,PC1,0,13,0.64652,0.82606,-0.10057,0.9906567931175232
1773143884.256825,PC1,0,14,0.25442,0.89448,-0.50429,0.8772008419036865
1773143884.256825,PC1,0,15,0.77008,0.73632,-0.39312,0.9983465075492859
1773143884.256825,PC1,0,16,0.26504,0.84247,-0.93589,0.9277540445327759
1773143884.256825,PC1,0,17,0.80905,0.66389,-0.43965,0.9963932037353516
1773143884.256825,PC1,0,18,0.25444,0.80975,-1.0019,0.9032529592514038
1773143884.256825,PC1,0,19,0.78476,0.62952,-0.44838,0.9970394968986511
1773143884.256825,PC1,0,20,0.27538,0.77535,-0.98992,0.9177114367485046
1773143884.256825,PC1,0,21,0.76584,0.66581,-0.40853,0.9966229200363159
1773143884.256825,PC1,0,22,0.28475,0.79367,-0.94213,0.9155054092407227
1773143884.256825,PC1,0,23,0.57904,1.36342,0.06538,0.266742467880249
1773143884.256825,PC1,0,24,0.42127,1.38918,-0.06265,0.2011706829071045
1773143884.256825,PC1,0,25,0.57769,1.83065,0.1012,0.03041018173098564
1773143884.256825,PC1,0,26,0.43173,1.87311,-0.06293,0.02300395630300045
1773143884.256825,PC1,0,27,0.55843,2.27531,0.40908,0.0021687992848455906
1773143884.256825,PC1,0,28,0.41329,2.30946,0.13144,0.002716442570090294
1773143884.256825,PC1,0,29,0.54542,2.35129,0.42336,0.00251459376886487
1773143884.256825,PC1,0,30,0.39089,2.38669,0.13876,0.0030193014536052942
1773143884.256825,PC1,0,31,0.60246,2.38645,0.18492,0.004663112107664347
1773143884.256825,PC1,0,32,0.48526,2.41597,-0.18737,0.005034309346228838
1773143884.256825,PC1,0,Angle_Elbow_L,132.16,,,
1773143884.256825,PC1,0,Angle_Elbow_R,143.16,,,
1773143884.256825,PC1,0,Angle_Shoulder_L,118.32,,,
1773143884.256825,PC1,0,Angle_Shoulder_R,110.4,,,
1773143884.256825,PC1,0,Length_UpperArm_L,0.2002,,,
1773143884.256825,PC1,0,Length_LowerArm_L,0.33,,,
1773143884.256825,PC1,0,Length_UpperArm_R,0.3972,,,
1773143884.256825,PC1,0,Length_LowerArm_R,0.4349,,,
1773143884.256825,PC1,0,Width_Shoulder,0.2803,,,
1773143884.318327,PC1,0,0,0.48118,0.56601,-0.33627,0.9999826550483704
1773143884.318327,PC1,0,1,0.4896,0.52727,-0.30288,0.9999719262123108
1773143884.318327,PC1,0,2,0.49568,0.52868,-0.30286,0.9999765753746033
1773143884.318327,PC1,0,3,0.50103,0.53019,-0.30286,0.9999698996543884
1773143884.318327,PC1,0,4,0.46535,0.52034,-0.32883,0.9999747276306152
1773143884.318327,PC1,0,5,0.45446,0.51744,-0.32878,0.9999780654907227
1773143884.318327,PC1,0,6,0.44285,0.51539,-0.32895,0.9999667406082153
1773143884.318327,PC1,0,7,0.49691,0.54349,-0.08849,0.9999808669090271
1773143884.318327,PC1,0,8,0.41378,0.52991,-0.21286,0.9999843239784241
1773143884.318327,PC1,0,9,0.48418,0.61223,-0.25416,0.9999728202819824
1773143884.318327,PC1,0,10,0.46034,0.60856,-0.28852,0.9999788999557495
1773143884.318327,PC1,0,11,0.53562,0.72763,0.04445,0.9998769164085388
1773143884.318327,PC1,0,12,0.33129,0.7162,-0.16077,0.9986043572425842
1773143884.318327,PC1,0,13,0.65239,0.83196,-0.08935,0.9902153611183167
1773143884.318327,PC1,0,14,0.25418,0.93481,-0.49959,0.8879694938659668
1773143884.318327,PC1,0,15,0.76102,0.73059,-0.37322,0.9984206557273865
1773143884.318327,PC1,0,16,0.27459,0.84317,-0.91437,0.9346880912780762
1773143884.318327,PC1,0,17,0.79654,0.6589,-0.42009,0.9964942336082458
1773143884.318327,PC1,0,18,0.26609,0.80106,-0.97927,0.9121890068054199
1773143884.318327,PC1,0,19,0.77157,0.62553,-0.43415,0.9970797896385193
1773143884.318327,PC1,0,20,0.28268,0.76295,-0.96087,0.9252417683601379
1773143884.318327,PC1,0,21,0.75369,0.66102,-0.39453,0.996674120426178
1773143884.318327,PC1,0,22,0.29245,0.77992,-0.91686,0.9231489300727844
1773143884.318327,PC1,0,23,0.57904,1.36342,0.06538,0.24266313016414642
1773143884.318327,PC1,0,24,0.42127,1.38918,-0.06265,0.18279165029525757
1773143884.318327,PC1,0,25,0.57769,1.83065,0.1012,0.02758786454796791
1773143884.318327,PC1,0,26,0.43173,1.87311,-0.06293,0.020793575793504715
1773143884.318327,PC1,0,27,0.55843,2.27531,0.40908,0.0019633385818451643
1773143884.318327,PC1,0,28,0.41329,2.30946,0.13144,0.0024466062895953655
1773143884.318327,PC1,0,29,0.54542,2.35129,0.42336,0.0022730319760739803
1773143884.318327,PC1,0,30,0.39089,2.38669,0.13876,0.0027200933545827866
1773143884.318327,PC1,0,31,0.60246,2.38645,0.18492,0.004224850796163082
1773143884.318327,PC1,0,32,0.48526,2.41597,-0.18737,0.004539987072348595
1773143884.318327,PC1,0,Angle_Elbow_L,127.41,,,
1773143884.318327,PC1,0,Angle_Elbow_R,132.94,,,
1773143884.318327,PC1,0,Angle_Shoulder_L,120.04,,,
1773143884.318327,PC1,0,Angle_Shoulder_R,115.74,,,
1773143884.318327,PC1,0,Length_UpperArm_L,0.206,,,
1773143884.318327,PC1,0,Length_LowerArm_L,0.3204,,,
1773143884.318327,PC1,0,Length_UpperArm_R,0.4105,,,
1773143884.318327,PC1,0,Length_LowerArm_R,0.4253,,,
1773143884.318327,PC1,0,Width_Shoulder,0.2898,,,
1773143884.512758,PC1,0,0,0.48339,0.56827,-0.33496,0.9999827742576599
1773143884.512758,PC1,0,1,0.49247,0.52783,-0.29985,0.999971866607666
1773143884.512758,PC1,0,2,0.49823,0.52901,-0.29983,0.9999756217002869
1773143884.512758,PC1,0,3,0.50342,0.53032,-0.29975,0.9999688267707825
1773143884.512758,PC1,0,4,0.46773,0.52126,-0.32585,0.999975323677063
1773143884.512758,PC1,0,5,0.45642,0.51834,-0.32577,0.9999783039093018
1773143884.512758,PC1,0,6,0.44467,0.51622,-0.32595,0.9999685287475586
1773143884.512758,PC1,0,7,0.49811,0.54338,-0.0799,0.9999789595603943
1773143884.512758,PC1,0,8,0.41561,0.52998,-0.19411,0.9999849796295166
1773143884.512758,PC1,0,9,0.48523,0.61677,-0.24918,0.999972403049469
1773143884.512758,PC1,0,10,0.46146,0.61194,-0.28403,0.9999794960021973
1773143884.512758,PC1,0,11,0.53542,0.73105,0.05925,0.9998738169670105
1773143884.512758,PC1,0,12,0.32676,0.72384,-0.14458,0.9987885355949402
1773143884.512758,PC1,0,13,0.66165,0.86424,-0.09649,0.9893667697906494
1773143884.512758,PC1,0,14,0.26489,0.98983,-0.50315,0.9052431583404541
1773143884.512758,PC1,0,15,0.73245,0.70739,-0.39906,0.9986132979393005
1773143884.512758,PC1,0,16,0.2887,0.82125,-0.94819,0.946617066860199
1773143884.512758,PC1,0,17,0.76213,0.63482,-0.44918,0.9968283176422119
1773143884.512758,PC1,0,18,0.28275,0.75495,-1.01883,0.9277420043945312
1773143884.512758,PC1,0,19,0.73907,0.60392,-0.43654,0.9972894191741943
1773143884.512758,PC1,0,20,0.29296,0.71511,-0.99827,0.9383889436721802
1773143884.512758,PC1,0,21,0.7243,0.63519,-0.40951,0.9969238042831421
1773143884.512758,PC1,0,22,0.30169,0.73847,-0.95019,0.9365854859352112
1773143884.512758,PC1,0,23,0.57904,1.36342,0.06538,0.20697830617427826
1773143884.512758,PC1,0,24,0.42127,1.38918,-0.06265,0.15589278936386108
1773143884.512758,PC1,0,25,0.57769,1.83065,0.1012,0.02277435176074505
1773143884.512758,PC1,0,26,0.43173,1.87311,-0.06293,0.017025042325258255
1773143884.512758,PC1,0,27,0.55843,2.27531,0.40908,0.0016202916158363223
1773143884.512758,PC1,0,28,0.41329,2.30946,0.13144,0.0019872707780450583
1773143884.512758,PC1,0,29,0.54542,2.35129,0.42336,0.0018661196809262037
1773143884.512758,PC1,0,30,0.39089,2.38669,0.13876,0.002213075291365385
1773143884.512758,PC1,0,31,0.60246,2.38645,0.18492,0.0034747214522212744
1773143884.512758,PC1,0,32,0.48526,2.41597,-0.18737,0.003703799331560731
1773143884.512758,PC1,0,Angle_Elbow_L,114.82,,,
1773143884.512758,PC1,0,Angle_Elbow_R,121.83,,,
1773143884.512758,PC1,0,Angle_Shoulder_L,124.11,,,
1773143884.512758,PC1,0,Angle_Shoulder_R,121.16,,,
1773143884.512758,PC1,0,Length_UpperArm_L,0.2407,,,
1773143884.512758,PC1,0,Length_LowerArm_L,0.3481,,,
1773143884.512758,PC1,0,Length_UpperArm_R,0.4507,,,
1773143884.512758,PC1,0,Length_LowerArm_R,0.4765,,,
1773143884.512758,PC1,0,Width_Shoulder,0.2918,,,
1773143884.5727081,PC1,0,0,0.48397,0.56898,-0.33295,0.9999828934669495
1773143884.5727081,PC1,0,1,0.4932,0.5284,-0.29655,0.9999721646308899
1773143884.5727081,PC1,0,2,0.49902,0.52964,-0.29654,0.9999753832817078
1773143884.5727081,PC1,0,3,0.50427,0.53103,-0.29646,0.9999688267707825
1773143884.5727081,PC1,0,4,0.46832,0.52154,-0.32396,0.9999756217002869
1773143884.5727081,PC1,0,5,0.45689,0.51856,-0.32388,0.9999783635139465
1773143884.5727081,PC1,0,6,0.44502,0.51638,-0.32408,0.9999694228172302
1773143884.5727081,PC1,0,7,0.49872,0.54417,-0.07213,0.9999784827232361
1773143884.5727081,PC1,0,8,0.41557,0.53011,-0.19256,0.9999852776527405
1773143884.5727081,PC1,0,9,0.48553,0.61761,-0.24578,0.9999719262123108
1773143884.5727081,PC1,0,10,0.46164,0.61284,-0.28238,0.9999796748161316
1773143884.5727081,PC1,0,11,0.53561,0.73587,0.0717,0.9998659491539001
1773143884.5727081,PC1,0,12,0.3266,0.72501,-0.14687,0.9988511800765991
1773143884.5727081,PC1,0,13,0.66057,0.87959,-0.09014,0.987321674823761
1773143884.5727081,PC1,0,14,0.2674,1.00014,-0.51386,0.9121684432029724
1773143884.5727081,PC1,0,15,0.72385,0.7024,-0.39671,0.9986027479171753
1773143884.5727081,PC1,0,16,0.29072,0.79941,-0.96012,0.9515655636787415
1773143884.5727081,PC1,0,17,0.75188,0.62807,-0.44836,0.996717095375061
1773143884.5727081,PC1,0,18,0.28306,0.73004,-1.03213,0.9340842962265015
1773143884.5727081,PC1,0,19,0.7303,0.59692,-0.42997,0.9971458911895752
1773143884.5727081,PC1,0,20,0.29272,0.69112,-1.0116,0.9437567591667175
1773143884.5727081,PC1,0,21,0.71578,0.62867,-0.40477,0.9967519640922546
1773143884.5727081,PC1,0,22,0.30169,0.71577,-0.96234,0.9420021176338196
1773143884.5727081,PC1,0,23,0.57904,1.36342,0.06538,0.18993234634399414
1773143884.5727081,PC1,0,24,0.42127,1.38918,-0.06265,0.14302368462085724
1773143884.5727081,PC1,0,25,0.57769,1.83065,0.1012,0.020887719467282295
1773143884.5727081,PC1,0,26,0.43173,1.87311,-0.06293,0.015485650859773159
1773143884.5727081,PC1,0,27,0.55843,2.27531,0.40908,0.0014756255550310016
1773143884.5727081,PC1,0,28,0.41329,2.30946,0.13144,0.0017939194804057479
1773143884.5727081,PC1,0,29,0.54542,2.35129,0.42336,0.0016939799534156919
1773143884.5727081,PC1,0,30,0.39089,2.38669,0.13876,0.0019991928711533546
1773143884.5727081,PC1,0,31,0.60246,2.38645,0.18492,0.0031799974385648966
1773143884.5727081,PC1,0,32,0.48526,2.41597,-0.18737,0.00336083653382957
1773143884.5727081,PC1,0,Angle_Elbow_L,110.89,,,
1773143884.5727081,PC1,0,Angle_Elbow_R,118.23,,,
1773143884.5727081,PC1,0,Angle_Shoulder_L,125.81,,,
1773143884.5727081,PC1,0,Angle_Shoulder_R,121.96,,,
1773143884.5727081,PC1,0,Length_UpperArm_L,0.2499,,,
1773143884.5727081,PC1,0,Length_LowerArm_L,0.3597,,,
1773143884.5727081,PC1,0,Length_UpperArm_R,0.4625,,,
1773143884.5727081,PC1,0,Length_LowerArm_R,0.4899,,,
1773143884.5727081,PC1,0,Width_Shoulder,0.3026,,,
1773143884.6319191,PC1,0,0,0.48456,0.56953,-0.33548,0.9999819993972778
1773143884.6319191,PC1,0,1,0.49406,0.52892,-0.2986,0.9999712109565735
1773143884.6319191,PC1,0,2,0.50002,0.53022,-0.29861,0.9999738335609436
1773143884.6319191,PC1,0,3,0.50531,0.53165,-0.29854,0.9999675750732422
1773143884.6319191,PC1,0,4,0.4689,0.52178,-0.32682,0.9999745488166809
1773143884.6319191,PC1,0,5,0.4574,0.51873,-0.32676,0.9999768733978271
1773143884.6319191,PC1,0,6,0.44539,0.51651,-0.32697,0.9999684691429138
1773143884.6319191,PC1,0,7,0.4998,0.54479,-0.07134,0.9999771118164062
1773143884.6319191,PC1,0,8,0.41555,0.53027,-0.19653,0.9999843835830688
1773143884.6319191,PC1,0,9,0.48597,0.61813,-0.24731,0.9999704360961914
1773143884.6319191,PC1,0,10,0.46177,0.61353,-0.28501,0.9999785423278809
1773143884.6319191,PC1,0,11,0.5359,0.73965,0.07918,0.9998577237129211
1773143884.6319191,PC1,0,12,0.32666,0.72583,-0.15238,0.9988654851913452
1773143884.6319191,PC1,0,13,0.65864,0.89464,-0.08592,0.9857904314994812
1773143884.6319191,PC1,0,14,0.2726,1.0044,-0.52252,0.9170876145362854
1773143884.6319191,PC1,0,15,0.71645,0.69903,-0.39447,0.9986706376075745
1773143884.6319191,PC1,0,16,0.292,0.77916,-0.96878,0.9560290575027466
1773143884.6319191,PC1,0,17,0.7441,0.6231,-0.44684,0.9968547821044922
1773143884.6319191,PC1,0,18,0.28278,0.7091,-1.04204,0.9398722648620605
1773143884.6319191,PC1,0,19,0.72292,0.59222,-0.42423,0.997241735458374
1773143884.6319191,PC1,0,20,0.29129,0.67189,-1.02205,0.9486578702926636
1773143884.6319191,PC1,0,21,0.70815,0.6243,-0.40047,0.996835470199585
1773143884.6319191,PC1,0,22,0.3015,0.69824,-0.97156,0.9469172358512878
1773143884.6319191,PC1,0,23,0.57904,1.36342,0.06538,0.17342737317085266
1773143884.6319191,PC1,0,24,0.42127,1.38918,-0.06265,0.13030025362968445
1773143884.6319191,PC1,0,25,0.57769,1.83065,0.1012,0.01901853457093239
1773143884.6319191,PC1,0,26,0.43173,1.87311,-0.06293,0.014049557968974113
1773143884.6319191,PC1,0,27,0.55843,2.27531,0.40908,0.00133942358661443
1773143884.6319191,PC1,0,28,0.41329,2.30946,0.13144,0.0016194961499422789
1773143884.6319191,PC1,0,29,0.54542,2.35129,0.42336,0.001532471738755703
1773143884.6319191,PC1,0,30,0.39089,2.38669,0.13876,0.0018050526268780231
1773143884.6319191,PC1,0,31,0.60246,2.38645,0.18492,0.0029173020739108324
1773143884.6319191,PC1,0,32,0.48526,2.41597,-0.18737,0.0030566237401217222
1773143884.6319191,PC1,0,Angle_Elbow_L,106.92,,,
1773143884.6319191,PC1,0,Angle_Elbow_R,115.76,,,
1773143884.6319191,PC1,0,Angle_Shoulder_L,127.62,,,
1773143884.6319191,PC1,0,Angle_Shoulder_R,122.28,,,
1773143884.6319191,PC1,0,Length_UpperArm_L,0.2576,,,
1773143884.6319191,PC1,0,Length_LowerArm_L,0.3699,,,
1773143884.6319191,PC1,0,Length_UpperArm_R,0.4664,,,
1773143884.6319191,PC1,0,Length_LowerArm_R,0.5003,,,
1773143884.6319191,PC1,0,Width_Shoulder,0.3124,,,
1773143884.692648,PC1,0,0,0.48525,0.56945,-0.34601,0.999982476234436
1773143884.692648,PC1,0,1,0.49503,0.5292,-0.30761,0.9999721646308899
1773143884.692648,PC1,0,2,0.50119,0.53059,-0.30762,0.9999743700027466
1773143884.692648,PC1,0,3,0.50671,0.53208,-0.30752,0.9999685883522034
1773143884.692648,PC1,0,4,0.46943,0.52175,-0.33712,0.9999752640724182
1773143884.692648,PC1,0,5,0.45778,0.51866,-0.33707,0.9999772310256958
1773143884.692648,PC1,0,6,0.44565,0.51642,-0.33726,0.999969482421875
1773143884.692648,PC1,0,7,0.50162,0.54524,-0.07483,0.9999773502349854
1773143884.692648,PC1,0,8,0.41546,0.5304,-0.20695,0.9999845027923584
1773143884.692648,PC1,0,9,0.48685,0.61795,-0.25611,0.9999704360961914
1773143884.692648,PC1,0,10,0.46192,0.61359,-0.29545,0.9999784827232361
1773143884.692648,PC1,0,11,0.53621,0.74306,0.08373,0.9998440742492676
1773143884.692648,PC1,0,12,0.32684,0.72818,-0.16402,0.9988685846328735
1773143884.692648,PC1,0,13,0.65642,0.90841,-0.09484,0.9821161031723022
1773143884.692648,PC1,0,14,0.27824,1.00818,-0.53033,0.91814786195755
1773143884.692648,PC1,0,15,0.70933,0.69684,-0.41655,0.9986906051635742
1773143884.692648,PC1,0,16,0.29386,0.76711,-0.9733,0.9599255919456482
1773143884.692648,PC1,0,17,0.73745,0.61767,-0.47256,0.9969202876091003
1773143884.692648,PC1,0,18,0.28232,0.69536,-1.04663,0.9450410008430481
1773143884.692648,PC1,0,19,0.71697,0.58702,-0.44456,0.9972801804542542
1773143884.692648,PC1,0,20,0.29013,0.65865,-1.02692,0.9530895948410034
1773143884.692648,PC1,0,21,0.70208,0.61953,-0.42083,0.9968422651290894
1773143884.692648,PC1,0,22,0.30128,0.68625,-0.97599,0.9513520002365112
1773143884.692648,PC1,0,23,0.57904,1.36342,0.06538,0.1569393128156662
1773143884.692648,PC1,0,24,0.42127,1.38918,-0.06265,0.11780530214309692
1773143884.692648,PC1,0,25,0.57769,1.83065,0.1012,0.017297320067882538
1773143884.692648,PC1,0,26,0.43173,1.87311,-0.06293,0.012728235684335232
1773143884.692648,PC1,0,27,0.55843,2.27531,0.40908,0.001213872921653092
1773143884.692648,PC1,0,28,0.41329,2.30946,0.13144,0.0014599004061892629
1773143884.692648,PC1,0,29,0.54542,2.35129,0.42336,0.0013854014687240124
1773143884.692648,PC1,0,30,0.39089,2.38669,0.13876,0.0016276028472930193
1773143884.692648,PC1,0,31,0.60246,2.38645,0.18492,0.002686831634491682
1773143884.692648,PC1,0,32,0.48526,2.41597,-0.18737,0.0027727882843464613
1773143884.692648,PC1,0,Angle_Elbow_L,105.86,,,
1773143884.692648,PC1,0,Angle_Elbow_R,113.69,,,
1773143884.692648,PC1,0,Angle_Shoulder_L,127.53,,,
1773143884.692648,PC1,0,Angle_Shoulder_R,122.5,,,
1773143884.692648,PC1,0,Length_UpperArm_L,0.2714,,,
1773143884.692648,PC1,0,Length_LowerArm_L,0.3887,,,
1773143884.692648,PC1,0,Length_UpperArm_R,0.4636,,,
1773143884.692648,PC1,0,Length_LowerArm_R,0.5046,,,
1773143884.692648,PC1,0,Width_Shoulder,0.3247,,,
1773143884.754169,PC1,0,0,0.48585,0.56959,-0.35188,0.9999812245368958
1773143884.754169,PC1,0,1,0.49591,0.52941,-0.3127,0.999970555305481
1773143884.754169,PC1,0,2,0.50227,0.53086,-0.31271,0.9999722838401794
1773143884.754169,PC1,0,3,0.50795,0.5324,-0.31261,0.9999660849571228
1773143884.754169,PC1,0,4,0.4699,0.52174,-0.34292,0.9999740719795227
1773143884.754169,PC1,0,5,0.45819,0.51862,-0.34288,0.9999758005142212
1773143884.754169,PC1,0,6,0.44604,0.51634,-0.34307,0.9999685287475586
1773143884.754169,PC1,0,7,0.50319,0.54547,-0.07749,0.9999749660491943
1773143884.754169,PC1,0,8,0.41567,0.53049,-0.21067,0.9999837279319763
1773143884.754169,PC1,0,9,0.48752,0.61788,-0.26126,0.9999683499336243
1773143884.754169,PC1,0,10,0.46202,0.6139,-0.30238,0.999977171421051
1773143884.754169,PC1,0,11,0.53724,0.74549,0.08591,0.9998296499252319
1773143884.754169,PC1,0,12,0.32699,0.72985,-0.16329,0.9989206194877625
1773143884.754169,PC1,0,13,0.65369,0.92076,-0.10087,0.9801827073097229
1773143884.754169,PC1,0,14,0.27986,1.02659,-0.53403,0.9247084259986877
1773143884.754169,PC1,0,15,0.70389,0.69631,-0.42695,0.9987357258796692
1773143884.754169,PC1,0,16,0.29619,0.75914,-0.98002,0.963808000087738
1773143884.754169,PC1,0,17,0.73308,0.61397,-0.48738,0.997005820274353
1773143884.754169,PC1,0,18,0.28258,0.68689,-1.05295,0.9502294063568115
1773143884.754169,PC1,0,19,0.71328,0.58346,-0.45344,0.9973205327987671
1773143884.754169,PC1,0,20,0.28972,0.65011,-1.03198,0.9574925899505615
1773143884.754169,PC1,0,21,0.69818,0.61636,-0.43255,0.9968863725662231
1773143884.754169,PC1,0,22,0.30137,0.67888,-0.98207,0.9558805227279663
1773143884.754169,PC1,0,23,0.57904,1.36342,0.06538,0.14532408118247986
1773143884.754169,PC1,0,24,0.42127,1.38918,-0.06265,0.10929369926452637
1773143884.754169,PC1,0,25,0.57769,1.83065,0.1012,0.016012737527489662
1773143884.754169,PC1,0,26,0.43173,1.87311,-0.06293,0.01164009515196085
1773143884.754169,PC1,0,27,0.55843,2.27531,0.40908,0.0011270319810137153
1773143884.754169,PC1,0,28,0.41329,2.30946,0.13144,0.001319168251939118
1773143884.754169,PC1,0,29,0.54542,2.35129,0.42336,0.0012707679998129606
1773143884.754169,PC1,0,30,0.39089,2.38669,0.13876,0.0014755987795069814
1773143884.754169,PC1,0,31,0.60246,2.38645,0.18492,0.002472338266670704
1773143884.754169,PC1,0,32,0.48526,2.41597,-0.18737,0.002517800545319915
1773143884.754169,PC1,0,Angle_Elbow_L,104.13,,,
1773143884.754169,PC1,0,Angle_Elbow_R,110.07,,,
1773143884.754169,PC1,0,Angle_Shoulder_L,128.36,,,
1773143884.754169,PC1,0,Angle_Shoulder_R,123.94,,,
1773143884.754169,PC1,0,Length_UpperArm_L,0.2814,,,
1773143884.754169,PC1,0,Length_LowerArm_L,0.399,,,
1773143884.754169,PC1,0,Length_UpperArm_R,0.4772,,,
1773143884.754169,PC1,0,Length_LowerArm_R,0.5203,,,
1773143884.754169,PC1,0,Width_Shoulder,0.3264,,,
1773143884.8145761,PC1,0,0,0.48615,0.56967,-0.35529,0.99997878074646
1773143884.8145761,PC1,0,1,0.49657,0.52952,-0.31644,0.9999673962593079
1773143884.8145761,PC1,0,2,0.50308,0.53101,-0.31645,0.9999688267707825
1773143884.8145761,PC1,0,3,0.50888,0.53258,-0.31636,0.9999624490737915
1773143884.8145761,PC1,0,4,0.47024,0.52173,-0.34629,0.9999709725379944
1773143884.8145761,PC1,0,5,0.45849,0.51858,-0.34625,0.9999723434448242
1773143884.8145761,PC1,0,6,0.44632,0.51627,-0.34644,0.9999653100967407
1773143884.8145761,PC1,0,7,0.50438,0.54558,-0.08288,0.9999715685844421
1773143884.8145761,PC1,0,8,0.41593,0.53047,-0.21328,0.9999814033508301
1773143884.8145761,PC1,0,9,0.48768,0.61749,-0.26478,0.9999650120735168
1773143884.8145761,PC1,0,10,0.46175,0.614,-0.30613,0.9999746084213257
1773143884.8145761,PC1,0,11,0.53848,0.74683,0.08159,0.999826967716217
1773143884.8145761,PC1,0,12,0.3275,0.729,-0.16179,0.9989737868309021
1773143884.8145761,PC1,0,13,0.65064,0.93151,-0.10097,0.9778211712837219
1773143884.8145761,PC1,0,14,0.28208,1.02765,-0.53648,0.9297301769256592
1773143884.8145761,PC1,0,15,0.70023,0.69911,-0.41487,0.9987616539001465
1773143884.8145761,PC1,0,16,0.29838,0.75437,-0.98796,0.9671896696090698
1773143884.8145761,PC1,0,17,0.73013,0.61361,-0.47243,0.9970253705978394
1773143884.8145761,PC1,0,18,0.28248,0.67969,-1.06067,0.9546183943748474
1773143884.8145761,PC1,0,19,0.7106,0.5842,-0.43769,0.9973054528236389
1773143884.8145761,PC1,0,20,0.28935,0.6437,-1.03902,0.961197018623352
1773143884.8145761,PC1,0,21,0.69562,0.61944,-0.41904,0.996870219707489
1773143884.8145761,PC1,0,22,0.30147,0.6736,-0.99004,0.9596560597419739
1773143884.8145761,PC1,0,23,0.57904,1.36342,0.06538,0.1361619234085083
1773143884.8145761,PC1,0,24,0.42127,1.38918,-0.06265,0.10235618054866791
1773143884.8145761,PC1,0,25,0.57769,1.83065,0.1012,0.014806649647653103
1773143884.8145761,PC1,0,26,0.43173,1.87311,-0.06293,0.010650319047272205
1773143884.8145761,PC1,0,27,0.55843,2.27531,0.40908,0.0010321356821805239
1773143884.8145761,PC1,0,28,0.41329,2.30946,0.13144,0.0011911960318684578
1773143884.8145761,PC1,0,29,0.54542,2.35129,0.42336,0.0011585605097934604
1773143884.8145761,PC1,0,30,0.39089,2.38669,0.13876,0.001334336237050593
1773143884.8145761,PC1,0,31,0.60246,2.38645,0.18492,0.0022657716181129217
1773143884.8145761,PC1,0,32,0.48526,2.41597,-0.18737,0.002284056507050991
1773143884.8145761,PC1,0,Angle_Elbow_L,100.32,,,
1773143884.8145761,PC1,0,Angle_Elbow_R,109.97,,,
1773143884.8145761,PC1,0,Angle_Shoulder_L,130.37,,,
1773143884.8145761,PC1,0,Angle_Shoulder_R,123.76,,,
1773143884.8145761,PC1,0,Length_UpperArm_L,0.2829,,,
1773143884.8145761,PC1,0,Length_LowerArm_L,0.3937,,,
1773143884.8145761,PC1,0,Length_UpperArm_R,0.4813,,,
1773143884.8145761,PC1,0,Length_LowerArm_R,0.528,,,
1773143884.8145761,PC1,0,Width_Shoulder,0.3226,,,
1773143884.995157,PC1,0,0,0.48611,0.56971,-0.33907,0.9999780654907227
1773143884.995157,PC1,0,1,0.49731,0.52972,-0.30196,0.9999668598175049
1773143884.995157,PC1,0,2,0.50403,0.53124,-0.30197,0.9999679923057556
1773143884.995157,PC1,0,3,0.51005,0.53281,-0.30192,0.9999619722366333
1773143884.995157,PC1,0,4,0.47084,0.52174,-0.32953,0.9999696016311646
1773143884.995157,PC1,0,5,0.45919,0.51852,-0.32942,0.9999704957008362
1773143884.995157,PC1,0,6,0.44718,0.51614,-0.3296,0.9999639987945557
1773143884.995157,PC1,0,7,0.50591,0.54565,-0.07232,0.9999697804450989
1773143884.995157,PC1,0,8,0.41666,0.52998,-0.19727,0.9999797940254211
1773143884.995157,PC1,0,9,0.48759,0.61692,-0.25054,0.9999635815620422
1773143884.995157,PC1,0,10,0.46107,0.61353,-0.28919,0.9999728202819824
1773143884.995157,PC1,0,11,0.54134,0.74773,0.08028,0.9998335838317871
1773143884.995157,PC1,0,12,0.32979,0.72089,-0.14061,0.9990987777709961
1773143884.995157,PC1,0,13,0.64227,0.94993,-0.10985,0.973270833492279
1773143884.995157,PC1,0,14,0.28532,1.01501,-0.51378,0.9374716877937317
1773143884.995157,PC1,0,15,0.69087,0.71154,-0.44187,0.9987963438034058
1773143884.995157,PC1,0,16,0.30089,0.74693,-0.97668,0.972983181476593
1773143884.995157,PC1,0,17,0.72365,0.62874,-0.50405,0.9971300363540649
1773143884.995157,PC1,0,18,0.28102,0.67085,-1.05135,0.9622601866722107
1773143884.995157,PC1,0,19,0.70748,0.59709,-0.47275,0.9973748326301575
1773143884.995157,PC1,0,20,0.28742,0.63633,-1.03176,0.9676734209060669
1773143884.995157,PC1,0,21,0.69202,0.63333,-0.44627,0.9969503879547119
1773143884.995157,PC1,0,22,0.30133,0.66679,-0.98038,0.9663174748420715
1773143884.995157,PC1,0,23,0.57904,1.36342,0.06538,0.12414214760065079
1773143884.995157,PC1,0,24,0.42127,1.38918,-0.06265,0.09362870454788208
1773143884.995157,PC1,0,25,0.57769,1.83065,0.1012,0.012941259890794754
1773143884.995157,PC1,0,26,0.43173,1.87311,-0.06293,0.009066886268556118
1773143884.995157,PC1,0,27,0.55843,2.27531,0.40908,0.0008815498440526426
1773143884.995157,PC1,0,28,0.41329,2.30946,0.13144,0.0009740526438690722
1773143884.995157,PC1,0,29,0.54542,2.35129,0.42336,0.0009841276332736015
1773143884.995157,PC1,0,30,0.39089,2.38669,0.13876,0.0010949266143143177
1773143884.995157,PC1,0,31,0.60246,2.38645,0.18492,0.0019058628240600228
1773143884.995157,PC1,0,32,0.48526,2.41597,-0.18737,0.0018791957991197705
1773143884.995157,PC1,0,Angle_Elbow_L,99.39,,,
1773143884.995157,PC1,0,Angle_Elbow_R,111.4,,,
1773143884.995157,PC1,0,Angle_Shoulder_L,133.09,,,
1773143884.995157,PC1,0,Angle_Shoulder_R,124.4,,,
1773143884.995157,PC1,0,Length_UpperArm_L,0.2953,,,
1773143884.995157,PC1,0,Length_LowerArm_L,0.4116,,,
1773143884.995157,PC1,0,Length_UpperArm_R,0.4772,,,
1773143884.995157,PC1,0,Length_LowerArm_R,0.5352,,,
1773143884.995157,PC1,0,Width_Shoulder,0.307,,,
1773143885.057377,PC1,0,0,0.48504,0.56942,-0.33643,0.9999769926071167
1773143885.057377,PC1,0,1,0.49676,0.52942,-0.30308,0.9999651312828064
1773143885.057377,PC1,0,2,0.50381,0.53104,-0.30307,0.9999663233757019
1773143885.057377,PC1,0,3,0.5101,0.53274,-0.30302,0.9999601244926453
1773143885.057377,PC1,0,4,0.46997,0.52156,-0.32636,0.9999678730964661
1773143885.057377,PC1,0,5,0.45834,0.5184,-0.32621,0.9999688863754272
1773143885.057377,PC1,0,6,0.44647,0.51604,-0.32636,0.999962568283081
1773143885.057377,PC1,0,7,0.50636,0.54564,-0.07991,0.999967634677887
1773143885.057377,PC1,0,8,0.41679,0.52924,-0.18796,0.9999787211418152
1773143885.057377,PC1,0,9,0.48703,0.61649,-0.25066,0.9999632835388184
1773143885.057377,PC1,0,10,0.45978,0.61275,-0.28255,0.9999724626541138
1773143885.057377,PC1,0,11,0.54249,0.74745,0.07201,0.999834418296814
1773143885.057377,PC1,0,12,0.33109,0.7182,-0.13217,0.99916011095047
1773143885.057377,PC1,0,13,0.63975,0.95597,-0.11696,0.970916748046875
1773143885.057377,PC1,0,14,0.28704,1.00893,-0.50257,0.9407496452331543
1773143885.057377,PC1,0,15,0.68579,0.71971,-0.44947,0.9987446069717407
1773143885.057377,PC1,0,16,0.30146,0.74352,-0.97231,0.9753788709640503
1773143885.057377,PC1,0,17,0.71812,0.63801,-0.51328,0.9969844818115234
1773143885.057377,PC1,0,18,0.27951,0.66707,-1.04792,0.9653207659721375
1773143885.057377,PC1,0,19,0.70359,0.60672,-0.48798,0.9972022175788879
1773143885.057377,PC1,0,20,0.28627,0.63426,-1.03063,0.9702587127685547
1773143885.057377,PC1,0,21,0.68789,0.64163,-0.45482,0.9967766404151917
1773143885.057377,PC1,0,22,0.30115,0.6645,-0.97765,0.9689937829971313
1773143885.057377,PC1,0,23,0.57904,1.36342,0.06538,0.11532671004533768
1773143885.057377,PC1,0,24,0.42127,1.38918,-0.06265,0.08703557401895523
1773143885.057377,PC1,0,25,0.57769,1.83065,0.1012,0.011951525695621967
1773143885.057377,PC1,0,26,0.43173,1.87311,-0.06293,0.008262617513537407
1773143885.057377,PC1,0,27,0.55843,2.27531,0.40908,0.0008200005977414548
1773143885.057377,PC1,0,28,0.41329,2.30946,0.13144,0.0008792064036242664
1773143885.057377,PC1,0,29,0.54542,2.35129,0.42336,0.0009123187628574669
1773143885.057377,PC1,0,30,0.39089,2.38669,0.13876,0.0009908664505928755
1773143885.057377,PC1,0,31,0.60246,2.38645,0.18492,0.0017475895583629608
1773143885.057377,PC1,0,32,0.48526,2.41597,-0.18737,0.0017036618664860725
1773143885.057377,PC1,0,Angle_Elbow_L,98.49,,,
1773143885.057377,PC1,0,Angle_Elbow_R,112.14,,,
1773143885.057377,PC1,0,Angle_Shoulder_L,134.21,,,
1773143885.057377,PC1,0,Angle_Shoulder_R,124.33,,,
1773143885.057377,PC1,0,Length_UpperArm_L,0.2977,,,
1773143885.057377,PC1,0,Length_LowerArm_L,0.4105,,,
1773143885.057377,PC1,0,Length_UpperArm_R,0.4729,,,
1773143885.057377,PC1,0,Length_LowerArm_R,0.5397,,,
1773143885.057377,PC1,0,Width_Shoulder,0.2954,,,
1773143885.118753,PC1,0,0,0.48369,0.56772,-0.31785,0.999977707862854
1773143885.118753,PC1,0,1,0.49586,0.52729,-0.28762,0.9999660849571228
1773143885.118753,PC1,0,2,0.50331,0.52881,-0.28761,0.9999674558639526
1773143885.118753,PC1,0,3,0.51002,0.53047,-0.28757,0.9999618530273438
1773143885.118753,PC1,0,4,0.46871,0.52044,-0.30711,0.9999682307243347
1773143885.118753,PC1,0,5,0.4571,0.5177,-0.3069,0.9999691247940063
1773143885.118753,PC1,0,6,0.44541,0.51559,-0.30704,0.9999634027481079
1773143885.118753,PC1,0,7,0.50688,0.54364,-0.07424,0.9999680519104004
1773143885.118753,PC1,0,8,0.41695,0.52811,-0.16542,0.9999785423278809
1773143885.118753,PC1,0,9,0.48644,0.61447,-0.23584,0.9999645352363586
1773143885.118753,PC1,0,10,0.4583,0.61079,-0.26226,0.9999728202819824
1773143885.118753,PC1,0,11,0.54536,0.74333,0.06455,0.9998483657836914
1773143885.118753,PC1,0,12,0.3338,0.71368,-0.10656,0.9992676973342896
1773143885.118753,PC1,0,13,0.63563,0.96338,-0.13238,0.9696043729782104
1773143885.118753,PC1,0,14,0.29175,1.00043,-0.46376,0.9458907842636108
1773143885.118753,PC1,0,15,0.67655,0.73234,-0.48173,0.9987160563468933
1773143885.118753,PC1,0,16,0.30221,0.73973,-0.937,0.9795613288879395
1773143885.118753,PC1,0,17,0.71068,0.65307,-0.54966,0.9969847798347473
1773143885.118753,PC1,0,18,0.27724,0.66426,-1.01233,0.9709044694900513
1773143885.118753,PC1,0,19,0.6976,0.62157,-0.52957,0.9971933364868164
1773143885.118753,PC1,0,20,0.28345,0.63483,-0.99796,0.9750019907951355
1773143885.118753,PC1,0,21,0.68133,0.65489,-0.48795,0.99678635597229
1773143885.118753,PC1,0,22,0.29926,0.66398,-0.94403,0.9739254713058472
1773143885.118753,PC1,0,23,0.57904,1.36342,0.06538,0.10537248849868774
1773143885.118753,PC1,0,24,0.42127,1.38918,-0.06265,0.08034715801477432
1773143885.118753,PC1,0,25,0.57769,1.83065,0.1012,0.010596506297588348
1773143885.118753,PC1,0,26,0.43173,1.87311,-0.06293,0.007092936895787716
1773143885.118753,PC1,0,27,0.55843,2.27531,0.40908,0.0007179609383456409
1773143885.118753,PC1,0,28,0.41329,2.30946,0.13144,0.0007217585807666183
1773143885.118753,PC1,0,29,0.54542,2.35129,0.42336,0.0007886083913035691
1773143885.118753,PC1,0,30,0.39089,2.38669,0.13876,0.0008193107205443084
1773143885.118753,PC1,0,31,0.60246,2.38645,0.18492,0.0014805207028985023
1773143885.118753,PC1,0,32,0.48526,2.41597,-0.18737,0.0014073036145418882
1773143885.118753,PC1,0,Angle_Elbow_L,99.59,,,
1773143885.118753,PC1,0,Angle_Elbow_R,112.18,,,
1773143885.118753,PC1,0,Angle_Shoulder_L,135.59,,,
1773143885.118753,PC1,0,Angle_Shoulder_R,125.81,,,
1773143885.118753,PC1,0,Length_UpperArm_L,0.3088,,,
1773143885.118753,PC1,0,Length_LowerArm_L,0.4208,,,
1773143885.118753,PC1,0,Length_UpperArm_R,0.46,,,
1773143885.118753,PC1,0,Length_LowerArm_R,0.5404,,,
1773143885.118753,PC1,0,Width_Shoulder,0.2737,,,
1773143885.1792169,PC1,0,0,0.4829,0.56669,-0.31665,0.9999777674674988
1773143885.1792169,PC1,0,1,0.49535,0.52604,-0.28778,0.9999651312828064
1773143885.1792169,PC1,0,2,0.503,0.52747,-0.28776,0.9999665021896362
1773143885.1792169,PC1,0,3,0.5099,0.52909,-0.28767,0.9999606013298035
1773143885.1792169,PC1,0,4,0.46812,0.51976,-0.30568,0.9999675750732422
1773143885.1792169,PC1,0,5,0.45653,0.51728,-0.30548,0.9999686479568481
1773143885.1792169,PC1,0,6,0.44485,0.51536,-0.30563,0.9999628663063049
1773143885.1792169,PC1,0,7,0.5071,0.54275,-0.07652,0.9999664425849915
1773143885.1792169,PC1,0,8,0.41662,0.5277,-0.15905,0.9999778270721436
1773143885.1792169,PC1,0,9,0.48617,0.61351,-0.23566,0.9999644756317139
1773143885.1792169,PC1,0,10,0.45763,0.60987,-0.25962,0.9999728202819824
1773143885.1792169,PC1,0,11,0.5467,0.74155,0.06087,0.9998469948768616
1773143885.1792169,PC1,0,12,0.33435,0.71282,-0.09705,0.9993168115615845
1773143885.1792169,PC1,0,13,0.63434,0.96591,-0.13816,0.9689292907714844
1773143885.1792169,PC1,0,14,0.29433,0.99807,-0.45023,0.9486567974090576
1773143885.1792169,PC1,0,15,0.67216,0.73735,-0.48356,0.9986948370933533
1773143885.1792169,PC1,0,16,0.30284,0.73892,-0.92219,0.9813985824584961
1773143885.1792169,PC1,0,17,0.70682,0.65898,-0.54705,0.9969130158424377
1773143885.1792169,PC1,0,18,0.27626,0.66431,-0.99377,0.9733540415763855
1773143885.1792169,PC1,0,19,0.69511,0.62729,-0.522,0.997104287147522
1773143885.1792169,PC1,0,20,0.28194,0.63618,-0.98088,0.9770758748054504
1773143885.1792169,PC1,0,21,0.67788,0.65978,-0.48703,0.9967082738876343
1773143885.1792169,PC1,0,22,0.29838,0.66475,-0.92888,0.9761006832122803
1773143885.1792169,PC1,0,23,0.57904,1.36342,0.06538,0.09765415638685226
1773143885.1792169,PC1,0,24,0.42127,1.38918,-0.06265,0.07500824332237244
1773143885.1792169,PC1,0,25,0.57769,1.83065,0.1012,0.009831447154283524
1773143885.1792169,PC1,0,26,0.43173,1.87311,-0.06293,0.006490662693977356
1773143885.1792169,PC1,0,27,0.55843,2.27531,0.40908,0.000674400245770812
1773143885.1792169,PC1,0,28,0.41329,2.30946,0.13144,0.0006531242979690433
1773143885.1792169,PC1,0,29,0.54542,2.35129,0.42336,0.000735258508939296
1773143885.1792169,PC1,0,30,0.39089,2.38669,0.13876,0.0007447481621056795
1773143885.1792169,PC1,0,31,0.60246,2.38645,0.18492,0.0013678075047209859
1773143885.1792169,PC1,0,32,0.48526,2.41597,-0.18737,0.0012811393244192004
1773143885.1792169,PC1,0,Angle_Elbow_L,99.2,,,
1773143885.1792169,PC1,0,Angle_Elbow_R,112.12,,,
1773143885.1792169,PC1,0,Angle_Shoulder_L,136.17,,,
1773143885.1792169,PC1,0,Angle_Shoulder_R,126.29,,,
1773143885.1792169,PC1,0,Length_UpperArm_L,0.3125,,,
1773143885.1792169,PC1,0,Length_LowerArm_L,0.4159,,,
1773143885.1792169,PC1,0,Length_UpperArm_R,0.4557,,,
1773143885.1792169,PC1,0,Length_LowerArm_R,0.5385,,,
1773143885.1792169,PC1,0,Width_Shoulder,0.2662,,,
1773143885.2408588,PC1,0,0,0.48226,0.56593,-0.31465,0.9999790191650391
1773143885.2408588,PC1,0,1,0.49486,0.52517,-0.28623,0.9999667406082153
1773143885.2408588,PC1,0,2,0.50261,0.52655,-0.28619,0.9999681711196899
1773143885.2408588,PC1,0,3,0.50966,0.52812,-0.28608,0.9999625086784363
1773143885.2408588,PC1,0,4,0.4676,0.51926,-0.30293,0.9999688863754272
1773143885.2408588,PC1,0,5,0.45608,0.51696,-0.30269,0.9999697804450989
1773143885.2408588,PC1,0,6,0.44444,0.51517,-0.30284,0.9999642968177795
1773143885.2408588,PC1,0,7,0.50713,0.54212,-0.07744,0.9999678730964661
1773143885.2408588,PC1,0,8,0.41639,0.52756,-0.15407,0.9999785423278809
1773143885.2408588,PC1,0,9,0.48586,0.61283,-0.23486,0.999966025352478
1773143885.2408588,PC1,0,10,0.45715,0.6092,-0.25713,0.9999738931655884
1773143885.2408588,PC1,0,11,0.54765,0.74009,0.05721,0.999853253364563
1773143885.2408588,PC1,0,12,0.33468,0.71255,-0.08807,0.9993624091148376
1773143885.2408588,PC1,0,13,0.63344,0.96857,-0.14544,0.969586968421936
1773143885.2408588,PC1,0,14,0.29603,0.99786,-0.43195,0.9508978128433228
1773143885.2408588,PC1,0,15,0.66814,0.74255,-0.49597,0.9987187385559082
1773143885.2408588,PC1,0,16,0.30355,0.74033,-0.89993,0.983116090297699
1773143885.2408588,PC1,0,17,0.70298,0.66344,-0.56132,0.9969967603683472
1773143885.2408588,PC1,0,18,0.27602,0.66748,-0.97173,0.9757396578788757
1773143885.2408588,PC1,0,19,0.69241,0.63276,-0.53404,0.9971804618835449
1773143885.2408588,PC1,0,20,0.28133,0.63993,-0.95676,0.9791040420532227
1773143885.2408588,PC1,0,21,0.67441,0.6641,-0.49887,0.9968069195747375
1773143885.2408588,PC1,0,22,0.29835,0.66781,-0.90611,0.9782207012176514
1773143885.2408588,PC1,0,23,0.57904,1.36342,0.06538,0.09041598439216614
1773143885.2408588,PC1,0,24,0.42127,1.38918,-0.06265,0.06955701112747192
1773143885.2408588,PC1,0,25,0.57769,1.83065,0.1012,0.008973141200840473
1773143885.2408588,PC1,0,26,0.43173,1.87311,-0.06293,0.005887399893254042
1773143885.2408588,PC1,0,27,0.55843,2.27531,0.40908,0.0006124770734459162
1773143885.2408588,PC1,0,28,0.41329,2.30946,0.13144,0.0005886157159693539
1773143885.2408588,PC1,0,29,0.54542,2.35129,0.42336,0.0006658481433987617
1773143885.2408588,PC1,0,30,0.39089,2.38669,0.13876,0.0006714260671287775
1773143885.2408588,PC1,0,31,0.60246,2.38645,0.18492,0.0012391548370942473
1773143885.2408588,PC1,0,32,0.48526,2.41597,-0.18737,0.0011559721315279603
1773143885.2408588,PC1,0,Angle_Elbow_L,99.7,,,
1773143885.2408588,PC1,0,Angle_Elbow_R,111.33,,,
1773143885.2408588,PC1,0,Angle_Shoulder_L,136.47,,,
1773143885.2408588,PC1,0,Angle_Shoulder_R,127.29,,,
1773143885.2408588,PC1,0,Length_UpperArm_L,0.3172,,,
1773143885.2408588,PC1,0,Length_LowerArm_L,0.4185,,,
1773143885.2408588,PC1,0,Length_UpperArm_R,0.4485,,,
1773143885.2408588,PC1,0,Length_LowerArm_R,0.5342,,,
1773143885.2408588,PC1,0,Width_Shoulder,0.2593,,,
1773143885.2409852,PC1,0,0,0.48117,0.56402,-0.31951,0.999979555606842
1773143885.2409852,PC1,0,1,0.49405,0.52398,-0.29142,0.9999668002128601
1773143885.2409852,PC1,0,2,0.50203,0.52534,-0.29137,0.9999682903289795
1773143885.2409852,PC1,0,3,0.50929,0.52684,-0.29122,0.9999625086784363
1773143885.2409852,PC1,0,4,0.46645,0.51807,-0.30629,0.9999685883522034
1773143885.2409852,PC1,0,5,0.45499,0.51598,-0.30605,0.9999695420265198
1773143885.2409852,PC1,0,6,0.44337,0.5145,-0.30621,0.9999640583992004
1773143885.2409852,PC1,0,7,0.50719,0.54128,-0.08354,0.9999674558639526
1773143885.2409852,PC1,0,8,0.41588,0.52741,-0.15097,0.9999780058860779
1773143885.2409852,PC1,0,9,0.48541,0.61147,-0.2403,0.999965488910675
1773143885.2409852,PC1,0,10,0.4563,0.60792,-0.26007,0.9999733567237854
1773143885.2409852,PC1,0,11,0.54897,0.73966,0.05153,0.9998469352722168
1773143885.2409852,PC1,0,12,0.33505,0.71255,-0.08166,0.999383270740509
1773143885.2409852,PC1,0,13,0.63298,0.97045,-0.1532,0.9670618772506714
1773143885.2409852,PC1,0,14,0.29716,0.99772,-0.42605,0.9514167308807373
1773143885.2409852,PC1,0,15,0.66545,0.74635,-0.50101,0.9986509680747986
1773143885.2409852,PC1,0,16,0.30418,0.74162,-0.8947,0.9844684600830078
1773143885.2409852,PC1,0,17,0.70041,0.66651,-0.56849,0.996887743473053
1773143885.2409852,PC1,0,18,0.27539,0.66981,-0.96685,0.9775459170341492
1773143885.2409852,PC1,0,19,0.69054,0.63663,-0.54241,0.997081995010376
1773143885.2409852,PC1,0,20,0.28089,0.6427,-0.94536,0.9806405901908875
1773143885.2409852,PC1,0,21,0.67201,0.66712,-0.50369,0.9967054724693298
1773143885.2409852,PC1,0,22,0.29827,0.67021,-0.89993,0.9798296689987183
1773143885.2409852,PC1,0,23,0.57904,1.36342,0.06538,0.08232971280813217
1773143885.2409852,PC1,0,24,0.42127,1.38918,-0.06265,0.06340935826301575
1773143885.2409852,PC1,0,25,0.57769,1.83065,0.1012,0.008165736682713032
1773143885.2409852,PC1,0,26,0.43173,1.87311,-0.06293,0.005330149084329605
1773143885.2409852,PC1,0,27,0.55843,2.27531,0.40908,0.0005568386986851692
1773143885.2409852,PC1,0,28,0.41329,2.30946,0.13144,0.0005305377417244017
1773143885.2409852,PC1,0,29,0.54542,2.35129,0.42336,0.0006039903964847326
1773143885.2409852,PC1,0,30,0.39089,2.38669,0.13876,0.0006057569989934564
1773143885.2409852,PC1,0,31,0.60246,2.38645,0.18492,0.0011256505968049169
1773143885.2409852,PC1,0,32,0.48526,2.41597,-0.18737,0.001044955919496715
1773143885.2409852,PC1,0,Angle_Elbow_L,99.64,,,
1773143885.2409852,PC1,0,Angle_Elbow_R,111.57,,,
1773143885.2409852,PC1,0,Angle_Shoulder_L,136.55,,,
1773143885.2409852,PC1,0,Angle_Shoulder_R,127.3,,,
1773143885.2409852,PC1,0,Length_UpperArm_L,0.3197,,,
1773143885.2409852,PC1,0,Length_LowerArm_L,0.415,,,
1773143885.2409852,PC1,0,Length_UpperArm_R,0.4487,,,
1773143885.2409852,PC1,0,Length_LowerArm_R,0.5341,,,
1773143885.2409852,PC1,0,Width_Shoulder,0.2534,,,
1773143885.3626502,PC1,0,0,0.48023,0.56267,-0.34559,0.9999793767929077
1773143885.3626502,PC1,0,1,0.49309,0.52314,-0.31607,0.999966025352478
1773143885.3626502,PC1,0,2,0.50113,0.52449,-0.31602,0.9999676942825317
1773143885.3626502,PC1,0,3,0.50848,0.52603,-0.31584,0.9999610781669617
1773143885.3626502,PC1,0,4,0.46557,0.51722,-0.33162,0.9999676942825317
1773143885.3626502,PC1,0,5,0.45412,0.51527,-0.33141,0.9999690651893616
1773143885.3626502,PC1,0,6,0.44247,0.51401,-0.33158,0.9999630451202393
1773143885.3626502,PC1,0,7,0.50709,0.54079,-0.10279,0.9999663829803467
1773143885.3626502,PC1,0,8,0.41538,0.52733,-0.17282,0.9999774694442749
1773143885.3626502,PC1,0,9,0.48492,0.61053,-0.2646,0.9999646544456482
1773143885.3626502,PC1,0,10,0.45545,0.60702,-0.28504,0.9999725222587585
1773143885.3626502,PC1,0,11,0.5499,0.73971,0.03973,0.9998372793197632
1773143885.3626502,PC1,0,12,0.33528,0.71257,-0.10489,0.9993995428085327
1773143885.3626502,PC1,0,13,0.63267,0.97154,-0.16726,0.9652352929115295
1773143885.3626502,PC1,0,14,0.29905,0.99813,-0.455,0.9525870084762573
1773143885.3626502,PC1,0,15,0.66228,0.74825,-0.51479,0.9986544847488403
1773143885.3626502,PC1,0,16,0.30534,0.74256,-0.92418,0.9857839345932007
1773143885.3626502,PC1,0,17,0.69747,0.66769,-0.57983,0.9968647360801697
1773143885.3626502,PC1,0,18,0.27615,0.67139,-0.99579,0.979274332523346
1773143885.3626502,PC1,0,19,0.68892,0.63817,-0.54996,0.9970412850379944
1773143885.3626502,PC1,0,20,0.28085,0.64448,-0.9745,0.9821059107780457
1773143885.3626502,PC1,0,21,0.66993,0.66893,-0.51607,0.9966753721237183
1773143885.3626502,PC1,0,22,0.2982,0.67177,-0.92918,0.9813538193702698
1773143885.3626502,PC1,0,23,0.57904,1.36342,0.06538,0.07593706250190735
1773143885.3626502,PC1,0,24,0.42127,1.38918,-0.06265,0.05859232321381569
1773143885.3626502,PC1,0,25,0.57769,1.83065,0.1012,0.007440324407070875
1773143885.3626502,PC1,0,26,0.43173,1.87311,-0.06293,0.00482709426432848
1773143885.3626502,PC1,0,27,0.55843,2.27531,0.40908,0.0005107652978040278
1773143885.3626502,PC1,0,28,0.41329,2.30946,0.13144,0.00047859997721388936
1773143885.3626502,PC1,0,29,0.54542,2.35129,0.42336,0.000554110505618155
1773143885.3626502,PC1,0,30,0.39089,2.38669,0.13876,0.0005474588251672685
1773143885.3626502,PC1,0,31,0.60246,2.38645,0.18492,0.0010325162438675761
1773143885.3626502,PC1,0,32,0.48526,2.41597,-0.18737,0.0009486619965173304
1773143885.3626502,PC1,0,Angle_Elbow_L,99.78,,,
1773143885.3626502,PC1,0,Angle_Elbow_R,112.09,,,
1773143885.3626502,PC1,0,Angle_Shoulder_L,134.93,,,
1773143885.3626502,PC1,0,Angle_Shoulder_R,125.42,,,
1773143885.3626502,PC1,0,Length_UpperArm_L,0.3216,,,
1773143885.3626502,PC1,0,Length_LowerArm_L,0.4141,,,
1773143885.3626502,PC1,0,Length_UpperArm_R,0.4532,,,
1773143885.3626502,PC1,0,Length_LowerArm_R,0.5343,,,
1773143885.3626502,PC1,0,Width_Shoulder,0.2602,,,
1773143885.4866402,PC1,0,0,0.47704,0.55969,-0.3572,0.9999812841415405
1773143885.4866402,PC1,0,1,0.49044,0.52109,-0.32767,0.9999682903289795
1773143885.4866402,PC1,0,2,0.49874,0.52263,-0.32758,0.9999697208404541
1773143885.4866402,PC1,0,3,0.50642,0.52438,-0.32736,0.9999635219573975
1773143885.4866402,PC1,0,4,0.46272,0.51489,-0.34071,0.9999696016311646
1773143885.4866402,PC1,0,5,0.45119,0.51294,-0.34048,0.9999706149101257
1773143885.4866402,PC1,0,6,0.43952,0.51172,-0.34063,0.9999651908874512
1773143885.4866402,PC1,0,7,0.50682,0.53981,-0.12186,0.9999682307243347
1773143885.4866402,PC1,0,8,0.41352,0.52708,-0.17905,0.9999783039093018
1773143885.4866402,PC1,0,9,0.48296,0.60806,-0.27987,0.999966561794281
1773143885.4866402,PC1,0,10,0.45277,0.60428,-0.29657,0.9999740123748779
1773143885.4866402,PC1,0,11,0.55131,0.73961,0.01899,0.9998199939727783
1773143885.4866402,PC1,0,12,0.33635,0.71553,-0.1118,0.9994354844093323
1773143885.4866402,PC1,0,13,0.63253,0.97368,-0.18946,0.9587293267250061
1773143885.4866402,PC1,0,14,0.30186,1.00068,-0.44213,0.9511456489562988
1773143885.4866402,PC1,0,15,0.65849,0.75159,-0.51004,0.9985154271125793
1773143885.4866402,PC1,0,16,0.30828,0.74442,-0.89124,0.9878703951835632
1773143885.4866402,PC1,0,17,0.69429,0.66778,-0.5721,0.9966488480567932
1773143885.4866402,PC1,0,18,0.27792,0.6731,-0.96183,0.982079267501831
1773143885.4866402,PC1,0,19,0.6875,0.63933,-0.53986,0.9968416094779968
1773143885.4866402,PC1,0,20,0.28262,0.64704,-0.93583,0.9844856858253479
1773143885.4866402,PC1,0,21,0.66712,0.67118,-0.51084,0.9965261816978455
1773143885.4866402,PC1,0,22,0.30073,0.67495,-0.89526,0.9838929772377014
1773143885.4866402,PC1,0,23,0.57904,1.36342,0.06538,0.06291349977254868
1773143885.4866402,PC1,0,24,0.42127,1.38918,-0.06265,0.04865654930472374
1773143885.4866402,PC1,0,25,0.57769,1.83065,0.1012,0.006094260606914759
1773143885.4866402,PC1,0,26,0.43173,1.87311,-0.06293,0.003931592218577862
1773143885.4866402,PC1,0,27,0.55843,2.27531,0.40908,0.000417213246691972
1773143885.4866402,PC1,0,28,0.41329,2.30946,0.13144,0.000388129148632288
1773143885.4866402,PC1,0,29,0.54542,2.35129,0.42336,0.0004514708707574755
1773143885.4866402,PC1,0,30,0.39089,2.38669,0.13876,0.000444116274593398
1773143885.4866402,PC1,0,31,0.60246,2.38645,0.18492,0.0008453326881863177
1773143885.4866402,PC1,0,32,0.48526,2.41597,-0.18737,0.0007720015710219741
1773143885.4866402,PC1,0,Angle_Elbow_L,97.7,,,
1773143885.4866402,PC1,0,Angle_Elbow_R,109.37,,,
1773143885.4866402,PC1,0,Angle_Shoulder_L,133.85,,,
1773143885.4866402,PC1,0,Angle_Shoulder_R,125.82,,,
1773143885.4866402,PC1,0,Length_UpperArm_L,0.3238,,,
1773143885.4866402,PC1,0,Length_LowerArm_L,0.3909,,,
1773143885.4866402,PC1,0,Length_UpperArm_R,0.4377,,,
1773143885.4866402,PC1,0,Length_LowerArm_R,0.5171,,,
1773143885.4866402,PC1,0,Width_Shoulder,0.2528,,,
1773143885.54707,PC1,0,0,0.47603,0.55843,-0.36095,0.999981701374054
1773143885.54707,PC1,0,1,0.48955,0.52014,-0.33171,0.999968409538269
1773143885.54707,PC1,0,2,0.49795,0.5218,-0.33162,0.9999697208404541
1773143885.54707,PC1,0,3,0.50574,0.52368,-0.33139,0.9999632239341736
1773143885.54707,PC1,0,4,0.46179,0.51391,-0.34354,0.9999697804450989
1773143885.54707,PC1,0,5,0.45027,0.51195,-0.34332,0.9999709129333496
1773143885.54707,PC1,0,6,0.43861,0.51075,-0.34348,0.9999656081199646
1773143885.54707,PC1,0,7,0.50718,0.53938,-0.12591,0.9999678134918213
1773143885.54707,PC1,0,8,0.41303,0.52698,-0.17722,0.9999786019325256
1773143885.54707,PC1,0,9,0.48238,0.60697,-0.28368,0.9999665021896362
1773143885.54707,PC1,0,10,0.45197,0.60314,-0.29885,0.9999740719795227
1773143885.54707,PC1,0,11,0.55235,0.73897,0.01466,0.9998106360435486
1773143885.54707,PC1,0,12,0.33823,0.71684,-0.1089,0.9994625449180603
1773143885.54707,PC1,0,13,0.63255,0.97583,-0.18897,0.9547340869903564
1773143885.54707,PC1,0,14,0.30447,1.00238,-0.44147,0.9516801238059998
1773143885.54707,PC1,0,15,0.65746,0.75257,-0.50375,0.9984061121940613
1773143885.54707,PC1,0,16,0.31123,0.74649,-0.90315,0.9888574481010437
1773143885.54707,PC1,0,17,0.69353,0.66793,-0.56402,0.9964891076087952
1773143885.54707,PC1,0,18,0.28083,0.67617,-0.97459,0.9834324717521667
1773143885.54707,PC1,0,19,0.68706,0.64011,-0.53132,0.9966830015182495
1773143885.54707,PC1,0,20,0.28464,0.64969,-0.95009,0.9856429100036621
1773143885.54707,PC1,0,21,0.6665,0.67218,-0.50452,0.9963683485984802
1773143885.54707,PC1,0,22,0.30213,0.67724,-0.90771,0.9851027727127075
1773143885.54707,PC1,0,23,0.57904,1.36342,0.06538,0.05815931409597397
1773143885.54707,PC1,0,24,0.42127,1.38918,-0.06265,0.04512348771095276
1773143885.54707,PC1,0,25,0.57769,1.83065,0.1012,0.005529242102056742
1773143885.54707,PC1,0,26,0.43173,1.87311,-0.06293,0.0035523565020412207
1773143885.54707,PC1,0,27,0.55843,2.27531,0.40908,0.0003782766289077699
1773143885.54707,PC1,0,28,0.41329,2.30946,0.13144,0.00034968394902534783
1773143885.54707,PC1,0,29,0.54542,2.35129,0.42336,0.00040870383963920176
1773143885.54707,PC1,0,30,0.39089,2.38669,0.13876,0.0004003687063232064
1773143885.54707,PC1,0,31,0.60246,2.38645,0.18492,0.0007655566441826522
1773143885.54707,PC1,0,32,0.48526,2.41597,-0.18737,0.0006974122952669859
1773143885.54707,PC1,0,Angle_Elbow_L,96.08,,,
1773143885.54707,PC1,0,Angle_Elbow_R,110.23,,,
1773143885.54707,PC1,0,Angle_Shoulder_L,134.73,,,
1773143885.54707,PC1,0,Angle_Shoulder_R,125.64,,,
1773143885.54707,PC1,0,Length_UpperArm_L,0.3225,,,
1773143885.54707,PC1,0,Length_LowerArm_L,0.3867,,,
1773143885.54707,PC1,0,Length_UpperArm_R,0.4396,,,
1773143885.54707,PC1,0,Length_LowerArm_R,0.5279,,,
1773143885.54707,PC1,0,Width_Shoulder,0.2482,,,
1773143885.608907,PC1,0,0,0.47513,0.55735,-0.3632,0.9999826550483704
1773143885.608907,PC1,0,1,0.48889,0.51908,-0.33411,0.999970018863678
1773143885.608907,PC1,0,2,0.49736,0.52083,-0.33402,0.9999711513519287
1773143885.608907,PC1,0,3,0.50525,0.52282,-0.33379,0.999965250492096
1773143885.608907,PC1,0,4,0.46105,0.51301,-0.34534,0.9999709129333496
1773143885.608907,PC1,0,5,0.44949,0.51119,-0.34513,0.9999716281890869
1773143885.608907,PC1,0,6,0.43777,0.51006,-0.34528,0.9999666213989258
1773143885.608907,PC1,0,7,0.5078,0.53895,-0.12862,0.9999693632125854
1773143885.608907,PC1,0,8,0.41267,0.52706,-0.17298,0.9999788403511047
1773143885.608907,PC1,0,9,0.48198,0.60621,-0.28623,0.9999674558639526
1773143885.608907,PC1,0,10,0.45126,0.60241,-0.3004,0.9999743700027466
1773143885.608907,PC1,0,11,0.55455,0.7395,0.00904,0.9998050928115845
1773143885.608907,PC1,0,12,0.33993,0.72286,-0.10173,0.9994614124298096
1773143885.608907,PC1,0,13,0.63404,0.97888,-0.2021,0.9483466148376465
1773143885.608907,PC1,0,14,0.30913,1.00482,-0.43361,0.9474527835845947
1773143885.608907,PC1,0,15,0.65668,0.75579,-0.51492,0.9981646537780762
1773143885.608907,PC1,0,16,0.31771,0.75007,-0.89157,0.9890376329421997
1773143885.608907,PC1,0,17,0.6926,0.66858,-0.57486,0.9961021542549133
1773143885.608907,PC1,0,18,0.28659,0.67848,-0.96326,0.9835529327392578
1773143885.608907,PC1,0,19,0.68674,0.64103,-0.53874,0.9963340163230896
1773143885.608907,PC1,0,20,0.28992,0.65228,-0.93572,0.9857577085494995
1773143885.608907,PC1,0,21,0.66602,0.67338,-0.51467,0.9960370063781738
1773143885.608907,PC1,0,22,0.30763,0.67963,-0.89575,0.9853206276893616
1773143885.608907,PC1,0,23,0.57904,1.36342,0.06538,0.052690330892801285
1773143885.608907,PC1,0,24,0.42127,1.38918,-0.06265,0.04088486731052399
1773143885.608907,PC1,0,25,0.57769,1.83065,0.1012,0.00500019546598196
1773143885.608907,PC1,0,26,0.43173,1.87311,-0.06293,0.0032048497814685106
1773143885.608907,PC1,0,27,0.55843,2.27531,0.40908,0.000341562379617244
1773143885.608907,PC1,0,28,0.41329,2.30946,0.13144,0.00031483962084166706
1773143885.608907,PC1,0,29,0.54542,2.35129,0.42336,0.00036878991522826254
1773143885.608907,PC1,0,30,0.39089,2.38669,0.13876,0.0003605575184337795
1773143885.608907,PC1,0,31,0.60246,2.38645,0.18492,0.0006923335022293031
1773143885.608907,PC1,0,32,0.48526,2.41597,-0.18737,0.0006289352895691991
1773143885.608907,PC1,0,Angle_Elbow_L,96.55,,,
1773143885.608907,PC1,0,Angle_Elbow_R,110.44,,,
1773143885.608907,PC1,0,Angle_Shoulder_L,134.1,,,
1773143885.608907,PC1,0,Angle_Shoulder_R,125.47,,,
1773143885.608907,PC1,0,Length_UpperArm_L,0.3289,,,
1773143885.608907,PC1,0,Length_LowerArm_L,0.3849,,,
1773143885.608907,PC1,0,Length_UpperArm_R,0.4366,,,
1773143885.608907,PC1,0,Length_LowerArm_R,0.5241,,,
1773143885.608907,PC1,0,Width_Shoulder,0.2421,,,
1773143885.609035,PC1,0,0,0.47459,0.55519,-0.36987,0.9999832510948181
1773143885.609035,PC1,0,1,0.48844,0.51638,-0.34164,0.9999709129333496
1773143885.609035,PC1,0,2,0.49697,0.51828,-0.34154,0.9999721050262451
1773143885.609035,PC1,0,3,0.50495,0.52047,-0.34128,0.9999662041664124
1773143885.609035,PC1,0,4,0.46056,0.50993,-0.35255,0.9999715685844421
1773143885.609035,PC1,0,5,0.44895,0.50789,-0.35232,0.9999721646308899
1773143885.609035,PC1,0,6,0.4372,0.50669,-0.35246,0.9999670386314392
1773143885.609035,PC1,0,7,0.509,0.53808,-0.13742,0.9999704957008362
1773143885.609035,PC1,0,8,0.4124,0.52544,-0.17986,0.9999791979789734
1773143885.609035,PC1,0,9,0.48203,0.60447,-0.29315,0.9999686479568481
1773143885.609035,PC1,0,10,0.45074,0.60102,-0.30661,0.9999750256538391
1773143885.609035,PC1,0,11,0.55729,0.73827,0.00126,0.9997975826263428
1773143885.609035,PC1,0,12,0.34151,0.72703,-0.10364,0.9994751811027527
1773143885.609035,PC1,0,13,0.63551,0.9811,-0.22096,0.9398432374000549
1773143885.609035,PC1,0,14,0.31392,1.00994,-0.43444,0.9400818347930908
1773143885.609035,PC1,0,15,0.65609,0.75902,-0.54932,0.9978959560394287
1773143885.609035,PC1,0,16,0.32458,0.75695,-0.89639,0.9896519780158997
1773143885.609035,PC1,0,17,0.68954,0.67153,-0.61022,0.9957107305526733
1773143885.609035,PC1,0,18,0.29312,0.68218,-0.96741,0.9844695329666138
1773143885.609035,PC1,0,19,0.6848,0.64312,-0.56942,0.9959811568260193
1773143885.609035,PC1,0,20,0.29569,0.65587,-0.93893,0.9865351915359497
1773143885.609035,PC1,0,21,0.66414,0.67668,-0.54736,0.9956727623939514
1773143885.609035,PC1,0,22,0.31359,0.68317,-0.90005,0.9861276149749756
1773143885.609035,PC1,0,23,0.57904,1.36342,0.06538,0.04781387373805046
1773143885.609035,PC1,0,24,0.42127,1.38918,-0.06265,0.03712983801960945
1773143885.609035,PC1,0,25,0.57769,1.83065,0.1012,0.004549958277493715
1773143885.609035,PC1,0,26,0.43173,1.87311,-0.06293,0.002898442791774869
1773143885.609035,PC1,0,27,0.55843,2.27531,0.40908,0.0003113099082838744
1773143885.609035,PC1,0,28,0.41329,2.30946,0.13144,0.00028367285267449915
1773143885.609035,PC1,0,29,0.54542,2.35129,0.42336,0.0003349883481860161
1773143885.609035,PC1,0,30,0.39089,2.38669,0.13876,0.0003250701411161572
1773143885.609035,PC1,0,31,0.60246,2.38645,0.18492,0.0006318496889434755
1773143885.609035,PC1,0,32,0.48526,2.41597,-0.18737,0.0005687171942554414
1773143885.609035,PC1,0,Angle_Elbow_L,98.85,,,
1773143885.609035,PC1,0,Angle_Elbow_R,110.63,,,
1773143885.609035,PC1,0,Angle_Shoulder_L,132.69,,,
1773143885.609035,PC1,0,Angle_Shoulder_R,125.31,,,
1773143885.609035,PC1,0,Length_UpperArm_L,0.3383,,,
1773143885.609035,PC1,0,Length_LowerArm_L,0.3969,,,
1773143885.609035,PC1,0,Length_UpperArm_R,0.4362,,,
1773143885.609035,PC1,0,Length_LowerArm_R,0.5268,,,
1773143885.609035,PC1,0,Width_Shoulder,0.2402,,,
1773143885.789589,PC1,0,0,0.47387,0.55246,-0.36507,0.9999846816062927
1773143885.789589,PC1,0,1,0.48796,0.51289,-0.33644,0.9999732375144958
1773143885.789589,PC1,0,2,0.49657,0.51487,-0.3363,0.9999743700027466
1773143885.789589,PC1,0,3,0.50472,0.51714,-0.33599,0.9999688863754272
1773143885.789589,PC1,0,4,0.45996,0.50634,-0.34637,0.999973714351654
1773143885.789589,PC1,0,5,0.4483,0.50416,-0.34611,0.999974250793457
1773143885.789589,PC1,0,6,0.43653,0.50295,-0.34623,0.9999695420265198
1773143885.789589,PC1,0,7,0.51071,0.53626,-0.13478,0.9999728202819824
1773143885.789589,PC1,0,8,0.41258,0.52365,-0.17362,0.9999807476997375
1773143885.789589,PC1,0,9,0.48211,0.60241,-0.29006,0.9999709725379944
1773143885.789589,PC1,0,10,0.4503,0.59922,-0.30205,0.9999768733978271
1773143885.789589,PC1,0,11,0.56106,0.73691,0.00251,0.999808669090271
1773143885.789589,PC1,0,12,0.3437,0.73571,-0.09741,0.9995090365409851
1773143885.789589,PC1,0,13,0.63918,0.98514,-0.22131,0.9404675960540771
1773143885.789589,PC1,0,14,0.31959,1.01881,-0.41293,0.9388943910598755
1773143885.789589,PC1,0,15,0.65571,0.76309,-0.56367,0.9979384541511536
1773143885.789589,PC1,0,16,0.33459,0.77127,-0.86297,0.9904133677482605
1773143885.789589,PC1,0,17,0.68703,0.67374,-0.63131,0.9958536028862
1773143885.789589,PC1,0,18,0.30479,0.69032,-0.9351,0.9856297969818115
1773143885.789589,PC1,0,19,0.68314,0.64494,-0.58933,0.9961181282997131
1773143885.789589,PC1,0,20,0.30673,0.66402,-0.90501,0.9875257015228271
1773143885.789589,PC1,0,21,0.66303,0.67892,-0.56197,0.9958219528198242
1773143885.789589,PC1,0,22,0.3252,0.69214,-0.86623,0.9871585965156555
1773143885.789589,PC1,0,23,0.57904,1.36342,0.06538,0.04342219606041908
1773143885.789589,PC1,0,24,0.42127,1.38918,-0.06265,0.03373030945658684
1773143885.789589,PC1,0,25,0.57769,1.83065,0.1012,0.004114351235330105
1773143885.789589,PC1,0,26,0.43173,1.87311,-0.06293,0.0026143095456063747
1773143885.789589,PC1,0,27,0.55843,2.27531,0.40908,0.0002813156752381474
1773143885.789589,PC1,0,28,0.41329,2.30946,0.13144,0.00025540345814079046
1773143885.789589,PC1,0,29,0.54542,2.35129,0.42336,0.00030264855013228953
1773143885.789589,PC1,0,30,0.39089,2.38669,0.13876,0.0002927336608991027
1773143885.789589,PC1,0,31,0.60246,2.38645,0.18492,0.0005716736195608974
1773143885.789589,PC1,0,32,0.48526,2.41597,-0.18737,0.0005127188633196056
1773143885.789589,PC1,0,Angle_Elbow_L,99.36,,,
1773143885.789589,PC1,0,Angle_Elbow_R,109.15,,,
1773143885.789589,PC1,0,Angle_Shoulder_L,133.36,,,
1773143885.789589,PC1,0,Angle_Shoulder_R,127.04,,,
1773143885.789589,PC1,0,Length_UpperArm_L,0.3432,,,
1773143885.789589,PC1,0,Length_LowerArm_L,0.4084,,,
1773143885.789589,PC1,0,Length_UpperArm_R,0.4246,,,
1773143885.789589,PC1,0,Length_LowerArm_R,0.5138,,,
1773143885.789589,PC1,0,Width_Shoulder,0.2392,,,
1773143885.854222,PC1,0,0,0.4736,0.55082,-0.35876,0.999985933303833
1773143885.854222,PC1,0,1,0.4878,0.51095,-0.32949,0.999975323677063
1773143885.854222,PC1,0,2,0.49646,0.51302,-0.32933,0.999976396560669
1773143885.854222,PC1,0,3,0.50474,0.51531,-0.32902,0.999971330165863
1773143885.854222,PC1,0,4,0.45967,0.50417,-0.33881,0.9999756217002869
1773143885.854222,PC1,0,5,0.44801,0.50201,-0.33854,0.9999760985374451
1773143885.854222,PC1,0,6,0.43628,0.50095,-0.33867,0.9999717473983765
1773143885.854222,PC1,0,7,0.51188,0.5346,-0.12865,0.9999749064445496
1773143885.854222,PC1,0,8,0.41288,0.52306,-0.16535,0.9999821186065674
1773143885.854222,PC1,0,9,0.48233,0.60117,-0.28451,0.999972939491272
1773143885.854222,PC1,0,10,0.45016,0.59824,-0.29567,0.9999783635139465
1773143885.854222,PC1,0,11,0.56426,0.73607,0.00802,0.9998177886009216
1773143885.854222,PC1,0,12,0.34642,0.74139,-0.09268,0.9995360970497131
1773143885.854222,PC1,0,13,0.6411,0.98704,-0.21717,0.9414964318275452
1773143885.854222,PC1,0,14,0.32233,1.03621,-0.40226,0.9374231100082397
1773143885.854222,PC1,0,15,0.65561,0.76583,-0.56571,0.9979524612426758
1773143885.854222,PC1,0,16,0.33996,0.78098,-0.84703,0.9910505414009094
1773143885.854222,PC1,0,17,0.68667,0.67456,-0.63364,0.9959520101547241
1773143885.854222,PC1,0,18,0.31205,0.69814,-0.91957,0.9866281151771545
1773143885.854222,PC1,0,19,0.68336,0.64561,-0.59279,0.996216893196106
1773143885.854222,PC1,0,20,0.31314,0.67079,-0.88945,0.9883712530136108
1773143885.854222,PC1,0,21,0.66328,0.67964,-0.56454,0.9959284067153931
1773143885.854222,PC1,0,22,0.33191,0.69956,-0.85029,0.9880421161651611
1773143885.854222,PC1,0,23,0.57904,1.36342,0.06538,0.03984754905104637
1773143885.854222,PC1,0,24,0.42127,1.38918,-0.06265,0.030966248363256454
1773143885.854222,PC1,0,25,0.57769,1.83065,0.1012,0.00372487585991621
1773143885.854222,PC1,0,26,0.43173,1.87311,-0.06293,0.0023608296178281307
1773143885.854222,PC1,0,27,0.55843,2.27531,0.40908,0.00025425179046578705
1773143885.854222,PC1,0,28,0.41329,2.30946,0.13144,0.00022999155044090003
1773143885.854222,PC1,0,29,0.54542,2.35129,0.42336,0.00027335609775036573
1773143885.854222,PC1,0,30,0.39089,2.38669,0.13876,0.0002636203425936401
1773143885.854222,PC1,0,31,0.60246,2.38645,0.18492,0.0005176806007511914
1773143885.854222,PC1,0,32,0.48526,2.41597,-0.18737,0.00046235881745815277
1773143885.854222,PC1,0,Angle_Elbow_L,99.71,,,
1773143885.854222,PC1,0,Angle_Elbow_R,106.4,,,
1773143885.854222,PC1,0,Angle_Shoulder_L,133.9,,,
1773143885.854222,PC1,0,Angle_Shoulder_R,129.2,,,
1773143885.854222,PC1,0,Length_UpperArm_L,0.3458,,,
1773143885.854222,PC1,0,Length_LowerArm_L,0.4131,,,
1773143885.854222,PC1,0,Length_UpperArm_R,0.4282,,,
1773143885.854222,PC1,0,Length_LowerArm_R,0.5131,,,
1773143885.854222,PC1,0,Width_Shoulder,0.24,,,
1773143885.9197838,PC1,0,0,0.4733,0.54896,-0.35623,0.999987006187439
1773143885.9197838,PC1,0,1,0.48767,0.50915,-0.32595,0.9999769926071167
1773143885.9197838,PC1,0,2,0.49642,0.51127,-0.32578,0.9999780058860779
1773143885.9197838,PC1,0,3,0.50479,0.51357,-0.32544,0.9999732971191406
1773143885.9197838,PC1,0,4,0.45941,0.50221,-0.33382,0.9999772310256958
1773143885.9197838,PC1,0,5,0.44775,0.50009,-0.33353,0.9999776482582092
1773143885.9197838,PC1,0,6,0.43608,0.4992,-0.33366,0.9999735951423645
1773143885.9197838,PC1,0,7,0.51307,0.53325,-0.12407,0.9999765157699585
1773143885.9197838,PC1,0,8,0.4132,0.5226,-0.15907,0.9999831914901733
1773143885.9197838,PC1,0,9,0.48262,0.59998,-0.28228,0.9999744892120361
1773143885.9197838,PC1,0,10,0.45005,0.59709,-0.29172,0.9999796152114868
1773143885.9197838,PC1,0,11,0.56732,0.73551,0.01013,0.9998159408569336
1773143885.9197838,PC1,0,12,0.34821,0.74708,-0.0871,0.9995559453964233
1773143885.9197838,PC1,0,13,0.644,0.98911,-0.21578,0.9405770301818848
1773143885.9197838,PC1,0,14,0.32455,1.05178,-0.39622,0.9354744553565979
1773143885.9197838,PC1,0,15,0.65702,0.76469,-0.56676,0.9979488849639893
1773143885.9197838,PC1,0,16,0.34764,0.79074,-0.85114,0.9916039705276489
1773143885.9197838,PC1,0,17,0.68906,0.6737,-0.63519,0.9960199594497681
1773143885.9197838,PC1,0,18,0.32076,0.70688,-0.92559,0.9875038266181946
1773143885.9197838,PC1,0,19,0.68619,0.64558,-0.59526,0.9962811470031738
1773143885.9197838,PC1,0,20,0.32013,0.67921,-0.89324,0.9891148209571838
1773143885.9197838,PC1,0,21,0.66605,0.67906,-0.56589,0.9960025548934937
1773143885.9197838,PC1,0,22,0.33869,0.70837,-0.85382,0.9888277649879456
1773143885.9197838,PC1,0,23,0.57904,1.36342,0.06538,0.03632858395576477
1773143885.9197838,PC1,0,24,0.42127,1.38918,-0.06265,0.0282900407910347
1773143885.9197838,PC1,0,25,0.57769,1.83065,0.1012,0.003378428751602769
1773143885.9197838,PC1,0,26,0.43173,1.87311,-0.06293,0.0021319410298019648
1773143885.9197838,PC1,0,27,0.55843,2.27531,0.40908,0.0002305926609551534
1773143885.9197838,PC1,0,28,0.41329,2.30946,0.13144,0.00020715410937555134
1773143885.9197838,PC1,0,29,0.54542,2.35129,0.42336,0.00024742988171055913
1773143885.9197838,PC1,0,30,0.39089,2.38669,0.13876,0.00023758498718962073
1773143885.9197838,PC1,0,31,0.60246,2.38645,0.18492,0.0004699373967014253
1773143885.9197838,PC1,0,32,0.48526,2.41597,-0.18737,0.00041744642658159137
1773143885.9197838,PC1,0,Angle_Elbow_L,99.27,,,
1773143885.9197838,PC1,0,Angle_Elbow_R,105.38,,,
1773143885.9197838,PC1,0,Angle_Shoulder_L,134.38,,,
1773143885.9197838,PC1,0,Angle_Shoulder_R,130.54,,,
1773143885.9197838,PC1,0,Length_UpperArm_L,0.3482,,,
1773143885.9197838,PC1,0,Length_LowerArm_L,0.4168,,,
1773143885.9197838,PC1,0,Length_UpperArm_R,0.4347,,,
1773143885.9197838,PC1,0,Length_LowerArm_R,0.525,,,
1773143885.9197838,PC1,0,Width_Shoulder,0.24,,,
1773143886.045301,PC1,0,0,0.47281,0.54562,-0.3484,0.9999889731407166
1773143886.045301,PC1,0,1,0.48733,0.50589,-0.3156,0.999980092048645
1773143886.045301,PC1,0,2,0.49632,0.50831,-0.3154,0.9999811053276062
1773143886.045301,PC1,0,3,0.50487,0.51088,-0.31502,0.9999768733978271
1773143886.045301,PC1,0,4,0.45898,0.49904,-0.32279,0.9999801516532898
1773143886.045301,PC1,0,5,0.44737,0.49709,-0.32253,0.999980628490448
1773143886.045301,PC1,0,6,0.43582,0.49637,-0.32265,0.9999769926071167
1773143886.045301,PC1,0,7,0.51507,0.53163,-0.11104,0.9999796748161316
1773143886.045301,PC1,0,8,0.41431,0.52211,-0.14505,0.9999854564666748
1773143886.045301,PC1,0,9,0.48321,0.59784,-0.27469,0.9999776482582092
1773143886.045301,PC1,0,10,0.45003,0.5952,-0.28364,0.9999821186065674
1773143886.045301,PC1,0,11,0.5717,0.73591,0.01919,0.9998315572738647
1773143886.045301,PC1,0,12,0.35189,0.76012,-0.07835,0.9996095895767212
1773143886.045301,PC1,0,13,0.64893,0.99428,-0.20325,0.9434881210327148
1773143886.045301,PC1,0,14,0.32968,1.07721,-0.39508,0.936172366142273
1773143886.045301,PC1,0,15,0.66256,0.76447,-0.55678,0.9981603622436523
1773143886.045301,PC1,0,16,0.36453,0.80753,-0.85147,0.9929457306861877
1773143886.045301,PC1,0,17,0.69414,0.67777,-0.62399,0.9964757561683655
1773143886.045301,PC1,0,18,0.34146,0.72297,-0.92623,0.9895110726356506
1773143886.045301,PC1,0,19,0.69095,0.64886,-0.5844,0.9966965317726135
1773143886.045301,PC1,0,20,0.33789,0.69376,-0.89062,0.9908279180526733
1773143886.045301,PC1,0,21,0.67205,0.67918,-0.55586,0.9964438676834106
1773143886.045301,PC1,0,22,0.35447,0.72242,-0.85272,0.990587055683136
1773143886.045301,PC1,0,23,0.57904,1.36342,0.06538,0.030673500150442123
1773143886.045301,PC1,0,24,0.42127,1.38918,-0.06265,0.023935973644256592
1773143886.045301,PC1,0,25,0.57769,1.83065,0.1012,0.0027753286994993687
1773143886.045301,PC1,0,26,0.43173,1.87311,-0.06293,0.0017405247781425714
1773143886.045301,PC1,0,27,0.55843,2.27531,0.40908,0.0001893175212899223
1773143886.045301,PC1,0,28,0.41329,2.30946,0.13144,0.00016807390784379095
1773143886.045301,PC1,0,29,0.54542,2.35129,0.42336,0.00020257972937542945
1773143886.045301,PC1,0,30,0.39089,2.38669,0.13876,0.00019291791249997914
1773143886.045301,PC1,0,31,0.60246,2.38645,0.18492,0.00038700891309417784
1773143886.045301,PC1,0,32,0.48526,2.41597,-0.18737,0.00034021271858364344
1773143886.045301,PC1,0,Angle_Elbow_L,97.92,,,
1773143886.045301,PC1,0,Angle_Elbow_R,104.15,,,
1773143886.045301,PC1,0,Angle_Shoulder_L,135.98,,,
1773143886.045301,PC1,0,Angle_Shoulder_R,131.82,,,
1773143886.045301,PC1,0,Length_UpperArm_L,0.3496,,,
1773143886.045301,PC1,0,Length_LowerArm_L,0.4219,,,
1773143886.045301,PC1,0,Length_UpperArm_R,0.4487,,,
1773143886.045301,PC1,0,Length_LowerArm_R,0.5313,,,
1773143886.045301,PC1,0,Width_Shoulder,0.2417,,,
1773143886.107916,PC1,0,0,0.47216,0.54415,-0.3512,0.9999896287918091
1773143886.107916,PC1,0,1,0.48702,0.50438,-0.31894,0.9999810457229614
1773143886.107916,PC1,0,2,0.49619,0.50698,-0.31875,0.9999820590019226
1773143886.107916,PC1,0,3,0.50485,0.50971,-0.31833,0.9999778270721436
1773143886.107916,PC1,0,4,0.45853,0.49727,-0.32536,0.999981164932251
1773143886.107916,PC1,0,5,0.44703,0.49531,-0.3251,0.999981701374054
1773143886.107916,PC1,0,6,0.43567,0.49455,-0.32524,0.9999781847000122
1773143886.107916,PC1,0,7,0.51601,0.53079,-0.1143,0.9999805092811584
1773143886.107916,PC1,0,8,0.41503,0.52129,-0.14363,0.9999862313270569
1773143886.107916,PC1,0,9,0.48347,0.59685,-0.27735,0.9999786615371704
1773143886.107916,PC1,0,10,0.44998,0.59434,-0.28519,0.9999830722808838
1773143886.107916,PC1,0,11,0.57439,0.73588,0.01736,0.9998283386230469
1773143886.107916,PC1,0,12,0.35317,0.76272,-0.07705,0.9996334910392761
1773143886.107916,PC1,0,13,0.65185,0.9976,-0.21027,0.9413956999778748
1773143886.107916,PC1,0,14,0.33206,1.08818,-0.39767,0.9340737462043762
1773143886.107916,PC1,0,15,0.66389,0.76503,-0.57369,0.9980655312538147
1773143886.107916,PC1,0,16,0.37117,0.81536,-0.86058,0.9933972954750061
1773143886.107916,PC1,0,17,0.695,0.67984,-0.64136,0.9964076280593872
1773143886.107916,PC1,0,18,0.35142,0.73322,-0.93581,0.9902241230010986
1773143886.107916,PC1,0,19,0.69193,0.65114,-0.60126,0.9966341853141785
1773143886.107916,PC1,0,20,0.34659,0.70275,-0.90018,0.991431713104248
1773143886.107916,PC1,0,21,0.67349,0.67983,-0.57241,0.9963648319244385
1773143886.107916,PC1,0,22,0.36135,0.72901,-0.86127,0.991200864315033
1773143886.107916,PC1,0,23,0.57904,1.36342,0.06538,0.028104634955525398
1773143886.107916,PC1,0,24,0.42127,1.38918,-0.06265,0.022038577124476433
1773143886.107916,PC1,0,25,0.57769,1.83065,0.1012,0.002532532438635826
1773143886.107916,PC1,0,26,0.43173,1.87311,-0.06293,0.0015775436768308282
1773143886.107916,PC1,0,27,0.55843,2.27531,0.40908,0.0001743514440022409
1773143886.107916,PC1,0,28,0.41329,2.30946,0.13144,0.00015163897478487343
1773143886.107916,PC1,0,29,0.54542,2.35129,0.42336,0.00018550935783423483
1773143886.107916,PC1,0,30,0.39089,2.38669,0.13876,0.00017443615070078522
1773143886.107916,PC1,0,31,0.60246,2.38645,0.18492,0.0003558771568350494
1773143886.107916,PC1,0,32,0.48526,2.41597,-0.18737,0.0003088570956606418
1773143886.107916,PC1,0,Angle_Elbow_L,98.54,,,
1773143886.107916,PC1,0,Angle_Elbow_R,103.81,,,
1773143886.107916,PC1,0,Angle_Shoulder_L,135.65,,,
1773143886.107916,PC1,0,Angle_Shoulder_R,132.23,,,
1773143886.107916,PC1,0,Length_UpperArm_L,0.3554,,,
1773143886.107916,PC1,0,Length_LowerArm_L,0.4316,,,
1773143886.107916,PC1,0,Length_UpperArm_R,0.4573,,,
1773143886.107916,PC1,0,Length_LowerArm_R,0.5387,,,
1773143886.107916,PC1,0,Width_Shoulder,0.242,,,
1773143886.1686,PC1,0,0,0.47169,0.54314,-0.3556,0.9999902844429016
1773143886.1686,PC1,0,1,0.48685,0.5033,-0.32369,0.9999820590019226
1773143886.1686,PC1,0,2,0.4962,0.50599,-0.3235,0.9999830722808838
1773143886.1686,PC1,0,3,0.50495,0.50877,-0.32307,0.9999789595603943
1773143886.1686,PC1,0,4,0.45826,0.49619,-0.32939,0.9999821186065674
1773143886.1686,PC1,0,5,0.44685,0.49422,-0.32911,0.9999826550483704
1773143886.1686,PC1,0,6,0.43566,0.49342,-0.32926,0.9999792575836182
1773143886.1686,PC1,0,7,0.51712,0.53003,-0.11887,0.9999814033508301
1773143886.1686,PC1,0,8,0.41606,0.52067,-0.14375,0.9999868273735046
1773143886.1686,PC1,0,9,0.48382,0.59615,-0.28169,0.999979555606842
1773143886.1686,PC1,0,10,0.45006,0.59375,-0.28849,0.9999838471412659
1773143886.1686,PC1,0,11,0.57716,0.73626,0.01348,0.9998265504837036
1773143886.1686,PC1,0,12,0.35401,0.76438,-0.07591,0.9996466040611267
1773143886.1686,PC1,0,13,0.65437,1.00118,-0.21541,0.9398422241210938
1773143886.1686,PC1,0,14,0.33418,1.09836,-0.39554,0.9281935095787048
1773143886.1686,PC1,0,15,0.66419,0.76934,-0.58105,0.9980130195617676
1773143886.1686,PC1,0,16,0.37753,0.82245,-0.85974,0.9935810565948486
1773143886.1686,PC1,0,17,0.69219,0.68353,-0.64848,0.9963926076889038
1773143886.1686,PC1,0,18,0.35979,0.74126,-0.93382,0.990609884262085
1773143886.1686,PC1,0,19,0.68903,0.65574,-0.60831,0.9966326355934143
1773143886.1686,PC1,0,20,0.35479,0.71053,-0.89801,0.9917432069778442
1773143886.1686,PC1,0,21,0.67326,0.68247,-0.57953,0.996344804763794
1773143886.1686,PC1,0,22,0.36843,0.735,-0.85964,0.9915145039558411
1773143886.1686,PC1,0,23,0.57904,1.36342,0.06538,0.02568269893527031
1773143886.1686,PC1,0,24,0.42127,1.38918,-0.06265,0.020166771486401558
1773143886.1686,PC1,0,25,0.57769,1.83065,0.1012,0.002308483235538006
1773143886.1686,PC1,0,26,0.43173,1.87311,-0.06293,0.0014294373104348779
1773143886.1686,PC1,0,27,0.55843,2.27531,0.40908,0.00016043524374254048
1773143886.1686,PC1,0,28,0.41329,2.30946,0.13144,0.0001367515214951709
1773143886.1686,PC1,0,29,0.54542,2.35129,0.42336,0.00016969552962109447
1773143886.1686,PC1,0,30,0.39089,2.38669,0.13876,0.00015755130152683705
1773143886.1686,PC1,0,31,0.60246,2.38645,0.18492,0.00032701765303499997
1773143886.1686,PC1,0,32,0.48526,2.41597,-0.18737,0.00028011921676807106
1773143886.1686,PC1,0,Angle_Elbow_L,98.53,,,
1773143886.1686,PC1,0,Angle_Elbow_R,102.76,,,
1773143886.1686,PC1,0,Angle_Shoulder_L,135.69,,,
1773143886.1686,PC1,0,Angle_Shoulder_R,132.96,,,
1773143886.1686,PC1,0,Length_UpperArm_L,0.3585,,,
1773143886.1686,PC1,0,Length_LowerArm_L,0.4331,,,
1773143886.1686,PC1,0,Length_UpperArm_R,0.4627,,,
1773143886.1686,PC1,0,Length_LowerArm_R,0.5417,,,
1773143886.1686,PC1,0,Width_Shoulder,0.242,,,
1773143886.2318301,PC1,0,0,0.47103,0.54219,-0.36691,0.9999908804893494
1773143886.2318301,PC1,0,1,0.48677,0.50188,-0.33506,0.9999828338623047
1773143886.2318301,PC1,0,2,0.49625,0.50473,-0.33487,0.9999839067459106
1773143886.2318301,PC1,0,3,0.5051,0.50776,-0.33444,0.9999796748161316
1773143886.2318301,PC1,0,4,0.45807,0.49474,-0.34066,0.9999828338623047
1773143886.2318301,PC1,0,5,0.44674,0.49277,-0.34036,0.9999834299087524
1773143886.2318301,PC1,0,6,0.43575,0.49188,-0.34051,0.9999799132347107
1773143886.2318301,PC1,0,7,0.51834,0.52948,-0.12628,0.9999820590019226
1773143886.2318301,PC1,0,8,0.41705,0.51935,-0.15075,0.9999874234199524
1773143886.2318301,PC1,0,9,0.48405,0.59522,-0.29075,0.999980092048645
1773143886.2318301,PC1,0,10,0.44966,0.59261,-0.29758,0.9999844431877136
1773143886.2318301,PC1,0,11,0.57898,0.7376,0.01189,0.9998198747634888
1773143886.2318301,PC1,0,12,0.35244,0.76027,-0.08252,0.9996537566184998
1773143886.2318301,PC1,0,13,0.65478,1.00897,-0.20503,0.9330951571464539
1773143886.2318301,PC1,0,14,0.33361,1.10447,-0.40993,0.9192962646484375
1773143886.2318301,PC1,0,15,0.66425,0.77788,-0.55691,0.9979559183120728
1773143886.2318301,PC1,0,16,0.38716,0.83534,-0.8727,0.9936936497688293
1773143886.2318301,PC1,0,17,0.69129,0.68947,-0.61995,0.9963969588279724
1773143886.2318301,PC1,0,18,0.37554,0.75749,-0.94589,0.990921139717102
1773143886.2318301,PC1,0,19,0.68807,0.65981,-0.57898,0.996640682220459
1773143886.2318301,PC1,0,20,0.36965,0.72258,-0.90651,0.9919828176498413
1773143886.2318301,PC1,0,21,0.67355,0.68522,-0.55439,0.9963268041610718
1773143886.2318301,PC1,0,22,0.38149,0.7447,-0.87034,0.9917150139808655
1773143886.2318301,PC1,0,23,0.57904,1.36342,0.06538,0.023317119106650352
1773143886.2318301,PC1,0,24,0.42127,1.38918,-0.06265,0.018308773636817932
1773143886.2318301,PC1,0,25,0.57769,1.83065,0.1012,0.0021011310163885355
1773143886.2318301,PC1,0,26,0.43173,1.87311,-0.06293,0.0012943990295752883
1773143886.2318301,PC1,0,27,0.55843,2.27531,0.40908,0.00014656654093414545
1773143886.2318301,PC1,0,28,0.41329,2.30946,0.13144,0.0001232498325407505
1773143886.2318301,PC1,0,29,0.54542,2.35129,0.42336,0.00015426544996444136
1773143886.2318301,PC1,0,30,0.39089,2.38669,0.13876,0.00014210486551746726
1773143886.2318301,PC1,0,31,0.60246,2.38645,0.18492,0.0002995152899529785
1773143886.2318301,PC1,0,32,0.48526,2.41597,-0.18737,0.0002537985856179148
1773143886.2318301,PC1,0,Angle_Elbow_L,95.49,,,
1773143886.2318301,PC1,0,Angle_Elbow_R,103.08,,,
1773143886.2318301,PC1,0,Angle_Shoulder_L,137.46,,,
1773143886.2318301,PC1,0,Angle_Shoulder_R,132.79,,,
1773143886.2318301,PC1,0,Length_UpperArm_L,0.3556,,,
1773143886.2318301,PC1,0,Length_LowerArm_L,0.4211,,,
1773143886.2318301,PC1,0,Length_UpperArm_R,0.4754,,,
1773143886.2318301,PC1,0,Length_LowerArm_R,0.538,,,
1773143886.2318301,PC1,0,Width_Shoulder,0.2465,,,
1773143886.306221,PC1,0,0,0.4708,0.54178,-0.38034,0.9999913573265076
1773143886.306221,PC1,0,1,0.48704,0.50139,-0.34907,0.9999836087226868
1773143886.306221,PC1,0,2,0.49666,0.50433,-0.34888,0.9999848008155823
1773143886.306221,PC1,0,3,0.50576,0.50747,-0.34848,0.9999805092811584
1773143886.306221,PC1,0,4,0.45819,0.49417,-0.35435,0.9999834299087524
1773143886.306221,PC1,0,5,0.44685,0.49214,-0.35403,0.9999841451644897
1773143886.306221,PC1,0,6,0.43601,0.49118,-0.35418,0.9999805092811584
1773143886.306221,PC1,0,7,0.51957,0.52932,-0.13846,0.9999829530715942
1773143886.306221,PC1,0,8,0.41791,0.51879,-0.16062,0.9999880194664001
1773143886.306221,PC1,0,9,0.48437,0.59491,-0.30262,0.9999810457229614
1773143886.306221,PC1,0,10,0.44961,0.59237,-0.30882,0.9999852776527405
1773143886.306221,PC1,0,11,0.58135,0.74292,0.00946,0.9998204708099365
1773143886.306221,PC1,0,12,0.35129,0.75726,-0.09421,0.9996663928031921
1773143886.306221,PC1,0,13,0.65508,1.02,-0.20489,0.9257107973098755
1773143886.306221,PC1,0,14,0.33248,1.10345,-0.41909,0.9149542450904846
1773143886.306221,PC1,0,15,0.66421,0.79917,-0.56273,0.9975690245628357
1773143886.306221,PC1,0,16,0.40276,0.85626,-0.86983,0.9936044812202454
1773143886.306221,PC1,0,17,0.68869,0.70992,-0.62561,0.995842456817627
1773143886.306221,PC1,0,18,0.40325,0.77948,-0.94035,0.9906746745109558
1773143886.306221,PC1,0,19,0.68539,0.67717,-0.58247,0.996161937713623
1773143886.306221,PC1,0,20,0.39676,0.73964,-0.89761,0.9916580319404602
1773143886.306221,PC1,0,21,0.67193,0.70379,-0.55893,0.9957380294799805
1773143886.306221,PC1,0,22,0.4046,0.76149,-0.86399,0.9912139773368835
1773143886.306221,PC1,0,23,0.57904,1.36342,0.06538,0.021352319046854973
1773143886.306221,PC1,0,24,0.42127,1.38918,-0.06265,0.016787206754088402
1773143886.306221,PC1,0,25,0.57769,1.83065,0.1012,0.0019213532796129584
1773143886.306221,PC1,0,26,0.43173,1.87311,-0.06293,0.0011778101325035095
1773143886.306221,PC1,0,27,0.55843,2.27531,0.40908,0.00013564938853960484
1773143886.306221,PC1,0,28,0.41329,2.30946,0.13144,0.00011123429430881515
1773143886.306221,PC1,0,29,0.54542,2.35129,0.42336,0.00014268069935496897
1773143886.306221,PC1,0,30,0.39089,2.38669,0.13876,0.00012837380927521735
1773143886.306221,PC1,0,31,0.60246,2.38645,0.18492,0.0002784669632092118
1773143886.306221,PC1,0,32,0.48526,2.41597,-0.18737,0.00023115873045753688
1773143886.306221,PC1,0,Angle_Elbow_L,96.17,,,
1773143886.306221,PC1,0,Angle_Elbow_R,103.98,,,
1773143886.306221,PC1,0,Angle_Shoulder_L,137.77,,,
1773143886.306221,PC1,0,Angle_Shoulder_R,132.54,,,
1773143886.306221,PC1,0,Length_UpperArm_L,0.358,,,
1773143886.306221,PC1,0,Length_LowerArm_L,0.4206,,,
1773143886.306221,PC1,0,Length_UpperArm_R,0.4751,,,
1773143886.306221,PC1,0,Length_LowerArm_R,0.5189,,,
1773143886.306221,PC1,0,Width_Shoulder,0.2527,,,
1773143886.38012,PC1,0,0,0.47029,0.54145,-0.40081,0.9999615550041199
1773143886.38012,PC1,0,1,0.48726,0.50076,-0.36856,0.9999358057975769
1773143886.38012,PC1,0,2,0.497,0.5038,-0.36846,0.9999434947967529
1773143886.38012,PC1,0,3,0.50629,0.5071,-0.36815,0.9999250173568726
1773143886.38012,PC1,0,4,0.45799,0.49367,-0.37587,0.9999439120292664
1773143886.38012,PC1,0,5,0.44675,0.49163,-0.37563,0.9999542832374573
1773143886.38012,PC1,0,6,0.43613,0.49061,-0.37585,0.9999494552612305
1773143886.38012,PC1,0,7,0.52055,0.52931,-0.15363,0.9999204277992249
1773143886.38012,PC1,0,8,0.4189,0.51825,-0.18362,0.999971866607666
1773143886.38012,PC1,0,9,0.48458,0.59466,-0.32006,0.9999467730522156
1773143886.38012,PC1,0,10,0.44924,0.59219,-0.32871,0.9999712109565735
1773143886.38012,PC1,0,11,0.5833,0.74709,0.00625,0.9993468523025513
1773143886.38012,PC1,0,12,0.35052,0.75556,-0.11787,0.9995630383491516
1773143886.38012,PC1,0,13,0.65131,1.01685,-0.20486,0.8709990978240967
1773143886.38012,PC1,0,14,0.3305,1.09663,-0.40211,0.9117465019226074
1773143886.38012,PC1,0,15,0.65183,0.84332,-0.59161,0.9745143055915833
1773143886.38012,PC1,0,16,0.42972,0.90558,-0.78833,0.9872227311134338
1773143886.38012,PC1,0,17,0.66728,0.77019,-0.66192,0.9716861248016357
1773143886.38012,PC1,0,18,0.44952,0.85205,-0.85677,0.9792576432228088
1773143886.38012,PC1,0,19,0.66282,0.73442,-0.62536,0.9746851325035095
1773143886.38012,PC1,0,20,0.43979,0.80025,-0.81948,0.9820932149887085
1773143886.38012,PC1,0,21,0.65045,0.7577,-0.59105,0.9727328419685364
1773143886.38012,PC1,0,22,0.43915,0.81843,-0.78129,0.9789640307426453
1773143886.38012,PC1,0,23,0.57904,1.36342,0.06538,0.021318916231393814
1773143886.38012,PC1,0,24,0.42127,1.38918,-0.06265,0.01707976497709751
1773143886.38012,PC1,0,25,0.57769,1.83065,0.1012,0.0025862413458526134
1773143886.38012,PC1,0,26,0.43173,1.87311,-0.06293,0.0014459594385698438
1773143886.38012,PC1,0,27,0.55843,2.27531,0.40908,0.00017506894073449075
1773143886.38012,PC1,0,28,0.41329,2.30946,0.13144,0.00010947247210424393
1773143886.38012,PC1,0,29,0.54542,2.35129,0.42336,0.00020971597405150533
1773143886.38012,PC1,0,30,0.39089,2.38669,0.13876,0.00013039022451266646
1773143886.38012,PC1,0,31,0.60246,2.38645,0.18492,0.0003233744064345956
1773143886.38012,PC1,0,32,0.48526,2.41597,-0.18737,0.00025505677331238985
1773143886.38012,PC1,0,Angle_Elbow_L,103.62,,,
1773143886.38012,PC1,0,Angle_Elbow_R,102.53,,,
1773143886.38012,PC1,0,Angle_Shoulder_L,136.34,,,
1773143886.38012,PC1,0,Angle_Shoulder_R,134.64,,,
1773143886.38012,PC1,0,Length_UpperArm_L,0.3492,,,
1773143886.38012,PC1,0,Length_LowerArm_L,0.4239,,,
1773143886.38012,PC1,0,Length_UpperArm_R,0.4444,,,
1773143886.38012,PC1,0,Length_LowerArm_R,0.4422,,,
1773143886.38012,PC1,0,Width_Shoulder,0.2639,,,
1773143886.445825,PC1,0,0,0.46954,0.54123,-0.42481,0.9999590516090393
1773143886.445825,PC1,0,1,0.48732,0.50026,-0.39087,0.9999329447746277
1773143886.445825,PC1,0,2,0.49717,0.50332,-0.39083,0.9999417066574097
1773143886.445825,PC1,0,3,0.5066,0.50669,-0.39055,0.999922513961792
1773143886.445825,PC1,0,4,0.45747,0.49334,-0.4001,0.9999384880065918
1773143886.445825,PC1,0,5,0.44647,0.4913,-0.39991,0.9999489784240723
1773143886.445825,PC1,0,6,0.43613,0.49024,-0.40016,0.9999410510063171
1773143886.445825,PC1,0,7,0.52125,0.52956,-0.1718,0.9999203681945801
1773143886.445825,PC1,0,8,0.41978,0.51778,-0.21038,0.9999681711196899
1773143886.445825,PC1,0,9,0.4846,0.59456,-0.34181,0.9999428391456604
1773143886.445825,PC1,0,10,0.44892,0.59207,-0.35316,0.9999681115150452
1773143886.445825,PC1,0,11,0.58348,0.75084,-0.00617,0.9992808103561401
1773143886.445825,PC1,0,12,0.3501,0.75557,-0.14546,0.9992969036102295
1773143886.445825,PC1,0,13,0.64634,1.01337,-0.2068,0.8160412907600403
1773143886.445825,PC1,0,14,0.32905,1.08587,-0.39491,0.8727476000785828
1773143886.445825,PC1,0,15,0.64565,0.88428,-0.60199,0.9642458558082581
1773143886.445825,PC1,0,16,0.45585,0.95875,-0.74269,0.9490501284599304
1773143886.445825,PC1,0,17,0.65843,0.82276,-0.6745,0.9627191424369812
1773143886.445825,PC1,0,18,0.48649,0.92917,-0.80798,0.9382151961326599
1773143886.445825,PC1,0,19,0.6519,0.78638,-0.64212,0.9676224589347839
1773143886.445825,PC1,0,20,0.48102,0.87564,-0.77459,0.9473181962966919
1773143886.445825,PC1,0,21,0.64032,0.80655,-0.60281,0.9642735719680786
1773143886.445825,PC1,0,22,0.47541,0.8869,-0.73569,0.9402463436126709
1773143886.445825,PC1,0,23,0.57904,1.36342,0.06538,0.01969018392264843
1773143886.445825,PC1,0,24,0.42127,1.38918,-0.06265,0.01571982353925705
1773143886.445825,PC1,0,25,0.57769,1.83065,0.1012,0.0025824361946433783
1773143886.445825,PC1,0,26,0.43173,1.87311,-0.06293,0.0013930554268881679
1773143886.445825,PC1,0,27,0.55843,2.27531,0.40908,0.00016739967395551503
1773143886.445825,PC1,0,28,0.41329,2.30946,0.13144,0.00010013234714278951
1773143886.445825,PC1,0,29,0.54542,2.35129,0.42336,0.00020193937234580517
1773143886.445825,PC1,0,30,0.39089,2.38669,0.13876,0.00011992615327471867
1773143886.445825,PC1,0,31,0.60246,2.38645,0.18492,0.0003165421658195555
1773143886.445825,PC1,0,32,0.48526,2.41597,-0.18737,0.00024468061747029424
1773143886.445825,PC1,0,Angle_Elbow_L,108.93,,,
1773143886.445825,PC1,0,Angle_Elbow_R,105.04,,,
1773143886.445825,PC1,0,Angle_Shoulder_L,135.25,,,
1773143886.445825,PC1,0,Angle_Shoulder_R,135.5,,,
1773143886.445825,PC1,0,Length_UpperArm_L,0.3363,,,
1773143886.445825,PC1,0,Length_LowerArm_L,0.4157,,,
1773143886.445825,PC1,0,Length_UpperArm_R,0.4144,,,
1773143886.445825,PC1,0,Length_LowerArm_R,0.3914,,,
1773143886.445825,PC1,0,Width_Shoulder,0.2718,,,
1773143886.5509608,PC1,0,0,0.4675,0.54104,-0.49186,0.9996129274368286
1773143886.5509608,PC1,0,1,0.48682,0.49974,-0.4584,0.99931800365448
1773143886.5509608,PC1,0,2,0.49689,0.50281,-0.45842,0.9994000196456909
1773143886.5509608,PC1,0,3,0.50651,0.50629,-0.45821,0.999228835105896
1773143886.5509608,PC1,0,4,0.45609,0.49314,-0.46674,0.9994056820869446
1773143886.5509608,PC1,0,5,0.44547,0.49132,-0.46661,0.9995105266571045
1773143886.5509608,PC1,0,6,0.43554,0.49048,-0.46693,0.9994534254074097
1773143886.5509608,PC1,0,7,0.52207,0.53079,-0.23509,0.9992079734802246
1773143886.5509608,PC1,0,8,0.42094,0.51714,-0.26869,0.9996544122695923
1773143886.5509608,PC1,0,9,0.48367,0.59486,-0.40618,0.9995006322860718
1773143886.5509608,PC1,0,10,0.44791,0.59222,-0.41623,0.9997234344482422
1773143886.5509608,PC1,0,11,0.58378,0.75547,-0.06034,0.9948277473449707
1773143886.5509608,PC1,0,12,0.3503,0.75569,-0.20162,0.9977269172668457
1773143886.5509608,PC1,0,13,0.63806,1.01214,-0.232,0.6972082257270813
1773143886.5509608,PC1,0,14,0.34046,1.08116,-0.39889,0.7784895896911621
1773143886.5509608,PC1,0,15,0.62499,0.99607,-0.58504,0.8308801651000977
1773143886.5509608,PC1,0,16,0.47978,1.03135,-0.69086,0.8219284415245056
1773143886.5509608,PC1,0,17,0.62939,0.97715,-0.65396,0.8333102464675903
1773143886.5509608,PC1,0,18,0.51515,1.03101,-0.74905,0.8086948990821838
1773143886.5509608,PC1,0,19,0.62139,0.94158,-0.62829,0.8460957407951355
1773143886.5509608,PC1,0,20,0.51482,0.98175,-0.73493,0.826866865158081
1773143886.5509608,PC1,0,21,0.61207,0.95574,-0.58719,0.8400805592536926
1773143886.5509608,PC1,0,22,0.50642,0.98376,-0.67922,0.8148038983345032
1773143886.5509608,PC1,0,23,0.57904,1.36342,0.06538,0.01642644591629505
1773143886.5509608,PC1,0,24,0.42127,1.38918,-0.06265,0.01317568589001894
1773143886.5509608,PC1,0,25,0.57769,1.83065,0.1012,0.0025033431593328714
1773143886.5509608,PC1,0,26,0.43173,1.87311,-0.06293,0.0013605526182800531
1773143886.5509608,PC1,0,27,0.55843,2.27531,0.40908,0.00016222582780756056
1773143886.5509608,PC1,0,28,0.41329,2.30946,0.13144,8.984161104308441e-05
1773143886.5509608,PC1,0,29,0.54542,2.35129,0.42336,0.00019076548051089048
1773143886.5509608,PC1,0,30,0.39089,2.38669,0.13876,0.00011113167420262471
1773143886.5509608,PC1,0,31,0.60246,2.38645,0.18492,0.00031482207123190165
1773143886.5509608,PC1,0,32,0.48526,2.41597,-0.18737,0.0002613936085253954
1773143886.5509608,PC1,0,Angle_Elbow_L,120.2,,,
1773143886.5509608,PC1,0,Angle_Elbow_R,108.73,,,
1773143886.5509608,PC1,0,Angle_Shoulder_L,134.0,,,
1773143886.5509608,PC1,0,Angle_Shoulder_R,136.53,,,
1773143886.5509608,PC1,0,Length_UpperArm_L,0.3135,,,
1773143886.5509608,PC1,0,Length_LowerArm_L,0.3536,,,
1773143886.5509608,PC1,0,Length_UpperArm_R,0.3807,,,
1773143886.5509608,PC1,0,Length_LowerArm_R,0.3273,,,
1773143886.5509608,PC1,0,Width_Shoulder,0.2729,,,
1773143886.604092,PC1,0,0,0.46633,0.5411,-0.51639,0.9992213845252991
1773143886.604092,PC1,0,1,0.48637,0.49957,-0.48279,0.9988395571708679
1773143886.604092,PC1,0,2,0.49661,0.50264,-0.48285,0.9988831877708435
1773143886.604092,PC1,0,3,0.50637,0.50615,-0.48267,0.9986578822135925
1773143886.604092,PC1,0,4,0.45517,0.49306,-0.49022,0.9990038871765137
1773143886.604092,PC1,0,5,0.44464,0.49132,-0.49015,0.9991235733032227
1773143886.604092,PC1,0,6,0.43498,0.49056,-0.49049,0.9990982413291931
1773143886.604092,PC1,0,7,0.52239,0.53133,-0.25617,0.9986751675605774
1773143886.604092,PC1,0,8,0.42136,0.5169,-0.28482,0.9992714524269104
1773143886.604092,PC1,0,9,0.48314,0.59561,-0.42878,0.9990031719207764
1773143886.604092,PC1,0,10,0.44725,0.59281,-0.43752,0.9993357062339783
1773143886.604092,PC1,0,11,0.58395,0.75762,-0.08006,0.9885400533676147
1773143886.604092,PC1,0,12,0.35145,0.75587,-0.21157,0.9953898787498474
1773143886.604092,PC1,0,13,0.63455,1.01217,-0.25027,0.6567742824554443
1773143886.604092,PC1,0,14,0.34066,1.07136,-0.39936,0.7456674575805664
1773143886.604092,PC1,0,15,0.61084,1.00675,-0.58989,0.7673031091690063
1773143886.604092,PC1,0,16,0.48336,1.03648,-0.67856,0.774760901927948
1773143886.604092,PC1,0,17,0.60868,0.99207,-0.65238,0.7704524993896484
1773143886.604092,PC1,0,18,0.52119,1.0424,-0.73539,0.7601307034492493
1773143886.604092,PC1,0,19,0.60165,0.95546,-0.62407,0.7860412001609802
1773143886.604092,PC1,0,20,0.52003,0.99305,-0.72056,0.7816335558891296
1773143886.604092,PC1,0,21,0.59494,0.96871,-0.58872,0.7778849005699158
1773143886.604092,PC1,0,22,0.50869,0.98236,-0.66757,0.7647411227226257
1773143886.604092,PC1,0,23,0.57904,1.36342,0.06538,0.015062380582094193
1773143886.604092,PC1,0,24,0.42127,1.38918,-0.06265,0.012161697261035442
1773143886.604092,PC1,0,25,0.57769,1.83065,0.1012,0.003716189181432128
1773143886.604092,PC1,0,26,0.43173,1.87311,-0.06293,0.0022285410668700933
1773143886.604092,PC1,0,27,0.55843,2.27531,0.40908,0.00022291143250185996
1773143886.604092,PC1,0,28,0.41329,2.30946,0.13144,0.0001481254439568147
1773143886.604092,PC1,0,29,0.54542,2.35129,0.42336,0.0002149997017113492
1773143886.604092,PC1,0,30,0.39089,2.38669,0.13876,0.00016787101048976183
1773143886.604092,PC1,0,31,0.60246,2.38645,0.18492,0.0004563120019156486
1773143886.604092,PC1,0,32,0.48526,2.41597,-0.18737,0.0005258270539343357
1773143886.604092,PC1,0,Angle_Elbow_L,121.51,,,
1773143886.604092,PC1,0,Angle_Elbow_R,110.13,,,
1773143886.604092,PC1,0,Angle_Shoulder_L,132.74,,,
1773143886.604092,PC1,0,Angle_Shoulder_R,135.65,,,
1773143886.604092,PC1,0,Length_UpperArm_L,0.3104,,,
1773143886.604092,PC1,0,Length_LowerArm_L,0.3405,,,
1773143886.604092,PC1,0,Length_UpperArm_R,0.3673,,,
1773143886.604092,PC1,0,Length_LowerArm_R,0.3155,,,
1773143886.604092,PC1,0,Width_Shoulder,0.2671,,,
1773143886.6583722,PC1,0,0,0.46556,0.54148,-0.53345,0.999001681804657
1773143886.6583722,PC1,0,1,0.48609,0.49983,-0.49973,0.9985164999961853
1773143886.6583722,PC1,0,2,0.49644,0.50285,-0.49981,0.9985629320144653
1773143886.6583722,PC1,0,3,0.50628,0.50628,-0.49967,0.9982909560203552
1773143886.6583722,PC1,0,4,0.45449,0.49358,-0.50705,0.9987558126449585
1773143886.6583722,PC1,0,5,0.44402,0.49202,-0.50702,0.9989066123962402
1773143886.6583722,PC1,0,6,0.43459,0.49145,-0.50739,0.9988946914672852
1773143886.6583722,PC1,0,7,0.52263,0.53184,-0.27022,0.9983531832695007
1773143886.6583722,PC1,0,8,0.42213,0.51723,-0.29712,0.9990927577018738
1773143886.6583722,PC1,0,9,0.48301,0.59663,-0.44385,0.9987655282020569
1773143886.6583722,PC1,0,10,0.44687,0.59364,-0.45224,0.999139666557312
1773143886.6583722,PC1,0,11,0.58407,0.75819,-0.09108,0.9866017699241638
1773143886.6583722,PC1,0,12,0.35238,0.75653,-0.21772,0.9948221445083618
1773143886.6583722,PC1,0,13,0.63127,1.0122,-0.26273,0.6572660803794861
1773143886.6583722,PC1,0,14,0.34303,1.07084,-0.38931,0.7366031408309937
1773143886.6583722,PC1,0,15,0.58423,1.00076,-0.59254,0.7436858415603638
1773143886.6583722,PC1,0,16,0.48586,1.03965,-0.64229,0.7373400330543518
1773143886.6583722,PC1,0,17,0.57537,0.98714,-0.6512,0.7409931421279907
1773143886.6583722,PC1,0,18,0.52485,1.04886,-0.69823,0.7199122905731201
1773143886.6583722,PC1,0,19,0.56752,0.94689,-0.61981,0.7596263885498047
1773143886.6583722,PC1,0,20,0.5237,0.99978,-0.68508,0.7445520162582397
1773143886.6583722,PC1,0,21,0.56383,0.95595,-0.5883,0.7467442154884338
1773143886.6583722,PC1,0,22,0.51018,0.98253,-0.63405,0.7242550849914551
1773143886.6583722,PC1,0,23,0.57904,1.36342,0.06538,0.014459787867963314
1773143886.6583722,PC1,0,24,0.42127,1.38918,-0.06265,0.011977086775004864
1773143886.6583722,PC1,0,25,0.57769,1.83065,0.1012,0.006143156439065933
1773143886.6583722,PC1,0,26,0.43173,1.87311,-0.06293,0.00462897727265954
1773143886.6583722,PC1,0,27,0.55843,2.27531,0.40908,0.0003585588710848242
1773143886.6583722,PC1,0,28,0.41329,2.30946,0.13144,0.00027601560577750206
1773143886.6583722,PC1,0,29,0.54542,2.35129,0.42336,0.0003224652318749577
1773143886.6583722,PC1,0,30,0.39089,2.38669,0.13876,0.00034390471410006285
1773143886.6583722,PC1,0,31,0.60246,2.38645,0.18492,0.0008243912598118186
1773143886.6583722,PC1,0,32,0.48526,2.41597,-0.18737,0.0011708908714354038
1773143886.6583722,PC1,0,Angle_Elbow_L,119.86,,,
1773143886.6583722,PC1,0,Angle_Elbow_R,107.96,,,
1773143886.6583722,PC1,0,Angle_Shoulder_L,131.75,,,
1773143886.6583722,PC1,0,Angle_Shoulder_R,137.03,,,
1773143886.6583722,PC1,0,Length_UpperArm_L,0.3102,,,
1773143886.6583722,PC1,0,Length_LowerArm_L,0.3333,,,
1773143886.6583722,PC1,0,Length_UpperArm_R,0.3582,,,
1773143886.6583722,PC1,0,Length_LowerArm_R,0.2922,,,
1773143886.6583722,PC1,0,Width_Shoulder,0.264,,,
1773143886.711133,PC1,0,0,0.46506,0.54141,-0.52193,0.9989148378372192
1773143886.711133,PC1,0,1,0.486,0.49962,-0.48871,0.9982857704162598
1773143886.711133,PC1,0,2,0.49648,0.50257,-0.48881,0.9983983635902405
1773143886.711133,PC1,0,3,0.50638,0.50594,-0.48872,0.9980540871620178
1773143886.711133,PC1,0,4,0.45409,0.4936,-0.49657,0.9985676407814026
1773143886.711133,PC1,0,5,0.44373,0.49217,-0.49652,0.9987910985946655
1773143886.711133,PC1,0,6,0.43444,0.49169,-0.4969,0.9987525939941406
1773143886.711133,PC1,0,7,0.52312,0.53219,-0.26137,0.9981173276901245
1773143886.711133,PC1,0,8,0.42284,0.51715,-0.29042,0.9990472793579102
1773143886.711133,PC1,0,9,0.48301,0.59725,-0.43315,0.9986805319786072
1773143886.711133,PC1,0,10,0.44665,0.59399,-0.44204,0.9991207718849182
1773143886.711133,PC1,0,11,0.58401,0.75827,-0.08247,0.9867709875106812
1773143886.711133,PC1,0,12,0.35313,0.75687,-0.22018,0.9949430823326111
1773143886.711133,PC1,0,13,0.62882,1.01274,-0.22304,0.6025307774543762
1773143886.711133,PC1,0,14,0.34185,1.06782,-0.37515,0.6948848962783813
1773143886.711133,PC1,0,15,0.57792,1.04086,-0.53249,0.674884021282196
1773143886.711133,PC1,0,16,0.48283,1.06752,-0.62682,0.6789165139198303
1773143886.711133,PC1,0,17,0.56992,1.04125,-0.59169,0.6746196746826172
1773143886.711133,PC1,0,18,0.52013,1.08727,-0.68462,0.663722038269043
1773143886.711133,PC1,0,19,0.55802,1.00431,-0.56819,0.6943496465682983
1773143886.711133,PC1,0,20,0.52242,1.0411,-0.67224,0.6910348534584045
1773143886.711133,PC1,0,21,0.55405,1.00712,-0.53193,0.6824880242347717
1773143886.711133,PC1,0,22,0.50894,1.02312,-0.62177,0.6710385084152222
1773143886.711133,PC1,0,23,0.57904,1.36342,0.06538,0.013159103691577911
1773143886.711133,PC1,0,24,0.42127,1.38918,-0.06265,0.010934539139270782
1773143886.711133,PC1,0,25,0.57769,1.83065,0.1012,0.0056604426354169846
1773143886.711133,PC1,0,26,0.43173,1.87311,-0.06293,0.0042337984777987
1773143886.711133,PC1,0,27,0.55843,2.27531,0.40908,0.00034195900661870837
1773143886.711133,PC1,0,28,0.41329,2.30946,0.13144,0.0002525696181692183
1773143886.711133,PC1,0,29,0.54542,2.35129,0.42336,0.00031087943352758884
1773143886.711133,PC1,0,30,0.39089,2.38669,0.13876,0.0003173863224219531
1773143886.711133,PC1,0,31,0.60246,2.38645,0.18492,0.0007655075169168413
1773143886.711133,PC1,0,32,0.48526,2.41597,-0.18737,0.001069451216608286
1773143886.711133,PC1,0,Angle_Elbow_L,121.49,,,
1773143886.711133,PC1,0,Angle_Elbow_R,111.85,,,
1773143886.711133,PC1,0,Angle_Shoulder_L,137.06,,,
1773143886.711133,PC1,0,Angle_Shoulder_R,139.39,,,
1773143886.711133,PC1,0,Length_UpperArm_L,0.2941,,,
1773143886.711133,PC1,0,Length_LowerArm_L,0.3149,,,
1773143886.711133,PC1,0,Length_UpperArm_R,0.3476,,,
1773143886.711133,PC1,0,Length_LowerArm_R,0.2885,,,
1773143886.711133,PC1,0,Width_Shoulder,0.2688,,,
1773143886.764997,PC1,0,0,0.46552,0.54137,-0.53272,0.9984493851661682
1773143886.764997,PC1,0,1,0.48663,0.49917,-0.50127,0.9973073601722717
1773143886.764997,PC1,0,2,0.49716,0.5021,-0.50138,0.997452437877655
1773143886.764997,PC1,0,3,0.50708,0.50551,-0.50132,0.9968815445899963
1773143886.764997,PC1,0,4,0.45445,0.49344,-0.50946,0.9978957176208496
1773143886.764997,PC1,0,5,0.44409,0.49214,-0.50945,0.9982917308807373
1773143886.764997,PC1,0,6,0.4348,0.49176,-0.50984,0.9982869625091553
1773143886.764997,PC1,0,7,0.52394,0.5324,-0.27689,0.9967415928840637
1773143886.764997,PC1,0,8,0.42347,0.51714,-0.30724,0.9987410306930542
1773143886.764997,PC1,0,9,0.48348,0.59769,-0.44439,0.9982045292854309
1773143886.764997,PC1,0,10,0.44691,0.59424,-0.45356,0.9989393949508667
1773143886.764997,PC1,0,11,0.58403,0.75829,-0.08913,0.9853615760803223
1773143886.764997,PC1,0,12,0.35505,0.75691,-0.23003,0.9948658347129822
1773143886.764997,PC1,0,13,0.62717,1.01135,-0.19546,0.5592676401138306
1773143886.764997,PC1,0,14,0.34012,1.06375,-0.34455,0.6705406904220581
1773143886.764997,PC1,0,15,0.57661,1.06787,-0.48233,0.616123378276825
1773143886.764997,PC1,0,16,0.47086,1.11536,-0.57272,0.6238418221473694
1773143886.764997,PC1,0,17,0.56873,1.07839,-0.54104,0.6180683374404907
1773143886.764997,PC1,0,18,0.50321,1.15068,-0.63001,0.6110683679580688
1773143886.764997,PC1,0,19,0.5538,1.0439,-0.52526,0.639388382434845
1773143886.764997,PC1,0,20,0.50902,1.10936,-0.62842,0.6413190960884094
1773143886.764997,PC1,0,21,0.54971,1.04237,-0.48502,0.6276994347572327
1773143886.764997,PC1,0,22,0.49796,1.08791,-0.57279,0.621849000453949
1773143886.764997,PC1,0,23,0.57904,1.36342,0.06538,0.01202162355184555
1773143886.764997,PC1,0,24,0.42127,1.38918,-0.06265,0.010037402622401714
1773143886.764997,PC1,0,25,0.57769,1.83065,0.1012,0.005564666353166103
1773143886.764997,PC1,0,26,0.43173,1.87311,-0.06293,0.004025865346193314
1773143886.764997,PC1,0,27,0.55843,2.27531,0.40908,0.0003531332185957581
1773143886.764997,PC1,0,28,0.41329,2.30946,0.13144,0.0002435261121718213
1773143886.764997,PC1,0,29,0.54542,2.35129,0.42336,0.00032025933614932
1773143886.764997,PC1,0,30,0.39089,2.38669,0.13876,0.000325027882354334
1773143886.764997,PC1,0,31,0.60246,2.38645,0.18492,0.0007766422349959612
1773143886.764997,PC1,0,32,0.48526,2.41597,-0.18737,0.0010415151482447982
1773143886.764997,PC1,0,Angle_Elbow_L,121.13,,,
1773143886.764997,PC1,0,Angle_Elbow_R,117.09,,,
1773143886.764997,PC1,0,Angle_Shoulder_L,142.34,,,
1773143886.764997,PC1,0,Angle_Shoulder_R,144.56,,,
1773143886.764997,PC1,0,Length_UpperArm_L,0.2779,,,
1773143886.764997,PC1,0,Length_LowerArm_L,0.2967,,,
1773143886.764997,PC1,0,Length_UpperArm_R,0.3279,,,
1773143886.764997,PC1,0,Length_LowerArm_R,0.268,,,
1773143886.764997,PC1,0,Width_Shoulder,0.2689,,,
1773143886.818461,PC1,0,0,0.46589,0.54125,-0.55019,0.99809330701828
1773143886.818461,PC1,0,1,0.48718,0.49873,-0.51972,0.9966546297073364
1773143886.818461,PC1,0,2,0.49774,0.50168,-0.51982,0.9969385862350464
1773143886.818461,PC1,0,3,0.5077,0.50514,-0.51978,0.996175229549408
1773143886.818461,PC1,0,4,0.45473,0.49318,-0.52802,0.9974181056022644
1773143886.818461,PC1,0,5,0.44437,0.492,-0.52801,0.9979647994041443
1773143886.818461,PC1,0,6,0.43508,0.49173,-0.52841,0.9979338645935059
1773143886.818461,PC1,0,7,0.52464,0.53261,-0.29651,0.9961623549461365
1773143886.818461,PC1,0,8,0.42397,0.51715,-0.32709,0.9985618591308594
1773143886.818461,PC1,0,9,0.48395,0.59803,-0.46201,0.9978923797607422
1773143886.818461,PC1,0,10,0.44712,0.59443,-0.47124,0.9988057613372803
1773143886.818461,PC1,0,11,0.5847,0.7583,-0.10592,0.9835963249206543
1773143886.818461,PC1,0,12,0.35591,0.75759,-0.24486,0.994661808013916
1773143886.818461,PC1,0,13,0.62603,1.01183,-0.2088,0.5181453824043274
1773143886.818461,PC1,0,14,0.33862,1.07053,-0.34514,0.6415422558784485
1773143886.818461,PC1,0,15,0.576,1.08347,-0.49384,0.5655343532562256
1773143886.818461,PC1,0,16,0.46391,1.13672,-0.56822,0.581321120262146
1773143886.818461,PC1,0,17,0.56687,1.09622,-0.55312,0.5690764784812927
1773143886.818461,PC1,0,18,0.49422,1.17581,-0.62475,0.568541407585144
1773143886.818461,PC1,0,19,0.55191,1.06206,-0.53616,0.5916357040405273
1773143886.818461,PC1,0,20,0.50117,1.13543,-0.62747,0.601360023021698
1773143886.818461,PC1,0,21,0.54799,1.05954,-0.49619,0.5803214907646179
1773143886.818461,PC1,0,22,0.49141,1.11473,-0.57045,0.5811442732810974
1773143886.818461,PC1,0,23,0.57904,1.36342,0.06538,0.010973439551889896
1773143886.818461,PC1,0,24,0.42127,1.38918,-0.06265,0.009219899773597717
1773143886.818461,PC1,0,25,0.57769,1.83065,0.1012,0.005328316707164049
1773143886.818461,PC1,0,26,0.43173,1.87311,-0.06293,0.0037955851294100285
1773143886.818461,PC1,0,27,0.55843,2.27531,0.40908,0.0003558353637345135
1773143886.818461,PC1,0,28,0.41329,2.30946,0.13144,0.0002274365833727643
1773143886.818461,PC1,0,29,0.54542,2.35129,0.42336,0.00032833823934197426
1773143886.818461,PC1,0,30,0.39089,2.38669,0.13876,0.00030792533652856946
1773143886.818461,PC1,0,31,0.60246,2.38645,0.18492,0.0007539901998825371
1773143886.818461,PC1,0,32,0.48526,2.41597,-0.18737,0.0009809451876208186
1773143886.818461,PC1,0,Angle_Elbow_L,123.41,,,
1773143886.818461,PC1,0,Angle_Elbow_R,118.07,,,
1773143886.818461,PC1,0,Angle_Shoulder_L,141.71,,,
1773143886.818461,PC1,0,Angle_Shoulder_R,145.82,,,
1773143886.818461,PC1,0,Length_UpperArm_L,0.2767,,,
1773143886.818461,PC1,0,Length_LowerArm_L,0.2981,,,
1773143886.818461,PC1,0,Length_UpperArm_R,0.3291,,,
1773143886.818461,PC1,0,Length_LowerArm_R,0.2643,,,
1773143886.818461,PC1,0,Width_Shoulder,0.2677,,,
1773143886.871218,PC1,0,0,0.46689,0.54107,-0.57421,0.9981662034988403
1773143886.871218,PC1,0,1,0.48798,0.49804,-0.54379,0.996708869934082
1773143886.871218,PC1,0,2,0.4985,0.50095,-0.5439,0.997026264667511
1773143886.871218,PC1,0,3,0.50844,0.50442,-0.54387,0.9962161779403687
1773143886.871218,PC1,0,4,0.45542,0.49281,-0.55279,0.9974702596664429
1773143886.871218,PC1,0,5,0.445,0.49176,-0.5528,0.9980425238609314
1773143886.871218,PC1,0,6,0.43564,0.4916,-0.5532,0.9979858994483948
1773143886.871218,PC1,0,7,0.52536,0.53256,-0.31904,0.9961966872215271
1773143886.871218,PC1,0,8,0.42439,0.51719,-0.35282,0.9986239075660706
1773143886.871218,PC1,0,9,0.48475,0.59816,-0.48537,0.9979521036148071
1773143886.871218,PC1,0,10,0.44775,0.59452,-0.49537,0.9988551735877991
1773143886.871218,PC1,0,11,0.58527,0.7584,-0.11948,0.9837064743041992
1773143886.871218,PC1,0,12,0.35712,0.75825,-0.2661,0.9948927760124207
1773143886.871218,PC1,0,13,0.62603,1.01183,-0.2088,0.4763413071632385
1773143886.871218,PC1,0,14,0.33733,1.07271,-0.33402,0.6145913004875183
1773143886.871218,PC1,0,15,0.58657,1.12402,-0.45048,0.5117806792259216
1773143886.871218,PC1,0,16,0.44922,1.18171,-0.54606,0.5323628187179565
1773143886.871218,PC1,0,17,0.58113,1.15146,-0.50785,0.5165198445320129
1773143886.871218,PC1,0,18,0.47374,1.23296,-0.60391,0.5221967697143555
1773143886.871218,PC1,0,19,0.56528,1.12382,-0.5043,0.5391870737075806
1773143886.871218,PC1,0,20,0.48406,1.20015,-0.61593,0.5571505427360535
1773143886.871218,PC1,0,21,0.56013,1.11453,-0.45843,0.5287351608276367
1773143886.871218,PC1,0,22,0.47699,1.17538,-0.55271,0.5379804372787476
1773143886.871218,PC1,0,23,0.57904,1.36342,0.06538,0.009980343282222748
1773143886.871218,PC1,0,24,0.42127,1.38918,-0.06265,0.008418858051300049
1773143886.871218,PC1,0,25,0.57769,1.83065,0.1012,0.005060402676463127
1773143886.871218,PC1,0,26,0.43173,1.87311,-0.06293,0.003506922395899892
1773143886.871218,PC1,0,27,0.55843,2.27531,0.40908,0.0003573432913981378
1773143886.871218,PC1,0,28,0.41329,2.30946,0.13144,0.00021393444330897182
1773143886.871218,PC1,0,29,0.54542,2.35129,0.42336,0.00032504703267477453
1773143886.871218,PC1,0,30,0.39089,2.38669,0.13876,0.0002958139812108129
1773143886.871218,PC1,0,31,0.60246,2.38645,0.18492,0.0007354082772508264
1773143886.871218,PC1,0,32,0.48526,2.41597,-0.18737,0.0009188834228552878
1773143886.871218,PC1,0,Angle_Elbow_R,123.19,,,
1773143886.871218,PC1,0,Angle_Shoulder_R,149.77,,,
1773143886.871218,PC1,0,Length_UpperArm_R,0.3223,,,
1773143886.871218,PC1,0,Length_LowerArm_R,0.2634,,,
1773143886.871218,PC1,0,Width_Shoulder,0.2712,,,
1773143886.9251451,PC1,0,0,0.46764,0.54081,-0.55305,0.9980466961860657
1773143886.9251451,PC1,0,1,0.48854,0.49745,-0.52435,0.9962363839149475
1773143886.9251451,PC1,0,2,0.49904,0.50033,-0.52445,0.9967190027236938
1773143886.9251451,PC1,0,3,0.50896,0.50379,-0.52446,0.9957218766212463
1773143886.9251451,PC1,0,4,0.45583,0.49247,-0.5331,0.9971441626548767
1773143886.9251451,PC1,0,5,0.44533,0.49156,-0.5331,0.9978652596473694
1773143886.9251451,PC1,0,6,0.43598,0.4915,-0.5335,0.9977402091026306
1773143886.9251451,PC1,0,7,0.52589,0.53249,-0.3103,0.9956112504005432
1773143886.9251451,PC1,0,8,0.42471,0.51723,-0.34251,0.9985204339027405
1773143886.9251451,PC1,0,9,0.48542,0.59819,-0.46809,0.9977829456329346
1773143886.9251451,PC1,0,10,0.44824,0.59456,-0.4775,0.9988062977790833
1773143886.9251451,PC1,0,11,0.58619,0.75815,-0.11382,0.983716607093811
1773143886.9251451,PC1,0,12,0.35794,0.75879,-0.26656,0.9950343370437622
1773143886.9251451,PC1,0,13,0.62603,1.01183,-0.2088,0.4360845386981964
1773143886.9251451,PC1,0,14,0.33553,1.07417,-0.30712,0.5762329697608948
1773143886.9251451,PC1,0,15,0.58657,1.12402,-0.45048,0.46262696385383606
1773143886.9251451,PC1,0,16,0.44922,1.18171,-0.54606,0.48549729585647583
1773143886.9251451,PC1,0,17,0.58113,1.15146,-0.50785,0.4682241678237915
1773143886.9251451,PC1,0,18,0.47374,1.23296,-0.60391,0.4778360426425934
1773143886.9251451,PC1,0,19,0.56528,1.12382,-0.5043,0.49026042222976685
1773143886.9251451,PC1,0,20,0.47139,1.24543,-0.5777,0.5128389596939087
1773143886.9251451,PC1,0,21,0.56013,1.11453,-0.45843,0.48078614473342896
1773143886.9251451,PC1,0,22,0.47699,1.17538,-0.55271,0.4950905442237854
1773143886.9251451,PC1,0,23,0.57904,1.36342,0.06538,0.009066881611943245
1773143886.9251451,PC1,0,24,0.42127,1.38918,-0.06265,0.007668555248528719
1773143886.9251451,PC1,0,25,0.57769,1.83065,0.1012,0.004742218181490898
1773143886.9251451,PC1,0,26,0.43173,1.87311,-0.06293,0.0032523195259273052
1773143886.9251451,PC1,0,27,0.55843,2.27531,0.40908,0.00035321584437042475
1773143886.9251451,PC1,0,28,0.41329,2.30946,0.13144,0.00020020247029606253
1773143886.9251451,PC1,0,29,0.54542,2.35129,0.42336,0.0003243961255066097
1773143886.9251451,PC1,0,30,0.39089,2.38669,0.13876,0.0002793154853861779
1773143886.9251451,PC1,0,31,0.60246,2.38645,0.18492,0.0007124781841412187
1773143886.9251451,PC1,0,32,0.48526,2.41597,-0.18737,0.0008527839672751725
1773143886.9251451,PC1,0,Angle_Shoulder_R,154.61,,,
1773143886.9251451,PC1,0,Length_UpperArm_R,0.3188,,,
1773143886.9251451,PC1,0,Width_Shoulder,0.2746,,,
1773143887.163104,PC1,0,0,0.46905,0.54027,-0.54162,0.9978026747703552
1773143887.163104,PC1,0,1,0.48969,0.49599,-0.51305,0.9957037568092346
1773143887.163104,PC1,0,2,0.50014,0.49878,-0.51315,0.9962490200996399
1773143887.163104,PC1,0,3,0.51003,0.50221,-0.51319,0.9951277375221252
1773143887.163104,PC1,0,4,0.45683,0.4915,-0.5225,0.9967086315155029
1773143887.163104,PC1,0,5,0.44622,0.49078,-0.52251,0.9975695610046387
1773143887.163104,PC1,0,6,0.43682,0.49085,-0.52291,0.9974206686019897
1773143887.163104,PC1,0,7,0.52693,0.53189,-0.29679,0.9947848916053772
1773143887.163104,PC1,0,8,0.4254,0.51713,-0.33363,0.998322069644928
1773143887.163104,PC1,0,9,0.48674,0.59792,-0.45601,0.997516930103302
1773143887.163104,PC1,0,10,0.44944,0.59448,-0.46642,0.998705267906189
1773143887.163104,PC1,0,11,0.58733,0.75301,-0.09552,0.9832785725593567
1773143887.163104,PC1,0,12,0.35966,0.75974,-0.26781,0.9949935674667358
1773143887.163104,PC1,0,13,0.62603,1.01183,-0.2088,0.3469938337802887
1773143887.163104,PC1,0,14,0.33358,1.06911,-0.29149,0.5216259956359863
1773143887.163104,PC1,0,15,0.58657,1.12402,-0.45048,0.34726840257644653
1773143887.163104,PC1,0,16,0.44922,1.18171,-0.54606,0.3861357271671295
1773143887.163104,PC1,0,17,0.58113,1.15146,-0.50785,0.3564454913139343
1773143887.163104,PC1,0,18,0.47374,1.23296,-0.60391,0.3848174512386322
1773143887.163104,PC1,0,19,0.56528,1.12382,-0.5043,0.3789413273334503
1773143887.163104,PC1,0,20,0.47139,1.24543,-0.5777,0.42449191212654114
1773143887.163104,PC1,0,21,0.56013,1.11453,-0.45843,0.3717968761920929
1773143887.163104,PC1,0,22,0.47699,1.17538,-0.55271,0.4069652855396271
1773143887.163104,PC1,0,23,0.57904,1.36342,0.06538,0.0070650880225002766
1773143887.163104,PC1,0,24,0.42127,1.38918,-0.06265,0.006086864974349737
1773143887.163104,PC1,0,25,0.57769,1.83065,0.1012,0.004674084950238466
1773143887.163104,PC1,0,26,0.43173,1.87311,-0.06293,0.00297473999671638
1773143887.163104,PC1,0,27,0.55843,2.27531,0.40908,0.00040044955676421523
1773143887.163104,PC1,0,28,0.41329,2.30946,0.13144,0.00020023321849294007
1773143887.163104,PC1,0,29,0.54542,2.35129,0.42336,0.0003537304000928998
1773143887.163104,PC1,0,30,0.39089,2.38669,0.13876,0.0003017036069650203
1773143887.163104,PC1,0,31,0.60246,2.38645,0.18492,0.0007598119555041194
1773143887.163104,PC1,0,32,0.48526,2.41597,-0.18737,0.0008289700490422547
1773143887.163104,PC1,0,Angle_Shoulder_R,157.99,,,
1773143887.163104,PC1,0,Length_UpperArm_R,0.3114,,,
1773143887.163104,PC1,0,Width_Shoulder,0.2856,,,
1773143887.215512,PC1,0,0,0.46449,0.53753,-0.48339,0.9979623556137085
1773143887.215512,PC1,0,1,0.48583,0.49369,-0.45682,0.9959776997566223
1773143887.215512,PC1,0,2,0.49642,0.49655,-0.45683,0.9964963793754578
1773143887.215512,PC1,0,3,0.50603,0.50007,-0.45687,0.9954503178596497
1773143887.215512,PC1,0,4,0.45402,0.4892,-0.46149,0.9969187378883362
1773143887.215512,PC1,0,5,0.44423,0.48816,-0.46137,0.9977267980575562
1773143887.215512,PC1,0,6,0.43546,0.48781,-0.46172,0.9975905418395996
1773143887.215512,PC1,0,7,0.52452,0.53007,-0.26045,0.9951143264770508
1773143887.215512,PC1,0,8,0.4257,0.51501,-0.27434,0.9984306693077087
1773143887.215512,PC1,0,9,0.48279,0.59368,-0.40676,0.9976741075515747
1773143887.215512,PC1,0,10,0.44614,0.59034,-0.41063,0.9987896084785461
1773143887.215512,PC1,0,11,0.58742,0.74975,-0.09869,0.9841883182525635
1773143887.215512,PC1,0,12,0.36041,0.76007,-0.22827,0.9953595995903015
1773143887.215512,PC1,0,13,0.62603,1.01183,-0.2088,0.3240853548049927
1773143887.215512,PC1,0,14,0.33358,1.06911,-0.29149,0.49743831157684326
1773143887.215512,PC1,0,15,0.58657,1.12402,-0.45048,0.31575652956962585
1773143887.215512,PC1,0,16,0.44922,1.18171,-0.54606,0.3577371835708618
1773143887.215512,PC1,0,17,0.58113,1.15146,-0.50785,0.3254140317440033
1773143887.215512,PC1,0,18,0.47374,1.23296,-0.60391,0.3577962815761566
1773143887.215512,PC1,0,19,0.56528,1.12382,-0.5043,0.34782275557518005
1773143887.215512,PC1,0,20,0.47139,1.24543,-0.5777,0.39791712164878845
1773143887.215512,PC1,0,21,0.56013,1.11453,-0.45843,0.3414723873138428
1773143887.215512,PC1,0,22,0.47699,1.17538,-0.55271,0.3810725510120392
1773143887.215512,PC1,0,23,0.57904,1.36342,0.06538,0.006445128470659256
1773143887.215512,PC1,0,24,0.42127,1.38918,-0.06265,0.005580205004662275
1773143887.215512,PC1,0,25,0.57769,1.83065,0.1012,0.00425907876342535
1773143887.215512,PC1,0,26,0.43173,1.87311,-0.06293,0.002700688084587455
1773143887.215512,PC1,0,27,0.55843,2.27531,0.40908,0.00037045529461465776
1773143887.215512,PC1,0,28,0.41329,2.30946,0.13144,0.00018135741993319243
1773143887.215512,PC1,0,29,0.54542,2.35129,0.42336,0.0003291672910563648
1773143887.215512,PC1,0,30,0.39089,2.38669,0.13876,0.00027403177227824926
1773143887.215512,PC1,0,31,0.60246,2.38645,0.18492,0.0006925510242581367
1773143887.215512,PC1,0,32,0.48526,2.41597,-0.18737,0.0007510457071475685
1773143887.215512,PC1,0,Width_Shoulder,0.2616,,,
1773143887.339864,PC1,0,0,0.46065,0.53668,-0.48525,0.9974756836891174
1773143887.339864,PC1,0,1,0.48238,0.49296,-0.45843,0.9952466487884521
1773143887.339864,PC1,0,2,0.49341,0.49579,-0.45849,0.9957883358001709
1773143887.339864,PC1,0,3,0.50318,0.49927,-0.45853,0.9946725368499756
1773143887.339864,PC1,0,4,0.45128,0.48848,-0.4606,0.9962306022644043
1773143887.339864,PC1,0,5,0.44203,0.48734,-0.46051,0.9971153140068054
1773143887.339864,PC1,0,6,0.4338,0.48685,-0.46089,0.9969845414161682
1773143887.339864,PC1,0,7,0.52263,0.52913,-0.25893,0.994388997554779
1773143887.339864,PC1,0,8,0.42579,0.51409,-0.26205,0.9978800415992737
1773143887.339864,PC1,0,9,0.47989,0.59238,-0.40724,0.9972579479217529
1773143887.339864,PC1,0,10,0.44384,0.58902,-0.40796,0.9984672665596008
1773143887.339864,PC1,0,11,0.58738,0.74882,-0.0995,0.9817497730255127
1773143887.339864,PC1,0,12,0.36067,0.75913,-0.2173,0.9943908452987671
1773143887.339864,PC1,0,13,0.62603,1.01183,-0.2088,0.3051373362541199
1773143887.339864,PC1,0,14,0.33358,1.06911,-0.29149,0.4711984395980835
1773143887.339864,PC1,0,15,0.58657,1.12402,-0.45048,0.29086968302726746
1773143887.339864,PC1,0,16,0.44922,1.18171,-0.54606,0.33544662594795227
1773143887.339864,PC1,0,17,0.58113,1.15146,-0.50785,0.3016393780708313
1773143887.339864,PC1,0,18,0.47374,1.23296,-0.60391,0.3365803360939026
1773143887.339864,PC1,0,19,0.56528,1.12382,-0.5043,0.3249219059944153
1773143887.339864,PC1,0,20,0.47139,1.24543,-0.5777,0.37744492292404175
1773143887.339864,PC1,0,21,0.56013,1.11453,-0.45843,0.31856977939605713
1773143887.339864,PC1,0,22,0.47699,1.17538,-0.55271,0.36009830236434937
1773143887.339864,PC1,0,23,0.57904,1.36342,0.06538,0.005968745332211256
1773143887.339864,PC1,0,24,0.42127,1.38918,-0.06265,0.005197970662266016
1773143887.339864,PC1,0,25,0.57769,1.83065,0.1012,0.004241829738020897
1773143887.339864,PC1,0,26,0.43173,1.87311,-0.06293,0.0026293103583157063
1773143887.339864,PC1,0,27,0.55843,2.27531,0.40908,0.0003700751403812319
1773143887.339864,PC1,0,28,0.41329,2.30946,0.13144,0.000180036760866642
1773143887.339864,PC1,0,29,0.54542,2.35129,0.42336,0.0003234459727536887
1773143887.339864,PC1,0,30,0.39089,2.38669,0.13876,0.0002715256414376199
1773143887.339864,PC1,0,31,0.60246,2.38645,0.18492,0.0006863026064820588
1773143887.339864,PC1,0,32,0.48526,2.41597,-0.18737,0.0007443191716447473
1773143887.339864,PC1,0,Width_Shoulder,0.2557,,,
1773143887.461335,PC1,0,0,0.4568,0.53544,-0.50933,0.9973647594451904
1773143887.461335,PC1,0,1,0.47895,0.49198,-0.48193,0.9951635599136353
1773143887.461335,PC1,0,2,0.49035,0.49474,-0.48201,0.9957281351089478
1773143887.461335,PC1,0,3,0.50032,0.49813,-0.48204,0.994583249092102
1773143887.461335,PC1,0,4,0.44834,0.48754,-0.48314,0.9961166381835938
1773143887.461335,PC1,0,5,0.43954,0.48635,-0.48308,0.997024416923523
1773143887.461335,PC1,0,6,0.4318,0.48575,-0.48347,0.9968698024749756
1773143887.461335,PC1,0,7,0.52057,0.52764,-0.2777,0.9943796396255493
1773143887.461335,PC1,0,8,0.42575,0.51304,-0.27611,0.9977762699127197
1773143887.461335,PC1,0,9,0.47676,0.5911,-0.42952,0.9971458315849304
1773143887.461335,PC1,0,10,0.44141,0.58756,-0.42911,0.9983737468719482
1773143887.461335,PC1,0,11,0.58734,0.74842,-0.11063,0.9789196252822876
1773143887.461335,PC1,0,12,0.36065,0.75867,-0.22204,0.9936943650245667
1773143887.461335,PC1,0,13,0.62603,1.01183,-0.2088,0.2847434878349304
1773143887.461335,PC1,0,14,0.33358,1.06911,-0.29149,0.4454142153263092
1773143887.461335,PC1,0,15,0.58657,1.12402,-0.45048,0.2676083445549011
1773143887.461335,PC1,0,16,0.44922,1.18171,-0.54606,0.3155655562877655
1773143887.461335,PC1,0,17,0.58113,1.15146,-0.50785,0.27937713265419006
1773143887.461335,PC1,0,18,0.47374,1.23296,-0.60391,0.31719428300857544
1773143887.461335,PC1,0,19,0.56528,1.12382,-0.5043,0.3033080995082855
1773143887.461335,PC1,0,20,0.47139,1.24543,-0.5777,0.35892704129219055
1773143887.461335,PC1,0,21,0.56013,1.11453,-0.45843,0.2968343496322632
1773143887.461335,PC1,0,22,0.47699,1.17538,-0.55271,0.3403540551662445
1773143887.461335,PC1,0,23,0.57904,1.36342,0.06538,0.005511261522769928
1773143887.461335,PC1,0,24,0.42127,1.38918,-0.06265,0.004827751778066158
1773143887.461335,PC1,0,25,0.57769,1.83065,0.1012,0.004176461603492498
1773143887.461335,PC1,0,26,0.43173,1.87311,-0.06293,0.002540624001994729
1773143887.461335,PC1,0,27,0.55843,2.27531,0.40908,0.0003760980034712702
1773143887.461335,PC1,0,28,0.41329,2.30946,0.13144,0.00017506151925772429
1773143887.461335,PC1,0,29,0.54542,2.35129,0.42336,0.0003251980524510145
1773143887.461335,PC1,0,30,0.39089,2.38669,0.13876,0.00026296451687812805
1773143887.461335,PC1,0,31,0.60246,2.38645,0.18492,0.0006946725188754499
1773143887.461335,PC1,0,32,0.48526,2.41597,-0.18737,0.0007344867917709053
1773143887.461335,PC1,0,Width_Shoulder,0.2528,,,
1773143887.510926,PC1,0,0,0.44913,0.53237,-0.58061,0.9972394108772278
1773143887.510926,PC1,0,1,0.47128,0.49022,-0.55342,0.9948702454566956
1773143887.510926,PC1,0,2,0.48324,0.4927,-0.5535,0.9955328106880188
1773143887.510926,PC1,0,3,0.49344,0.49576,-0.55349,0.9941838383674622
1773143887.510926,PC1,0,4,0.44177,0.4859,-0.55249,0.9959167838096619
1773143887.510926,PC1,0,5,0.43372,0.48465,-0.55248,0.9969265460968018
1773143887.510926,PC1,0,6,0.42682,0.48384,-0.55291,0.9967251420021057
1773143887.510926,PC1,0,7,0.51546,0.52452,-0.34427,0.9940983057022095
1773143887.510926,PC1,0,8,0.42491,0.51111,-0.33214,0.997718870639801
1773143887.510926,PC1,0,9,0.47073,0.58826,-0.4987,0.9969716668128967
1773143887.510926,PC1,0,10,0.43616,0.58463,-0.49551,0.9983054399490356
1773143887.510926,PC1,0,11,0.58748,0.74953,-0.16172,0.9758001565933228
1773143887.510926,PC1,0,12,0.35903,0.75815,-0.25584,0.9936743378639221
1773143887.510926,PC1,0,13,0.62603,1.01183,-0.2088,0.2676973044872284
1773143887.510926,PC1,0,14,0.33358,1.06911,-0.29149,0.4280308485031128
1773143887.510926,PC1,0,15,0.58657,1.12402,-0.45048,0.24596449732780457
1773143887.510926,PC1,0,16,0.44922,1.18171,-0.54606,0.2946400046348572
1773143887.510926,PC1,0,17,0.58113,1.15146,-0.50785,0.2579694092273712
1773143887.510926,PC1,0,18,0.47374,1.23296,-0.60391,0.29669782519340515
1773143887.510926,PC1,0,19,0.56528,1.12382,-0.5043,0.28186216950416565
1773143887.510926,PC1,0,20,0.47139,1.24543,-0.5777,0.3385005593299866
1773143887.510926,PC1,0,21,0.56013,1.11453,-0.45843,0.2757687568664551
1773143887.510926,PC1,0,22,0.47699,1.17538,-0.55271,0.3200104832649231
1773143887.510926,PC1,0,23,0.57904,1.36342,0.06538,0.005063529592007399
1773143887.510926,PC1,0,24,0.42127,1.38918,-0.06265,0.004480639006942511
1773143887.510926,PC1,0,25,0.57769,1.83065,0.1012,0.0038972708862274885
1773143887.510926,PC1,0,26,0.43173,1.87311,-0.06293,0.0023581297136843204
1773143887.510926,PC1,0,27,0.55843,2.27531,0.40908,0.00035506920539774
1773143887.510926,PC1,0,28,0.41329,2.30946,0.13144,0.00016292871441692114
1773143887.510926,PC1,0,29,0.54542,2.35129,0.42336,0.0003075512940995395
1773143887.510926,PC1,0,30,0.39089,2.38669,0.13876,0.0002453790802974254
1773143887.510926,PC1,0,31,0.60246,2.38645,0.18492,0.0006550512043759227
1773143887.510926,PC1,0,32,0.48526,2.41597,-0.18737,0.0006905000191181898
1773143887.510926,PC1,0,Width_Shoulder,0.2472,,,
1773143887.6349802,PC1,0,0,0.44704,0.53145,-0.57945,0.9970383644104004
1773143887.6349802,PC1,0,1,0.46936,0.48969,-0.55227,0.9947071075439453
1773143887.6349802,PC1,0,2,0.48138,0.49212,-0.55237,0.9953094720840454
1773143887.6349802,PC1,0,3,0.49176,0.4951,-0.55234,0.9940172433853149
1773143887.6349802,PC1,0,4,0.44036,0.4854,-0.54974,0.9956974983215332
1773143887.6349802,PC1,0,5,0.43256,0.48416,-0.54974,0.9966250061988831
1773143887.6349802,PC1,0,6,0.42585,0.48332,-0.55016,0.9964279532432556
1773143887.6349802,PC1,0,7,0.5143,0.52377,-0.34512,0.9940131902694702
1773143887.6349802,PC1,0,8,0.42503,0.51063,-0.326,0.9971304535865784
1773143887.6349802,PC1,0,9,0.46884,0.58748,-0.49804,0.9965131878852844
1773143887.6349802,PC1,0,10,0.43495,0.58364,-0.49304,0.9978024363517761
1773143887.6349802,PC1,0,11,0.58724,0.74981,-0.16908,0.9680030941963196
1773143887.6349802,PC1,0,12,0.35913,0.75805,-0.24464,0.9888549447059631
1773143887.6349802,PC1,0,13,0.62603,1.01183,-0.2088,0.26331666111946106
1773143887.6349802,PC1,0,14,0.33358,1.06911,-0.29149,0.3989059329032898
1773143887.6349802,PC1,0,15,0.58657,1.12402,-0.45048,0.243937686085701
1773143887.6349802,PC1,0,16,0.44922,1.18171,-0.54606,0.280875027179718
1773143887.6349802,PC1,0,17,0.58113,1.15146,-0.50785,0.258430153131485
1773143887.6349802,PC1,0,18,0.47374,1.23296,-0.60391,0.28591781854629517
1773143887.6349802,PC1,0,19,0.56528,1.12382,-0.5043,0.28522154688835144
1773143887.6349802,PC1,0,20,0.47139,1.24543,-0.5777,0.3282270133495331
1773143887.6349802,PC1,0,21,0.56013,1.11453,-0.45843,0.2763073146343231
1773143887.6349802,PC1,0,22,0.47699,1.17538,-0.55271,0.30751094222068787
1773143887.6349802,PC1,0,23,0.57904,1.36342,0.06538,0.004692006856203079
1773143887.6349802,PC1,0,24,0.42127,1.38918,-0.06265,0.004151619970798492
1773143887.6349802,PC1,0,25,0.57769,1.83065,0.1012,0.004334807861596346
1773143887.6349802,PC1,0,26,0.43173,1.87311,-0.06293,0.002679197583347559
1773143887.6349802,PC1,0,27,0.55843,2.27531,0.40908,0.0003572707937564701
1773143887.6349802,PC1,0,28,0.41329,2.30946,0.13144,0.00017576296522747725
1773143887.6349802,PC1,0,29,0.54542,2.35129,0.42336,0.00029790354892611504
1773143887.6349802,PC1,0,30,0.39089,2.38669,0.13876,0.0002464301651343703
1773143887.6349802,PC1,0,31,0.60246,2.38645,0.18492,0.000712134235072881
1773143887.6349802,PC1,0,32,0.48526,2.41597,-0.18737,0.0007731077494099736
1773143887.6349802,PC1,0,Width_Shoulder,0.2404,,,
1773143887.781354,PC1,0,0,0.44264,0.52754,-0.54528,0.9975379705429077
1773143887.781354,PC1,0,1,0.46518,0.48786,-0.52251,0.995639443397522
1773143887.781354,PC1,0,2,0.47699,0.49015,-0.5226,0.9961361289024353
1773143887.781354,PC1,0,3,0.4877,0.49311,-0.5225,0.9950714111328125
1773143887.781354,PC1,0,4,0.43782,0.48417,-0.52113,0.996422290802002
1773143887.781354,PC1,0,5,0.43056,0.48308,-0.52116,0.9971777200698853
1773143887.781354,PC1,0,6,0.42428,0.48222,-0.52157,0.997000515460968
1773143887.781354,PC1,0,7,0.51141,0.52207,-0.32328,0.9950827360153198
1773143887.781354,PC1,0,8,0.42614,0.50941,-0.3106,0.99759441614151
1773143887.781354,PC1,0,9,0.46385,0.58408,-0.46592,0.9970837831497192
1773143887.781354,PC1,0,10,0.43247,0.57962,-0.46261,0.9981489181518555
1773143887.781354,PC1,0,11,0.58507,0.75641,-0.11103,0.9725690484046936
1773143887.781354,PC1,0,12,0.36218,0.75758,-0.24943,0.9900437593460083
1773143887.781354,PC1,0,13,0.62603,1.01183,-0.2088,0.266428142786026
1773143887.781354,PC1,0,14,0.33358,1.06911,-0.29149,0.45774587988853455
1773143887.781354,PC1,0,15,0.58657,1.12402,-0.45048,0.3121332824230194
1773143887.781354,PC1,0,16,0.44922,1.18171,-0.54606,0.3745971620082855
1773143887.781354,PC1,0,17,0.58113,1.15146,-0.50785,0.33942165970802307
1773143887.781354,PC1,0,18,0.47374,1.23296,-0.60391,0.37433862686157227
1773143887.781354,PC1,0,19,0.56528,1.12382,-0.5043,0.37133029103279114
1773143887.781354,PC1,0,20,0.47139,1.24543,-0.5777,0.4153667688369751
1773143887.781354,PC1,0,21,0.56013,1.11453,-0.45843,0.35645419359207153
1773143887.781354,PC1,0,22,0.47699,1.17538,-0.55271,0.3871699571609497
1773143887.781354,PC1,0,23,0.57904,1.36342,0.06538,0.005553170572966337
1773143887.781354,PC1,0,24,0.42127,1.38918,-0.06265,0.0049702017568051815
1773143887.781354,PC1,0,25,0.57769,1.83065,0.1012,0.00526836421340704
1773143887.781354,PC1,0,26,0.43173,1.87311,-0.06293,0.004384421277791262
1773143887.781354,PC1,0,27,0.55843,2.27531,0.40908,0.00042741926154121757
1773143887.781354,PC1,0,28,0.41329,2.30946,0.13144,0.000280793261481449
1773143887.781354,PC1,0,29,0.54542,2.35129,0.42336,0.0003542797057889402
1773143887.781354,PC1,0,30,0.39089,2.38669,0.13876,0.0003144997463095933
1773143887.781354,PC1,0,31,0.60246,2.38645,0.18492,0.0011553446529433131
1773143887.781354,PC1,0,32,0.48526,2.41597,-0.18737,0.001186863984912634
1773143887.781354,PC1,0,Width_Shoulder,0.2624,,,
1773143887.843272,PC1,0,0,0.43978,0.52734,-0.57474,0.9980044364929199
1773143887.843272,PC1,0,1,0.46275,0.4867,-0.5557,0.9964638948440552
1773143887.843272,PC1,0,2,0.47472,0.48887,-0.55581,0.9968674182891846
1773143887.843272,PC1,0,3,0.48595,0.49171,-0.55585,0.9960029125213623
1773143887.843272,PC1,0,4,0.43603,0.48361,-0.54902,0.9970967173576355
1773143887.843272,PC1,0,5,0.42927,0.48276,-0.549,0.9977099895477295
1773143887.843272,PC1,0,6,0.42335,0.4821,-0.5495,0.9975637793540955
1773143887.843272,PC1,0,7,0.51043,0.52042,-0.35724,0.9960142970085144
1773143887.843272,PC1,0,8,0.42696,0.50915,-0.32047,0.9980472922325134
1773143887.843272,PC1,0,9,0.46267,0.58328,-0.49734,0.9976333379745483
1773143887.843272,PC1,0,10,0.4311,0.57873,-0.48754,0.9984949231147766
1773143887.843272,PC1,0,11,0.59258,0.76221,-0.15318,0.9777079224586487
1773143887.843272,PC1,0,12,0.36347,0.76033,-0.23328,0.9918268918991089
1773143887.843272,PC1,0,13,0.62603,1.01183,-0.2088,0.341214656829834
1773143887.843272,PC1,0,14,0.33358,1.06911,-0.29149,0.49960023164749146
1773143887.843272,PC1,0,15,0.58657,1.12402,-0.45048,0.44174501299858093
1773143887.843272,PC1,0,16,0.44922,1.18171,-0.54606,0.4917553663253784
1773143887.843272,PC1,0,17,0.58113,1.15146,-0.50785,0.46342483162879944
1773143887.843272,PC1,0,18,0.47374,1.23296,-0.60391,0.4907754361629486
1773143887.843272,PC1,0,19,0.56528,1.12382,-0.5043,0.48950865864753723
1773143887.843272,PC1,0,20,0.43691,0.80434,-0.8768,0.5243698954582214
1773143887.843272,PC1,0,21,0.56013,1.11453,-0.45843,0.4771708548069
1773143887.843272,PC1,0,22,0.44472,0.81882,-0.85663,0.5008505582809448
1773143887.843272,PC1,0,23,0.57904,1.36342,0.06538,0.004620043560862541
1773143887.843272,PC1,0,24,0.42127,1.38918,-0.06265,0.004137120209634304
1773143887.843272,PC1,0,25,0.57769,1.83065,0.1012,0.0043172226287424564
1773143887.843272,PC1,0,26,0.43173,1.87311,-0.06293,0.003570669097825885
1773143887.843272,PC1,0,27,0.55843,2.27531,0.40908,0.00034833446261473
1773143887.843272,PC1,0,28,0.41329,2.30946,0.13144,0.00022763451852370054
1773143887.843272,PC1,0,29,0.54542,2.35129,0.42336,0.0002892443153541535
1773143887.843272,PC1,0,30,0.39089,2.38669,0.13876,0.0002551338402554393
1773143887.843272,PC1,0,31,0.60246,2.38645,0.18492,0.0009411168866790831
1773143887.843272,PC1,0,32,0.48526,2.41597,-0.18737,0.0009652547887526453
1773143887.843272,PC1,0,Width_Shoulder,0.2427,,,
1773143887.921407,PC1,0,0,0.43952,0.52954,-0.5304,0.9982035160064697
1773143887.921407,PC1,0,1,0.46286,0.48678,-0.50837,0.9968162775039673
1773143887.921407,PC1,0,2,0.47513,0.48884,-0.50839,0.9971796274185181
1773143887.921407,PC1,0,3,0.48654,0.49164,-0.5083,0.9964012503623962
1773143887.921407,PC1,0,4,0.43569,0.4841,-0.50173,0.9973855018615723
1773143887.921407,PC1,0,5,0.42893,0.48331,-0.50161,0.9979374408721924
1773143887.921407,PC1,0,6,0.42286,0.48271,-0.50198,0.9978054165840149
1773143887.921407,PC1,0,7,0.51092,0.52028,-0.30912,0.9964116811752319
1773143887.921407,PC1,0,8,0.42629,0.50975,-0.27189,0.9982410669326782
1773143887.921407,PC1,0,9,0.46391,0.58502,-0.45436,0.9978680610656738
1773143887.921407,PC1,0,10,0.43104,0.58074,-0.44435,0.998643159866333
1773143887.921407,PC1,0,11,0.59516,0.7621,-0.12191,0.9799025058746338
1773143887.921407,PC1,0,12,0.36266,0.76365,-0.18587,0.9925844073295593
1773143887.921407,PC1,0,13,0.62603,1.01183,-0.2088,0.38330620527267456
1773143887.921407,PC1,0,14,0.32328,1.11062,-0.38514,0.5299228429794312
1773143887.921407,PC1,0,15,0.58657,1.12402,-0.45048,0.4971892237663269
1773143887.921407,PC1,0,16,0.42048,0.87021,-0.79532,0.5416991114616394
1773143887.921407,PC1,0,17,0.66433,0.78256,-0.63877,0.5165907144546509
1773143887.921407,PC1,0,18,0.42539,0.78787,-0.86329,0.5405157804489136
1773143887.921407,PC1,0,19,0.6593,0.74961,-0.56853,0.5401537418365479
1773143887.921407,PC1,0,20,0.43291,0.77205,-0.86944,0.570932924747467
1773143887.921407,PC1,0,21,0.6473,0.77471,-0.56981,0.5289618372917175
1773143887.921407,PC1,0,22,0.43999,0.79285,-0.84766,0.5495774745941162
1773143887.921407,PC1,0,23,0.57904,1.36342,0.06538,0.00419740891084075
1773143887.921407,PC1,0,24,0.42127,1.38918,-0.06265,0.0037509677931666374
1773143887.921407,PC1,0,25,0.57769,1.83065,0.1012,0.0039010019972920418
1773143887.921407,PC1,0,26,0.43173,1.87311,-0.06293,0.003217662451788783
1773143887.921407,PC1,0,27,0.55843,2.27531,0.40908,0.0003152524004690349
1773143887.921407,PC1,0,28,0.41329,2.30946,0.13144,0.00020492193289101124
1773143887.921407,PC1,0,29,0.54542,2.35129,0.42336,0.00026166264433413744
1773143887.921407,PC1,0,30,0.39089,2.38669,0.13876,0.00022973876912146807
1773143887.921407,PC1,0,31,0.60246,2.38645,0.18492,0.0008506784797646105
1773143887.921407,PC1,0,32,0.48526,2.41597,-0.18737,0.0008697770535945892
1773143887.921407,PC1,0,Angle_Elbow_R,88.38,,,
1773143887.921407,PC1,0,Angle_Shoulder_R,135.34,,,
1773143887.921407,PC1,0,Length_UpperArm_R,0.4021,,,
1773143887.921407,PC1,0,Length_LowerArm_R,0.4853,,,
1773143887.921407,PC1,0,Width_Shoulder,0.2411,,,
1773143887.983159,PC1,0,0,0.43904,0.53141,-0.48129,0.9983823895454407
1773143887.983159,PC1,0,1,0.46274,0.48685,-0.45896,0.9971327185630798
1773143887.983159,PC1,0,2,0.47535,0.48882,-0.45891,0.9974600672721863
1773143887.983159,PC1,0,3,0.48697,0.49162,-0.45872,0.9967590570449829
1773143887.983159,PC1,0,4,0.43481,0.48436,-0.45022,0.9976444840431213
1773143887.983159,PC1,0,5,0.42793,0.48353,-0.45002,0.9981411695480347
1773143887.983159,PC1,0,6,0.4216,0.48292,-0.45029,0.9980213642120361
1773143887.983159,PC1,0,7,0.51129,0.52029,-0.26513,0.9967687726020813
1773143887.983159,PC1,0,8,0.4245,0.51042,-0.21798,0.9984138607978821
1773143887.983159,PC1,0,9,0.4647,0.58663,-0.40837,0.9980790019035339
1773143887.983159,PC1,0,10,0.43047,0.58273,-0.39535,0.9987755417823792
1773143887.983159,PC1,0,11,0.59728,0.7577,-0.0964,0.9818829894065857
1773143887.983159,PC1,0,12,0.36281,0.76636,-0.12802,0.9932564496994019
1773143887.983159,PC1,0,13,0.62603,1.01183,-0.2088,0.43544700741767883
1773143887.983159,PC1,0,14,0.32392,1.10225,-0.36985,0.5586763620376587
1773143887.983159,PC1,0,15,0.65906,0.85645,-0.56687,0.5472916960716248
1773143887.983159,PC1,0,16,0.41444,0.84248,-0.80214,0.5868121981620789
1773143887.983159,PC1,0,17,0.66725,0.76302,-0.63769,0.5646507143974304
1773143887.983159,PC1,0,18,0.41495,0.75166,-0.87152,0.5854275226593018
1773143887.983159,PC1,0,19,0.66286,0.72991,-0.56786,0.585898756980896
1773143887.983159,PC1,0,20,0.4208,0.73017,-0.85785,0.6129150390625
1773143887.983159,PC1,0,21,0.65036,0.75769,-0.56853,0.5757721662521362
1773143887.983159,PC1,0,22,0.42934,0.75913,-0.83482,0.5936108231544495
1773143887.983159,PC1,0,23,0.57904,1.36342,0.06538,0.003930291160941124
1773143887.983159,PC1,0,24,0.42127,1.38918,-0.06265,0.003478012979030609
1773143887.983159,PC1,0,25,0.57769,1.83065,0.1012,0.0035397689789533615
1773143887.983159,PC1,0,26,0.43173,1.87311,-0.06293,0.0029047217685729265
1773143887.983159,PC1,0,27,0.55843,2.27531,0.40908,0.0002876348153222352
1773143887.983159,PC1,0,28,0.41329,2.30946,0.13144,0.0001846004306571558
1773143887.983159,PC1,0,29,0.54542,2.35129,0.42336,0.00023802056966815144
1773143887.983159,PC1,0,30,0.39089,2.38669,0.13876,0.00020711537217721343
1773143887.983159,PC1,0,31,0.60246,2.38645,0.18492,0.0007705160533078015
1773143887.983159,PC1,0,32,0.48526,2.41597,-0.18737,0.0007847136002965271
1773143887.983159,PC1,0,Angle_Elbow_R,93.71,,,
1773143887.983159,PC1,0,Angle_Shoulder_R,133.27,,,
1773143887.983159,PC1,0,Length_UpperArm_R,0.4157,,,
1773143887.983159,PC1,0,Length_LowerArm_R,0.5124,,,
1773143887.983159,PC1,0,Width_Shoulder,0.2368,,,
1773143888.110925,PC1,0,0,0.43825,0.5317,-0.45047,0.9985437989234924
1773143888.110925,PC1,0,1,0.46192,0.48615,-0.42601,0.9974183440208435
1773143888.110925,PC1,0,2,0.47453,0.48799,-0.42591,0.997713029384613
1773143888.110925,PC1,0,3,0.48638,0.49086,-0.42564,0.9970819354057312
1773143888.110925,PC1,0,4,0.43379,0.484,-0.41645,0.9978787302970886
1773143888.110925,PC1,0,5,0.42681,0.4832,-0.41623,0.9983257055282593
1773143888.110925,PC1,0,6,0.42035,0.48264,-0.41645,0.9982176423072815
1773143888.110925,PC1,0,7,0.51091,0.51979,-0.23332,0.997090756893158
1773143888.110925,PC1,0,8,0.42289,0.51074,-0.18216,0.9985710978507996
1773143888.110925,PC1,0,9,0.46407,0.58593,-0.3796,0.9982699155807495
1773143888.110925,PC1,0,10,0.42948,0.58277,-0.36543,0.9988965392112732
1773143888.110925,PC1,0,11,0.59694,0.75421,-0.07759,0.9836750030517578
1773143888.110925,PC1,0,12,0.364,0.76912,-0.09276,0.993895947933197
1773143888.110925,PC1,0,13,0.62603,1.01183,-0.2088,0.48915597796440125
1773143888.110925,PC1,0,14,0.32397,1.09608,-0.35514,0.5955655574798584
1773143888.110925,PC1,0,15,0.6636,0.83594,-0.55732,0.5924349427223206
1773143888.110925,PC1,0,16,0.40609,0.8189,-0.79678,0.6277807354927063
1773143888.110925,PC1,0,17,0.67076,0.7436,-0.6233,0.6079182624816895
1773143888.110925,PC1,0,18,0.40327,0.72268,-0.87212,0.6263068318367004
1773143888.110925,PC1,0,19,0.66525,0.71279,-0.55416,0.627062976360321
1773143888.110925,PC1,0,20,0.40936,0.70129,-0.8445,0.651086688041687
1773143888.110925,PC1,0,21,0.6519,0.74144,-0.55406,0.6179192662239075
1773143888.110925,PC1,0,22,0.4199,0.73622,-0.81957,0.6337047219276428
1773143888.110925,PC1,0,23,0.57904,1.36342,0.06538,0.003785073524340987
1773143888.110925,PC1,0,24,0.42127,1.38918,-0.06265,0.003322894684970379
1773143888.110925,PC1,0,25,0.57769,1.83065,0.1012,0.0032117757946252823
1773143888.110925,PC1,0,26,0.43173,1.87311,-0.06293,0.0026205710601061583
1773143888.110925,PC1,0,27,0.55843,2.27531,0.40908,0.0002614094701129943
1773143888.110925,PC1,0,28,0.41329,2.30946,0.13144,0.00016628261073492467
1773143888.110925,PC1,0,29,0.54542,2.35129,0.42336,0.0002159862342523411
1773143888.110925,PC1,0,30,0.39089,2.38669,0.13876,0.00018670877034310251
1773143888.110925,PC1,0,31,0.60246,2.38645,0.18492,0.0006966482615098357
1773143888.110925,PC1,0,32,0.48526,2.41597,-0.18737,0.0007076937472447753
1773143888.110925,PC1,0,Angle_Elbow_R,95.67,,,
1773143888.110925,PC1,0,Angle_Shoulder_R,132.73,,,
1773143888.110925,PC1,0,Length_UpperArm_R,0.4211,,,
1773143888.110925,PC1,0,Length_LowerArm_R,0.5278,,,
1773143888.110925,PC1,0,Width_Shoulder,0.2339,,,
1773143888.173026,PC1,0,0,0.43635,0.52865,-0.42951,0.9986891150474548
1773143888.173026,PC1,0,1,0.46053,0.48319,-0.40344,0.9976752996444702
1773143888.173026,PC1,0,2,0.47327,0.48491,-0.40327,0.9979407787322998
1773143888.173026,PC1,0,3,0.48531,0.48764,-0.40293,0.9973723888397217
1773143888.173026,PC1,0,4,0.43256,0.48134,-0.3936,0.9980893731117249
1773143888.173026,PC1,0,5,0.42565,0.48054,-0.39337,0.9984918236732483
1773143888.173026,PC1,0,6,0.41922,0.4799,-0.39353,0.9983940124511719
1773143888.173026,PC1,0,7,0.51026,0.51699,-0.21256,0.9973804354667664
1773143888.173026,PC1,0,8,0.42185,0.50821,-0.16058,0.9987125396728516
1773143888.173026,PC1,0,9,0.46169,0.58304,-0.36053,0.9984415173530579
1773143888.173026,PC1,0,10,0.42786,0.58027,-0.34603,0.9990050792694092
1773143888.173026,PC1,0,11,0.59669,0.75006,-0.06517,0.9852933883666992
1773143888.173026,PC1,0,12,0.36487,0.7708,-0.07,0.9944835305213928
1773143888.173026,PC1,0,13,0.67458,1.0315,-0.26779,0.535251796245575
1773143888.173026,PC1,0,14,0.32198,1.09443,-0.33963,0.6249807476997375
1773143888.173026,PC1,0,15,0.66701,0.82005,-0.55373,0.6331242322921753
1773143888.173026,PC1,0,16,0.396,0.80567,-0.7795,0.6648226976394653
1773143888.173026,PC1,0,17,0.67305,0.72893,-0.61573,0.6470120549201965
1773143888.173026,PC1,0,18,0.39017,0.70779,-0.85556,0.6634041666984558
1773143888.173026,PC1,0,19,0.66713,0.69875,-0.54793,0.6642540097236633
1773143888.173026,PC1,0,20,0.39689,0.68491,-0.81908,0.6857223510742188
1773143888.173026,PC1,0,21,0.65338,0.72794,-0.54718,0.6560053825378418
1773143888.173026,PC1,0,22,0.40853,0.72242,-0.79457,0.6700564622879028
1773143888.173026,PC1,0,23,0.57904,1.36342,0.06538,0.0035432593431323767
1773143888.173026,PC1,0,24,0.42127,1.38918,-0.06265,0.003087031189352274
1773143888.173026,PC1,0,25,0.57769,1.83065,0.1012,0.002912206342443824
1773143888.173026,PC1,0,26,0.43173,1.87311,-0.06293,0.0023643653839826584
1773143888.173026,PC1,0,27,0.55843,2.27531,0.40908,0.00023764968500472605
1773143888.173026,PC1,0,28,0.41329,2.30946,0.13144,0.00014976205420680344
1773143888.173026,PC1,0,29,0.54542,2.35129,0.42336,0.00019614021584857255
1773143888.173026,PC1,0,30,0.39089,2.38669,0.13876,0.00016827353101689368
1773143888.173026,PC1,0,31,0.60246,2.38645,0.18492,0.0006304188864305615
1773143888.173026,PC1,0,32,0.48526,2.41597,-0.18737,0.0006382450228556991
1773143888.173026,PC1,0,Angle_Elbow_L,89.02,,,
1773143888.173026,PC1,0,Angle_Elbow_R,95.61,,,
1773143888.173026,PC1,0,Angle_Shoulder_L,136.88,,,
1773143888.173026,PC1,0,Angle_Shoulder_R,133.25,,,
1773143888.173026,PC1,0,Length_UpperArm_L,0.3554,,,
1773143888.173026,PC1,0,Length_LowerArm_L,0.3557,,,
1773143888.173026,PC1,0,Length_UpperArm_R,0.4234,,,
1773143888.173026,PC1,0,Length_LowerArm_R,0.5314,,,
1773143888.173026,PC1,0,Width_Shoulder,0.2328,,,
1773143888.301026,PC1,0,0,0.4307,0.52273,-0.38761,0.9990437626838684
1773143888.301026,PC1,0,1,0.45538,0.47705,-0.35856,0.998302698135376
1773143888.301026,PC1,0,2,0.46802,0.4785,-0.35831,0.9984968304634094
1773143888.301026,PC1,0,3,0.48036,0.48089,-0.35783,0.9980817437171936
1773143888.301026,PC1,0,4,0.42829,0.47513,-0.34824,0.9986041784286499
1773143888.301026,PC1,0,5,0.42172,0.47423,-0.34801,0.9988979697227478
1773143888.301026,PC1,0,6,0.41549,0.47342,-0.34811,0.9988256692886353
1773143888.301026,PC1,0,7,0.5064,0.51138,-0.17071,0.9980878829956055
1773143888.301026,PC1,0,8,0.41912,0.50367,-0.11765,0.999058723449707
1773143888.301026,PC1,0,9,0.45439,0.57662,-0.32191,0.998860776424408
1773143888.301026,PC1,0,10,0.42241,0.57457,-0.30708,0.9992712140083313
1773143888.301026,PC1,0,11,0.59452,0.74418,-0.03809,0.9892454147338867
1773143888.301026,PC1,0,12,0.36459,0.77325,-0.03178,0.9959201216697693
1773143888.301026,PC1,0,13,0.67836,1.02748,-0.26131,0.6514919400215149
1773143888.301026,PC1,0,14,0.31235,1.08994,-0.31375,0.7007331252098083
1773143888.301026,PC1,0,15,0.675,0.79564,-0.54598,0.7323178052902222
1773143888.301026,PC1,0,16,0.37295,0.78181,-0.75278,0.7550681829452515
1773143888.301026,PC1,0,17,0.6783,0.70702,-0.60361,0.7422858476638794
1773143888.301026,PC1,0,18,0.36217,0.67858,-0.83145,0.7538098096847534
1773143888.301026,PC1,0,19,0.67196,0.67788,-0.54054,0.7548961639404297
1773143888.301026,PC1,0,20,0.36923,0.65487,-0.78282,0.7701414227485657
1773143888.301026,PC1,0,21,0.65948,0.70692,-0.53638,0.7488258481025696
1773143888.301026,PC1,0,22,0.38393,0.69742,-0.75664,0.7586749792098999
1773143888.301026,PC1,0,23,0.57904,1.36342,0.06538,0.002905325498431921
1773143888.301026,PC1,0,24,0.42127,1.38918,-0.06265,0.0025032905396074057
1773143888.301026,PC1,0,25,0.57769,1.83065,0.1012,0.0021713674068450928
1773143888.301026,PC1,0,26,0.43173,1.87311,-0.06293,0.0017364585073664784
1773143888.301026,PC1,0,27,0.55843,2.27531,0.40908,0.00017716556612867862
1773143888.301026,PC1,0,28,0.41329,2.30946,0.13144,0.00010940764332190156
1773143888.301026,PC1,0,29,0.54542,2.35129,0.42336,0.00014646173804067075
1773143888.301026,PC1,0,30,0.39089,2.38669,0.13876,0.00012316947686485946
1773143888.301026,PC1,0,31,0.60246,2.38645,0.18492,0.000466035126009956
1773143888.301026,PC1,0,32,0.48526,2.41597,-0.18737,0.00046795382513664663
1773143888.301026,PC1,0,Angle_Elbow_L,88.98,,,
1773143888.301026,PC1,0,Angle_Elbow_R,95.74,,,
1773143888.301026,PC1,0,Angle_Shoulder_L,137.35,,,
1773143888.301026,PC1,0,Angle_Shoulder_R,134.17,,,
1773143888.301026,PC1,0,Length_UpperArm_L,0.3703,,,
1773143888.301026,PC1,0,Length_LowerArm_L,0.3671,,,
1773143888.301026,PC1,0,Length_UpperArm_R,0.4272,,,
1773143888.301026,PC1,0,Length_LowerArm_R,0.5398,,,
1773143888.301026,PC1,0,Width_Shoulder,0.2318,,,
1773143888.490859,PC1,0,0,0.42556,0.52099,-0.37738,0.9993021488189697
1773143888.490859,PC1,0,1,0.45027,0.47591,-0.34636,0.9987599849700928
1773143888.490859,PC1,0,2,0.46289,0.47709,-0.34604,0.9989019632339478
1773143888.490859,PC1,0,3,0.47569,0.47933,-0.34552,0.9985986948013306
1773143888.490859,PC1,0,4,0.42367,0.47434,-0.33386,0.9989792704582214
1773143888.490859,PC1,0,5,0.4175,0.47356,-0.33363,0.9991936683654785
1773143888.490859,PC1,0,6,0.41159,0.47293,-0.3337,0.9991401433944702
1773143888.490859,PC1,0,7,0.50297,0.50962,-0.16056,0.9986037015914917
1773143888.490859,PC1,0,8,0.41713,0.50325,-0.09544,0.9993108510971069
1773143888.490859,PC1,0,9,0.44859,0.57441,-0.31449,0.9991663098335266
1773143888.490859,PC1,0,10,0.41828,0.57309,-0.29422,0.9994643926620483
1773143888.490859,PC1,0,11,0.59374,0.74638,-0.03814,0.9921006560325623
1773143888.490859,PC1,0,12,0.36453,0.77327,-0.01146,0.9969416260719299
1773143888.490859,PC1,0,13,0.68028,1.02804,-0.28794,0.7192736864089966
1773143888.490859,PC1,0,14,0.31091,1.09042,-0.31377,0.752173125743866
1773143888.490859,PC1,0,15,0.68037,0.78277,-0.56919,0.8045434951782227
1773143888.490859,PC1,0,16,0.36248,0.77203,-0.7779,0.8208207488059998
1773143888.490859,PC1,0,17,0.68238,0.69663,-0.62406,0.8116248846054077
1773143888.490859,PC1,0,18,0.34849,0.6647,-0.85783,0.8195880055427551
1773143888.490859,PC1,0,19,0.67434,0.67102,-0.5571,0.8208748698234558
1773143888.490859,PC1,0,20,0.35686,0.645,-0.79741,0.8316035270690918
1773143888.490859,PC1,0,21,0.66309,0.70071,-0.55632,0.8163729906082153
1773143888.490859,PC1,0,22,0.37338,0.68836,-0.7759,0.823138952255249
1773143888.490859,PC1,0,23,0.57904,1.36342,0.06538,0.0023146297316998243
1773143888.490859,PC1,0,24,0.42127,1.38918,-0.06265,0.001985409064218402
1773143888.490859,PC1,0,25,0.57769,1.83065,0.1012,0.0016092115547508001
1773143888.490859,PC1,0,26,0.43173,1.87311,-0.06293,0.001273712725378573
1773143888.490859,PC1,0,27,0.55843,2.27531,0.40908,0.00013133574975654483
1773143888.490859,PC1,0,28,0.41329,2.30946,0.13144,7.98464534454979e-05
1773143888.490859,PC1,0,29,0.54542,2.35129,0.42336,0.00010853304411284626
1773143888.490859,PC1,0,30,0.39089,2.38669,0.13876,9.004060848383233e-05
1773143888.490859,PC1,0,31,0.60246,2.38645,0.18492,0.0003432186204008758
1773143888.490859,PC1,0,32,0.48526,2.41597,-0.18737,0.0003427507763262838
1773143888.490859,PC1,0,Angle_Elbow_L,90.47,,,
1773143888.490859,PC1,0,Angle_Elbow_R,98.43,,,
1773143888.490859,PC1,0,Angle_Shoulder_L,135.1,,,
1773143888.490859,PC1,0,Angle_Shoulder_R,133.18,,,
1773143888.490859,PC1,0,Length_UpperArm_L,0.3863,,,
1773143888.490859,PC1,0,Length_LowerArm_L,0.3732,,,
1773143888.490859,PC1,0,Length_UpperArm_R,0.4414,,,
1773143888.490859,PC1,0,Length_LowerArm_R,0.5652,,,
1773143888.490859,PC1,0,Width_Shoulder,0.2323,,,
1773143888.55392,PC1,0,0,0.42424,0.52075,-0.37659,0.9993714094161987
1773143888.55392,PC1,0,1,0.4487,0.47584,-0.34505,0.9988818168640137
1773143888.55392,PC1,0,2,0.46138,0.47683,-0.34472,0.9990100860595703
1773143888.55392,PC1,0,3,0.47425,0.47895,-0.3442,0.9987363219261169
1773143888.55392,PC1,0,4,0.42246,0.47462,-0.33228,0.9990789890289307
1773143888.55392,PC1,0,5,0.41648,0.47394,-0.33206,0.9992724061012268
1773143888.55392,PC1,0,6,0.41069,0.4734,-0.33212,0.9992234706878662
1773143888.55392,PC1,0,7,0.5022,0.50933,-0.16358,0.9987414479255676
1773143888.55392,PC1,0,8,0.41676,0.50337,-0.09024,0.9993778467178345
1773143888.55392,PC1,0,9,0.447,0.57409,-0.3141,0.9992474317550659
1773143888.55392,PC1,0,10,0.41738,0.573,-0.29244,0.9995155334472656
1773143888.55392,PC1,0,11,0.59373,0.74722,-0.0425,0.9928465485572815
1773143888.55392,PC1,0,12,0.3645,0.77237,-0.00443,0.99721759557724
1773143888.55392,PC1,0,13,0.68035,1.03121,-0.29787,0.7381637692451477
1773143888.55392,PC1,0,14,0.31077,1.091,-0.31456,0.7658151984214783
1773143888.55392,PC1,0,15,0.68162,0.78127,-0.5812,0.8239633440971375
1773143888.55392,PC1,0,16,0.36075,0.77149,-0.78776,0.8385455012321472
1773143888.55392,PC1,0,17,0.68336,0.69603,-0.63556,0.8302668333053589
1773143888.55392,PC1,0,18,0.3465,0.6637,-0.86763,0.8373494744300842
1773143888.55392,PC1,0,19,0.67494,0.67073,-0.56889,0.8386073112487793
1773143888.55392,PC1,0,20,0.3552,0.64398,-0.80555,0.8481835722923279
1773143888.55392,PC1,0,21,0.66394,0.70047,-0.5678,0.8345290422439575
1773143888.55392,PC1,0,22,0.37173,0.68723,-0.78454,0.8405449390411377
1773143888.55392,PC1,0,23,0.57904,1.36342,0.06538,0.00221176422201097
1773143888.55392,PC1,0,24,0.42127,1.38918,-0.06265,0.001913785352371633
1773143888.55392,PC1,0,25,0.57769,1.83065,0.1012,0.00146346481051296
1773143888.55392,PC1,0,26,0.43173,1.87311,-0.06293,0.001151011441834271
1773143888.55392,PC1,0,27,0.55843,2.27531,0.40908,0.00011991663632215932
1773143888.55392,PC1,0,28,0.41329,2.30946,0.13144,7.19445597496815e-05
1773143888.55392,PC1,0,29,0.54542,2.35129,0.42336,9.916769340634346e-05
1773143888.55392,PC1,0,30,0.39089,2.38669,0.13876,8.1261430750601e-05
1773143888.55392,PC1,0,31,0.60246,2.38645,0.18492,0.00031088825198821723
1773143888.55392,PC1,0,32,0.48526,2.41597,-0.18737,0.00030945142498239875
1773143888.55392,PC1,0,Angle_Elbow_L,90.57,,,
1773143888.55392,PC1,0,Angle_Elbow_R,99.48,,,
1773143888.55392,PC1,0,Angle_Shoulder_L,134.87,,,
1773143888.55392,PC1,0,Angle_Shoulder_R,132.73,,,
1773143888.55392,PC1,0,Length_UpperArm_L,0.3916,,,
1773143888.55392,PC1,0,Length_LowerArm_L,0.3778,,,
1773143888.55392,PC1,0,Length_UpperArm_R,0.4479,,,
1773143888.55392,PC1,0,Length_LowerArm_R,0.5732,,,
1773143888.55392,PC1,0,Width_Shoulder,0.2337,,,
1773143888.6800342,PC1,0,0,0.42325,0.52094,-0.37698,0.9994341731071472
1773143888.6800342,PC1,0,1,0.44757,0.47595,-0.34507,0.9989931583404541
1773143888.6800342,PC1,0,2,0.46031,0.47682,-0.34473,0.9991087317466736
1773143888.6800342,PC1,0,3,0.47322,0.47881,-0.3442,0.9988621473312378
1773143888.6800342,PC1,0,4,0.42154,0.47483,-0.33207,0.9991705417633057
1773143888.6800342,PC1,0,5,0.41568,0.4742,-0.33185,0.9993447065353394
1773143888.6800342,PC1,0,6,0.40994,0.47371,-0.3319,0.9993004202842712
1773143888.6800342,PC1,0,7,0.50169,0.50951,-0.16524,0.9988669753074646
1773143888.6800342,PC1,0,8,0.41621,0.50358,-0.08698,0.9994396567344666
1773143888.6800342,PC1,0,9,0.44581,0.5741,-0.31415,0.9993221759796143
1773143888.6800342,PC1,0,10,0.41658,0.57302,-0.29197,0.9995632767677307
1773143888.6800342,PC1,0,11,0.59364,0.74877,-0.0425,0.9935518503189087
1773143888.6800342,PC1,0,12,0.36361,0.77218,-0.0002,0.9974807500839233
1773143888.6800342,PC1,0,13,0.68011,1.03455,-0.30053,0.7581167817115784
1773143888.6800342,PC1,0,14,0.3078,1.09479,-0.31643,0.7757295966148376
1773143888.6800342,PC1,0,15,0.6829,0.78385,-0.58817,0.841525673866272
1773143888.6800342,PC1,0,16,0.35943,0.77519,-0.79707,0.8546000123023987
1773143888.6800342,PC1,0,17,0.68573,0.69816,-0.64193,0.8471800684928894
1773143888.6800342,PC1,0,18,0.34466,0.66678,-0.87747,0.8535047769546509
1773143888.6800342,PC1,0,19,0.67672,0.67332,-0.57587,0.8546925187110901
1773143888.6800342,PC1,0,20,0.35333,0.64597,-0.81455,0.8632655143737793
1773143888.6800342,PC1,0,21,0.66566,0.70194,-0.57439,0.85101318359375
1773143888.6800342,PC1,0,22,0.36988,0.68892,-0.79341,0.8563805818557739
1773143888.6800342,PC1,0,23,0.57904,1.36342,0.06538,0.0020380988717079163
1773143888.6800342,PC1,0,24,0.42127,1.38918,-0.06265,0.0017589344643056393
1773143888.6800342,PC1,0,25,0.57769,1.83065,0.1012,0.0013234238140285015
1773143888.6800342,PC1,0,26,0.43173,1.87311,-0.06293,0.0010376350255683064
1773143888.6800342,PC1,0,27,0.55843,2.27531,0.40908,0.00010844897042261437
1773143888.6800342,PC1,0,28,0.41329,2.30946,0.13144,6.47710548946634e-05
1773143888.6800342,PC1,0,29,0.54542,2.35129,0.42336,8.969118789536878e-05
1773143888.6800342,PC1,0,30,0.39089,2.38669,0.13876,7.318925781873986e-05
1773143888.6800342,PC1,0,31,0.60246,2.38645,0.18492,0.00028076680609956384
1773143888.6800342,PC1,0,32,0.48526,2.41597,-0.18737,0.00027887881151400506
1773143888.6800342,PC1,0,Angle_Elbow_L,91.07,,,
1773143888.6800342,PC1,0,Angle_Elbow_R,100.04,,,
1773143888.6800342,PC1,0,Angle_Shoulder_L,134.98,,,
1773143888.6800342,PC1,0,Angle_Shoulder_R,132.68,,,
1773143888.6800342,PC1,0,Length_UpperArm_L,0.3946,,,
1773143888.6800342,PC1,0,Length_LowerArm_L,0.3816,,,
1773143888.6800342,PC1,0,Length_UpperArm_R,0.4552,,,
1773143888.6800342,PC1,0,Length_LowerArm_R,0.5795,,,
1773143888.6800342,PC1,0,Width_Shoulder,0.2351,,,
1773143888.8050718,PC1,0,0,0.42222,0.52367,-0.3789,0.9995400905609131
1773143888.8050718,PC1,0,1,0.44638,0.47939,-0.34945,0.9991799592971802
1773143888.8050718,PC1,0,2,0.45928,0.48008,-0.34916,0.9992740750312805
1773143888.8050718,PC1,0,3,0.4724,0.48189,-0.34868,0.999073326587677
1773143888.8050718,PC1,0,4,0.42087,0.47788,-0.33539,0.9993229508399963
1773143888.8050718,PC1,0,5,0.41526,0.47715,-0.33514,0.9994641542434692
1773143888.8050718,PC1,0,6,0.40973,0.47654,-0.33519,0.9994270205497742
1773143888.8050718,PC1,0,7,0.50192,0.51208,-0.17351,0.9990780353546143
1773143888.8050718,PC1,0,8,0.41799,0.5058,-0.09013,0.9995406866073608
1773143888.8050718,PC1,0,9,0.44464,0.5775,-0.31579,0.9994461536407471
1773143888.8050718,PC1,0,10,0.41599,0.57601,-0.29314,0.9996397495269775
1773143888.8050718,PC1,0,11,0.59456,0.75097,-0.05239,0.994657039642334
1773143888.8050718,PC1,0,12,0.36562,0.76839,0.00081,0.9978459477424622
1773143888.8050718,PC1,0,13,0.68026,1.04034,-0.31085,0.7736074328422546
1773143888.8050718,PC1,0,14,0.31253,1.09357,-0.32014,0.7815155386924744
1773143888.8050718,PC1,0,15,0.68349,0.79158,-0.59471,0.8711348176002502
1773143888.8050718,PC1,0,16,0.35804,0.78395,-0.81664,0.8813889026641846
1773143888.8050718,PC1,0,17,0.68758,0.70691,-0.64729,0.8754640817642212
1773143888.8050718,PC1,0,18,0.34237,0.68004,-0.89569,0.8801377415657043
1773143888.8050718,PC1,0,19,0.67883,0.6816,-0.58237,0.881639838218689
1773143888.8050718,PC1,0,20,0.35012,0.65626,-0.83678,0.888198971748352
1773143888.8050718,PC1,0,21,0.66771,0.70861,-0.58001,0.8785635828971863
1773143888.8050718,PC1,0,22,0.36654,0.6944,-0.81356,0.882520318031311
1773143888.8050718,PC1,0,23,0.57904,1.36342,0.06538,0.0018943184986710548
1773143888.8050718,PC1,0,24,0.42127,1.38918,-0.06265,0.0016288167098537087
1773143888.8050718,PC1,0,25,0.57769,1.83065,0.1012,0.001098667155019939
1773143888.8050718,PC1,0,26,0.43173,1.87311,-0.06293,0.0008479636162519455
1773143888.8050718,PC1,0,27,0.55843,2.27531,0.40908,9.053565736394376e-05
1773143888.8050718,PC1,0,28,0.41329,2.30946,0.13144,5.2569201216101646e-05
1773143888.8050718,PC1,0,29,0.54542,2.35129,0.42336,7.45836368878372e-05
1773143888.8050718,PC1,0,30,0.39089,2.38669,0.13876,5.951073399046436e-05
1773143888.8050718,PC1,0,31,0.60246,2.38645,0.18492,0.00023105605214368552
1773143888.8050718,PC1,0,32,0.48526,2.41597,-0.18737,0.00022751869983039796
1773143888.8050718,PC1,0,Angle_Elbow_L,90.63,,,
1773143888.8050718,PC1,0,Angle_Elbow_R,102.03,,,
1773143888.8050718,PC1,0,Angle_Shoulder_L,134.88,,,
1773143888.8050718,PC1,0,Angle_Shoulder_R,132.18,,,
1773143888.8050718,PC1,0,Length_UpperArm_L,0.3973,,,
1773143888.8050718,PC1,0,Length_LowerArm_L,0.3774,,,
1773143888.8050718,PC1,0,Length_UpperArm_R,0.46,,,
1773143888.8050718,PC1,0,Length_LowerArm_R,0.5869,,,
1773143888.8050718,PC1,0,Width_Shoulder,0.2357,,,
1773143888.9411452,PC1,0,0,0.42203,0.52623,-0.38503,0.9996247887611389
1773143888.9411452,PC1,0,1,0.44596,0.48199,-0.35881,0.9993290901184082
1773143888.9411452,PC1,0,2,0.45896,0.48238,-0.35855,0.9994061589241028
1773143888.9411452,PC1,0,3,0.47219,0.484,-0.35809,0.9992417097091675
1773143888.9411452,PC1,0,4,0.421,0.48021,-0.34374,0.9994440674781799
1773143888.9411452,PC1,0,5,0.41562,0.47935,-0.34347,0.9995586276054382
1773143888.9411452,PC1,0,6,0.41031,0.47862,-0.34349,0.9995267987251282
1773143888.9411452,PC1,0,7,0.50263,0.51378,-0.18534,0.999245822429657
1773143888.9411452,PC1,0,8,0.42026,0.50707,-0.09895,0.9996196031570435
1773143888.9411452,PC1,0,9,0.44407,0.57993,-0.32204,0.9995446801185608
1773143888.9411452,PC1,0,10,0.41616,0.57828,-0.29885,0.9997002482414246
1773143888.9411452,PC1,0,11,0.59611,0.75148,-0.05811,0.9955323338508606
1773143888.9411452,PC1,0,12,0.36814,0.76208,-0.00659,0.9981540441513062
1773143888.9411452,PC1,0,13,0.68008,1.04619,-0.32,0.7933323383331299
1773143888.9411452,PC1,0,14,0.31898,1.09206,-0.32813,0.7843460440635681
1773143888.9411452,PC1,0,15,0.68493,0.79938,-0.62546,0.8951721787452698
1773143888.9411452,PC1,0,16,0.35869,0.79733,-0.8421,0.9030163884162903
1773143888.9411452,PC1,0,17,0.69077,0.71525,-0.68098,0.8984622359275818
1773143888.9411452,PC1,0,18,0.34256,0.69463,-0.92525,0.9016739726066589
1773143888.9411452,PC1,0,19,0.6818,0.68843,-0.61751,0.9035427570343018
1773143888.9411452,PC1,0,20,0.34909,0.67062,-0.8675,0.9083508253097534
1773143888.9411452,PC1,0,21,0.6705,0.71445,-0.61165,0.9009543061256409
1773143888.9411452,PC1,0,22,0.36501,0.70509,-0.8401,0.903666615486145
1773143888.9411452,PC1,0,23,0.57904,1.36342,0.06538,0.0018026179168373346
1773143888.9411452,PC1,0,24,0.42127,1.38918,-0.06265,0.0015363205457106233
1773143888.9411452,PC1,0,25,0.57769,1.83065,0.1012,0.0009244977845810354
1773143888.9411452,PC1,0,26,0.43173,1.87311,-0.06293,0.000696159026119858
1773143888.9411452,PC1,0,27,0.55843,2.27531,0.40908,7.677003304706886e-05
1773143888.9411452,PC1,0,28,0.41329,2.30946,0.13144,4.273405284038745e-05
1773143888.9411452,PC1,0,29,0.54542,2.35129,0.42336,6.278012733673677e-05
1773143888.9411452,PC1,0,30,0.39089,2.38669,0.13876,4.849976903642528e-05
1773143888.9411452,PC1,0,31,0.60246,2.38645,0.18492,0.00019164923287462443
1773143888.9411452,PC1,0,32,0.48526,2.41597,-0.18737,0.0001861892087617889
1773143888.9411452,PC1,0,Angle_Elbow_L,92.78,,,
1773143888.9411452,PC1,0,Angle_Elbow_R,103.89,,,
1773143888.9411452,PC1,0,Angle_Shoulder_L,134.47,,,
1773143888.9411452,PC1,0,Angle_Shoulder_R,132.07,,,
1773143888.9411452,PC1,0,Length_UpperArm_L,0.4031,,,
1773143888.9411452,PC1,0,Length_LowerArm_L,0.3927,,,
1773143888.9411452,PC1,0,Length_UpperArm_R,0.4633,,,
1773143888.9411452,PC1,0,Length_LowerArm_R,0.5938,,,
1773143888.9411452,PC1,0,Width_Shoulder,0.234,,,
1773143889.001009,PC1,0,0,0.42306,0.52753,-0.38754,0.999661922454834
1773143889.001009,PC1,0,1,0.44679,0.48352,-0.36302,0.9993947148323059
1773143889.001009,PC1,0,2,0.45976,0.48401,-0.36278,0.9994643330574036
1773143889.001009,PC1,0,3,0.47288,0.48581,-0.36233,0.9993156790733337
1773143889.001009,PC1,0,4,0.42234,0.48138,-0.34738,0.9994980692863464
1773143889.001009,PC1,0,5,0.41702,0.48042,-0.3471,0.9996014833450317
1773143889.001009,PC1,0,6,0.41182,0.47958,-0.3471,0.9995723366737366
1773143889.001009,PC1,0,7,0.50358,0.51626,-0.19186,0.9993197917938232
1773143889.001009,PC1,0,8,0.42227,0.50768,-0.10288,0.9996563792228699
1773143889.001009,PC1,0,9,0.44396,0.58114,-0.32505,0.9995887279510498
1773143889.001009,PC1,0,10,0.41689,0.57862,-0.30151,0.9997287392616272
1773143889.001009,PC1,0,11,0.59608,0.75269,-0.06125,0.995930016040802
1773143889.001009,PC1,0,12,0.37,0.75993,-0.01006,0.9983129501342773
1773143889.001009,PC1,0,13,0.67697,1.04875,-0.32032,0.7993197441101074
1773143889.001009,PC1,0,14,0.32241,1.09049,-0.32998,0.7901217341423035
1773143889.001009,PC1,0,15,0.68465,0.80568,-0.63297,0.9054814577102661
1773143889.001009,PC1,0,16,0.35981,0.80871,-0.85184,0.9125465154647827
1773143889.001009,PC1,0,17,0.69077,0.72588,-0.68957,0.9083735346794128
1773143889.001009,PC1,0,18,0.34352,0.70783,-0.93698,0.9112718105316162
1773143889.001009,PC1,0,19,0.68207,0.69741,-0.63489,0.912964940071106
1773143889.001009,PC1,0,20,0.34936,0.68401,-0.87667,0.917303740978241
1773143889.001009,PC1,0,21,0.67005,0.72345,-0.62212,0.9106108546257019
1773143889.001009,PC1,0,22,0.36495,0.71751,-0.85045,0.9130702018737793
1773143889.001009,PC1,0,23,0.57904,1.36342,0.06538,0.0017281941836699843
1773143889.001009,PC1,0,24,0.42127,1.38918,-0.06265,0.00148651038762182
1773143889.001009,PC1,0,25,0.57769,1.83065,0.1012,0.0008406806737184525
1773143889.001009,PC1,0,26,0.43173,1.87311,-0.06293,0.0006293449550867081
1773143889.001009,PC1,0,27,0.55843,2.27531,0.40908,7.005559746176004e-05
1773143889.001009,PC1,0,28,0.41329,2.30946,0.13144,3.851899964502081e-05
1773143889.001009,PC1,0,29,0.54542,2.35129,0.42336,5.729148324462585e-05
1773143889.001009,PC1,0,30,0.39089,2.38669,0.13876,4.377778168418445e-05
1773143889.001009,PC1,0,31,0.60246,2.38645,0.18492,0.0001738153659971431
1773143889.001009,PC1,0,32,0.48526,2.41597,-0.18737,0.00016838673036545515
1773143889.001009,PC1,0,Angle_Elbow_L,93.48,,,
1773143889.001009,PC1,0,Angle_Elbow_R,105.19,,,
1773143889.001009,PC1,0,Angle_Shoulder_L,134.64,,,
1773143889.001009,PC1,0,Angle_Shoulder_R,132.0,,,
1773143889.001009,PC1,0,Length_UpperArm_L,0.4016,,,
1773143889.001009,PC1,0,Length_LowerArm_L,0.3961,,,
1773143889.001009,PC1,0,Length_UpperArm_R,0.4625,,,
1773143889.001009,PC1,0,Length_LowerArm_R,0.5943,,,
1773143889.001009,PC1,0,Width_Shoulder,0.2319,,,
1773143889.0647712,PC1,0,0,0.42341,0.52793,-0.39171,0.9996948838233948
1773143889.0647712,PC1,0,1,0.4472,0.48395,-0.36818,0.9994521141052246
1773143889.0647712,PC1,0,2,0.46021,0.48449,-0.36795,0.9995153546333313
1773143889.0647712,PC1,0,3,0.4734,0.48636,-0.36749,0.9993802309036255
1773143889.0647712,PC1,0,4,0.42277,0.48165,-0.35076,0.9995448589324951
1773143889.0647712,PC1,0,5,0.41748,0.48066,-0.3505,0.9996384382247925
1773143889.0647712,PC1,0,6,0.41231,0.47981,-0.3505,0.9996110200881958
1773143889.0647712,PC1,0,7,0.50422,0.51689,-0.1985,0.9993849396705627
1773143889.0647712,PC1,0,8,0.42309,0.50758,-0.10404,0.9996874332427979
1773143889.0647712,PC1,0,9,0.44413,0.5816,-0.32998,0.9996265172958374
1773143889.0647712,PC1,0,10,0.4172,0.57873,-0.30443,0.999751627445221
1773143889.0647712,PC1,0,11,0.59684,0.75295,-0.06938,0.9962378740310669
1773143889.0647712,PC1,0,12,0.36985,0.75921,-0.00733,0.9984221458435059
1773143889.0647712,PC1,0,13,0.67599,1.04927,-0.33118,0.790909469127655
1773143889.0647712,PC1,0,14,0.32097,1.09703,-0.32716,0.7847641706466675
1773143889.0647712,PC1,0,15,0.68455,0.80762,-0.64022,0.9146962761878967
1773143889.0647712,PC1,0,16,0.35961,0.81189,-0.85301,0.9210058450698853
1773143889.0647712,PC1,0,17,0.69099,0.7291,-0.69502,0.9172325134277344
1773143889.0647712,PC1,0,18,0.34379,0.71173,-0.93704,0.919780433177948
1773143889.0647712,PC1,0,19,0.68226,0.70066,-0.6381,0.9213987588882446
1773143889.0647712,PC1,0,20,0.34934,0.6873,-0.87694,0.92525714635849
1773143889.0647712,PC1,0,21,0.67008,0.72632,-0.62824,0.9192317724227905
1773143889.0647712,PC1,0,22,0.3642,0.71988,-0.85116,0.9213857650756836
1773143889.0647712,PC1,0,23,0.57904,1.36342,0.06538,0.0015965780476108193
1773143889.0647712,PC1,0,24,0.42127,1.38918,-0.06265,0.0013721573632210493
1773143889.0647712,PC1,0,25,0.57769,1.83065,0.1012,0.0007680169655941427
1773143889.0647712,PC1,0,26,0.43173,1.87311,-0.06293,0.0005699074827134609
1773143889.0647712,PC1,0,27,0.55843,2.27531,0.40908,6.406162719940767e-05
1773143889.0647712,PC1,0,28,0.41329,2.30946,0.13144,3.470598312560469e-05
1773143889.0647712,PC1,0,29,0.54542,2.35129,0.42336,5.2276718633947894e-05
1773143889.0647712,PC1,0,30,0.39089,2.38669,0.13876,3.950750033254735e-05
1773143889.0647712,PC1,0,31,0.60246,2.38645,0.18492,0.0001578452647663653
1773143889.0647712,PC1,0,32,0.48526,2.41597,-0.18737,0.0001523535029264167
1773143889.0647712,PC1,0,Angle_Elbow_L,93.62,,,
1773143889.0647712,PC1,0,Angle_Elbow_R,104.45,,,
1773143889.0647712,PC1,0,Angle_Shoulder_L,134.18,,,
1773143889.0647712,PC1,0,Angle_Shoulder_R,132.37,,,
1773143889.0647712,PC1,0,Length_UpperArm_L,0.4032,,,
1773143889.0647712,PC1,0,Length_LowerArm_L,0.3924,,,
1773143889.0647712,PC1,0,Length_UpperArm_R,0.4678,,,
1773143889.0647712,PC1,0,Length_LowerArm_R,0.5994,,,
1773143889.0647712,PC1,0,Width_Shoulder,0.2354,,,
1773143889.1872551,PC1,0,0,0.42365,0.52818,-0.38839,0.999724805355072
1773143889.1872551,PC1,0,1,0.44751,0.48409,-0.36515,0.9995054602622986
1773143889.1872551,PC1,0,2,0.46057,0.48464,-0.36493,0.9995625019073486
1773143889.1872551,PC1,0,3,0.47379,0.4865,-0.36449,0.999440610408783
1773143889.1872551,PC1,0,4,0.42307,0.48175,-0.34717,0.999588668346405
1773143889.1872551,PC1,0,5,0.41779,0.48076,-0.34689,0.9996727705001831
1773143889.1872551,PC1,0,6,0.41264,0.47991,-0.34691,0.9996477961540222
1773143889.1872551,PC1,0,7,0.5047,0.51701,-0.19554,0.9994449615478516
1773143889.1872551,PC1,0,8,0.42371,0.50731,-0.10088,0.9997168183326721
1773143889.1872551,PC1,0,9,0.44428,0.58192,-0.32722,0.9996621012687683
1773143889.1872551,PC1,0,10,0.41744,0.5788,-0.3013,0.9997742176055908
1773143889.1872551,PC1,0,11,0.59742,0.7532,-0.06561,0.99655681848526
1773143889.1872551,PC1,0,12,0.36971,0.75544,-0.00375,0.9985199570655823
1773143889.1872551,PC1,0,13,0.67527,1.05133,-0.32262,0.7979592084884644
1773143889.1872551,PC1,0,14,0.32028,1.09449,-0.32473,0.7867709398269653
1773143889.1872551,PC1,0,15,0.68459,0.80909,-0.62099,0.9229258298873901
1773143889.1872551,PC1,0,16,0.35942,0.81076,-0.85253,0.928333580493927
1773143889.1872551,PC1,0,17,0.69126,0.73145,-0.67446,0.9250788688659668
1773143889.1872551,PC1,0,18,0.34401,0.71327,-0.93635,0.9270050525665283
1773143889.1872551,PC1,0,19,0.68258,0.7028,-0.61564,0.928895890712738
1773143889.1872551,PC1,0,20,0.34929,0.68904,-0.87637,0.9320391416549683
1773143889.1872551,PC1,0,21,0.67037,0.72821,-0.60816,0.9268783330917358
1773143889.1872551,PC1,0,22,0.3635,0.72058,-0.85034,0.9284701943397522
1773143889.1872551,PC1,0,23,0.57904,1.36342,0.06538,0.001548335188999772
1773143889.1872551,PC1,0,24,0.42127,1.38918,-0.06265,0.0013159561203792691
1773143889.1872551,PC1,0,25,0.57769,1.83065,0.1012,0.0007106828270480037
1773143889.1872551,PC1,0,26,0.43173,1.87311,-0.06293,0.0005180049338378012
1773143889.1872551,PC1,0,27,0.55843,2.27531,0.40908,5.889273597858846e-05
1773143889.1872551,PC1,0,28,0.41329,2.30946,0.13144,3.128361640847288e-05
1773143889.1872551,PC1,0,29,0.54542,2.35129,0.42336,4.793608604813926e-05
1773143889.1872551,PC1,0,30,0.39089,2.38669,0.13876,3.5649391065817326e-05
1773143889.1872551,PC1,0,31,0.60246,2.38645,0.18492,0.0001436290767742321
1773143889.1872551,PC1,0,32,0.48526,2.41597,-0.18737,0.00013777523417957127
1773143889.1872551,PC1,0,Angle_Elbow_L,91.93,,,
1773143889.1872551,PC1,0,Angle_Elbow_R,104.64,,,
1773143889.1872551,PC1,0,Angle_Shoulder_L,135.2,,,
1773143889.1872551,PC1,0,Angle_Shoulder_R,132.71,,,
1773143889.1872551,PC1,0,Length_UpperArm_L,0.4012,,,
1773143889.1872551,PC1,0,Length_LowerArm_L,0.3844,,,
1773143889.1872551,PC1,0,Length_UpperArm_R,0.4695,,,
1773143889.1872551,PC1,0,Length_LowerArm_R,0.6005,,,
1773143889.1872551,PC1,0,Width_Shoulder,0.236,,,
1773143889.3728251,PC1,0,0,0.42423,0.52827,-0.38003,0.9997979402542114
1773143889.3728251,PC1,0,1,0.44835,0.48368,-0.35567,0.9996353983879089
1773143889.3728251,PC1,0,2,0.4615,0.48432,-0.35547,0.9996775388717651
1773143889.3728251,PC1,0,3,0.47486,0.48617,-0.35505,0.9995878338813782
1773143889.3728251,PC1,0,4,0.42391,0.48093,-0.33959,0.9996953010559082
1773143889.3728251,PC1,0,5,0.41868,0.47967,-0.3393,0.9997566938400269
1773143889.3728251,PC1,0,6,0.41361,0.47859,-0.33936,0.9997372031211853
1773143889.3728251,PC1,0,7,0.50586,0.51651,-0.18053,0.9995911717414856
1773143889.3728251,PC1,0,8,0.42427,0.50617,-0.10103,0.9997884631156921
1773143889.3728251,PC1,0,9,0.44471,0.5818,-0.31852,0.9997493624687195
1773143889.3728251,PC1,0,10,0.41801,0.57816,-0.29627,0.9998300671577454
1773143889.3728251,PC1,0,11,0.59803,0.75383,-0.04804,0.9973930716514587
1773143889.3728251,PC1,0,12,0.36778,0.74837,-0.00828,0.998802661895752
1773143889.3728251,PC1,0,13,0.67554,1.05427,-0.29111,0.8246372938156128
1773143889.3728251,PC1,0,14,0.32349,1.08162,-0.32709,0.7976114153862
1773143889.3728251,PC1,0,15,0.68839,0.81073,-0.57493,0.943133533000946
1773143889.3728251,PC1,0,16,0.35819,0.80163,-0.83657,0.9464209675788879
1773143889.3728251,PC1,0,17,0.69656,0.73358,-0.62816,0.9443048238754272
1773143889.3728251,PC1,0,18,0.34155,0.71113,-0.91942,0.944892942905426
1773143889.3728251,PC1,0,19,0.68679,0.70375,-0.57329,0.94722980260849
1773143889.3728251,PC1,0,20,0.34769,0.68555,-0.86703,0.94879150390625
1773143889.3728251,PC1,0,21,0.67523,0.7277,-0.56123,0.9456349611282349
1773143889.3728251,PC1,0,22,0.36123,0.71612,-0.83595,0.9461053609848022
1773143889.3728251,PC1,0,23,0.57904,1.36342,0.06538,0.001469617011025548
1773143889.3728251,PC1,0,24,0.42127,1.38918,-0.06265,0.0012324227718636394
1773143889.3728251,PC1,0,25,0.57769,1.83065,0.1012,0.0005717535386793315
1773143889.3728251,PC1,0,26,0.43173,1.87311,-0.06293,0.00039209556416608393
1773143889.3728251,PC1,0,27,0.55843,2.27531,0.40908,4.6614652092102915e-05
1773143889.3728251,PC1,0,28,0.41329,2.30946,0.13144,2.3008677089819685e-05
1773143889.3728251,PC1,0,29,0.54542,2.35129,0.42336,3.7817590055055916e-05
1773143889.3728251,PC1,0,30,0.39089,2.38669,0.13876,2.638225669215899e-05
1773143889.3728251,PC1,0,31,0.60246,2.38645,0.18492,0.00010962967644445598
1773143889.3728251,PC1,0,32,0.48526,2.41597,-0.18737,0.00010278724221279845
1773143889.3728251,PC1,0,Angle_Elbow_L,88.76,,,
1773143889.3728251,PC1,0,Angle_Elbow_R,104.51,,,
1773143889.3728251,PC1,0,Angle_Shoulder_L,137.51,,,
1773143889.3728251,PC1,0,Angle_Shoulder_R,133.09,,,
1773143889.3728251,PC1,0,Length_UpperArm_L,0.3942,,,
1773143889.3728251,PC1,0,Length_LowerArm_L,0.3742,,,
1773143889.3728251,PC1,0,Length_UpperArm_R,0.4633,,,
1773143889.3728251,PC1,0,Length_LowerArm_R,0.5824,,,
1773143889.3728251,PC1,0,Width_Shoulder,0.2337,,,
1773143889.558262,PC1,0,0,0.42442,0.52838,-0.37566,0.9998650550842285
1773143889.558262,PC1,0,1,0.44862,0.48357,-0.34998,0.999755322933197
1773143889.558262,PC1,0,2,0.46209,0.48412,-0.34978,0.9997832775115967
1773143889.558262,PC1,0,3,0.47564,0.48604,-0.34937,0.9997236728668213
1773143889.558262,PC1,0,4,0.42387,0.48181,-0.33337,0.9997936487197876
1773143889.558262,PC1,0,5,0.41862,0.481,-0.33306,0.9998335242271423
1773143889.558262,PC1,0,6,0.41351,0.48048,-0.33314,0.9998197555541992
1773143889.558262,PC1,0,7,0.50667,0.51711,-0.17132,0.9997261166572571
1773143889.558262,PC1,0,8,0.4228,0.50898,-0.08988,0.999853789806366
1773143889.558262,PC1,0,9,0.44546,0.58246,-0.31384,0.9998284578323364
1773143889.558262,PC1,0,10,0.4183,0.57885,-0.29091,0.9998789429664612
1773143889.558262,PC1,0,11,0.59987,0.75772,-0.04429,0.9979703426361084
1773143889.558262,PC1,0,12,0.36629,0.75288,-0.00578,0.9989297389984131
1773143889.558262,PC1,0,13,0.67728,1.04836,-0.30661,0.8232641220092773
1773143889.558262,PC1,0,14,0.32303,1.07483,-0.33377,0.802506685256958
1773143889.558262,PC1,0,15,0.68545,0.80711,-0.59167,0.961169958114624
1773143889.558262,PC1,0,16,0.35181,0.78976,-0.84342,0.9619681239128113
1773143889.558262,PC1,0,17,0.69285,0.72366,-0.64558,0.9614277482032776
1773143889.558262,PC1,0,18,0.3272,0.70166,-0.92447,0.9600589275360107
1773143889.558262,PC1,0,19,0.68395,0.69494,-0.58528,0.96367347240448
1773143889.558262,PC1,0,20,0.33333,0.6756,-0.87443,0.9633206725120544
1773143889.558262,PC1,0,21,0.67196,0.72239,-0.57805,0.9623996019363403
1773143889.558262,PC1,0,22,0.34867,0.70777,-0.84377,0.9613288640975952
1773143889.558262,PC1,0,23,0.57904,1.36342,0.06538,0.0014878683723509312
1773143889.558262,PC1,0,24,0.42127,1.38918,-0.06265,0.0012518246658146381
1773143889.558262,PC1,0,25,0.57769,1.83065,0.1012,0.0004663391737267375
1773143889.558262,PC1,0,26,0.43173,1.87311,-0.06293,0.0002832488971762359
1773143889.558262,PC1,0,27,0.55843,2.27531,0.40908,3.7895999412285164e-05
1773143889.558262,PC1,0,28,0.41329,2.30946,0.13144,1.5397381503134966e-05
1773143889.558262,PC1,0,29,0.54542,2.35129,0.42336,2.998809031851124e-05
1773143889.558262,PC1,0,30,0.39089,2.38669,0.13876,1.7955910152522847e-05
1773143889.558262,PC1,0,31,0.60246,2.38645,0.18492,8.177314884960651e-05
1773143889.558262,PC1,0,32,0.48526,2.41597,-0.18737,7.155180355766788e-05
1773143889.558262,PC1,0,Angle_Elbow_L,92.03,,,
1773143889.558262,PC1,0,Angle_Elbow_R,105.94,,,
1773143889.558262,PC1,0,Angle_Shoulder_L,134.81,,,
1773143889.558262,PC1,0,Angle_Shoulder_R,131.59,,,
1773143889.558262,PC1,0,Length_UpperArm_L,0.3991,,,
1773143889.558262,PC1,0,Length_LowerArm_L,0.3735,,,
1773143889.558262,PC1,0,Length_UpperArm_R,0.4616,,,
1773143889.558262,PC1,0,Length_LowerArm_R,0.5847,,,
1773143889.558262,PC1,0,Width_Shoulder,0.2368,,,
1773143889.688098,PC1,0,0,0.42462,0.52757,-0.37516,0.9998877644538879
1773143889.688098,PC1,0,1,0.44938,0.4832,-0.34796,0.9997975826263428
1773143889.688098,PC1,0,2,0.46269,0.48389,-0.3478,0.9998198747634888
1773143889.688098,PC1,0,3,0.47603,0.48601,-0.34749,0.9997712969779968
1773143889.688098,PC1,0,4,0.42423,0.4818,-0.33446,0.99982750415802
1773143889.688098,PC1,0,5,0.41883,0.4812,-0.33411,0.9998592138290405
1773143889.688098,PC1,0,6,0.41366,0.48093,-0.33424,0.9998480081558228
1773143889.688098,PC1,0,7,0.50671,0.51802,-0.16388,0.9997729659080505
1773143889.688098,PC1,0,8,0.42254,0.50869,-0.09405,0.9998757243156433
1773143889.688098,PC1,0,9,0.44563,0.58231,-0.30943,0.999853253364563
1773143889.688098,PC1,0,10,0.41798,0.57836,-0.29028,0.9998933672904968
1773143889.688098,PC1,0,11,0.59588,0.75839,-0.02868,0.99794602394104
1773143889.688098,PC1,0,12,0.36275,0.74799,-0.02981,0.998907208442688
1773143889.688098,PC1,0,13,0.66921,1.05039,-0.28854,0.785184919834137
1773143889.688098,PC1,0,14,0.31705,1.06278,-0.38614,0.799832820892334
1773143889.688098,PC1,0,15,0.68601,0.79629,-0.57893,0.9660905599594116
1773143889.688098,PC1,0,16,0.33238,0.7734,-0.91286,0.9667508006095886
1773143889.688098,PC1,0,17,0.70236,0.71127,-0.63129,0.9654507637023926
1773143889.688098,PC1,0,18,0.30073,0.69335,-0.99672,0.9644109010696411
1773143889.688098,PC1,0,19,0.69694,0.68699,-0.57768,0.9676564931869507
1773143889.688098,PC1,0,20,0.30422,0.66874,-0.95534,0.9676415324211121
1773143889.688098,PC1,0,21,0.68324,0.71503,-0.56901,0.9664977192878723
1773143889.688098,PC1,0,22,0.32325,0.70051,-0.91697,0.9659292697906494
1773143889.688098,PC1,0,23,0.57904,1.36342,0.06538,0.002253019716590643
1773143889.688098,PC1,0,24,0.42127,1.38918,-0.06265,0.0020280578173696995
1773143889.688098,PC1,0,25,0.57769,1.83065,0.1012,0.0004909395356662571
1773143889.688098,PC1,0,26,0.43173,1.87311,-0.06293,0.00027386817964725196
1773143889.688098,PC1,0,27,0.55843,2.27531,0.40908,3.7711415643570945e-05
1773143889.688098,PC1,0,28,0.41329,2.30946,0.13144,1.2963103472429793e-05
1773143889.688098,PC1,0,29,0.54542,2.35129,0.42336,3.0135550332488492e-05
1773143889.688098,PC1,0,30,0.39089,2.38669,0.13876,1.5514726328547113e-05
1773143889.688098,PC1,0,31,0.60246,2.38645,0.18492,7.710415229666978e-05
1773143889.688098,PC1,0,32,0.48526,2.41597,-0.18737,6.251913873711601e-05
1773143889.688098,PC1,0,Angle_Elbow_L,90.93,,,
1773143889.688098,PC1,0,Angle_Elbow_R,109.51,,,
1773143889.688098,PC1,0,Angle_Shoulder_L,134.99,,,
1773143889.688098,PC1,0,Angle_Shoulder_R,128.18,,,
1773143889.688098,PC1,0,Length_UpperArm_L,0.3977,,,
1773143889.688098,PC1,0,Length_LowerArm_L,0.3862,,,
1773143889.688098,PC1,0,Length_UpperArm_R,0.4777,,,
1773143889.688098,PC1,0,Length_LowerArm_R,0.6012,,,
1773143889.688098,PC1,0,Width_Shoulder,0.2334,,,
1773143889.891608,PC1,0,0,0.42428,0.52784,-0.3908,0.9999039769172668
1773143889.891608,PC1,0,1,0.44982,0.48336,-0.36484,0.999826192855835
1773143889.891608,PC1,0,2,0.46306,0.48436,-0.36471,0.9998440742492676
1773143889.891608,PC1,0,3,0.47622,0.48685,-0.36439,0.9998039603233337
1773143889.891608,PC1,0,4,0.42424,0.4818,-0.3505,0.9998481273651123
1773143889.891608,PC1,0,5,0.41876,0.48095,-0.35018,0.9998725652694702
1773143889.891608,PC1,0,6,0.41356,0.48036,-0.35035,0.9998635053634644
1773143889.891608,PC1,0,7,0.50664,0.51938,-0.17835,0.9998034834861755
1773143889.891608,PC1,0,8,0.42243,0.50805,-0.10693,0.9998847246170044
1773143889.891608,PC1,0,9,0.44551,0.58366,-0.32382,0.9998660087585449
1773143889.891608,PC1,0,10,0.41645,0.57865,-0.304,0.9998969435691833
1773143889.891608,PC1,0,11,0.59453,0.75847,-0.04425,0.9979174137115479
1773143889.891608,PC1,0,12,0.35962,0.74338,-0.03241,0.9988827109336853
1773143889.891608,PC1,0,13,0.66288,1.05237,-0.32492,0.754055380821228
1773143889.891608,PC1,0,14,0.31794,1.06747,-0.37179,0.7893772721290588
1773143889.891608,PC1,0,15,0.686,0.79046,-0.65499,0.9698910117149353
1773143889.891608,PC1,0,16,0.32295,0.76299,-0.88367,0.9713035225868225
1773143889.891608,PC1,0,17,0.70871,0.70374,-0.71429,0.9687982797622681
1773143889.891608,PC1,0,18,0.2874,0.68919,-0.96431,0.9689329266548157
1773143889.891608,PC1,0,19,0.70447,0.68195,-0.66257,0.971023678779602
1773143889.891608,PC1,0,20,0.28997,0.66545,-0.91774,0.9719713926315308
1773143889.891608,PC1,0,21,0.6891,0.70988,-0.6487,0.9699551463127136
1773143889.891608,PC1,0,22,0.3103,0.6966,-0.88778,0.970457911491394
1773143889.891608,PC1,0,23,0.57904,1.36342,0.06538,0.002152427565306425
1773143889.891608,PC1,0,24,0.42127,1.38918,-0.06265,0.0019481549970805645
1773143889.891608,PC1,0,25,0.57769,1.83065,0.1012,0.0004593625490088016
1773143889.891608,PC1,0,26,0.43173,1.87311,-0.06293,0.00024439310072921216
1773143889.891608,PC1,0,27,0.55843,2.27531,0.40908,3.3220556360902265e-05
1773143889.891608,PC1,0,28,0.41329,2.30946,0.13144,1.0715966709540226e-05
1773143889.891608,PC1,0,29,0.54542,2.35129,0.42336,2.6437688575242646e-05
1773143889.891608,PC1,0,30,0.39089,2.38669,0.13876,1.2971357136848383e-05
1773143889.891608,PC1,0,31,0.60246,2.38645,0.18492,6.661477527813986e-05
1773143889.891608,PC1,0,32,0.48526,2.41597,-0.18737,5.28024356754031e-05
1773143889.891608,PC1,0,Angle_Elbow_L,95.69,,,
1773143889.891608,PC1,0,Angle_Elbow_R,105.47,,,
1773143889.891608,PC1,0,Angle_Shoulder_L,132.4,,,
1773143889.891608,PC1,0,Angle_Shoulder_R,129.58,,,
1773143889.891608,PC1,0,Length_UpperArm_L,0.4121,,,
1773143889.891608,PC1,0,Length_LowerArm_L,0.422,,,
1773143889.891608,PC1,0,Length_UpperArm_R,0.4711,,,
1773143889.891608,PC1,0,Length_LowerArm_R,0.5956,,,
1773143889.891608,PC1,0,Width_Shoulder,0.2357,,,
1773143889.955123,PC1,0,0,0.42395,0.5284,-0.38194,0.9999194741249084
1773143889.955123,PC1,0,1,0.44988,0.48393,-0.3562,0.9998544454574585
1773143889.955123,PC1,0,2,0.46307,0.48547,-0.35608,0.999868631362915
1773143889.955123,PC1,0,3,0.47617,0.4884,-0.35579,0.999836266040802
1773143889.955123,PC1,0,4,0.42413,0.48189,-0.34159,0.999870777130127
1773143889.955123,PC1,0,5,0.41856,0.48074,-0.34127,0.9998893141746521
1773143889.955123,PC1,0,6,0.41332,0.47979,-0.34146,0.999882161617279
1773143889.955123,PC1,0,7,0.50632,0.52036,-0.16889,0.9998356103897095
1773143889.955123,PC1,0,8,0.4223,0.50773,-0.09718,0.9998987913131714
1773143889.955123,PC1,0,9,0.44534,0.58524,-0.31505,0.9998842477798462
1773143889.955123,PC1,0,10,0.41543,0.57952,-0.29513,0.9999080896377563
1773143889.955123,PC1,0,11,0.59337,0.75975,-0.04382,0.9980682134628296
1773143889.955123,PC1,0,12,0.35786,0.74043,-0.01826,0.9988654255867004
1773143889.955123,PC1,0,13,0.65861,1.04909,-0.33585,0.7625278234481812
1773143889.955123,PC1,0,14,0.31263,1.06674,-0.36235,0.7893849015235901
1773143889.955123,PC1,0,15,0.68599,0.78805,-0.66382,0.9740435481071472
1773143889.955123,PC1,0,16,0.31797,0.75816,-0.87455,0.9733932018280029
1773143889.955123,PC1,0,17,0.71085,0.7007,-0.72488,0.9724770784378052
1773143889.955123,PC1,0,18,0.28105,0.68368,-0.95686,0.9706093668937683
1773143889.955123,PC1,0,19,0.70565,0.67923,-0.67212,0.9745908975601196
1773143889.955123,PC1,0,20,0.28448,0.65949,-0.91033,0.9738597273826599
1773143889.955123,PC1,0,21,0.69026,0.70704,-0.65754,0.9735550880432129
1773143889.955123,PC1,0,22,0.30481,0.69231,-0.87963,0.9726065397262573
1773143889.955123,PC1,0,23,0.57904,1.36342,0.06538,0.002313643926754594
1773143889.955123,PC1,0,24,0.42127,1.38918,-0.06265,0.0020928382873535156
1773143889.955123,PC1,0,25,0.57769,1.83065,0.1012,0.0005341949872672558
1773143889.955123,PC1,0,26,0.43173,1.87311,-0.06293,0.00025035798898898065
1773143889.955123,PC1,0,27,0.55843,2.27531,0.40908,3.349786493345164e-05
1773143889.955123,PC1,0,28,0.41329,2.30946,0.13144,9.140917427430395e-06
1773143889.955123,PC1,0,29,0.54542,2.35129,0.42336,2.647143446665723e-05
1773143889.955123,PC1,0,30,0.39089,2.38669,0.13876,1.1408996215322986e-05
1773143889.955123,PC1,0,31,0.60246,2.38645,0.18492,6.34502139291726e-05
1773143889.955123,PC1,0,32,0.48526,2.41597,-0.18737,4.658796024159528e-05
1773143889.955123,PC1,0,Angle_Elbow_L,97.24,,,
1773143889.955123,PC1,0,Angle_Elbow_R,105.33,,,
1773143889.955123,PC1,0,Angle_Shoulder_L,131.57,,,
1773143889.955123,PC1,0,Angle_Shoulder_R,129.98,,,
1773143889.955123,PC1,0,Length_UpperArm_L,0.4162,,,
1773143889.955123,PC1,0,Length_LowerArm_L,0.4201,,,
1773143889.955123,PC1,0,Length_UpperArm_R,0.4764,,,
1773143889.955123,PC1,0,Length_LowerArm_R,0.598,,,
1773143889.955123,PC1,0,Width_Shoulder,0.2377,,,
1773143890.020913,PC1,0,0,0.42374,0.52875,-0.38868,0.9999268054962158
1773143890.020913,PC1,0,1,0.44972,0.4843,-0.36364,0.9998671412467957
1773143890.020913,PC1,0,2,0.46307,0.48616,-0.36352,0.9998801350593567
1773143890.020913,PC1,0,3,0.47627,0.4894,-0.36317,0.9998504519462585
1773143890.020913,PC1,0,4,0.42382,0.48192,-0.34774,0.9998812079429626
1773143890.020913,PC1,0,5,0.41824,0.48067,-0.34744,0.9998980760574341
1773143890.020913,PC1,0,6,0.413,0.47959,-0.3476,0.999890923500061
1773143890.020913,PC1,0,7,0.50664,0.52096,-0.17632,0.9998504519462585
1773143890.020913,PC1,0,8,0.42201,0.50764,-0.09881,0.9999061226844788
1773143890.020913,PC1,0,9,0.44533,0.58609,-0.32142,0.999893307685852
1773143890.020913,PC1,0,10,0.4151,0.57994,-0.29989,0.9999138116836548
1773143890.020913,PC1,0,11,0.59349,0.76358,-0.05082,0.9981622695922852
1773143890.020913,PC1,0,12,0.35727,0.74226,-0.01448,0.9988886713981628
1773143890.020913,PC1,0,13,0.6676,1.07416,-0.34696,0.7512441873550415
1773143890.020913,PC1,0,14,0.31045,1.07454,-0.36125,0.7777310013771057
1773143890.020913,PC1,0,15,0.68653,0.79021,-0.66979,0.9761484265327454
1773143890.020913,PC1,0,16,0.31801,0.76034,-0.87761,0.9752771854400635
1773143890.020913,PC1,0,17,0.71187,0.70283,-0.73026,0.9746164083480835
1773143890.020913,PC1,0,18,0.28082,0.68628,-0.95908,0.9726602435112
1773143890.020913,PC1,0,19,0.706,0.67982,-0.67805,0.9766132831573486
1773143890.020913,PC1,0,20,0.28544,0.66205,-0.91332,0.9757789969444275
1773143890.020913,PC1,0,21,0.69046,0.70774,-0.66234,0.9755849838256836
1773143890.020913,PC1,0,22,0.30579,0.69417,-0.88294,0.9745715856552124
1773143890.020913,PC1,0,23,0.57904,1.36342,0.06538,0.0021363503765314817
1773143890.020913,PC1,0,24,0.42127,1.38918,-0.06265,0.0019337099511176348
1773143890.020913,PC1,0,25,0.57769,1.83065,0.1012,0.0005529468762688339
1773143890.020913,PC1,0,26,0.43173,1.87311,-0.06293,0.0002467590384185314
1773143890.020913,PC1,0,27,0.55843,2.27531,0.40908,3.417737389099784e-05
1773143890.020913,PC1,0,28,0.41329,2.30946,0.13144,8.423411600233521e-06
1773143890.020913,PC1,0,29,0.54542,2.35129,0.42336,2.6884481485467404e-05
1773143890.020913,PC1,0,30,0.39089,2.38669,0.13876,1.0845516044355463e-05
1773143890.020913,PC1,0,31,0.60246,2.38645,0.18492,6.347661837935448e-05
1773143890.020913,PC1,0,32,0.48526,2.41597,-0.18737,4.477648326428607e-05
1773143890.020913,PC1,0,Angle_Elbow_L,92.7,,,
1773143890.020913,PC1,0,Angle_Elbow_R,104.76,,,
1773143890.020913,PC1,0,Angle_Shoulder_L,132.94,,,
1773143890.020913,PC1,0,Angle_Shoulder_R,130.1,,,
1773143890.020913,PC1,0,Length_UpperArm_L,0.4355,,,
1773143890.020913,PC1,0,Length_LowerArm_L,0.4304,,,
1773143890.020913,PC1,0,Length_UpperArm_R,0.4825,,,
1773143890.020913,PC1,0,Length_LowerArm_R,0.6045,,,
1773143890.020913,PC1,0,Width_Shoulder,0.2399,,,
1773143890.0859962,PC1,0,0,0.42359,0.52969,-0.38194,0.9999330639839172
1773143890.0859962,PC1,0,1,0.44954,0.48505,-0.35818,0.999878466129303
1773143890.0859962,PC1,0,2,0.46295,0.48693,-0.35803,0.9998902082443237
1773143890.0859962,PC1,0,3,0.47624,0.49022,-0.35769,0.9998635649681091
1773143890.0859962,PC1,0,4,0.42359,0.48273,-0.34115,0.9998905062675476
1773143890.0859962,PC1,0,5,0.418,0.48159,-0.34081,0.9999051690101624
1773143890.0859962,PC1,0,6,0.41278,0.48058,-0.34095,0.9998986721038818
1773143890.0859962,PC1,0,7,0.50688,0.52146,-0.17454,0.9998635649681091
1773143890.0859962,PC1,0,8,0.42194,0.50836,-0.09218,0.9999123215675354
1773143890.0859962,PC1,0,9,0.44563,0.58691,-0.31581,0.9999017119407654
1773143890.0859962,PC1,0,10,0.41524,0.58062,-0.29288,0.9999192953109741
1773143890.0859962,PC1,0,11,0.59391,0.76635,-0.05073,0.9983036518096924
1773143890.0859962,PC1,0,12,0.35768,0.74325,-0.00821,0.9989525079727173
1773143890.0859962,PC1,0,13,0.6755,1.0898,-0.34689,0.7598498463630676
1773143890.0859962,PC1,0,14,0.30862,1.07606,-0.35312,0.7844741940498352
1773143890.0859962,PC1,0,15,0.68507,0.79831,-0.67104,0.977696418762207
1773143890.0859962,PC1,0,16,0.31822,0.76574,-0.87173,0.9764590859413147
1773143890.0859962,PC1,0,17,0.70882,0.71078,-0.73375,0.9759714007377625
1773143890.0859962,PC1,0,18,0.28308,0.69156,-0.95562,0.973555326461792
1773143890.0859962,PC1,0,19,0.70223,0.68613,-0.68169,0.9779884815216064
1773143890.0859962,PC1,0,20,0.28913,0.6663,-0.91112,0.9767006039619446
1773143890.0859962,PC1,0,21,0.68583,0.71448,-0.66315,0.9769051671028137
1773143890.0859962,PC1,0,22,0.30889,0.69848,-0.87727,0.9754759669303894
1773143890.0859962,PC1,0,23,0.57904,1.36342,0.06538,0.0022347630001604557
1773143890.0859962,PC1,0,24,0.42127,1.38918,-0.06265,0.0019878658931702375
1773143890.0859962,PC1,0,25,0.57769,1.83065,0.1012,0.0005395799526013434
1773143890.0859962,PC1,0,26,0.43173,1.87311,-0.06293,0.00023882463574409485
1773143890.0859962,PC1,0,27,0.55843,2.27531,0.40908,3.26503359246999e-05
1773143890.0859962,PC1,0,28,0.41329,2.30946,0.13144,7.704416930209845e-06
1773143890.0859962,PC1,0,29,0.54542,2.35129,0.42336,2.5898929379764013e-05
1773143890.0859962,PC1,0,30,0.39089,2.38669,0.13876,9.979177775676362e-06
1773143890.0859962,PC1,0,31,0.60246,2.38645,0.18492,5.9709109336836264e-05
1773143890.0859962,PC1,0,32,0.48526,2.41597,-0.18737,4.139308293815702e-05
1773143890.0859962,PC1,0,Angle_Elbow_L,90.74,,,
1773143890.0859962,PC1,0,Angle_Elbow_R,104.95,,,
1773143890.0859962,PC1,0,Angle_Shoulder_L,134.26,,,
1773143890.0859962,PC1,0,Angle_Shoulder_R,130.54,,,
1773143890.0859962,PC1,0,Length_UpperArm_L,0.4461,,,
1773143890.0859962,PC1,0,Length_LowerArm_L,0.436,,,
1773143890.0859962,PC1,0,Length_UpperArm_R,0.4818,,,
1773143890.0859962,PC1,0,Length_LowerArm_R,0.6044,,,
1773143890.0859962,PC1,0,Width_Shoulder,0.2411,,,
1773143890.277076,PC1,0,0,0.42335,0.53263,-0.41662,0.9999423623085022
1773143890.277076,PC1,0,1,0.44894,0.48799,-0.39664,0.9998933672904968
1773143890.277076,PC1,0,2,0.46245,0.48993,-0.39648,0.9999035000801086
1773143890.277076,PC1,0,3,0.47591,0.4932,-0.39616,0.9998790621757507
1773143890.277076,PC1,0,4,0.42311,0.48514,-0.37737,0.9999020099639893
1773143890.277076,PC1,0,5,0.41755,0.484,-0.37706,0.9999147653579712
1773143890.277076,PC1,0,6,0.41235,0.48295,-0.3772,0.9999079704284668
1773143890.277076,PC1,0,7,0.5072,0.52284,-0.21238,0.999880850315094
1773143890.277076,PC1,0,8,0.42209,0.51016,-0.1202,0.9999202489852905
1773143890.277076,PC1,0,9,0.44537,0.58947,-0.34858,0.9999104738235474
1773143890.277076,PC1,0,10,0.41545,0.58231,-0.32271,0.9999237060546875
1773143890.277076,PC1,0,11,0.59438,0.77058,-0.06462,0.9983320236206055
1773143890.277076,PC1,0,12,0.35995,0.74621,-0.03722,0.9990423321723938
1773143890.277076,PC1,0,13,0.67201,1.07634,-0.3531,0.7572969794273376
1773143890.277076,PC1,0,14,0.31572,1.0697,-0.38899,0.7972779870033264
1773143890.277076,PC1,0,15,0.68298,0.80873,-0.68542,0.98087477684021
1773143890.277076,PC1,0,16,0.32153,0.77658,-0.93757,0.9801809787750244
1773143890.277076,PC1,0,17,0.70448,0.72063,-0.74654,0.9790220856666565
1773143890.277076,PC1,0,18,0.29307,0.70074,-1.02354,0.9774577021598816
1773143890.277076,PC1,0,19,0.69633,0.69351,-0.69058,0.9808057546615601
1773143890.277076,PC1,0,20,0.30172,0.67362,-0.98055,0.9801765084266663
1773143890.277076,PC1,0,21,0.6793,0.7233,-0.67597,0.9797043204307556
1773143890.277076,PC1,0,22,0.3204,0.70559,-0.9417,0.9790454506874084
1773143890.277076,PC1,0,23,0.57904,1.36342,0.06538,0.002282140078023076
1773143890.277076,PC1,0,24,0.42127,1.38918,-0.06265,0.0021108367945998907
1773143890.277076,PC1,0,25,0.57769,1.83065,0.1012,0.000504740746691823
1773143890.277076,PC1,0,26,0.43173,1.87311,-0.06293,0.00022010470274835825
1773143890.277076,PC1,0,27,0.55843,2.27531,0.40908,3.047438985959161e-05
1773143890.277076,PC1,0,28,0.41329,2.30946,0.13144,6.7293972279003356e-06
1773143890.277076,PC1,0,29,0.54542,2.35129,0.42336,2.430441600154154e-05
1773143890.277076,PC1,0,30,0.39089,2.38669,0.13876,9.047261301020626e-06
1773143890.277076,PC1,0,31,0.60246,2.38645,0.18492,5.520403283298947e-05
1773143890.277076,PC1,0,32,0.48526,2.41597,-0.18737,3.894849578500725e-05
1773143890.277076,PC1,0,Angle_Elbow_L,94.68,,,
1773143890.277076,PC1,0,Angle_Elbow_R,109.14,,,
1773143890.277076,PC1,0,Angle_Shoulder_L,131.46,,,
1773143890.277076,PC1,0,Angle_Shoulder_R,127.3,,,
1773143890.277076,PC1,0,Length_UpperArm_L,0.4275,,,
1773143890.277076,PC1,0,Length_LowerArm_L,0.4268,,,
1773143890.277076,PC1,0,Length_UpperArm_R,0.4799,,,
1773143890.277076,PC1,0,Length_LowerArm_R,0.622,,,
1773143890.277076,PC1,0,Width_Shoulder,0.2373,,,
1773143890.399452,PC1,0,0,0.42363,0.53291,-0.4419,0.9999454617500305
1773143890.399452,PC1,0,1,0.44886,0.4881,-0.42324,0.9998977780342102
1773143890.399452,PC1,0,2,0.46231,0.49004,-0.42308,0.9999073147773743
1773143890.399452,PC1,0,3,0.47576,0.49323,-0.42275,0.9998831152915955
1773143890.399452,PC1,0,4,0.42348,0.48481,-0.4024,0.999904453754425
1773143890.399452,PC1,0,5,0.41807,0.48351,-0.40216,0.9999167323112488
1773143890.399452,PC1,0,6,0.41302,0.4823,-0.40229,0.9999092817306519
1773143890.399452,PC1,0,7,0.50724,0.52269,-0.24171,0.9998856782913208
1773143890.399452,PC1,0,8,0.42351,0.50986,-0.14256,0.9999194741249084
1773143890.399452,PC1,0,9,0.44532,0.58895,-0.37435,0.9999123811721802
1773143890.399452,PC1,0,10,0.41604,0.58203,-0.34651,0.9999220371246338
1773143890.399452,PC1,0,11,0.5951,0.76864,-0.09507,0.998325526714325
1773143890.399452,PC1,0,12,0.3618,0.74674,-0.04847,0.9990714192390442
1773143890.399452,PC1,0,13,0.66977,1.06757,-0.39118,0.7464156150817871
1773143890.399452,PC1,0,14,0.31948,1.0674,-0.39501,0.7957012057304382
1773143890.399452,PC1,0,15,0.68207,0.81151,-0.73603,0.9817882776260376
1773143890.399452,PC1,0,16,0.32382,0.78019,-0.95411,0.9816469550132751
1773143890.399452,PC1,0,17,0.70241,0.72239,-0.79803,0.9797728061676025
1773143890.399452,PC1,0,18,0.29664,0.70345,-1.03935,0.978956401348114
1773143890.399452,PC1,0,19,0.69472,0.69472,-0.7403,0.9815293550491333
1773143890.399452,PC1,0,20,0.30508,0.67662,-0.99907,0.9815377593040466
1773143890.399452,PC1,0,21,0.67838,0.72457,-0.72586,0.9802404642105103
1773143890.399452,PC1,0,22,0.32338,0.70863,-0.95865,0.9803745150566101
1773143890.399452,PC1,0,23,0.57904,1.36342,0.06538,0.0021976432763040066
1773143890.399452,PC1,0,24,0.42127,1.38918,-0.06265,0.0020672387909144163
1773143890.399452,PC1,0,25,0.57769,1.83065,0.1012,0.00048632160178385675
1773143890.399452,PC1,0,26,0.43173,1.87311,-0.06293,0.00021163432393223047
1773143890.399452,PC1,0,27,0.55843,2.27531,0.40908,2.935019801952876e-05
1773143890.399452,PC1,0,28,0.41329,2.30946,0.13144,6.279216449911473e-06
1773143890.399452,PC1,0,29,0.54542,2.35129,0.42336,2.3250497179105878e-05
1773143890.399452,PC1,0,30,0.39089,2.38669,0.13876,8.611751582066063e-06
1773143890.399452,PC1,0,31,0.60246,2.38645,0.18492,5.267076994641684e-05
1773143890.399452,PC1,0,32,0.48526,2.41597,-0.18737,3.790498521993868e-05
1773143890.399452,PC1,0,Angle_Elbow_L,98.29,,,
1773143890.399452,PC1,0,Angle_Elbow_R,109.91,,,
1773143890.399452,PC1,0,Angle_Shoulder_L,128.25,,,
1773143890.399452,PC1,0,Angle_Shoulder_R,125.63,,,
1773143890.399452,PC1,0,Length_UpperArm_L,0.4273,,,
1773143890.399452,PC1,0,Length_LowerArm_L,0.4297,,,
1773143890.399452,PC1,0,Length_UpperArm_R,0.474,,,
1773143890.399452,PC1,0,Length_LowerArm_R,0.6286,,,
1773143890.399452,PC1,0,Width_Shoulder,0.2389,,,
1773143890.586561,PC1,0,0,0.42436,0.53194,-0.41346,0.9999615550041199
1773143890.586561,PC1,0,1,0.4487,0.48683,-0.39326,0.9999252557754517
1773143890.586561,PC1,0,2,0.46193,0.4885,-0.39309,0.9999327063560486
1773143890.586561,PC1,0,3,0.47528,0.49121,-0.39267,0.9999144673347473
1773143890.586561,PC1,0,4,0.42422,0.48339,-0.37303,0.9999278783798218
1773143890.586561,PC1,0,5,0.41908,0.48192,-0.37281,0.9999368190765381
1773143890.586561,PC1,0,6,0.41424,0.48061,-0.37291,0.9999293088912964
1773143890.586561,PC1,0,7,0.50726,0.52115,-0.22155,0.9999171495437622
1773143890.586561,PC1,0,8,0.42461,0.50841,-0.12535,0.9999376535415649
1773143890.586561,PC1,0,9,0.44533,0.58533,-0.35145,0.9999338984489441
1773143890.586561,PC1,0,10,0.41735,0.5795,-0.32425,0.9999377727508545
1773143890.586561,PC1,0,11,0.59678,0.75746,-0.08671,0.9986173510551453
1773143890.586561,PC1,0,12,0.36533,0.74678,-0.02523,0.9992008805274963
1773143890.586561,PC1,0,13,0.66597,1.04936,-0.35594,0.7296860218048096
1773143890.586561,PC1,0,14,0.32062,1.07743,-0.34004,0.7733279466629028
1773143890.586561,PC1,0,15,0.68273,0.81683,-0.69243,0.9865120649337769
1773143890.586561,PC1,0,16,0.33388,0.79471,-0.8657,0.986262857913971
1773143890.586561,PC1,0,17,0.7043,0.72692,-0.7526,0.9849197864532471
1773143890.586561,PC1,0,18,0.30922,0.71269,-0.94468,0.9841448664665222
1773143890.586561,PC1,0,19,0.69504,0.69721,-0.69646,0.9863302111625671
1773143890.586561,PC1,0,20,0.31576,0.68519,-0.902,0.9861884117126465
1773143890.586561,PC1,0,21,0.67911,0.72522,-0.68393,0.985247015953064
1773143890.586561,PC1,0,22,0.33237,0.7176,-0.86884,0.9852714538574219
1773143890.586561,PC1,0,23,0.57904,1.36342,0.06538,0.0016749660717323422
1773143890.586561,PC1,0,24,0.42127,1.38918,-0.06265,0.001571830129250884
1773143890.586561,PC1,0,25,0.57769,1.83065,0.1012,0.0003502797335386276
1773143890.586561,PC1,0,26,0.43173,1.87311,-0.06293,0.00014824602112639695
1773143890.586561,PC1,0,27,0.55843,2.27531,0.40908,2.142444282071665e-05
1773143890.586561,PC1,0,28,0.41329,2.30946,0.13144,4.248594905220671e-06
1773143890.586561,PC1,0,29,0.54542,2.35129,0.42336,1.694530510576442e-05
1773143890.586561,PC1,0,30,0.39089,2.38669,0.13876,5.905894795432687e-06
1773143890.586561,PC1,0,31,0.60246,2.38645,0.18492,3.827460022876039e-05
1773143890.586561,PC1,0,32,0.48526,2.41597,-0.18737,2.6847073968383484e-05
1773143890.586561,PC1,0,Angle_Elbow_L,98.32,,,
1773143890.586561,PC1,0,Angle_Elbow_R,105.11,,,
1773143890.586561,PC1,0,Angle_Shoulder_L,131.68,,,
1773143890.586561,PC1,0,Angle_Shoulder_R,130.67,,,
1773143890.586561,PC1,0,Length_UpperArm_L,0.4031,,,
1773143890.586561,PC1,0,Length_LowerArm_L,0.4094,,,
1773143890.586561,PC1,0,Length_UpperArm_R,0.4587,,,
1773143890.586561,PC1,0,Length_LowerArm_R,0.597,,,
1773143890.586561,PC1,0,Width_Shoulder,0.2397,,,
1773143890.649666,PC1,0,0,0.42451,0.53189,-0.40032,0.9999642372131348
1773143890.649666,PC1,0,1,0.44855,0.48679,-0.38035,0.9999295473098755
1773143890.649666,PC1,0,2,0.46172,0.48839,-0.38018,0.9999362826347351
1773143890.649666,PC1,0,3,0.47505,0.49101,-0.37977,0.9999192357063293
1773143890.649666,PC1,0,4,0.42431,0.48331,-0.35941,0.999931812286377
1773143890.649666,PC1,0,5,0.41921,0.48182,-0.3592,0.9999397993087769
1773143890.649666,PC1,0,6,0.41438,0.48051,-0.3593,0.9999330043792725
1773143890.649666,PC1,0,7,0.50708,0.5209,-0.21145,0.9999216794967651
1773143890.649666,PC1,0,8,0.42473,0.50831,-0.11124,0.9999406337738037
1773143890.649666,PC1,0,9,0.44549,0.58501,-0.33981,0.9999368786811829
1773143890.649666,PC1,0,10,0.41759,0.57933,-0.31144,0.9999404549598694
1773143890.649666,PC1,0,11,0.59711,0.75428,-0.08335,0.9986231923103333
1773143890.649666,PC1,0,12,0.36561,0.74591,-0.01085,0.9992326498031616
1773143890.649666,PC1,0,13,0.66545,1.04058,-0.34619,0.7313563227653503
1773143890.649666,PC1,0,14,0.32072,1.07712,-0.31801,0.7829777598381042
1773143890.649666,PC1,0,15,0.68376,0.81284,-0.66745,0.9872536659240723
1773143890.649666,PC1,0,16,0.3352,0.79697,-0.83104,0.9872360825538635
1773143890.649666,PC1,0,17,0.70658,0.72323,-0.72538,0.9856774806976318
1773143890.649666,PC1,0,18,0.31033,0.71409,-0.90802,0.9851666688919067
1773143890.649666,PC1,0,19,0.69653,0.69461,-0.67097,0.9870215654373169
1773143890.649666,PC1,0,20,0.31677,0.68629,-0.86365,0.9870908260345459
1773143890.649666,PC1,0,21,0.68082,0.72247,-0.65924,0.9859830141067505
1773143890.649666,PC1,0,22,0.33298,0.71885,-0.83333,0.9862455129623413
1773143890.649666,PC1,0,23,0.57904,1.36342,0.06538,0.0015867255860939622
1773143890.649666,PC1,0,24,0.42127,1.38918,-0.06265,0.001504956977441907
1773143890.649666,PC1,0,25,0.57769,1.83065,0.1012,0.00033733664895407856
1773143890.649666,PC1,0,26,0.43173,1.87311,-0.06293,0.00014114327495917678
1773143890.649666,PC1,0,27,0.55843,2.27531,0.40908,2.1153118723304942e-05
1773143890.649666,PC1,0,28,0.41329,2.30946,0.13144,3.92589299735846e-06
1773143890.649666,PC1,0,29,0.54542,2.35129,0.42336,1.6309868442476727e-05
1773143890.649666,PC1,0,30,0.39089,2.38669,0.13876,5.569111181102926e-06
1773143890.649666,PC1,0,31,0.60246,2.38645,0.18492,3.675046900752932e-05
1773143890.649666,PC1,0,32,0.48526,2.41597,-0.18737,2.5346933398395777e-05
1773143890.649666,PC1,0,Angle_Elbow_L,97.57,,,
1773143890.649666,PC1,0,Angle_Elbow_R,103.98,,,
1773143890.649666,PC1,0,Angle_Shoulder_L,132.6,,,
1773143890.649666,PC1,0,Angle_Shoulder_R,132.22,,,
1773143890.649666,PC1,0,Length_UpperArm_L,0.3946,,,
1773143890.649666,PC1,0,Length_LowerArm_L,0.3942,,,
1773143890.649666,PC1,0,Length_UpperArm_R,0.4539,,,
1773143890.649666,PC1,0,Length_LowerArm_R,0.5847,,,
1773143890.649666,PC1,0,Width_Shoulder,0.2427,,,
1773143890.773428,PC1,0,0,0.42441,0.53182,-0.39803,0.9999675750732422
1773143890.773428,PC1,0,1,0.44832,0.48676,-0.37758,0.9999358057975769
1773143890.773428,PC1,0,2,0.46155,0.48836,-0.37735,0.9999420046806335
1773143890.773428,PC1,0,3,0.4749,0.49104,-0.37691,0.9999263286590576
1773143890.773428,PC1,0,4,0.42405,0.48321,-0.35756,0.9999375939369202
1773143890.773428,PC1,0,5,0.41892,0.48173,-0.35737,0.9999449849128723
1773143890.773428,PC1,0,6,0.41411,0.48042,-0.35743,0.9999385476112366
1773143890.773428,PC1,0,7,0.50694,0.5208,-0.20848,0.999928891658783
1773143890.773428,PC1,0,8,0.4245,0.50824,-0.11198,0.9999457597732544
1773143890.773428,PC1,0,9,0.44559,0.58491,-0.33751,0.9999423027038574
1773143890.773428,PC1,0,10,0.41754,0.57929,-0.31026,0.9999454021453857
1773143890.773428,PC1,0,11,0.59741,0.75238,-0.0811,0.998732328414917
1773143890.773428,PC1,0,12,0.36515,0.74739,-0.00953,0.9992879629135132
1773143890.773428,PC1,0,13,0.66515,1.03463,-0.33359,0.730083703994751
1773143890.773428,PC1,0,14,0.32032,1.07777,-0.30804,0.7869035005569458
1773143890.773428,PC1,0,15,0.68566,0.80959,-0.63633,0.9883533120155334
1773143890.773428,PC1,0,16,0.33598,0.79888,-0.80556,0.9882920384407043
1773143890.773428,PC1,0,17,0.71044,0.72055,-0.69101,0.9868846535682678
1773143890.773428,PC1,0,18,0.30847,0.71469,-0.87924,0.9863654375076294
1773143890.773428,PC1,0,19,0.69942,0.69279,-0.63745,0.9881200194358826
1773143890.773428,PC1,0,20,0.31633,0.68684,-0.83207,0.9881407618522644
1773143890.773428,PC1,0,21,0.68381,0.72031,-0.6283,0.9871624112129211
1773143890.773428,PC1,0,22,0.33271,0.71962,-0.80669,0.9873579740524292
1773143890.773428,PC1,0,23,0.57904,1.36342,0.06538,0.0014870355371385813
1773143890.773428,PC1,0,24,0.42127,1.38918,-0.06265,0.0014103419380262494
1773143890.773428,PC1,0,25,0.57769,1.83065,0.1012,0.0003259131917729974
1773143890.773428,PC1,0,26,0.43173,1.87311,-0.06293,0.00013219995889812708
1773143890.773428,PC1,0,27,0.55843,2.27531,0.40908,2.0318966562626883e-05
1773143890.773428,PC1,0,28,0.41329,2.30946,0.13144,3.5794280393020017e-06
1773143890.773428,PC1,0,29,0.54542,2.35129,0.42336,1.5952615285641514e-05
1773143890.773428,PC1,0,30,0.39089,2.38669,0.13876,5.167925792193273e-06
1773143890.773428,PC1,0,31,0.60246,2.38645,0.18492,3.530048343236558e-05
1773143890.773428,PC1,0,32,0.48526,2.41597,-0.18737,2.3683578547206707e-05
1773143890.773428,PC1,0,Angle_Elbow_L,95.65,,,
1773143890.773428,PC1,0,Angle_Elbow_R,102.59,,,
1773143890.773428,PC1,0,Angle_Shoulder_L,133.46,,,
1773143890.773428,PC1,0,Angle_Shoulder_R,133.1,,,
1773143890.773428,PC1,0,Length_UpperArm_L,0.3847,,,
1773143890.773428,PC1,0,Length_LowerArm_L,0.3778,,,
1773143890.773428,PC1,0,Length_UpperArm_R,0.4475,,,
1773143890.773428,PC1,0,Length_LowerArm_R,0.5706,,,
1773143890.773428,PC1,0,Width_Shoulder,0.2431,,,
1773143890.8986702,PC1,0,0,0.42416,0.53131,-0.40525,0.9999720454216003
1773143890.8986702,PC1,0,1,0.44796,0.48647,-0.38335,0.9999449849128723
1773143890.8986702,PC1,0,2,0.46121,0.48784,-0.38312,0.9999499320983887
1773143890.8986702,PC1,0,3,0.47451,0.49031,-0.38273,0.9999364018440247
1773143890.8986702,PC1,0,4,0.42376,0.48312,-0.36513,0.9999460577964783
1773143890.8986702,PC1,0,5,0.41862,0.48168,-0.36494,0.9999520778656006
1773143890.8986702,PC1,0,6,0.41386,0.48045,-0.36502,0.9999462366104126
1773143890.8986702,PC1,0,7,0.50671,0.51995,-0.20098,0.99993896484375
1773143890.8986702,PC1,0,8,0.42479,0.50755,-0.11928,0.9999527931213379
1773143890.8986702,PC1,0,9,0.44495,0.58435,-0.34101,0.9999492168426514
1773143890.8986702,PC1,0,10,0.41736,0.57912,-0.31685,0.9999510049819946
1773143890.8986702,PC1,0,11,0.59591,0.7516,-0.06094,0.9987574219703674
1773143890.8986702,PC1,0,12,0.36456,0.74113,-0.04094,0.9992967844009399
1773143890.8986702,PC1,0,13,0.66145,1.02539,-0.29263,0.7311469912528992
1773143890.8986702,PC1,0,14,0.31782,1.02608,-0.40562,0.7945278286933899
1773143890.8986702,PC1,0,15,0.69057,0.79999,-0.57373,0.989532470703125
1773143890.8986702,PC1,0,16,0.32028,0.77534,-0.94737,0.9886170625686646
1773143890.8986702,PC1,0,17,0.72145,0.7171,-0.62093,0.9877414703369141
1773143890.8986702,PC1,0,18,0.28943,0.70248,-1.02774,0.9862451553344727
1773143890.8986702,PC1,0,19,0.71078,0.69047,-0.57347,0.9889320135116577
1773143890.8986702,PC1,0,20,0.29688,0.6787,-0.98893,0.988203763961792
1773143890.8986702,PC1,0,21,0.69425,0.71742,-0.56767,0.9879729151725769
1773143890.8986702,PC1,0,22,0.31305,0.70929,-0.95244,0.9875105023384094
1773143890.8986702,PC1,0,23,0.57904,1.36342,0.06538,0.0037665606942027807
1773143890.8986702,PC1,0,24,0.42127,1.38918,-0.06265,0.0037014102563261986
1773143890.8986702,PC1,0,25,0.57769,1.83065,0.1012,0.0003733798221219331
1773143890.8986702,PC1,0,26,0.43173,1.87311,-0.06293,0.00013893982395529747
1773143890.8986702,PC1,0,27,0.55843,2.27531,0.40908,2.0643301468226127e-05
1773143890.8986702,PC1,0,28,0.41329,2.30946,0.13144,3.325475063320482e-06
1773143890.8986702,PC1,0,29,0.54542,2.35129,0.42336,1.716334736556746e-05
1773143890.8986702,PC1,0,30,0.39089,2.38669,0.13876,5.1206161515438e-06
1773143890.8986702,PC1,0,31,0.60246,2.38645,0.18492,3.6630484828492627e-05
1773143890.8986702,PC1,0,32,0.48526,2.41597,-0.18737,2.3787288228049874e-05
1773143890.8986702,PC1,0,Angle_Elbow_L,92.32,,,
1773143890.8986702,PC1,0,Angle_Elbow_R,116.99,,,
1773143890.8986702,PC1,0,Angle_Shoulder_L,134.51,,,
1773143890.8986702,PC1,0,Angle_Shoulder_R,122.83,,,
1773143890.8986702,PC1,0,Length_UpperArm_L,0.3646,,,
1773143890.8986702,PC1,0,Length_LowerArm_L,0.3615,,,
1773143890.8986702,PC1,0,Length_UpperArm_R,0.4652,,,
1773143890.8986702,PC1,0,Length_LowerArm_R,0.597,,,
1773143890.8986702,PC1,0,Width_Shoulder,0.2324,,,
1773143890.9622242,PC1,0,0,0.42391,0.53137,-0.44056,0.999972403049469
1773143890.9622242,PC1,0,1,0.44778,0.48694,-0.41579,0.9999456405639648
1773143890.9622242,PC1,0,2,0.46104,0.48849,-0.41559,0.9999496340751648
1773143890.9622242,PC1,0,3,0.47429,0.49115,-0.41523,0.9999359846115112
1773143890.9622242,PC1,0,4,0.42353,0.4833,-0.40117,0.9999457001686096
1773143890.9622242,PC1,0,5,0.41832,0.48183,-0.40101,0.9999509453773499
1773143890.9622242,PC1,0,6,0.4135,0.48059,-0.40114,0.999944269657135
1773143890.9622242,PC1,0,7,0.50633,0.52035,-0.21757,0.9999386072158813
1773143890.9622242,PC1,0,8,0.42379,0.50739,-0.15254,0.9999504685401917
1773143890.9622242,PC1,0,9,0.4444,0.58471,-0.36948,0.9999465942382812
1773143890.9622242,PC1,0,10,0.41692,0.57909,-0.35042,0.9999464154243469
1773143890.9622242,PC1,0,11,0.59263,0.75355,-0.05692,0.9987189769744873
1773143890.9622242,PC1,0,12,0.36176,0.73774,-0.07561,0.999213457107544
1773143890.9622242,PC1,0,13,0.65612,1.02233,-0.28006,0.7349469065666199
1773143890.9622242,PC1,0,14,0.31349,0.99928,-0.46022,0.7967089414596558
1773143890.9622242,PC1,0,15,0.69306,0.79535,-0.55615,0.990120530128479
1773143890.9622242,PC1,0,16,0.30998,0.76431,-1.01689,0.988951563835144
1773143890.9622242,PC1,0,17,0.72604,0.71729,-0.59923,0.9881715774536133
1773143890.9622242,PC1,0,18,0.2772,0.69836,-1.09819,0.9863669276237488
1773143890.9622242,PC1,0,19,0.71597,0.69084,-0.55366,0.9893367886543274
1773143890.9622242,PC1,0,20,0.28415,0.67808,-1.06388,0.9883437156677246
1773143890.9622242,PC1,0,21,0.69904,0.71712,-0.55026,0.9883508682250977
1773143890.9622242,PC1,0,22,0.30186,0.70551,-1.02326,0.9876391887664795
1773143890.9622242,PC1,0,23,0.57904,1.36342,0.06538,0.00394400954246521
1773143890.9622242,PC1,0,24,0.42127,1.38918,-0.06265,0.0038294531404972076
1773143890.9622242,PC1,0,25,0.57769,1.83065,0.1012,0.0003750943287741393
1773143890.9622242,PC1,0,26,0.43173,1.87311,-0.06293,0.0001363737101200968
1773143890.9622242,PC1,0,27,0.55843,2.27531,0.40908,2.0061686882399954e-05
1773143890.9622242,PC1,0,28,0.41329,2.30946,0.13144,3.29254248754296e-06
1773143890.9622242,PC1,0,29,0.54542,2.35129,0.42336,1.6614894775557332e-05
1773143890.9622242,PC1,0,30,0.39089,2.38669,0.13876,5.072021849628072e-06
1773143890.9622242,PC1,0,31,0.60246,2.38645,0.18492,3.66258027497679e-05
1773143890.9622242,PC1,0,32,0.48526,2.41597,-0.18737,2.5043356799869798e-05
1773143890.9622242,PC1,0,Angle_Elbow_L,91.32,,,
1773143890.9622242,PC1,0,Angle_Elbow_R,122.74,,,
1773143890.9622242,PC1,0,Angle_Shoulder_L,133.76,,,
1773143890.9622242,PC1,0,Angle_Shoulder_R,117.67,,,
1773143890.9622242,PC1,0,Length_UpperArm_L,0.3551,,,
1773143890.9622242,PC1,0,Length_LowerArm_L,0.3593,,,
1773143890.9622242,PC1,0,Length_UpperArm_R,0.4676,,,
1773143890.9622242,PC1,0,Length_LowerArm_R,0.6042,,,
1773143890.9622242,PC1,0,Width_Shoulder,0.2322,,,
1773143891.025629,PC1,0,0,0.42375,0.53141,-0.45779,0.9999727606773376
1773143891.025629,PC1,0,1,0.44767,0.48729,-0.43191,0.999946653842926
1773143891.025629,PC1,0,2,0.46091,0.48895,-0.43177,0.9999498724937439
1773143891.025629,PC1,0,3,0.47403,0.49168,-0.43148,0.9999362826347351
1773143891.025629,PC1,0,4,0.42337,0.48352,-0.41915,0.9999463558197021
1773143891.025629,PC1,0,5,0.41809,0.48209,-0.41902,0.9999510049819946
1773143891.025629,PC1,0,6,0.41321,0.48092,-0.4192,0.9999440312385559
1773143891.025629,PC1,0,7,0.50546,0.52058,-0.22592,0.9999402761459351
1773143891.025629,PC1,0,8,0.42305,0.50751,-0.16822,0.9999504685401917
1773143891.025629,PC1,0,9,0.44409,0.58492,-0.38251,0.9999443888664246
1773143891.025629,PC1,0,10,0.41656,0.57907,-0.36586,0.9999432563781738
1773143891.025629,PC1,0,11,0.59039,0.75268,-0.05012,0.998654842376709
1773143891.025629,PC1,0,12,0.35991,0.73514,-0.09201,0.9991682767868042
1773143891.025629,PC1,0,13,0.65145,1.01509,-0.24955,0.7327836751937866
1773143891.025629,PC1,0,14,0.31057,0.98727,-0.48829,0.7907780408859253
1773143891.025629,PC1,0,15,0.69897,0.78868,-0.51858,0.9901483058929443
1773143891.025629,PC1,0,16,0.3041,0.75843,-1.06475,0.9886396527290344
1773143891.025629,PC1,0,17,0.73592,0.71657,-0.55874,0.9880613684654236
1773143891.025629,PC1,0,18,0.26792,0.69884,-1.15023,0.9860691428184509
1773143891.025629,PC1,0,19,0.72744,0.69104,-0.52177,0.9893414974212646
1773143891.025629,PC1,0,20,0.27329,0.67969,-1.12267,0.9881914854049683
1773143891.025629,PC1,0,21,0.70924,0.71643,-0.51598,0.9882908463478088
1773143891.025629,PC1,0,22,0.29322,0.7035,-1.07426,0.987410306930542
1773143891.025629,PC1,0,23,0.57904,1.36342,0.06538,0.00429118424654007
1773143891.025629,PC1,0,24,0.42127,1.38918,-0.06265,0.004195871762931347
1773143891.025629,PC1,0,25,0.57769,1.83065,0.1012,0.0005131418583914638
1773143891.025629,PC1,0,26,0.43173,1.87311,-0.06293,0.00020339465118013322
1773143891.025629,PC1,0,27,0.55843,2.27531,0.40908,2.2707889002049342e-05
1773143891.025629,PC1,0,28,0.41329,2.30946,0.13144,5.4598567658104e-06
1773143891.025629,PC1,0,29,0.54542,2.35129,0.42336,1.8537353753345087e-05
1773143891.025629,PC1,0,30,0.39089,2.38669,0.13876,7.530241418862715e-06
1773143891.025629,PC1,0,31,0.60246,2.38645,0.18492,4.994275514036417e-05
1773143891.025629,PC1,0,32,0.48526,2.41597,-0.18737,3.709666998474859e-05
1773143891.025629,PC1,0,Angle_Elbow_L,88.62,,,
1773143891.025629,PC1,0,Angle_Elbow_R,125.73,,,
1773143891.025629,PC1,0,Angle_Shoulder_L,135.78,,,
1773143891.025629,PC1,0,Angle_Shoulder_R,115.5,,,
1773143891.025629,PC1,0,Length_UpperArm_L,0.3352,,,
1773143891.025629,PC1,0,Length_LowerArm_L,0.3548,,,
1773143891.025629,PC1,0,Length_UpperArm_R,0.4723,,,
1773143891.025629,PC1,0,Length_LowerArm_R,0.6203,,,
1773143891.025629,PC1,0,Width_Shoulder,0.2349,,,
1773143891.0894232,PC1,0,0,0.42302,0.53238,-0.44193,0.9999746084213257
1773143891.0894232,PC1,0,1,0.44736,0.48891,-0.42051,0.999950110912323
1773143891.0894232,PC1,0,2,0.46053,0.49096,-0.42044,0.9999533295631409
1773143891.0894232,PC1,0,3,0.4735,0.49379,-0.42019,0.999940037727356
1773143891.0894232,PC1,0,4,0.42267,0.48456,-0.40845,0.9999486207962036
1773143891.0894232,PC1,0,5,0.4172,0.48304,-0.40826,0.9999525547027588
1773143891.0894232,PC1,0,6,0.41221,0.48183,-0.40849,0.9999445080757141
1773143891.0894232,PC1,0,7,0.50366,0.52173,-0.22262,0.9999454021453857
1773143891.0894232,PC1,0,8,0.42178,0.5082,-0.16874,0.999952495098114
1773143891.0894232,PC1,0,9,0.44375,0.58714,-0.36881,0.999946117401123
1773143891.0894232,PC1,0,10,0.41539,0.58083,-0.35281,0.9999440908432007
1773143891.0894232,PC1,0,11,0.58788,0.75021,-0.04387,0.9986844658851624
1773143891.0894232,PC1,0,12,0.35715,0.73314,-0.09335,0.9991676211357117
1773143891.0894232,PC1,0,13,0.64516,1.01326,-0.21512,0.7309112548828125
1773143891.0894232,PC1,0,14,0.30758,1.01788,-0.45567,0.7871508598327637
1773143891.0894232,PC1,0,15,0.70663,0.7815,-0.49425,0.9911091923713684
1773143891.0894232,PC1,0,16,0.3019,0.76128,-1.02083,0.9896975755691528
1773143891.0894232,PC1,0,17,0.74954,0.71619,-0.53558,0.9890734553337097
1773143891.0894232,PC1,0,18,0.26044,0.70802,-1.10249,0.9872174263000488
1773143891.0894232,PC1,0,19,0.74346,0.69225,-0.50884,0.9902405142784119
1773143891.0894232,PC1,0,20,0.26279,0.68706,-1.08019,0.9891632199287415
1773143891.0894232,PC1,0,21,0.72274,0.71551,-0.49632,0.9893814921379089
1773143891.0894232,PC1,0,22,0.28649,0.7062,-1.03167,0.9885573983192444
1773143891.0894232,PC1,0,23,0.57904,1.36342,0.06538,0.004963010549545288
1773143891.0894232,PC1,0,24,0.42127,1.38918,-0.06265,0.004941423423588276
1773143891.0894232,PC1,0,25,0.57769,1.83065,0.1012,0.0005220912862569094
1773143891.0894232,PC1,0,26,0.43173,1.87311,-0.06293,0.00020631270308513194
1773143891.0894232,PC1,0,27,0.55843,2.27531,0.40908,2.3295962819247507e-05
1773143891.0894232,PC1,0,28,0.41329,2.30946,0.13144,5.043981673225062e-06
1773143891.0894232,PC1,0,29,0.54542,2.35129,0.42336,1.9156932467012666e-05
1773143891.0894232,PC1,0,30,0.39089,2.38669,0.13876,7.144976279960247e-06
1773143891.0894232,PC1,0,31,0.60246,2.38645,0.18492,4.936971527058631e-05
1773143891.0894232,PC1,0,32,0.48526,2.41597,-0.18737,3.470254159765318e-05
1773143891.0894232,PC1,0,Angle_Elbow_L,85.29,,,
1773143891.0894232,PC1,0,Angle_Elbow_R,117.31,,,
1773143891.0894232,PC1,0,Angle_Shoulder_L,140.15,,,
1773143891.0894232,PC1,0,Angle_Shoulder_R,121.32,,,
1773143891.0894232,PC1,0,Length_UpperArm_L,0.3191,,,
1773143891.0894232,PC1,0,Length_LowerArm_L,0.368,,,
1773143891.0894232,PC1,0,Length_UpperArm_R,0.4635,,,
1773143891.0894232,PC1,0,Length_LowerArm_R,0.6207,,,
1773143891.0894232,PC1,0,Width_Shoulder,0.2366,,,
1773143891.151486,PC1,0,0,0.42284,0.53279,-0.43346,0.9999762773513794
1773143891.151486,PC1,0,1,0.44733,0.49004,-0.41328,0.9999530911445618
1773143891.151486,PC1,0,2,0.46049,0.49213,-0.41323,0.9999557733535767
1773143891.151486,PC1,0,3,0.47345,0.49492,-0.413,0.9999431371688843
1773143891.151486,PC1,0,4,0.42247,0.48583,-0.40046,0.9999515414237976
1773143891.151486,PC1,0,5,0.41692,0.48449,-0.40022,0.999954879283905
1773143891.151486,PC1,0,6,0.41185,0.48342,-0.40044,0.9999474287033081
1773143891.151486,PC1,0,7,0.50308,0.52238,-0.21783,0.999948263168335
1773143891.151486,PC1,0,8,0.4214,0.50966,-0.16681,0.9999549984931946
1773143891.151486,PC1,0,9,0.44408,0.58823,-0.36005,0.9999482035636902
1773143891.151486,PC1,0,10,0.41508,0.5817,-0.34524,0.999946653842926
1773143891.151486,PC1,0,11,0.58722,0.74974,-0.04086,0.9987033605575562
1773143891.151486,PC1,0,12,0.35697,0.73603,-0.09023,0.999182403087616
1773143891.151486,PC1,0,13,0.64164,1.01318,-0.20003,0.7316885590553284
1773143891.151486,PC1,0,14,0.30734,1.03348,-0.43287,0.7925220131874084
1773143891.151486,PC1,0,15,0.70893,0.78398,-0.46989,0.9914864897727966
1773143891.151486,PC1,0,16,0.30318,0.7646,-0.96858,0.9903114438056946
1773143891.151486,PC1,0,17,0.75313,0.72096,-0.50909,0.9894707202911377
1773143891.151486,PC1,0,18,0.26071,0.71154,-1.04596,0.9878773093223572
1773143891.151486,PC1,0,19,0.74776,0.69627,-0.48441,0.9906056523323059
1773143891.151486,PC1,0,20,0.26319,0.68972,-1.02194,0.98973548412323
1773143891.151486,PC1,0,21,0.72641,0.71837,-0.47263,0.9898138642311096
1773143891.151486,PC1,0,22,0.28777,0.70748,-0.97789,0.9892005324363708
1773143891.151486,PC1,0,23,0.57904,1.36342,0.06538,0.005071743857115507
1773143891.151486,PC1,0,24,0.42127,1.38918,-0.06265,0.005184285808354616
1773143891.151486,PC1,0,25,0.57769,1.83065,0.1012,0.0005359277129173279
1773143891.151486,PC1,0,26,0.43173,1.87311,-0.06293,0.00020627875346690416
1773143891.151486,PC1,0,27,0.55843,2.27531,0.40908,2.33036025747424e-05
1773143891.151486,PC1,0,28,0.41329,2.30946,0.13144,4.8958950173982885e-06
1773143891.151486,PC1,0,29,0.54542,2.35129,0.42336,1.8986054783454165e-05
1773143891.151486,PC1,0,30,0.39089,2.38669,0.13876,7.074786481098272e-06
1773143891.151486,PC1,0,31,0.60246,2.38645,0.18492,4.947859633830376e-05
1773143891.151486,PC1,0,32,0.48526,2.41597,-0.18737,3.435063626966439e-05
1773143891.151486,PC1,0,Angle_Elbow_L,82.98,,,
1773143891.151486,PC1,0,Angle_Elbow_R,112.29,,,
1773143891.151486,PC1,0,Angle_Shoulder_L,142.33,,,
1773143891.151486,PC1,0,Angle_Shoulder_R,124.32,,,
1773143891.151486,PC1,0,Length_UpperArm_L,0.3126,,,
1773143891.151486,PC1,0,Length_LowerArm_L,0.3604,,,
1773143891.151486,PC1,0,Length_UpperArm_R,0.4564,,,
1773143891.151486,PC1,0,Length_LowerArm_R,0.5994,,,
1773143891.151486,PC1,0,Width_Shoulder,0.2359,,,
1773143891.276151,PC1,0,0,0.42299,0.5342,-0.43332,0.9999771118164062
1773143891.276151,PC1,0,1,0.44783,0.49208,-0.41268,0.9999546408653259
1773143891.276151,PC1,0,2,0.46097,0.49424,-0.41266,0.9999567866325378
1773143891.276151,PC1,0,3,0.47397,0.4969,-0.41243,0.9999450445175171
1773143891.276151,PC1,0,4,0.42242,0.48794,-0.40039,0.9999511241912842
1773143891.276151,PC1,0,5,0.41669,0.48683,-0.40015,0.9999527931213379
1773143891.276151,PC1,0,6,0.41161,0.4859,-0.40037,0.9999452829360962
1773143891.276151,PC1,0,7,0.50266,0.52345,-0.21738,0.9999502897262573
1773143891.276151,PC1,0,8,0.42128,0.51226,-0.1686,0.999952495098114
1773143891.276151,PC1,0,9,0.44501,0.59042,-0.36025,0.9999467134475708
1773143891.276151,PC1,0,10,0.41475,0.58383,-0.34579,0.9999450445175171
1773143891.276151,PC1,0,11,0.58674,0.75396,-0.04686,0.9987398982048035
1773143891.276151,PC1,0,12,0.35728,0.74118,-0.08256,0.9991245865821838
1773143891.276151,PC1,0,13,0.65071,1.05712,-0.22618,0.7199180722236633
1773143891.276151,PC1,0,14,0.30617,1.05727,-0.41147,0.7825593948364258
1773143891.276151,PC1,0,15,0.7114,0.78937,-0.5189,0.991462230682373
1773143891.276151,PC1,0,16,0.30453,0.77279,-0.94693,0.9900778532028198
1773143891.276151,PC1,0,17,0.75682,0.72743,-0.56467,0.9890270829200745
1773143891.276151,PC1,0,18,0.25996,0.71835,-1.02455,0.98709636926651
1773143891.276151,PC1,0,19,0.75221,0.70158,-0.54266,0.990247368812561
1773143891.276151,PC1,0,20,0.26313,0.69485,-0.99996,0.9891876578330994
1773143891.276151,PC1,0,21,0.7291,0.72306,-0.52271,0.9893812537193298
1773143891.276151,PC1,0,22,0.28898,0.71283,-0.95615,0.9886349439620972
1773143891.276151,PC1,0,23,0.57904,1.36342,0.06538,0.004875358659774065
1773143891.276151,PC1,0,24,0.42127,1.38918,-0.06265,0.004996651317924261
1773143891.276151,PC1,0,25,0.57769,1.83065,0.1012,0.0005952112842351198
1773143891.276151,PC1,0,26,0.43173,1.87311,-0.06293,0.000230486984946765
1773143891.276151,PC1,0,27,0.55843,2.27531,0.40908,2.34958715736866e-05
1773143891.276151,PC1,0,28,0.41329,2.30946,0.13144,4.810491645912407e-06
1773143891.276151,PC1,0,29,0.54542,2.35129,0.42336,1.9338618585607037e-05
1773143891.276151,PC1,0,30,0.39089,2.38669,0.13876,7.132490281946957e-06
1773143891.276151,PC1,0,31,0.60246,2.38645,0.18492,5.165529000805691e-05
1773143891.276151,PC1,0,32,0.48526,2.41597,-0.18737,3.594966256059706e-05
1773143891.276151,PC1,0,Angle_Elbow_L,80.06,,,
1773143891.276151,PC1,0,Angle_Elbow_R,108.06,,,
1773143891.276151,PC1,0,Angle_Shoulder_L,142.85,,,
1773143891.276151,PC1,0,Angle_Shoulder_R,127.18,,,
1773143891.276151,PC1,0,Length_UpperArm_L,0.358,,,
1773143891.276151,PC1,0,Length_LowerArm_L,0.4013,,,
1773143891.276151,PC1,0,Length_UpperArm_R,0.459,,,
1773143891.276151,PC1,0,Length_LowerArm_R,0.6063,,,
1773143891.276151,PC1,0,Width_Shoulder,0.2326,,,
1773143891.5385768,PC1,0,0,0.42374,0.53699,-0.41138,0.999979555606842
1773143891.5385768,PC1,0,1,0.4492,0.49442,-0.39207,0.9999590516090393
1773143891.5385768,PC1,0,2,0.46265,0.49671,-0.39202,0.9999609589576721
1773143891.5385768,PC1,0,3,0.47579,0.49929,-0.39176,0.9999512434005737
1773143891.5385768,PC1,0,4,0.42266,0.49026,-0.37788,0.9999539852142334
1773143891.5385768,PC1,0,5,0.41665,0.48921,-0.37758,0.9999539256095886
1773143891.5385768,PC1,0,6,0.41136,0.48827,-0.37777,0.999947726726532
1773143891.5385768,PC1,0,7,0.50422,0.52471,-0.20611,0.9999552965164185
1773143891.5385768,PC1,0,8,0.42077,0.515,-0.14343,0.9999533891677856
1773143891.5385768,PC1,0,9,0.44711,0.5937,-0.34248,0.9999487400054932
1773143891.5385768,PC1,0,10,0.41465,0.58729,-0.32405,0.9999467730522156
1773143891.5385768,PC1,0,11,0.58791,0.75612,-0.04861,0.998875081539154
1773143891.5385768,PC1,0,12,0.35839,0.74494,-0.04651,0.9991856217384338
1773143891.5385768,PC1,0,13,0.64578,1.06132,-0.25175,0.7252476215362549
1773143891.5385768,PC1,0,14,0.30614,1.08472,-0.36055,0.7978635430335999
1773143891.5385768,PC1,0,15,0.71192,0.7982,-0.57069,0.9913384318351746
1773143891.5385768,PC1,0,16,0.31442,0.78283,-0.88409,0.9909923672676086
1773143891.5385768,PC1,0,17,0.75627,0.73617,-0.62618,0.9888919591903687
1773143891.5385768,PC1,0,18,0.2721,0.72085,-0.96433,0.9882433414459229
1773143891.5385768,PC1,0,19,0.74955,0.70794,-0.60074,0.9902529716491699
1773143891.5385768,PC1,0,20,0.2757,0.69106,-0.93517,0.9901986718177795
1773143891.5385768,PC1,0,21,0.72803,0.72881,-0.57534,0.9895964860916138
1773143891.5385768,PC1,0,22,0.29933,0.71346,-0.89226,0.9897428154945374
1773143891.5385768,PC1,0,23,0.57904,1.36342,0.06538,0.004721717443317175
1773143891.5385768,PC1,0,24,0.42127,1.38918,-0.06265,0.004875016398727894
1773143891.5385768,PC1,0,25,0.57769,1.83065,0.1012,0.0005982591537758708
1773143891.5385768,PC1,0,26,0.43173,1.87311,-0.06293,0.0002524344308767468
1773143891.5385768,PC1,0,27,0.55843,2.27531,0.40908,2.444825804559514e-05
1773143891.5385768,PC1,0,28,0.41329,2.30946,0.13144,4.314573743613437e-06
1773143891.5385768,PC1,0,29,0.54542,2.35129,0.42336,2.072407369269058e-05
1773143891.5385768,PC1,0,30,0.39089,2.38669,0.13876,6.692137048958102e-06
1773143891.5385768,PC1,0,31,0.60246,2.38645,0.18492,5.145923569216393e-05
1773143891.5385768,PC1,0,32,0.48526,2.41597,-0.18737,3.160513733746484e-05
1773143891.5385768,PC1,0,Angle_Elbow_L,85.69,,,
1773143891.5385768,PC1,0,Angle_Elbow_R,102.6,,,
1773143891.5385768,PC1,0,Angle_Shoulder_L,141.55,,,
1773143891.5385768,PC1,0,Angle_Shoulder_R,132.03,,,
1773143891.5385768,PC1,0,Length_UpperArm_L,0.3712,,,
1773143891.5385768,PC1,0,Length_LowerArm_L,0.4187,,,
1773143891.5385768,PC1,0,Length_UpperArm_R,0.4656,,,
1773143891.5385768,PC1,0,Length_LowerArm_R,0.6044,,,
1773143891.5385768,PC1,0,Width_Shoulder,0.2298,,,
1773143891.65808,PC1,0,0,0.42383,0.53753,-0.41303,0.9999803304672241
1773143891.65808,PC1,0,1,0.44939,0.49485,-0.39268,0.9999597072601318
1773143891.65808,PC1,0,2,0.46291,0.49727,-0.3926,0.9999614953994751
1773143891.65808,PC1,0,3,0.47621,0.49988,-0.39228,0.9999518990516663
1773143891.65808,PC1,0,4,0.4227,0.4903,-0.37688,0.999954342842102
1773143891.65808,PC1,0,5,0.41667,0.48907,-0.37661,0.9999542236328125
1773143891.65808,PC1,0,6,0.41132,0.48802,-0.37677,0.9999480843544006
1773143891.65808,PC1,0,7,0.50467,0.52497,-0.20619,0.9999556541442871
1773143891.65808,PC1,0,8,0.42069,0.51507,-0.13617,0.9999535083770752
1773143891.65808,PC1,0,9,0.44739,0.59448,-0.34462,0.9999488592147827
1773143891.65808,PC1,0,10,0.41457,0.58792,-0.32392,0.9999468326568604
1773143891.65808,PC1,0,11,0.58848,0.75631,-0.05689,0.9988905787467957
1773143891.65808,PC1,0,12,0.35903,0.74631,-0.03755,0.9992204308509827
1773143891.65808,PC1,0,13,0.64613,1.06099,-0.28,0.7289817929267883
1773143891.65808,PC1,0,14,0.30656,1.09244,-0.35045,0.8055826425552368
1773143891.65808,PC1,0,15,0.71095,0.80027,-0.60905,0.9912135004997253
1773143891.65808,PC1,0,16,0.31915,0.7844,-0.87208,0.9915808439254761
1773143891.65808,PC1,0,17,0.75291,0.73764,-0.6663,0.9888268709182739
1773143891.65808,PC1,0,18,0.28115,0.71728,-0.95179,0.9890028834342957
1773143891.65808,PC1,0,19,0.74581,0.70804,-0.63641,0.9901965856552124
1773143891.65808,PC1,0,20,0.2839,0.68634,-0.9224,0.9908258318901062
1773143891.65808,PC1,0,21,0.72556,0.72901,-0.61249,0.9895921349525452
1773143891.65808,PC1,0,22,0.306,0.71093,-0.88018,0.9903929829597473
1773143891.65808,PC1,0,23,0.57904,1.36342,0.06538,0.004393908195197582
1773143891.65808,PC1,0,24,0.42127,1.38918,-0.06265,0.004542848560959101
1773143891.65808,PC1,0,25,0.57769,1.83065,0.1012,0.0005601372686214745
1773143891.65808,PC1,0,26,0.43173,1.87311,-0.06293,0.00023664518084842712
1773143891.65808,PC1,0,27,0.55843,2.27531,0.40908,2.2710413759341463e-05
1773143891.65808,PC1,0,28,0.41329,2.30946,0.13144,3.990812729171012e-06
1773143891.65808,PC1,0,29,0.54542,2.35129,0.42336,1.909512866404839e-05
1773143891.65808,PC1,0,30,0.39089,2.38669,0.13876,6.241160008357838e-06
1773143891.65808,PC1,0,31,0.60246,2.38645,0.18492,4.76883324154187e-05
1773143891.65808,PC1,0,32,0.48526,2.41597,-0.18737,2.9475626433850266e-05
1773143891.65808,PC1,0,Angle_Elbow_L,89.19,,,
1773143891.65808,PC1,0,Angle_Elbow_R,101.34,,,
1773143891.65808,PC1,0,Angle_Shoulder_L,139.08,,,
1773143891.65808,PC1,0,Angle_Shoulder_R,132.69,,,
1773143891.65808,PC1,0,Length_UpperArm_L,0.382,,,
1773143891.65808,PC1,0,Length_LowerArm_L,0.4248,,,
1773143891.65808,PC1,0,Length_UpperArm_R,0.4695,,,
1773143891.65808,PC1,0,Length_LowerArm_R,0.6059,,,
1773143891.65808,PC1,0,Width_Shoulder,0.2305,,,
1773143891.718843,PC1,0,0,0.42561,0.53441,-0.39159,0.9999814033508301
1773143891.718843,PC1,0,1,0.45117,0.4915,-0.36688,0.9999618530273438
1773143891.718843,PC1,0,2,0.46439,0.49391,-0.36677,0.9999635815620422
1773143891.718843,PC1,0,3,0.47739,0.49687,-0.36647,0.9999547600746155
1773143891.718843,PC1,0,4,0.42391,0.48696,-0.35423,0.9999563097953796
1773143891.718843,PC1,0,5,0.41762,0.4855,-0.35388,0.9999558925628662
1773143891.718843,PC1,0,6,0.4121,0.48424,-0.35405,0.9999503493309021
1773143891.718843,PC1,0,7,0.50519,0.52356,-0.1756,0.9999578595161438
1773143891.718843,PC1,0,8,0.42072,0.51215,-0.11791,0.9999556541442871
1773143891.718843,PC1,0,9,0.44892,0.59095,-0.32264,0.9999496936798096
1773143891.718843,PC1,0,10,0.41514,0.58521,-0.30577,0.9999483227729797
1773143891.718843,PC1,0,11,0.58778,0.75631,-0.03106,0.9989064931869507
1773143891.718843,PC1,0,12,0.35908,0.74449,-0.02989,0.9992002248764038
1773143891.718843,PC1,0,13,0.63944,1.05143,-0.26759,0.7327584624290466
1773143891.718843,PC1,0,14,0.31046,1.08389,-0.36088,0.805304765701294
1773143891.718843,PC1,0,15,0.71007,0.80182,-0.6092,0.9912211894989014
1773143891.718843,PC1,0,16,0.32634,0.77829,-0.86469,0.9915265440940857
1773143891.718843,PC1,0,17,0.74681,0.73795,-0.67937,0.9889455437660217
1773143891.718843,PC1,0,18,0.29722,0.70365,-0.94585,0.989101231098175
1773143891.718843,PC1,0,19,0.74028,0.70594,-0.64781,0.9903334975242615
1773143891.718843,PC1,0,20,0.29919,0.67123,-0.91372,0.9908969402313232
1773143891.718843,PC1,0,21,0.72277,0.72719,-0.61472,0.9897785186767578
1773143891.718843,PC1,0,22,0.31704,0.69907,-0.87151,0.9905070662498474
1773143891.718843,PC1,0,23,0.57904,1.36342,0.06538,0.004149001091718674
1773143891.718843,PC1,0,24,0.42127,1.38918,-0.06265,0.0042687649838626385
1773143891.718843,PC1,0,25,0.57769,1.83065,0.1012,0.0005265489453449845
1773143891.718843,PC1,0,26,0.43173,1.87311,-0.06293,0.00022176187485456467
1773143891.718843,PC1,0,27,0.55843,2.27531,0.40908,2.1449695850606076e-05
1773143891.718843,PC1,0,28,0.41329,2.30946,0.13144,3.6880073821521364e-06
1773143891.718843,PC1,0,29,0.54542,2.35129,0.42336,1.811448782973457e-05
1773143891.718843,PC1,0,30,0.39089,2.38669,0.13876,5.763513854617486e-06
1773143891.718843,PC1,0,31,0.60246,2.38645,0.18492,4.500634895521216e-05
1773143891.718843,PC1,0,32,0.48526,2.41597,-0.18737,2.7325228074914776e-05
1773143891.718843,PC1,0,Angle_Elbow_L,93.78,,,
1773143891.718843,PC1,0,Angle_Elbow_R,102.81,,,
1773143891.718843,PC1,0,Angle_Shoulder_L,138.22,,,
1773143891.718843,PC1,0,Angle_Shoulder_R,132.15,,,
1773143891.718843,PC1,0,Length_UpperArm_L,0.3817,,,
1773143891.718843,PC1,0,Length_LowerArm_L,0.4289,,,
1773143891.718843,PC1,0,Length_UpperArm_R,0.4766,,,
1773143891.718843,PC1,0,Length_LowerArm_R,0.5895,,,
1773143891.718843,PC1,0,Width_Shoulder,0.229,,,
1773143891.7819788,PC1,0,0,0.42604,0.53389,-0.38626,0.9999808073043823
1773143891.7819788,PC1,0,1,0.45158,0.49122,-0.36068,0.9999604821205139
1773143891.7819788,PC1,0,2,0.46465,0.4936,-0.36057,0.999962568283081
1773143891.7819788,PC1,0,3,0.47753,0.49658,-0.36027,0.9999544620513916
1773143891.7819788,PC1,0,4,0.42416,0.48696,-0.34858,0.9999536275863647
1773143891.7819788,PC1,0,5,0.41775,0.48569,-0.3482,0.9999528527259827
1773143891.7819788,PC1,0,6,0.41207,0.48463,-0.34838,0.999947190284729
1773143891.7819788,PC1,0,7,0.5048,0.52326,-0.1686,0.9999570846557617
1773143891.7819788,PC1,0,8,0.4196,0.51248,-0.11468,0.9999517202377319
1773143891.7819788,PC1,0,9,0.44918,0.58999,-0.31704,0.9999468922615051
1773143891.7819788,PC1,0,10,0.41501,0.58462,-0.30109,0.9999436736106873
1773143891.7819788,PC1,0,11,0.58564,0.75629,-0.02457,0.9989513158798218
1773143891.7819788,PC1,0,12,0.35917,0.74356,-0.02783,0.9990877509117126
1773143891.7819788,PC1,0,13,0.6406,1.03976,-0.26013,0.7458058595657349
1773143891.7819788,PC1,0,14,0.31176,1.07447,-0.35913,0.8059577941894531
1773143891.7819788,PC1,0,15,0.70777,0.80228,-0.5953,0.9914599657058716
1773143891.7819788,PC1,0,16,0.33257,0.77303,-0.85169,0.9911435842514038
1773143891.7819788,PC1,0,17,0.74163,0.73774,-0.66396,0.9890486001968384
1773143891.7819788,PC1,0,18,0.30987,0.69463,-0.93393,0.9882290363311768
1773143891.7819788,PC1,0,19,0.73303,0.70403,-0.63092,0.9904101490974426
1773143891.7819788,PC1,0,20,0.31109,0.66298,-0.89896,0.9901164174079895
1773143891.7819788,PC1,0,21,0.71773,0.72472,-0.59916,0.9897704124450684
1773143891.7819788,PC1,0,22,0.32588,0.6909,-0.85686,0.9895330667495728
1773143891.7819788,PC1,0,23,0.57904,1.36342,0.06538,0.003992943558841944
1773143891.7819788,PC1,0,24,0.42127,1.38918,-0.06265,0.004015082959085703
1773143891.7819788,PC1,0,25,0.57769,1.83065,0.1012,0.0005065979203209281
1773143891.7819788,PC1,0,26,0.43173,1.87311,-0.06293,0.00021444118465296924
1773143891.7819788,PC1,0,27,0.55843,2.27531,0.40908,2.030443101830315e-05
1773143891.7819788,PC1,0,28,0.41329,2.30946,0.13144,3.6132257719145855e-06
1773143891.7819788,PC1,0,29,0.54542,2.35129,0.42336,1.7167021724162623e-05
1773143891.7819788,PC1,0,30,0.39089,2.38669,0.13876,5.49927972315345e-06
1773143891.7819788,PC1,0,31,0.60246,2.38645,0.18492,4.345430716057308e-05
1773143891.7819788,PC1,0,32,0.48526,2.41597,-0.18737,2.7075189791503362e-05
1773143891.7819788,PC1,0,Angle_Elbow_L,95.67,,,
1773143891.7819788,PC1,0,Angle_Elbow_R,103.27,,,
1773143891.7819788,PC1,0,Angle_Shoulder_L,137.56,,,
1773143891.7819788,PC1,0,Angle_Shoulder_R,131.79,,,
1773143891.7819788,PC1,0,Length_UpperArm_L,0.3726,,,
1773143891.7819788,PC1,0,Length_LowerArm_L,0.4162,,,
1773143891.7819788,PC1,0,Length_UpperArm_R,0.4706,,,
1773143891.7819788,PC1,0,Length_LowerArm_R,0.5779,,,
1773143891.7819788,PC1,0,Width_Shoulder,0.2269,,,
1773143891.845074,PC1,0,0,0.42635,0.53352,-0.37956,0.999981701374054
1773143891.845074,PC1,0,1,0.45184,0.49102,-0.35333,0.9999622702598572
1773143891.845074,PC1,0,2,0.46483,0.49338,-0.35324,0.9999642372131348
1773143891.845074,PC1,0,3,0.47763,0.49637,-0.35297,0.9999567270278931
1773143891.845074,PC1,0,4,0.42419,0.48697,-0.34221,0.9999556541442871
1773143891.845074,PC1,0,5,0.41767,0.48583,-0.34186,0.9999549388885498
1773143891.845074,PC1,0,6,0.41184,0.48489,-0.34203,0.9999497532844543
1773143891.845074,PC1,0,7,0.50433,0.52303,-0.1602,0.9999591112136841
1773143891.845074,PC1,0,8,0.41824,0.51271,-0.10963,0.9999545216560364
1773143891.845074,PC1,0,9,0.44948,0.58934,-0.30978,0.9999497532844543
1773143891.845074,PC1,0,10,0.41495,0.58491,-0.29497,0.9999467730522156
1773143891.845074,PC1,0,11,0.58415,0.7551,-0.018,0.9990293383598328
1773143891.845074,PC1,0,12,0.35943,0.74287,-0.02586,0.9991370439529419
1773143891.845074,PC1,0,13,0.64488,1.02221,-0.25496,0.7658097147941589
1773143891.845074,PC1,0,14,0.31153,1.06061,-0.35365,0.8216887712478638
1773143891.845074,PC1,0,15,0.69823,0.80305,-0.58283,0.9918251037597656
1773143891.845074,PC1,0,16,0.34385,0.76548,-0.82755,0.9916618466377258
1773143891.845074,PC1,0,17,0.72607,0.73606,-0.65112,0.9892027378082275
1773143891.845074,PC1,0,18,0.32966,0.6876,-0.91033,0.988523542881012
1773143891.845074,PC1,0,19,0.71654,0.70209,-0.61367,0.9904928803443909
1773143891.845074,PC1,0,20,0.33066,0.65487,-0.87193,0.9902766346931458
1773143891.845074,PC1,0,21,0.70006,0.72295,-0.58382,0.9898080229759216
1773143891.845074,PC1,0,22,0.34238,0.68272,-0.83016,0.9896481037139893
1773143891.845074,PC1,0,23,0.57904,1.36342,0.06538,0.004091599490493536
1773143891.845074,PC1,0,24,0.42127,1.38918,-0.06265,0.003932374995201826
1773143891.845074,PC1,0,25,0.57769,1.83065,0.1012,0.0004948849091306329
1773143891.845074,PC1,0,26,0.43173,1.87311,-0.06293,0.0002109249180648476
1773143891.845074,PC1,0,27,0.55843,2.27531,0.40908,2.030292307608761e-05
1773143891.845074,PC1,0,28,0.41329,2.30946,0.13144,3.600514673962607e-06
1773143891.845074,PC1,0,29,0.54542,2.35129,0.42336,1.6812478861538693e-05
1773143891.845074,PC1,0,30,0.39089,2.38669,0.13876,5.3963753998687025e-06
1773143891.845074,PC1,0,31,0.60246,2.38645,0.18492,4.2120802390854806e-05
1773143891.845074,PC1,0,32,0.48526,2.41597,-0.18737,2.68042986135697e-05
1773143891.845074,PC1,0,Angle_Elbow_L,98.94,,,
1773143891.845074,PC1,0,Angle_Elbow_R,103.52,,,
1773143891.845074,PC1,0,Angle_Shoulder_L,136.02,,,
1773143891.845074,PC1,0,Angle_Shoulder_R,131.29,,,
1773143891.845074,PC1,0,Length_UpperArm_L,0.3622,,,
1773143891.845074,PC1,0,Length_LowerArm_L,0.398,,,
1773143891.845074,PC1,0,Length_UpperArm_R,0.459,,,
1773143891.845074,PC1,0,Length_LowerArm_R,0.5592,,,
1773143891.845074,PC1,0,Width_Shoulder,0.2252,,,
1773143891.968031,PC1,0,0,0.42699,0.5301,-0.36957,0.9999839663505554
1773143891.968031,PC1,0,1,0.4521,0.48856,-0.33687,0.9999657273292542
1773143891.968031,PC1,0,2,0.46491,0.49078,-0.33676,0.9999675750732422
1773143891.968031,PC1,0,3,0.47721,0.49362,-0.33648,0.9999611377716064
1773143891.968031,PC1,0,4,0.42428,0.48507,-0.32845,0.99996018409729
1773143891.968031,PC1,0,5,0.41774,0.48403,-0.32817,0.9999600648880005
1773143891.968031,PC1,0,6,0.41184,0.48313,-0.32835,0.9999557137489319
1773143891.968031,PC1,0,7,0.50254,0.52146,-0.13483,0.9999628663063049
1773143891.968031,PC1,0,8,0.41692,0.51199,-0.09263,0.9999608397483826
1773143891.968031,PC1,0,9,0.45117,0.58435,-0.29871,0.9999554753303528
1773143891.968031,PC1,0,10,0.41646,0.58128,-0.28658,0.9999537467956543
1773143891.968031,PC1,0,11,0.58148,0.7537,0.00196,0.9991635680198669
1773143891.968031,PC1,0,12,0.35947,0.74424,-0.02452,0.9992097020149231
1773143891.968031,PC1,0,13,0.67637,0.99391,-0.24959,0.8062251210212708
1773143891.968031,PC1,0,14,0.28966,1.03739,-0.34817,0.8516672849655151
1773143891.968031,PC1,0,15,0.68763,0.78574,-0.56269,0.9925315976142883
1773143891.968031,PC1,0,16,0.37011,0.75601,-0.76498,0.9921749234199524
1773143891.968031,PC1,0,17,0.70412,0.7208,-0.62892,0.9890174865722656
1773143891.968031,PC1,0,18,0.3754,0.68402,-0.84703,0.9875523447990417
1773143891.968031,PC1,0,19,0.69151,0.68949,-0.57552,0.9902188777923584
1773143891.968031,PC1,0,20,0.37984,0.65128,-0.79197,0.9891015887260437
1773143891.968031,PC1,0,21,0.68077,0.71035,-0.55572,0.9894355535507202
1773143891.968031,PC1,0,22,0.38479,0.67774,-0.75861,0.9884020090103149
1773143891.968031,PC1,0,23,0.57904,1.36342,0.06538,0.003626113524660468
1773143891.968031,PC1,0,24,0.42127,1.38918,-0.06265,0.0034053416457027197
1773143891.968031,PC1,0,25,0.57769,1.83065,0.1012,0.00043673967593349516
1773143891.968031,PC1,0,26,0.43173,1.87311,-0.06293,0.00018167641246691346
1773143891.968031,PC1,0,27,0.55843,2.27531,0.40908,1.883453114714939e-05
1773143891.968031,PC1,0,28,0.41329,2.30946,0.13144,3.13768100568268e-06
1773143891.968031,PC1,0,29,0.54542,2.35129,0.42336,1.5624285879312083e-05
1773143891.968031,PC1,0,30,0.39089,2.38669,0.13876,4.698908014688641e-06
1773143891.968031,PC1,0,31,0.60246,2.38645,0.18492,3.683542672661133e-05
1773143891.968031,PC1,0,32,0.48526,2.41597,-0.18737,2.378188401053194e-05
1773143891.968031,PC1,0,Angle_Elbow_L,102.7,,,
1773143891.968031,PC1,0,Angle_Elbow_R,101.99,,,
1773143891.968031,PC1,0,Angle_Shoulder_L,131.59,,,
1773143891.968031,PC1,0,Angle_Shoulder_R,129.78,,,
1773143891.968031,PC1,0,Length_UpperArm_L,0.3605,,,
1773143891.968031,PC1,0,Length_LowerArm_L,0.3762,,,
1773143891.968031,PC1,0,Length_UpperArm_R,0.4422,,,
1773143891.968031,PC1,0,Length_LowerArm_R,0.5093,,,
1773143891.968031,PC1,0,Width_Shoulder,0.2238,,,
1773143891.9681668,PC1,0,0,0.42465,0.52881,-0.35138,0.9999668598175049
1773143891.9681668,PC1,0,1,0.4489,0.4884,-0.31321,0.9999180436134338
1773143891.9681668,PC1,0,2,0.46152,0.49033,-0.31306,0.9999200105667114
1773143891.9681668,PC1,0,3,0.47369,0.4927,-0.31281,0.9999110102653503
1773143891.9681668,PC1,0,4,0.42125,0.48526,-0.30733,0.9999175071716309
1773143891.9681668,PC1,0,5,0.41475,0.48439,-0.30713,0.9999250769615173
1773143891.9681668,PC1,0,6,0.40882,0.48363,-0.30737,0.9999246001243591
1773143891.9681668,PC1,0,7,0.49876,0.52063,-0.10279,0.999914824962616
1773143891.9681668,PC1,0,8,0.41294,0.51353,-0.07087,0.999941885471344
1773143891.9681668,PC1,0,9,0.44916,0.58266,-0.27864,0.9999171495437622
1773143891.9681668,PC1,0,10,0.41506,0.57973,-0.26929,0.9999269843101501
1773143891.9681668,PC1,0,11,0.57856,0.74649,0.01532,0.9990471005439758
1773143891.9681668,PC1,0,12,0.35191,0.74301,-0.02337,0.9990582466125488
1773143891.9681668,PC1,0,13,0.70218,0.94779,-0.25674,0.837921142578125
1773143891.9681668,PC1,0,14,0.264,1.00497,-0.35474,0.8773385286331177
1773143891.9681668,PC1,0,15,0.67355,0.76034,-0.51818,0.9883409738540649
1773143891.9681668,PC1,0,16,0.39585,0.74852,-0.67214,0.9915695786476135
1773143891.9681668,PC1,0,17,0.66759,0.70323,-0.57032,0.9740943908691406
1773143891.9681668,PC1,0,18,0.41946,0.68342,-0.76104,0.9821669459342957
1773143891.9681668,PC1,0,19,0.65276,0.67863,-0.51455,0.9759093523025513
1773143891.9681668,PC1,0,20,0.42481,0.65309,-0.70139,0.9834669828414917
1773143891.9681668,PC1,0,21,0.64681,0.70069,-0.49335,0.9741795063018799
1773143891.9681668,PC1,0,22,0.42302,0.67968,-0.67399,0.9817029237747192
1773143891.9681668,PC1,0,23,0.57904,1.36342,0.06538,0.005853152833878994
1773143891.9681668,PC1,0,24,0.42127,1.38918,-0.06265,0.0053560081869363785
1773143891.9681668,PC1,0,25,0.57769,1.83065,0.1012,0.003487264271825552
1773143891.9681668,PC1,0,26,0.43173,1.87311,-0.06293,0.0019042663043364882
1773143891.9681668,PC1,0,27,0.55843,2.27531,0.40908,8.023793634492904e-05
1773143891.9681668,PC1,0,28,0.41329,2.30946,0.13144,3.189365816069767e-05
1773143891.9681668,PC1,0,29,0.54542,2.35129,0.42336,6.779348041163757e-05
1773143891.9681668,PC1,0,30,0.39089,2.38669,0.13876,2.4053762899711728e-05
1773143891.9681668,PC1,0,31,0.60246,2.38645,0.18492,0.0001278609415749088
1773143891.9681668,PC1,0,32,0.48526,2.41597,-0.18737,8.133384835673496e-05
1773143891.9681668,PC1,0,Angle_Elbow_L,104.87,,,
1773143891.9681668,PC1,0,Angle_Elbow_R,98.21,,,
1773143891.9681668,PC1,0,Angle_Shoulder_L,124.77,,,
1773143891.9681668,PC1,0,Angle_Shoulder_R,126.04,,,
1773143891.9681668,PC1,0,Length_UpperArm_L,0.3603,,,
1773143891.9681668,PC1,0,Length_LowerArm_L,0.323,,,
1773143891.9681668,PC1,0,Length_UpperArm_R,0.4315,,,
1773143891.9681668,PC1,0,Length_LowerArm_R,0.4288,,,
1773143891.9681668,PC1,0,Width_Shoulder,0.23,,,
1773143892.093772,PC1,0,0,0.42284,0.52963,-0.37548,0.9999358057975769
1773143892.093772,PC1,0,1,0.4474,0.48938,-0.33495,0.9998272061347961
1773143892.093772,PC1,0,2,0.46005,0.4914,-0.33476,0.999821662902832
1773143892.093772,PC1,0,3,0.47199,0.49384,-0.3345,0.9997904300689697
1773143892.093772,PC1,0,4,0.41939,0.48606,-0.33109,0.9998550415039062
1773143892.093772,PC1,0,5,0.41279,0.48525,-0.33089,0.9998781681060791
1773143892.093772,PC1,0,6,0.40687,0.48458,-0.33114,0.9998842477798462
1773143892.093772,PC1,0,7,0.49637,0.52153,-0.1136,0.9997981786727905
1773143892.093772,PC1,0,8,0.41073,0.5149,-0.08945,0.9999216794967651
1773143892.093772,PC1,0,9,0.44717,0.58419,-0.2991,0.9998706579208374
1773143892.093772,PC1,0,10,0.41343,0.58046,-0.29195,0.9999063014984131
1773143892.093772,PC1,0,11,0.57555,0.74487,0.00705,0.9987318515777588
1773143892.093772,PC1,0,12,0.3457,0.74021,-0.04802,0.9990718960762024
1773143892.093772,PC1,0,13,0.71336,0.92446,-0.29174,0.8509796261787415
1773143892.093772,PC1,0,14,0.24688,0.99173,-0.3934,0.8891227841377258
1773143892.093772,PC1,0,15,0.66252,0.75298,-0.56085,0.9843224287033081
1773143892.093772,PC1,0,16,0.40283,0.74982,-0.69774,0.9916387796401978
1773143892.093772,PC1,0,17,0.64763,0.69869,-0.61332,0.9610037207603455
1773143892.093772,PC1,0,18,0.43372,0.69276,-0.78222,0.9807942509651184
1773143892.093772,PC1,0,19,0.6311,0.68046,-0.54515,0.962532103061676
1773143892.093772,PC1,0,20,0.43979,0.66449,-0.7101,0.981920599937439
1773143892.093772,PC1,0,21,0.62735,0.70105,-0.53411,0.9611085057258606
1773143892.093772,PC1,0,22,0.43453,0.69043,-0.69047,0.979711651802063
1773143892.093772,PC1,0,23,0.57904,1.36342,0.06538,0.00559889804571867
1773143892.093772,PC1,0,24,0.42127,1.38918,-0.06265,0.005174598656594753
1773143892.093772,PC1,0,25,0.57769,1.83065,0.1012,0.0032955778297036886
1773143892.093772,PC1,0,26,0.43173,1.87311,-0.06293,0.0018091165693476796
1773143892.093772,PC1,0,27,0.55843,2.27531,0.40908,9.155573206953704e-05
1773143892.093772,PC1,0,28,0.41329,2.30946,0.13144,3.105426367255859e-05
1773143892.093772,PC1,0,29,0.54542,2.35129,0.42336,7.244745938805863e-05
1773143892.093772,PC1,0,30,0.39089,2.38669,0.13876,2.5616174752940424e-05
1773143892.093772,PC1,0,31,0.60246,2.38645,0.18492,0.00012713595060631633
1773143892.093772,PC1,0,32,0.48526,2.41597,-0.18737,8.494023495586589e-05
1773143892.093772,PC1,0,Angle_Elbow_L,110.59,,,
1773143892.093772,PC1,0,Angle_Elbow_R,99.04,,,
1773143892.093772,PC1,0,Angle_Shoulder_L,118.25,,,
1773143892.093772,PC1,0,Angle_Shoulder_R,122.07,,,
1773143892.093772,PC1,0,Length_UpperArm_L,0.3749,,,
1773143892.093772,PC1,0,Length_LowerArm_L,0.3231,,,
1773143892.093772,PC1,0,Length_UpperArm_R,0.4385,,,
1773143892.093772,PC1,0,Length_LowerArm_R,0.4189,,,
1773143892.093772,PC1,0,Width_Shoulder,0.2364,,,
1773143892.218245,PC1,0,0,0.41982,0.52935,-0.40427,0.9999037384986877
1773143892.218245,PC1,0,1,0.4446,0.4895,-0.36165,0.9997517466545105
1773143892.218245,PC1,0,2,0.45722,0.4918,-0.36149,0.9997475147247314
1773143892.218245,PC1,0,3,0.4689,0.49447,-0.36122,0.9996888041496277
1773143892.218245,PC1,0,4,0.41681,0.48553,-0.35838,0.9998095035552979
1773143892.218245,PC1,0,5,0.41028,0.48457,-0.35825,0.9998494386672974
1773143892.218245,PC1,0,6,0.40449,0.48381,-0.35853,0.9998540282249451
1773143892.218245,PC1,0,7,0.4929,0.5221,-0.13331,0.9997106194496155
1773143892.218245,PC1,0,8,0.40883,0.51478,-0.11202,0.9999071359634399
1773143892.218245,PC1,0,9,0.4434,0.58355,-0.32525,0.999839723110199
1773143892.218245,PC1,0,10,0.41034,0.57891,-0.31903,0.9998940825462341
1773143892.218245,PC1,0,11,0.57075,0.7441,-0.01118,0.9982122778892517
1773143892.218245,PC1,0,12,0.34068,0.73504,-0.07841,0.9990020990371704
1773143892.218245,PC1,0,13,0.72055,0.90248,-0.33863,0.8639127612113953
1773143892.218245,PC1,0,14,0.23346,0.9763,-0.43811,0.899531364440918
1773143892.218245,PC1,0,15,0.65311,0.74614,-0.63366,0.982613205909729
1773143892.218245,PC1,0,16,0.40687,0.75739,-0.74851,0.9917462468147278
1773143892.218245,PC1,0,17,0.62729,0.69669,-0.69229,0.9557945728302002
1773143892.218245,PC1,0,18,0.44219,0.71295,-0.83228,0.9801915287971497
1773143892.218245,PC1,0,19,0.61047,0.68279,-0.62035,0.9575331807136536
1773143892.218245,PC1,0,20,0.44986,0.68986,-0.75672,0.9813367128372192
1773143892.218245,PC1,0,21,0.61069,0.70316,-0.6085,0.9555431604385376
1773143892.218245,PC1,0,22,0.44209,0.70961,-0.73532,0.9787099361419678
1773143892.218245,PC1,0,23,0.57904,1.36342,0.06538,0.006359906401485205
1773143892.218245,PC1,0,24,0.42127,1.38918,-0.06265,0.0059503223747015
1773143892.218245,PC1,0,25,0.57769,1.83065,0.1012,0.003477945923805237
1773143892.218245,PC1,0,26,0.43173,1.87311,-0.06293,0.0019055027514696121
1773143892.218245,PC1,0,27,0.55843,2.27531,0.40908,0.00013664996367879212
1773143892.218245,PC1,0,28,0.41329,2.30946,0.13144,3.97364201489836e-05
1773143892.218245,PC1,0,29,0.54542,2.35129,0.42336,0.0001041343784891069
1773143892.218245,PC1,0,30,0.39089,2.38669,0.13876,3.734215715667233e-05
1773143892.218245,PC1,0,31,0.60246,2.38645,0.18492,0.00014940295659471303
1773143892.218245,PC1,0,32,0.48526,2.41597,-0.18737,0.0001166791989817284
1773143892.218245,PC1,0,Angle_Elbow_L,117.44,,,
1773143892.218245,PC1,0,Angle_Elbow_R,102.47,,,
1773143892.218245,PC1,0,Angle_Shoulder_L,111.53,,,
1773143892.218245,PC1,0,Angle_Shoulder_R,117.59,,,
1773143892.218245,PC1,0,Length_UpperArm_L,0.3934,,,
1773143892.218245,PC1,0,Length_LowerArm_L,0.3406,,,
1773143892.218245,PC1,0,Length_UpperArm_R,0.4462,,,
1773143892.218245,PC1,0,Length_LowerArm_R,0.4175,,,
1773143892.218245,PC1,0,Width_Shoulder,0.2399,,,
1773143892.3425438,PC1,0,0,0.41443,0.52988,-0.41164,0.9998862147331238
1773143892.3425438,PC1,0,1,0.43912,0.49168,-0.3707,0.9996605515480042
1773143892.3425438,PC1,0,2,0.45154,0.49454,-0.37053,0.9996923208236694
1773143892.3425438,PC1,0,3,0.46289,0.49796,-0.37028,0.9995904564857483
1773143892.3425438,PC1,0,4,0.41127,0.4865,-0.36838,0.9997543692588806
1773143892.3425438,PC1,0,5,0.40469,0.48538,-0.36825,0.9998281598091125
1773143892.3425438,PC1,0,6,0.3991,0.48457,-0.3685,0.9998211860656738
1773143892.3425438,PC1,0,7,0.48585,0.52526,-0.14279,0.9996500015258789
1773143892.3425438,PC1,0,8,0.40254,0.51584,-0.11945,0.999894917011261
1773143892.3425438,PC1,0,9,0.43695,0.58309,-0.3339,0.9998193383216858
1773143892.3425438,PC1,0,10,0.40407,0.5774,-0.32986,0.999888002872467
1773143892.3425438,PC1,0,11,0.55955,0.74137,-0.02164,0.998325526714325
1773143892.3425438,PC1,0,12,0.33297,0.71816,-0.1003,0.9991419315338135
1773143892.3425438,PC1,0,13,0.72815,0.86792,-0.36431,0.888888955116272
1773143892.3425438,PC1,0,14,0.21361,0.93587,-0.46376,0.9181415438652039
1773143892.3425438,PC1,0,15,0.62614,0.73751,-0.64862,0.9839783310890198
1773143892.3425438,PC1,0,16,0.40449,0.77828,-0.78066,0.9925606846809387
1773143892.3425438,PC1,0,17,0.59079,0.70104,-0.71087,0.9530068635940552
1773143892.3425438,PC1,0,18,0.45043,0.76078,-0.85102,0.9804679155349731
1773143892.3425438,PC1,0,19,0.57088,0.69759,-0.64077,0.953277587890625
1773143892.3425438,PC1,0,20,0.46097,0.74118,-0.76462,0.9810327291488647
1773143892.3425438,PC1,0,21,0.57717,0.71713,-0.6325,0.952472448348999
1773143892.3425438,PC1,0,22,0.45056,0.7516,-0.74861,0.9786646366119385
1773143892.3425438,PC1,0,23,0.57904,1.36342,0.06538,0.026246143504977226
1773143892.3425438,PC1,0,24,0.42127,1.38918,-0.06265,0.02901415340602398
1773143892.3425438,PC1,0,25,0.57769,1.83065,0.1012,0.004215751774609089
1773143892.3425438,PC1,0,26,0.43173,1.87311,-0.06293,0.002551368670538068
1773143892.3425438,PC1,0,27,0.55843,2.27531,0.40908,0.00037992658326402307
1773143892.3425438,PC1,0,28,0.41329,2.30946,0.13144,8.06864773039706e-05
1773143892.3425438,PC1,0,29,0.54542,2.35129,0.42336,0.00035760176251642406
1773143892.3425438,PC1,0,30,0.39089,2.38669,0.13876,0.00010078957711812109
1773143892.3425438,PC1,0,31,0.60246,2.38645,0.18492,0.00022157293278723955
1773143892.3425438,PC1,0,32,0.48526,2.41597,-0.18737,0.000198429508600384
1773143892.3425438,PC1,0,Angle_Elbow_L,118.78,,,
1773143892.3425438,PC1,0,Angle_Elbow_R,109.16,,,
1773143892.3425438,PC1,0,Angle_Shoulder_L,105.38,,,
1773143892.3425438,PC1,0,Angle_Shoulder_R,112.91,,,
1773143892.3425438,PC1,0,Length_UpperArm_L,0.4023,,,
1773143892.3425438,PC1,0,Length_LowerArm_L,0.329,,,
1773143892.3425438,PC1,0,Length_UpperArm_R,0.4402,,,
1773143892.3425438,PC1,0,Length_LowerArm_R,0.4021,,,
1773143892.3425438,PC1,0,Width_Shoulder,0.241,,,
1773143892.530089,PC1,0,0,0.40682,0.53527,-0.455,0.9998164772987366
1773143892.530089,PC1,0,1,0.43029,0.50071,-0.41064,0.9994053244590759
1773143892.530089,PC1,0,2,0.44237,0.50383,-0.41048,0.9994980692863464
1773143892.530089,PC1,0,3,0.45337,0.50748,-0.41018,0.9992682337760925
1773143892.530089,PC1,0,4,0.40188,0.49478,-0.41137,0.9995985627174377
1773143892.530089,PC1,0,5,0.3949,0.49376,-0.41134,0.999752938747406
1773143892.530089,PC1,0,6,0.38906,0.49328,-0.41166,0.999722957611084
1773143892.530089,PC1,0,7,0.47424,0.5326,-0.16692,0.9994124174118042
1773143892.530089,PC1,0,8,0.39034,0.52323,-0.15726,0.9998582005500793
1773143892.530089,PC1,0,9,0.42889,0.58835,-0.36895,0.9997304677963257
1773143892.530089,PC1,0,10,0.39561,0.58128,-0.36828,0.9998535513877869
1773143892.530089,PC1,0,11,0.54553,0.73736,-0.04272,0.9980896711349487
1773143892.530089,PC1,0,12,0.32291,0.70778,-0.14377,0.9992503523826599
1773143892.530089,PC1,0,13,0.72598,0.84054,-0.41638,0.9165892004966736
1773143892.530089,PC1,0,14,0.19299,0.90712,-0.53456,0.9395211338996887
1773143892.530089,PC1,0,15,0.60544,0.73211,-0.74601,0.9832359552383423
1773143892.530089,PC1,0,16,0.39609,0.79588,-0.82895,0.99345862865448
1773143892.530089,PC1,0,17,0.56508,0.70965,-0.80705,0.9436435699462891
1773143892.530089,PC1,0,18,0.45104,0.79157,-0.89986,0.9804196357727051
1773143892.530089,PC1,0,19,0.54729,0.71117,-0.71889,0.9422377347946167
1773143892.530089,PC1,0,20,0.46468,0.77361,-0.81266,0.9803978204727173
1773143892.530089,PC1,0,21,0.55011,0.73023,-0.72024,0.9420604109764099
1773143892.530089,PC1,0,22,0.45037,0.77953,-0.79725,0.9781215190887451
1773143892.530089,PC1,0,23,0.57904,1.36342,0.06538,0.0347878634929657
1773143892.530089,PC1,0,24,0.42127,1.38918,-0.06265,0.040976859629154205
1773143892.530089,PC1,0,25,0.57769,1.83065,0.1012,0.0051325540989637375
1773143892.530089,PC1,0,26,0.43173,1.87311,-0.06293,0.003434577025473118
1773143892.530089,PC1,0,27,0.55843,2.27531,0.40908,0.0007658885442651808
1773143892.530089,PC1,0,28,0.41329,2.30946,0.13144,0.00015240081120282412
1773143892.530089,PC1,0,29,0.54542,2.35129,0.42336,0.0006783345597796142
1773143892.530089,PC1,0,30,0.39089,2.38669,0.13876,0.00021605793153867126
1773143892.530089,PC1,0,31,0.60246,2.38645,0.18492,0.00033505476312711835
1773143892.530089,PC1,0,32,0.48526,2.41597,-0.18737,0.00036982647725380957
1773143892.530089,PC1,0,Angle_Elbow_L,125.06,,,
1773143892.530089,PC1,0,Angle_Elbow_R,112.83,,,
1773143892.530089,PC1,0,Angle_Shoulder_L,98.92,,,
1773143892.530089,PC1,0,Angle_Shoulder_R,106.21,,,
1773143892.530089,PC1,0,Length_UpperArm_L,0.4276,,,
1773143892.530089,PC1,0,Length_LowerArm_L,0.3673,,,
1773143892.530089,PC1,0,Length_UpperArm_R,0.4575,,,
1773143892.530089,PC1,0,Length_LowerArm_R,0.3746,,,
1773143892.530089,PC1,0,Width_Shoulder,0.2463,,,
1773143892.6701288,PC1,0,0,0.4055,0.5435,-0.37559,0.9998477697372437
1773143892.6701288,PC1,0,1,0.42396,0.51014,-0.33047,0.9995303750038147
1773143892.6701288,PC1,0,2,0.43425,0.51274,-0.33032,0.9995966553688049
1773143892.6701288,PC1,0,3,0.4435,0.516,-0.33011,0.9994280934333801
1773143892.6701288,PC1,0,4,0.39709,0.50528,-0.33697,0.9996766448020935
1773143892.6701288,PC1,0,5,0.38909,0.5044,-0.33686,0.9997943639755249
1773143892.6701288,PC1,0,6,0.38188,0.50414,-0.33712,0.9997754693031311
1773143892.6701288,PC1,0,7,0.46058,0.5396,-0.09215,0.99953693151474
1773143892.6701288,PC1,0,8,0.37679,0.52982,-0.12105,0.9998853206634521
1773143892.6701288,PC1,0,9,0.42253,0.59458,-0.29187,0.9997736811637878
1773143892.6701288,PC1,0,10,0.39194,0.59055,-0.29545,0.9998770952224731
1773143892.6701288,PC1,0,11,0.51743,0.73607,0.03789,0.9984128475189209
1773143892.6701288,PC1,0,12,0.30906,0.71826,-0.1158,0.9991474151611328
1773143892.6701288,PC1,0,13,0.69909,0.82378,-0.28064,0.9355167746543884
1773143892.6701288,PC1,0,14,0.18919,0.93596,-0.47157,0.9534754157066345
1773143892.6701288,PC1,0,15,0.59882,0.69416,-0.56708,0.9849295616149902
1773143892.6701288,PC1,0,16,0.37821,0.75119,-0.71256,0.992552638053894
1773143892.6701288,PC1,0,17,0.56786,0.65679,-0.62814,0.9488660097122192
1773143892.6701288,PC1,0,18,0.42005,0.70636,-0.78662,0.97592693567276
1773143892.6701288,PC1,0,19,0.54701,0.65675,-0.54657,0.947550892829895
1773143892.6701288,PC1,0,20,0.42943,0.68772,-0.70553,0.9760960340499878
1773143892.6701288,PC1,0,21,0.54937,0.67601,-0.5456,0.9466452598571777
1773143892.6701288,PC1,0,22,0.42044,0.70901,-0.68467,0.9727892875671387
1773143892.6701288,PC1,0,23,0.57904,1.36342,0.06538,0.02868237905204296
1773143892.6701288,PC1,0,24,0.42127,1.38918,-0.06265,0.03229131922125816
1773143892.6701288,PC1,0,25,0.57769,1.83065,0.1012,0.004916209727525711
1773143892.6701288,PC1,0,26,0.43173,1.87311,-0.06293,0.003135707462206483
1773143892.6701288,PC1,0,27,0.55843,2.27531,0.40908,0.0006772801862098277
1773143892.6701288,PC1,0,28,0.41329,2.30946,0.13144,0.00012990720279049128
1773143892.6701288,PC1,0,29,0.54542,2.35129,0.42336,0.0005721604102291167
1773143892.6701288,PC1,0,30,0.39089,2.38669,0.13876,0.00018377898959442973
1773143892.6701288,PC1,0,31,0.60246,2.38645,0.18492,0.0003928812511730939
1773143892.6701288,PC1,0,32,0.48526,2.41597,-0.18737,0.00036054052179679275
1773143892.6701288,PC1,0,Angle_Elbow_L,119.7,,,
1773143892.6701288,PC1,0,Angle_Elbow_R,98.47,,,
1773143892.6701288,PC1,0,Angle_Shoulder_L,104.01,,,
1773143892.6701288,PC1,0,Angle_Shoulder_R,114.16,,,
1773143892.6701288,PC1,0,Length_UpperArm_L,0.377,,,
1773143892.6701288,PC1,0,Length_LowerArm_L,0.33,,,
1773143892.6701288,PC1,0,Length_UpperArm_R,0.434,,,
1773143892.6701288,PC1,0,Length_LowerArm_R,0.3577,,,
1773143892.6701288,PC1,0,Width_Shoulder,0.2595,,,
1773143892.746072,PC1,0,0,0.40382,0.54671,-0.3544,0.9998621344566345
1773143892.746072,PC1,0,1,0.42052,0.51307,-0.3083,0.9995748400688171
1773143892.746072,PC1,0,2,0.43005,0.51552,-0.30816,0.9996345043182373
1773143892.746072,PC1,0,3,0.43876,0.51865,-0.30796,0.9994828104972839
1773143892.746072,PC1,0,4,0.39404,0.50854,-0.31417,0.9997066259384155
1773143892.746072,PC1,0,5,0.38533,0.50774,-0.3141,0.9998129606246948
1773143892.746072,PC1,0,6,0.37725,0.50762,-0.31432,0.9997961521148682
1773143892.746072,PC1,0,7,0.45466,0.54145,-0.07405,0.9995812177658081
1773143892.746072,PC1,0,8,0.36862,0.53291,-0.09922,0.9998956918716431
1773143892.746072,PC1,0,9,0.41918,0.59599,-0.27309,0.999794065952301
1773143892.746072,PC1,0,10,0.38804,0.5936,-0.27655,0.9998877048492432
1773143892.746072,PC1,0,11,0.51063,0.73427,0.05045,0.998554527759552
1773143892.746072,PC1,0,12,0.30502,0.72476,-0.08788,0.9992032647132874
1773143892.746072,PC1,0,13,0.69026,0.8164,-0.26383,0.9414213299751282
1773143892.746072,PC1,0,14,0.19378,0.9423,-0.44224,0.9577813744544983
1773143892.746072,PC1,0,15,0.59853,0.66048,-0.53482,0.9862219095230103
1773143892.746072,PC1,0,16,0.35739,0.71136,-0.69756,0.99300217628479
1773143892.746072,PC1,0,17,0.57218,0.61639,-0.59537,0.9529393315315247
1773143892.746072,PC1,0,18,0.39197,0.6557,-0.77361,0.9769407510757446
1773143892.746072,PC1,0,19,0.55202,0.61434,-0.51504,0.9516026377677917
1773143892.746072,PC1,0,20,0.40011,0.63974,-0.69575,0.9770166277885437
1773143892.746072,PC1,0,21,0.55465,0.63457,-0.51423,0.9507645964622498
1773143892.746072,PC1,0,22,0.39365,0.66416,-0.67334,0.9740091562271118
1773143892.746072,PC1,0,23,0.57904,1.36342,0.06538,0.028472350910305977
1773143892.746072,PC1,0,24,0.42127,1.38918,-0.06265,0.031110908836126328
1773143892.746072,PC1,0,25,0.57769,1.83065,0.1012,0.004931120667606592
1773143892.746072,PC1,0,26,0.43173,1.87311,-0.06293,0.0031671973410993814
1773143892.746072,PC1,0,27,0.55843,2.27531,0.40908,0.0006479916628450155
1773143892.746072,PC1,0,28,0.41329,2.30946,0.13144,0.00012476331903599203
1773143892.746072,PC1,0,29,0.54542,2.35129,0.42336,0.0005423040129244328
1773143892.746072,PC1,0,30,0.39089,2.38669,0.13876,0.00017936201766133308
1773143892.746072,PC1,0,31,0.60246,2.38645,0.18492,0.0003869586216751486
1773143892.746072,PC1,0,32,0.48526,2.41597,-0.18737,0.000357202225131914
1773143892.746072,PC1,0,Angle_Elbow_L,117.52,,,
1773143892.746072,PC1,0,Angle_Elbow_R,97.72,,,
1773143892.746072,PC1,0,Angle_Shoulder_L,105.15,,,
1773143892.746072,PC1,0,Angle_Shoulder_R,116.0,,,
1773143892.746072,PC1,0,Length_UpperArm_L,0.3712,,,
1773143892.746072,PC1,0,Length_LowerArm_L,0.3258,,,
1773143892.746072,PC1,0,Length_UpperArm_R,0.4304,,,
1773143892.746072,PC1,0,Length_LowerArm_R,0.3812,,,
1773143892.746072,PC1,0,Width_Shoulder,0.248,,,
1773143892.8875241,PC1,0,0,0.4012,0.54884,-0.32625,0.9998751878738403
1773143892.8875241,PC1,0,1,0.41668,0.51493,-0.28283,0.9996155500411987
1773143892.8875241,PC1,0,2,0.42583,0.51717,-0.28267,0.9996691346168518
1773143892.8875241,PC1,0,3,0.43437,0.51982,-0.28247,0.9995328187942505
1773143892.8875241,PC1,0,4,0.39,0.51165,-0.28588,0.999734103679657
1773143892.8875241,PC1,0,5,0.38074,0.51157,-0.2858,0.9998298287391663
1773143892.8875241,PC1,0,6,0.37199,0.51219,-0.28601,0.9998151063919067
1773143892.8875241,PC1,0,7,0.44951,0.5404,-0.06149,0.9996214509010315
1773143892.8875241,PC1,0,8,0.36152,0.53587,-0.07175,0.9999051094055176
1773143892.8875241,PC1,0,9,0.41669,0.59657,-0.25006,0.9998125433921814
1773143892.8875241,PC1,0,10,0.38454,0.5955,-0.25062,0.9998975396156311
1773143892.8875241,PC1,0,11,0.5072,0.72749,0.05607,0.9986817836761475
1773143892.8875241,PC1,0,12,0.30258,0.72872,-0.05045,0.9992611408233643
1773143892.8875241,PC1,0,13,0.68145,0.80589,-0.24541,0.9466947913169861
1773143892.8875241,PC1,0,14,0.19494,0.92627,-0.40316,0.9617760181427002
1773143892.8875241,PC1,0,15,0.59825,0.62263,-0.48092,0.987371563911438
1773143892.8875241,PC1,0,16,0.33742,0.65559,-0.68045,0.9934011697769165
1773143892.8875241,PC1,0,17,0.57531,0.56853,-0.5375,0.9566549062728882
1773143892.8875241,PC1,0,18,0.36305,0.58868,-0.75808,0.9778048992156982
1773143892.8875241,PC1,0,19,0.55679,0.56286,-0.46232,0.9553475975990295
1773143892.8875241,PC1,0,20,0.37153,0.57441,-0.68051,0.9777580499649048
1773143892.8875241,PC1,0,21,0.55865,0.58592,-0.46178,0.9545323252677917
1773143892.8875241,PC1,0,22,0.36831,0.60317,-0.65964,0.9751291871070862
1773143892.8875241,PC1,0,23,0.57904,1.36342,0.06538,0.029720325022935867
1773143892.8875241,PC1,0,24,0.42127,1.38918,-0.06265,0.03262431174516678
1773143892.8875241,PC1,0,25,0.57769,1.83065,0.1012,0.00499135022982955
1773143892.8875241,PC1,0,26,0.43173,1.87311,-0.06293,0.0030957621056586504
1773143892.8875241,PC1,0,27,0.55843,2.27531,0.40908,0.0006187586113810539
1773143892.8875241,PC1,0,28,0.41329,2.30946,0.13144,0.0001189150643767789
1773143892.8875241,PC1,0,29,0.54542,2.35129,0.42336,0.0005152758094482124
1773143892.8875241,PC1,0,30,0.39089,2.38669,0.13876,0.0001749546645442024
1773143892.8875241,PC1,0,31,0.60246,2.38645,0.18492,0.0003747851587831974
1773143892.8875241,PC1,0,32,0.48526,2.41597,-0.18737,0.0003416886320337653
1773143892.8875241,PC1,0,Angle_Elbow_L,112.4,,,
1773143892.8875241,PC1,0,Angle_Elbow_R,99.66,,,
1773143892.8875241,PC1,0,Angle_Shoulder_L,106.87,,,
1773143892.8875241,PC1,0,Angle_Shoulder_R,115.57,,,
1773143892.8875241,PC1,0,Length_UpperArm_L,0.3569,,,
1773143892.8875241,PC1,0,Length_LowerArm_L,0.3098,,,
1773143892.8875241,PC1,0,Length_UpperArm_R,0.4183,,,
1773143892.8875241,PC1,0,Length_LowerArm_R,0.4129,,,
1773143892.8875241,PC1,0,Width_Shoulder,0.2307,,,
1773143893.105431,PC1,0,0,0.39317,0.55792,-0.34511,0.9999079704284668
1773143893.105431,PC1,0,1,0.41002,0.52375,-0.29953,0.9997170567512512
1773143893.105431,PC1,0,2,0.41923,0.52532,-0.29931,0.9997552633285522
1773143893.105431,PC1,0,3,0.42777,0.52744,-0.29905,0.9996563792228699
1773143893.105431,PC1,0,4,0.38115,0.52166,-0.30086,0.9998036026954651
1773143893.105431,PC1,0,5,0.37087,0.52182,-0.30073,0.9998729825019836
1773143893.105431,PC1,0,6,0.36137,0.52256,-0.3009,0.9998632073402405
1773143893.105431,PC1,0,7,0.44124,0.54557,-0.07917,0.9997209310531616
1773143893.105431,PC1,0,8,0.34978,0.54401,-0.07711,0.9999296069145203
1773143893.105431,PC1,0,9,0.41083,0.60325,-0.27103,0.9998598694801331
1773143893.105431,PC1,0,10,0.37584,0.60217,-0.27068,0.9999232292175293
1773143893.105431,PC1,0,11,0.49942,0.72984,0.02311,0.9989263415336609
1773143893.105431,PC1,0,12,0.29411,0.73928,-0.02399,0.9993734955787659
1773143893.105431,PC1,0,13,0.65799,0.76174,-0.21317,0.9598372578620911
1773143893.105431,PC1,0,14,0.16529,0.82504,-0.31913,0.9718841910362244
1773143893.105431,PC1,0,15,0.60077,0.52511,-0.42109,0.9899901747703552
1773143893.105431,PC1,0,16,0.26048,0.50153,-0.55921,0.994280219078064
1773143893.105431,PC1,0,17,0.59083,0.45304,-0.47697,0.9647466540336609
1773143893.105431,PC1,0,18,0.27048,0.41669,-0.63774,0.9783169627189636
1773143893.105431,PC1,0,19,0.57444,0.4481,-0.40983,0.9635939598083496
1773143893.105431,PC1,0,20,0.28394,0.40722,-0.56099,0.9783998131752014
1773143893.105431,PC1,0,21,0.57088,0.47615,-0.40822,0.9630267024040222
1773143893.105431,PC1,0,22,0.28813,0.44233,-0.54513,0.9768874645233154
1773143893.105431,PC1,0,23,0.57904,1.36342,0.06538,0.026082873344421387
1773143893.105431,PC1,0,24,0.42127,1.38918,-0.06265,0.02885013073682785
1773143893.105431,PC1,0,25,0.57769,1.83065,0.1012,0.0041490341536700726
1773143893.105431,PC1,0,26,0.43173,1.87311,-0.06293,0.0024429408367723227
1773143893.105431,PC1,0,27,0.55843,2.27531,0.40908,0.00047497072955593467
1773143893.105431,PC1,0,28,0.41329,2.30946,0.13144,9.020671859616414e-05
1773143893.105431,PC1,0,29,0.54542,2.35129,0.42336,0.0004053665034007281
1773143893.105431,PC1,0,30,0.39089,2.38669,0.13876,0.00013856259465683252
1773143893.105431,PC1,0,31,0.60246,2.38645,0.18492,0.0002942294522654265
1773143893.105431,PC1,0,32,0.48526,2.41597,-0.18737,0.0002732171560637653
1773143893.105431,PC1,0,Angle_Elbow_L,110.77,,,
1773143893.105431,PC1,0,Angle_Elbow_R,102.92,,,
1773143893.105431,PC1,0,Angle_Shoulder_L,101.29,,,
1773143893.105431,PC1,0,Angle_Shoulder_R,100.96,,,
1773143893.105431,PC1,0,Length_UpperArm_L,0.2863,,,
1773143893.105431,PC1,0,Length_LowerArm_L,0.3202,,,
1773143893.105431,PC1,0,Length_UpperArm_R,0.3333,,,
1773143893.105431,PC1,0,Length_LowerArm_R,0.414,,,
1773143893.105431,PC1,0,Width_Shoulder,0.2109,,,
1773143893.166761,PC1,0,0,0.3904,0.56032,-0.36454,0.9999161958694458
1773143893.166761,PC1,0,1,0.40846,0.5264,-0.31905,0.9997431039810181
1773143893.166761,PC1,0,2,0.41789,0.52797,-0.31885,0.9997766017913818
1773143893.166761,PC1,0,3,0.42652,0.53002,-0.3186,0.9996883273124695
1773143893.166761,PC1,0,4,0.3789,0.52399,-0.31903,0.999821126461029
1773143893.166761,PC1,0,5,0.36876,0.52395,-0.31889,0.9998828172683716
1773143893.166761,PC1,0,6,0.3593,0.52451,-0.31905,0.9998751878738403
1773143893.166761,PC1,0,7,0.4398,0.54813,-0.09797,0.9997460246086121
1773143893.166761,PC1,0,8,0.34775,0.54554,-0.08779,0.9999355673789978
1773143893.166761,PC1,0,9,0.40906,0.60613,-0.29064,0.9998712539672852
1773143893.166761,PC1,0,10,0.37356,0.60404,-0.28826,0.9999293684959412
1773143893.166761,PC1,0,11,0.49793,0.73277,-0.00161,0.998955249786377
1773143893.166761,PC1,0,12,0.29025,0.74264,-0.02506,0.9993922710418701
1773143893.166761,PC1,0,13,0.65311,0.75354,-0.22932,0.9632146954536438
1773143893.166761,PC1,0,14,0.15333,0.80219,-0.28262,0.9746474623680115
1773143893.166761,PC1,0,15,0.60277,0.50785,-0.43011,0.9906571507453918
1773143893.166761,PC1,0,16,0.23536,0.4718,-0.50459,0.9944153428077698
1773143893.166761,PC1,0,17,0.5953,0.43231,-0.4884,0.9666992425918579
1773143893.166761,PC1,0,18,0.24168,0.38623,-0.58271,0.9774549603462219
1773143893.166761,PC1,0,19,0.5796,0.42771,-0.42749,0.96554034948349
1773143893.166761,PC1,0,20,0.25598,0.37436,-0.50744,0.9777768850326538
1773143893.166761,PC1,0,21,0.57534,0.45667,-0.42044,0.9651523232460022
1773143893.166761,PC1,0,22,0.26151,0.41024,-0.49249,0.9767749905586243
1773143893.166761,PC1,0,23,0.57904,1.36342,0.06538,0.024962425231933594
1773143893.166761,PC1,0,24,0.42127,1.38918,-0.06265,0.027792736887931824
1773143893.166761,PC1,0,25,0.57769,1.83065,0.1012,0.0038908016867935658
1773143893.166761,PC1,0,26,0.43173,1.87311,-0.06293,0.002268826123327017
1773143893.166761,PC1,0,27,0.55843,2.27531,0.40908,0.00044139233068563044
1773143893.166761,PC1,0,28,0.41329,2.30946,0.13144,8.272613195003942e-05
1773143893.166761,PC1,0,29,0.54542,2.35129,0.42336,0.00038307684008032084
1773143893.166761,PC1,0,30,0.39089,2.38669,0.13876,0.00013331980153452605
1773143893.166761,PC1,0,31,0.60246,2.38645,0.18492,0.00027283275267109275
1773143893.166761,PC1,0,32,0.48526,2.41597,-0.18737,0.0002572784433141351
1773143893.166761,PC1,0,Angle_Elbow_L,111.69,,,
1773143893.166761,PC1,0,Angle_Elbow_R,102.54,,,
1773143893.166761,PC1,0,Angle_Shoulder_L,98.48,,,
1773143893.166761,PC1,0,Angle_Shoulder_R,95.87,,,
1773143893.166761,PC1,0,Length_UpperArm_L,0.2763,,,
1773143893.166761,PC1,0,Length_LowerArm_L,0.3213,,,
1773143893.166761,PC1,0,Length_UpperArm_R,0.2977,,,
1773143893.166761,PC1,0,Length_LowerArm_R,0.4064,,,
1773143893.166761,PC1,0,Width_Shoulder,0.2092,,,
1773143893.228333,PC1,0,0,0.38377,0.56276,-0.3778,0.9999229311943054
1773143893.228333,PC1,0,1,0.40287,0.52916,-0.3316,0.9997649788856506
1773143893.228333,PC1,0,2,0.41297,0.53077,-0.33143,0.999793529510498
1773143893.228333,PC1,0,3,0.4219,0.53275,-0.33117,0.9997151494026184
1773143893.228333,PC1,0,4,0.37325,0.52622,-0.33043,0.9998357892036438
1773143893.228333,PC1,0,5,0.36358,0.52563,-0.33029,0.9998905658721924
1773143893.228333,PC1,0,6,0.35458,0.52545,-0.33045,0.9998852014541626
1773143893.228333,PC1,0,7,0.4365,0.55084,-0.10998,0.9997658729553223
1773143893.228333,PC1,0,8,0.34486,0.54626,-0.09259,0.9999400973320007
1773143893.228333,PC1,0,9,0.4031,0.60969,-0.30428,0.9998784065246582
1773143893.228333,PC1,0,10,0.36764,0.60595,-0.29999,0.9999333024024963
1773143893.228333,PC1,0,11,0.49607,0.73571,-0.02255,0.9989088773727417
1773143893.228333,PC1,0,12,0.28373,0.74627,-0.01367,0.9993744492530823
1773143893.228333,PC1,0,13,0.64859,0.74603,-0.24296,0.9662286639213562
1773143893.228333,PC1,0,14,0.13431,0.78735,-0.22285,0.9771277904510498
1773143893.228333,PC1,0,15,0.6038,0.48949,-0.42794,0.9910877346992493
1773143893.228333,PC1,0,16,0.20578,0.44918,-0.41736,0.9946576356887817
1773143893.228333,PC1,0,17,0.59962,0.41207,-0.48355,0.9677696228027344
1773143893.228333,PC1,0,18,0.20978,0.35834,-0.4897,0.9774733185768127
1773143893.228333,PC1,0,19,0.58407,0.40846,-0.42703,0.966576337814331
1773143893.228333,PC1,0,20,0.22541,0.34658,-0.41717,0.9778942465782166
1773143893.228333,PC1,0,21,0.57855,0.43838,-0.4197,0.966340184211731
1773143893.228333,PC1,0,22,0.23249,0.38347,-0.40629,0.9771583676338196
1773143893.228333,PC1,0,23,0.57904,1.36342,0.06538,0.023885633796453476
1773143893.228333,PC1,0,24,0.42127,1.38918,-0.06265,0.026883872225880623
1773143893.228333,PC1,0,25,0.57769,1.83065,0.1012,0.0037055236753076315
1773143893.228333,PC1,0,26,0.43173,1.87311,-0.06293,0.0021517211571335793
1773143893.228333,PC1,0,27,0.55843,2.27531,0.40908,0.00040995769086293876
1773143893.228333,PC1,0,28,0.41329,2.30946,0.13144,7.751965313218534e-05
1773143893.228333,PC1,0,29,0.54542,2.35129,0.42336,0.00036033408832736313
1773143893.228333,PC1,0,30,0.39089,2.38669,0.13876,0.00013062224024906754
1773143893.228333,PC1,0,31,0.60246,2.38645,0.18492,0.0002551983343437314
1773143893.228333,PC1,0,32,0.48526,2.41597,-0.18737,0.00025040190666913986
1773143893.228333,PC1,0,Angle_Elbow_L,111.42,,,
1773143893.228333,PC1,0,Angle_Elbow_R,98.98,,,
1773143893.228333,PC1,0,Angle_Shoulder_L,96.33,,,
1773143893.228333,PC1,0,Angle_Shoulder_R,91.89,,,
1773143893.228333,PC1,0,Length_UpperArm_L,0.2682,,,
1773143893.228333,PC1,0,Length_LowerArm_L,0.3194,,,
1773143893.228333,PC1,0,Length_UpperArm_R,0.2603,,,
1773143893.228333,PC1,0,Length_LowerArm_R,0.3966,,,
1773143893.228333,PC1,0,Width_Shoulder,0.2128,,,
1773143893.293269,PC1,0,0,0.38185,0.56352,-0.38294,0.9999299645423889
1773143893.293269,PC1,0,1,0.40148,0.53005,-0.33617,0.9997866749763489
1773143893.293269,PC1,0,2,0.41171,0.53171,-0.33599,0.9998119473457336
1773143893.293269,PC1,0,3,0.42069,0.53369,-0.33572,0.9997416138648987
1773143893.293269,PC1,0,4,0.37163,0.52691,-0.33512,0.9998505711555481
1773143893.293269,PC1,0,5,0.36214,0.52614,-0.33498,0.9998997449874878
1773143893.293269,PC1,0,6,0.35326,0.52572,-0.33515,0.999895453453064
1773143893.293269,PC1,0,7,0.43547,0.55171,-0.11355,0.9997872710227966
1773143893.293269,PC1,0,8,0.34387,0.54644,-0.09685,0.9999454021453857
1773143893.293269,PC1,0,9,0.40133,0.61081,-0.30947,0.99988853931427
1773143893.293269,PC1,0,10,0.36587,0.60643,-0.30554,0.9999388456344604
1773143893.293269,PC1,0,11,0.49542,0.73657,-0.02785,0.9989863634109497
1773143893.293269,PC1,0,12,0.28111,0.74749,-0.01647,0.9994156956672668
1773143893.293269,PC1,0,13,0.64731,0.74517,-0.24796,0.9692395329475403
1773143893.293269,PC1,0,14,0.12697,0.79143,-0.24934,0.9793612360954285
1773143893.293269,PC1,0,15,0.60407,0.48662,-0.42735,0.991714358329773
1773143893.293269,PC1,0,16,0.19657,0.44693,-0.4679,0.9949237108230591
1773143893.293269,PC1,0,17,0.60022,0.40837,-0.4823,0.9696192741394043
1773143893.293269,PC1,0,18,0.19939,0.35258,-0.54288,0.9779160022735596
1773143893.293269,PC1,0,19,0.58463,0.40372,-0.42606,0.9683846831321716
1773143893.293269,PC1,0,20,0.21581,0.34283,-0.46673,0.9783031940460205
1773143893.293269,PC1,0,21,0.57873,0.43422,-0.41937,0.9682638049125671
1773143893.293269,PC1,0,22,0.22353,0.37923,-0.45625,0.9779144525527954
1773143893.293269,PC1,0,23,0.57904,1.36342,0.06538,0.02375953085720539
1773143893.293269,PC1,0,24,0.42127,1.38918,-0.06265,0.02736656367778778
1773143893.293269,PC1,0,25,0.57769,1.83065,0.1012,0.003610237967222929
1773143893.293269,PC1,0,26,0.43173,1.87311,-0.06293,0.0020512572955340147
1773143893.293269,PC1,0,27,0.55843,2.27531,0.40908,0.0003872299275826663
1773143893.293269,PC1,0,28,0.41329,2.30946,0.13144,7.220955012599006e-05
1773143893.293269,PC1,0,29,0.54542,2.35129,0.42336,0.0003435100952629
1773143893.293269,PC1,0,30,0.39089,2.38669,0.13876,0.0001273346715606749
1773143893.293269,PC1,0,31,0.60246,2.38645,0.18492,0.0002410143642919138
1773143893.293269,PC1,0,32,0.48526,2.41597,-0.18737,0.00023723937920294702
1773143893.293269,PC1,0,Angle_Elbow_L,111.17,,,
1773143893.293269,PC1,0,Angle_Elbow_R,102.35,,,
1773143893.293269,PC1,0,Angle_Shoulder_L,95.75,,,
1773143893.293269,PC1,0,Angle_Shoulder_R,91.62,,,
1773143893.293269,PC1,0,Length_UpperArm_L,0.2676,,,
1773143893.293269,PC1,0,Length_LowerArm_L,0.3176,,,
1773143893.293269,PC1,0,Length_UpperArm_R,0.2827,,,
1773143893.293269,PC1,0,Length_LowerArm_R,0.4139,,,
1773143893.293269,PC1,0,Width_Shoulder,0.2149,,,
1773143893.358017,PC1,0,0,0.38041,0.56409,-0.39003,0.9999364018440247
1773143893.358017,PC1,0,1,0.40049,0.53067,-0.344,0.9998064637184143
1773143893.358017,PC1,0,2,0.41087,0.53239,-0.34382,0.9998289346694946
1773143893.358017,PC1,0,3,0.4199,0.53439,-0.34354,0.9997655749320984
1773143893.358017,PC1,0,4,0.37049,0.52737,-0.34246,0.9998642206192017
1773143893.358017,PC1,0,5,0.36111,0.52646,-0.34234,0.9999083280563354
1773143893.358017,PC1,0,6,0.35234,0.52587,-0.3425,0.9999047517776489
1773143893.358017,PC1,0,7,0.43486,0.55222,-0.12045,0.9998066425323486
1773143893.358017,PC1,0,8,0.34348,0.54584,-0.10307,0.999950110912323
1773143893.358017,PC1,0,9,0.40007,0.61165,-0.31596,0.9998977780342102
1773143893.358017,PC1,0,10,0.36456,0.60661,-0.31193,0.9999438524246216
1773143893.358017,PC1,0,11,0.49495,0.73699,-0.03111,0.9990445375442505
1773143893.358017,PC1,0,12,0.27934,0.74839,-0.02028,0.9994422793388367
1773143893.358017,PC1,0,13,0.64646,0.75562,-0.25252,0.9715790748596191
1773143893.358017,PC1,0,14,0.12197,0.80782,-0.27316,0.9812331795692444
1773143893.358017,PC1,0,15,0.60595,0.49468,-0.44337,0.9924132227897644
1773143893.358017,PC1,0,16,0.18603,0.46121,-0.53135,0.9952363967895508
1773143893.358017,PC1,0,17,0.60078,0.41473,-0.49844,0.9721664190292358
1773143893.358017,PC1,0,18,0.1883,0.36486,-0.60939,0.9791478514671326
1773143893.358017,PC1,0,19,0.58536,0.40694,-0.44225,0.9710186719894409
1773143893.358017,PC1,0,20,0.20511,0.35507,-0.5336,0.9795461893081665
1773143893.358017,PC1,0,21,0.58006,0.43737,-0.43506,0.9708631634712219
1773143893.358017,PC1,0,22,0.21303,0.38931,-0.52054,0.9792717695236206
1773143893.358017,PC1,0,23,0.57904,1.36342,0.06538,0.02222045138478279
1773143893.358017,PC1,0,24,0.42127,1.38918,-0.06265,0.025879140943288803
1773143893.358017,PC1,0,25,0.57769,1.83065,0.1012,0.003368987236171961
1773143893.358017,PC1,0,26,0.43173,1.87311,-0.06293,0.0018942375900223851
1773143893.358017,PC1,0,27,0.55843,2.27531,0.40908,0.0003574935544747859
1773143893.358017,PC1,0,28,0.41329,2.30946,0.13144,6.612601282540709e-05
1773143893.358017,PC1,0,29,0.54542,2.35129,0.42336,0.00031820687581785023
1773143893.358017,PC1,0,30,0.39089,2.38669,0.13876,0.00011853292380692437
1773143893.358017,PC1,0,31,0.60246,2.38645,0.18492,0.00022453328710980713
1773143893.358017,PC1,0,32,0.48526,2.41597,-0.18737,0.00022174730838742107
1773143893.358017,PC1,0,Angle_Elbow_L,110.9,,,
1773143893.358017,PC1,0,Angle_Elbow_R,105.12,,,
1773143893.358017,PC1,0,Angle_Shoulder_L,97.61,,,
1773143893.358017,PC1,0,Angle_Shoulder_R,93.82,,,
1773143893.358017,PC1,0,Length_UpperArm_L,0.2689,,,
1773143893.358017,PC1,0,Length_LowerArm_L,0.3258,,,
1773143893.358017,PC1,0,Length_UpperArm_R,0.3037,,,
1773143893.358017,PC1,0,Length_LowerArm_R,0.4369,,,
1773143893.358017,PC1,0,Width_Shoulder,0.2162,,,
1773143893.556701,PC1,0,0,0.37968,0.56078,-0.4125,0.9999480843544006
1773143893.556701,PC1,0,1,0.40095,0.52743,-0.36378,0.99984210729599
1773143893.556701,PC1,0,2,0.41145,0.52975,-0.36368,0.9998603463172913
1773143893.556701,PC1,0,3,0.42059,0.53257,-0.36336,0.9998087286949158
1773143893.556701,PC1,0,4,0.37065,0.52355,-0.36184,0.9998891949653625
1773143893.556701,PC1,0,5,0.36133,0.52243,-0.36175,0.9999250173568726
1773143893.556701,PC1,0,6,0.3526,0.52137,-0.36191,0.9999220967292786
1773143893.556701,PC1,0,7,0.43536,0.55102,-0.12288,0.99984210729599
1773143893.556701,PC1,0,8,0.34363,0.54025,-0.12016,0.9999592304229736
1773143893.556701,PC1,0,9,0.39934,0.60878,-0.33036,0.9999160170555115
1773143893.556701,PC1,0,10,0.36361,0.60336,-0.33101,0.9999539256095886
1773143893.556701,PC1,0,11,0.49446,0.73716,-0.00266,0.9991835355758667
1773143893.556701,PC1,0,12,0.27702,0.74913,-0.0381,0.9995226860046387
1773143893.556701,PC1,0,13,0.64548,0.78526,-0.17416,0.9765071272850037
1773143893.556701,PC1,0,14,0.11052,0.84689,-0.27695,0.9845777153968811
1773143893.556701,PC1,0,15,0.62975,0.51322,-0.37843,0.9937146902084351
1773143893.556701,PC1,0,16,0.13507,0.50355,-0.55863,0.9959236979484558
1773143893.556701,PC1,0,17,0.62475,0.42886,-0.42792,0.9769665002822876
1773143893.556701,PC1,0,18,0.13449,0.40385,-0.63181,0.9820751547813416
1773143893.556701,PC1,0,19,0.60995,0.41579,-0.38105,0.97601717710495
1773143893.556701,PC1,0,20,0.15133,0.39208,-0.58651,0.9824779033660889
1773143893.556701,PC1,0,21,0.60458,0.44686,-0.37343,0.9758729934692383
1773143893.556701,PC1,0,22,0.15879,0.42589,-0.55707,0.9824281334877014
1773143893.556701,PC1,0,23,0.57904,1.36342,0.06538,0.02290395088493824
1773143893.556701,PC1,0,24,0.42127,1.38918,-0.06265,0.027787860482931137
1773143893.556701,PC1,0,25,0.57769,1.83065,0.1012,0.003140581538900733
1773143893.556701,PC1,0,26,0.43173,1.87311,-0.06293,0.0017347519751638174
1773143893.556701,PC1,0,27,0.55843,2.27531,0.40908,0.00032061306410469115
1773143893.556701,PC1,0,28,0.41329,2.30946,0.13144,6.123292405391112e-05
1773143893.556701,PC1,0,29,0.54542,2.35129,0.42336,0.0003123377391602844
1773143893.556701,PC1,0,30,0.39089,2.38669,0.13876,0.00011575920507311821
1773143893.556701,PC1,0,31,0.60246,2.38645,0.18492,0.00022678733512293547
1773143893.556701,PC1,0,32,0.48526,2.41597,-0.18737,0.000221814785618335
1773143893.556701,PC1,0,Angle_Elbow_L,104.25,,,
1773143893.556701,PC1,0,Angle_Elbow_R,102.53,,,
1773143893.556701,PC1,0,Angle_Shoulder_L,107.02,,,
1773143893.556701,PC1,0,Angle_Shoulder_R,100.98,,,
1773143893.556701,PC1,0,Length_UpperArm_L,0.2335,,,
1773143893.556701,PC1,0,Length_LowerArm_L,0.3406,,,
1773143893.556701,PC1,0,Length_UpperArm_R,0.3071,,,
1773143893.556701,PC1,0,Length_LowerArm_R,0.4448,,,
1773143893.556701,PC1,0,Width_Shoulder,0.2206,,,
1773143893.6261172,PC1,0,0,0.37968,0.55916,-0.39822,0.9999532103538513
1773143893.6261172,PC1,0,1,0.40194,0.52596,-0.3492,0.9998577237129211
1773143893.6261172,PC1,0,2,0.41251,0.52849,-0.34911,0.9998741745948792
1773143893.6261172,PC1,0,3,0.42166,0.53158,-0.34881,0.9998276233673096
1773143893.6261172,PC1,0,4,0.37123,0.52188,-0.34992,0.9999001026153564
1773143893.6261172,PC1,0,5,0.36192,0.52077,-0.34979,0.9999324083328247
1773143893.6261172,PC1,0,6,0.35319,0.51966,-0.34993,0.9999297261238098
1773143893.6261172,PC1,0,7,0.43638,0.55031,-0.11001,0.9998577237129211
1773143893.6261172,PC1,0,8,0.34415,0.53789,-0.11898,0.9999632239341736
1773143893.6261172,PC1,0,9,0.39928,0.60727,-0.3163,0.9999242424964905
1773143893.6261172,PC1,0,10,0.36351,0.60195,-0.32009,0.9999584555625916
1773143893.6261172,PC1,0,11,0.49434,0.73946,0.0154,0.9992599487304688
1773143893.6261172,PC1,0,12,0.27655,0.74879,-0.04498,0.9995661377906799
1773143893.6261172,PC1,0,13,0.64487,0.79677,-0.14382,0.9785802960395813
1773143893.6261172,PC1,0,14,0.10601,0.86344,-0.26187,0.9857036471366882
1773143893.6261172,PC1,0,15,0.64633,0.53366,-0.36425,0.9942208528518677
1773143893.6261172,PC1,0,16,0.10137,0.52212,-0.54816,0.9961870908737183
1773143893.6261172,PC1,0,17,0.64453,0.44932,-0.41219,0.9789729118347168
1773143893.6261172,PC1,0,18,0.09147,0.42441,-0.61697,0.983452558517456
1773143893.6261172,PC1,0,19,0.62944,0.43198,-0.37121,0.9781408309936523
1773143893.6261172,PC1,0,20,0.10871,0.40867,-0.59001,0.9839049577713013
1773143893.6261172,PC1,0,21,0.62362,0.46394,-0.35123,0.9780413508415222
1773143893.6261172,PC1,0,22,0.11982,0.44354,-0.55355,0.983969509601593
1773143893.6261172,PC1,0,23,0.57904,1.36342,0.06538,0.02263333462178707
1773143893.6261172,PC1,0,24,0.42127,1.38918,-0.06265,0.027565695345401764
1773143893.6261172,PC1,0,25,0.57769,1.83065,0.1012,0.003282386576756835
1773143893.6261172,PC1,0,26,0.43173,1.87311,-0.06293,0.001710487063974142
1773143893.6261172,PC1,0,27,0.55843,2.27531,0.40908,0.0003090235695708543
1773143893.6261172,PC1,0,28,0.41329,2.30946,0.13144,5.7760753406910226e-05
1773143893.6261172,PC1,0,29,0.54542,2.35129,0.42336,0.000342021812684834
1773143893.6261172,PC1,0,30,0.39089,2.38669,0.13876,0.00011230726522626355
1773143893.6261172,PC1,0,31,0.60246,2.38645,0.18492,0.00024391678743995726
1773143893.6261172,PC1,0,32,0.48526,2.41597,-0.18737,0.00021645599917974323
1773143893.6261172,PC1,0,Angle_Elbow_L,105.09,,,
1773143893.6261172,PC1,0,Angle_Elbow_R,100.28,,,
1773143893.6261172,PC1,0,Angle_Shoulder_L,110.48,,,
1773143893.6261172,PC1,0,Angle_Shoulder_R,104.91,,,
1773143893.6261172,PC1,0,Length_UpperArm_L,0.2265,,,
1773143893.6261172,PC1,0,Length_LowerArm_L,0.3432,,,
1773143893.6261172,PC1,0,Length_UpperArm_R,0.2988,,,
1773143893.6261172,PC1,0,Length_LowerArm_R,0.4455,,,
1773143893.6261172,PC1,0,Width_Shoulder,0.2262,,,
1773143893.693026,PC1,0,0,0.37971,0.55816,-0.37983,0.9999575614929199
1773143893.693026,PC1,0,1,0.4028,0.52492,-0.33107,0.999871015548706
1773143893.693026,PC1,0,2,0.41344,0.52755,-0.331,0.9998859167098999
1773143893.693026,PC1,0,3,0.42262,0.53082,-0.33074,0.9998438358306885
1773143893.693026,PC1,0,4,0.37177,0.521,-0.33435,0.9999094009399414
1773143893.693026,PC1,0,5,0.3625,0.51999,-0.33423,0.9999385476112366
1773143893.693026,PC1,0,6,0.35393,0.51896,-0.33441,0.9999361038208008
1773143893.693026,PC1,0,7,0.43764,0.54976,-0.09551,0.9998710751533508
1773143893.693026,PC1,0,8,0.34611,0.53617,-0.11493,0.999966561794281
1773143893.693026,PC1,0,9,0.39935,0.60616,-0.2987,0.9999307990074158
1773143893.693026,PC1,0,10,0.36401,0.60165,-0.3053,0.9999619126319885
1773143893.693026,PC1,0,11,0.4949,0.74474,0.02733,0.9993170499801636
1773143893.693026,PC1,0,12,0.27625,0.75115,-0.04934,0.9995918273925781
1773143893.693026,PC1,0,13,0.64303,0.8089,-0.12907,0.9797467589378357
1773143893.693026,PC1,0,14,0.10312,0.87649,-0.25176,0.9861336946487427
1773143893.693026,PC1,0,15,0.66013,0.55006,-0.36924,0.9945674538612366
1773143893.693026,PC1,0,16,0.07369,0.55566,-0.57322,0.9962142705917358
1773143893.693026,PC1,0,17,0.66022,0.46662,-0.41574,0.9802708625793457
1773143893.693026,PC1,0,18,0.054,0.46777,-0.63956,0.9838390350341797
1773143893.693026,PC1,0,19,0.6455,0.44647,-0.38337,0.9796062111854553
1773143893.693026,PC1,0,20,0.07272,0.44215,-0.62666,0.984534502029419
1773143893.693026,PC1,0,21,0.63963,0.47812,-0.36163,0.9795263409614563
1773143893.693026,PC1,0,22,0.08755,0.47763,-0.58426,0.9847687482833862
1773143893.693026,PC1,0,23,0.57904,1.36342,0.06538,0.024035809561610222
1773143893.693026,PC1,0,24,0.42127,1.38918,-0.06265,0.02943398617208004
1773143893.693026,PC1,0,25,0.57769,1.83065,0.1012,0.0033540120348334312
1773143893.693026,PC1,0,26,0.43173,1.87311,-0.06293,0.0016525144455954432
1773143893.693026,PC1,0,27,0.55843,2.27531,0.40908,0.00029318605083972216
1773143893.693026,PC1,0,28,0.41329,2.30946,0.13144,5.515178054338321e-05
1773143893.693026,PC1,0,29,0.54542,2.35129,0.42336,0.0003388094191905111
1773143893.693026,PC1,0,30,0.39089,2.38669,0.13876,0.00010858283349080011
1773143893.693026,PC1,0,31,0.60246,2.38645,0.18492,0.0002482506970409304
1773143893.693026,PC1,0,32,0.48526,2.41597,-0.18737,0.00021348557493183762
1773143893.693026,PC1,0,Angle_Elbow_L,107.19,,,
1773143893.693026,PC1,0,Angle_Elbow_R,102.92,,,
1773143893.693026,PC1,0,Angle_Shoulder_L,112.67,,,
1773143893.693026,PC1,0,Angle_Shoulder_R,107.46,,,
1773143893.693026,PC1,0,Length_UpperArm_L,0.2248,,,
1773143893.693026,PC1,0,Length_LowerArm_L,0.3535,,,
1773143893.693026,PC1,0,Length_UpperArm_R,0.2944,,,
1773143893.693026,PC1,0,Length_LowerArm_R,0.4551,,,
1773143893.693026,PC1,0,Width_Shoulder,0.2318,,,
1773143893.759253,PC1,0,0,0.38035,0.55718,-0.35113,0.9999649524688721
1773143893.759253,PC1,0,1,0.40397,0.52393,-0.30528,0.9998941421508789
1773143893.759253,PC1,0,2,0.41445,0.52679,-0.30523,0.9999062418937683
1773143893.759253,PC1,0,3,0.42369,0.53035,-0.30504,0.9998718500137329
1773143893.759253,PC1,0,4,0.37342,0.52018,-0.31319,0.9999255537986755
1773143893.759253,PC1,0,5,0.36414,0.51935,-0.31308,0.9999492764472961
1773143893.759253,PC1,0,6,0.3557,0.51851,-0.31324,0.9999470710754395
1773143893.759253,PC1,0,7,0.43929,0.54993,-0.07491,0.9998943209648132
1773143893.759253,PC1,0,8,0.34927,0.53521,-0.1172,0.9999723434448242
1773143893.759253,PC1,0,9,0.40005,0.60541,-0.26957,0.9999423623085022
1773143893.759253,PC1,0,10,0.36555,0.60203,-0.2835,0.9999681115150452
1773143893.759253,PC1,0,11,0.49528,0.75389,0.04658,0.9994229674339294
1773143893.759253,PC1,0,12,0.28034,0.75372,-0.06604,0.999620795249939
1773143893.759253,PC1,0,13,0.63503,0.83291,-0.08551,0.9817367792129517
1773143893.759253,PC1,0,14,0.10575,0.89054,-0.33794,0.9817657470703125
1773143893.759253,PC1,0,15,0.67742,0.59785,-0.31996,0.9952555894851685
1773143893.759253,PC1,0,16,0.06726,0.65468,-0.76113,0.9947752356529236
1773143893.759253,PC1,0,17,0.68476,0.5275,-0.36053,0.9832540154457092
1773143893.759253,PC1,0,18,0.04996,0.59536,-0.8296,0.982577383518219
1773143893.759253,PC1,0,19,0.67093,0.5015,-0.34272,0.982815146446228
1773143893.759253,PC1,0,20,0.07125,0.5731,-0.82284,0.9839786887168884
1773143893.759253,PC1,0,21,0.66342,0.53132,-0.32164,0.9826884269714355
1773143893.759253,PC1,0,22,0.08545,0.60415,-0.77527,0.9848307371139526
1773143893.759253,PC1,0,23,0.57904,1.36342,0.06538,0.031928446143865585
1773143893.759253,PC1,0,24,0.42127,1.38918,-0.06265,0.03344747796654701
1773143893.759253,PC1,0,25,0.57769,1.83065,0.1012,0.003401726484298706
1773143893.759253,PC1,0,26,0.43173,1.87311,-0.06293,0.0015208650147542357
1773143893.759253,PC1,0,27,0.55843,2.27531,0.40908,0.000272525183390826
1773143893.759253,PC1,0,28,0.41329,2.30946,0.13144,5.4724769142922014e-05
1773143893.759253,PC1,0,29,0.54542,2.35129,0.42336,0.00031739016412757337
1773143893.759253,PC1,0,30,0.39089,2.38669,0.13876,0.00010681637650122866
1773143893.759253,PC1,0,31,0.60246,2.38645,0.18492,0.0002892811316996813
1773143893.759253,PC1,0,32,0.48526,2.41597,-0.18737,0.00021706390543840826
1773143893.759253,PC1,0,Angle_Elbow_L,105.26,,,
1773143893.759253,PC1,0,Angle_Elbow_R,121.66,,,
1773143893.759253,PC1,0,Angle_Shoulder_L,118.83,,,
1773143893.759253,PC1,0,Angle_Shoulder_R,106.36,,,
1773143893.759253,PC1,0,Length_UpperArm_L,0.2079,,,
1773143893.759253,PC1,0,Length_LowerArm_L,0.3347,,,
1773143893.759253,PC1,0,Length_UpperArm_R,0.3509,,,
1773143893.759253,PC1,0,Length_LowerArm_R,0.486,,,
1773143893.759253,PC1,0,Width_Shoulder,0.2427,,,
1773143893.9119182,PC1,0,0,0.38025,0.55912,-0.3383,0.9999688267707825
1773143893.9119182,PC1,0,1,0.40329,0.52474,-0.29829,0.9999069571495056
1773143893.9119182,PC1,0,2,0.41342,0.52713,-0.29824,0.9999189376831055
1773143893.9119182,PC1,0,3,0.42247,0.5305,-0.29813,0.9998887181282043
1773143893.9119182,PC1,0,4,0.37424,0.52181,-0.3049,0.9999330639839172
1773143893.9119182,PC1,0,5,0.36516,0.52102,-0.30473,0.9999536275863647
1773143893.9119182,PC1,0,6,0.35682,0.52025,-0.30492,0.9999489188194275
1773143893.9119182,PC1,0,7,0.43873,0.55008,-0.08695,0.9999102354049683
1773143893.9119182,PC1,0,8,0.35147,0.53495,-0.12324,0.99997478723526
1773143893.9119182,PC1,0,9,0.39974,0.60696,-0.26296,0.999949038028717
1773143893.9119182,PC1,0,10,0.36672,0.60394,-0.27414,0.9999712705612183
1773143893.9119182,PC1,0,11,0.4956,0.75429,0.03337,0.9995225071907043
1773143893.9119182,PC1,0,12,0.28581,0.75127,-0.07345,0.9996747374534607
1773143893.9119182,PC1,0,13,0.62718,0.8568,-0.05435,0.983914852142334
1773143893.9119182,PC1,0,14,0.12033,0.90406,-0.30143,0.9773629903793335
1773143893.9119182,PC1,0,15,0.70197,0.64317,-0.27987,0.9957815408706665
1773143893.9119182,PC1,0,16,0.03698,0.77704,-0.68798,0.9916508197784424
1773143893.9119182,PC1,0,17,0.72447,0.58629,-0.31708,0.9853695631027222
1773143893.9119182,PC1,0,18,-0.00113,0.74848,-0.74001,0.9785549640655518
1773143893.9119182,PC1,0,19,0.71094,0.55974,-0.30627,0.9851658344268799
1773143893.9119182,PC1,0,20,0.01684,0.73014,-0.76511,0.981613278388977
1773143893.9119182,PC1,0,21,0.69861,0.58313,-0.28712,0.9851409196853638
1773143893.9119182,PC1,0,22,0.03621,0.74916,-0.71372,0.9839379787445068
1773143893.9119182,PC1,0,23,0.57904,1.36342,0.06538,0.0413815975189209
1773143893.9119182,PC1,0,24,0.42127,1.38918,-0.06265,0.040178753435611725
1773143893.9119182,PC1,0,25,0.57769,1.83065,0.1012,0.004243046976625919
1773143893.9119182,PC1,0,26,0.43173,1.87311,-0.06293,0.001700504682958126
1773143893.9119182,PC1,0,27,0.55843,2.27531,0.40908,0.0003207512490916997
1773143893.9119182,PC1,0,28,0.41329,2.30946,0.13144,6.450523505918682e-05
1773143893.9119182,PC1,0,29,0.54542,2.35129,0.42336,0.0004907116526737809
1773143893.9119182,PC1,0,30,0.39089,2.38669,0.13876,0.00015513168182224035
1773143893.9119182,PC1,0,31,0.60246,2.38645,0.18492,0.00046089713578112423
1773143893.9119182,PC1,0,32,0.48526,2.41597,-0.18737,0.0002294619771419093
1773143893.9119182,PC1,0,Angle_Elbow_L,97.37,,,
1773143893.9119182,PC1,0,Angle_Elbow_R,128.31,,,
1773143893.9119182,PC1,0,Angle_Shoulder_L,129.82,,,
1773143893.9119182,PC1,0,Angle_Shoulder_R,110.86,,,
1773143893.9119182,PC1,0,Length_UpperArm_L,0.1885,,,
1773143893.9119182,PC1,0,Length_LowerArm_L,0.3195,,,
1773143893.9119182,PC1,0,Length_UpperArm_R,0.3205,,,
1773143893.9119182,PC1,0,Length_LowerArm_R,0.4153,,,
1773143893.9119182,PC1,0,Width_Shoulder,0.2354,,,
1773143893.976788,PC1,0,0,0.37972,0.5597,-0.3647,0.9999703168869019
1773143893.976788,PC1,0,1,0.40238,0.52524,-0.32635,0.9999083280563354
1773143893.976788,PC1,0,2,0.4123,0.52744,-0.32626,0.9999218583106995
1773143893.976788,PC1,0,3,0.42127,0.53065,-0.32615,0.9998908638954163
1773143893.976788,PC1,0,4,0.37403,0.52251,-0.33126,0.9999321103096008
1773143893.976788,PC1,0,5,0.36511,0.52175,-0.33105,0.9999522566795349
1773143893.976788,PC1,0,6,0.35687,0.52107,-0.33126,0.9999416470527649
1773143893.976788,PC1,0,7,0.438,0.55041,-0.12567,0.9999146461486816
1773143893.976788,PC1,0,8,0.35214,0.53502,-0.15265,0.9999735355377197
1773143893.976788,PC1,0,9,0.39907,0.60749,-0.29324,0.9999496340751648
1773143893.976788,PC1,0,10,0.36664,0.60455,-0.30144,0.9999712705612183
1773143893.976788,PC1,0,11,0.49565,0.75423,-0.01358,0.9995636343955994
1773143893.976788,PC1,0,12,0.28557,0.75077,-0.10518,0.999681830406189
1773143893.976788,PC1,0,13,0.62434,0.87132,-0.07466,0.9846490025520325
1773143893.976788,PC1,0,14,0.1248,0.9191,-0.28725,0.9445929527282715
1773143893.976788,PC1,0,15,0.72325,0.68828,-0.274,0.9958863854408264
1773143893.976788,PC1,0,16,0.01613,0.87731,-0.63146,0.9619195461273193
1773143893.976788,PC1,0,17,0.75582,0.63661,-0.30879,0.9861976504325867
1773143893.976788,PC1,0,18,-0.0252,0.87173,-0.67558,0.9560803771018982
1773143893.976788,PC1,0,19,0.74558,0.6098,-0.30974,0.9861476421356201
1773143893.976788,PC1,0,20,-0.00595,0.85755,-0.71612,0.9667432308197021
1773143893.976788,PC1,0,21,0.73123,0.62984,-0.28775,0.9861772656440735
1773143893.976788,PC1,0,22,0.01366,0.87015,-0.663,0.9748929142951965
1773143893.976788,PC1,0,23,0.57904,1.36342,0.06538,0.0389551967382431
1773143893.976788,PC1,0,24,0.42127,1.38918,-0.06265,0.03736754506826401
1773143893.976788,PC1,0,25,0.57769,1.83065,0.1012,0.003939894028007984
1773143893.976788,PC1,0,26,0.43173,1.87311,-0.06293,0.0015547783114016056
1773143893.976788,PC1,0,27,0.55843,2.27531,0.40908,0.0002983325975947082
1773143893.976788,PC1,0,28,0.41329,2.30946,0.13144,6.169133848743513e-05
1773143893.976788,PC1,0,29,0.54542,2.35129,0.42336,0.0004670272464863956
1773143893.976788,PC1,0,30,0.39089,2.38669,0.13876,0.00016357298591174185
1773143893.976788,PC1,0,31,0.60246,2.38645,0.18492,0.0005167788476683199
1773143893.976788,PC1,0,32,0.48526,2.41597,-0.18737,0.00023426083498634398
1773143893.976788,PC1,0,Angle_Elbow_L,93.75,,,
1773143893.976788,PC1,0,Angle_Elbow_R,132.91,,,
1773143893.976788,PC1,0,Angle_Shoulder_L,135.32,,,
1773143893.976788,PC1,0,Angle_Shoulder_R,113.95,,,
1773143893.976788,PC1,0,Length_UpperArm_L,0.1844,,,
1773143893.976788,PC1,0,Length_LowerArm_L,0.2881,,,
1773143893.976788,PC1,0,Length_UpperArm_R,0.2955,,,
1773143893.976788,PC1,0,Length_LowerArm_R,0.3634,,,
1773143893.976788,PC1,0,Width_Shoulder,0.2292,,,
1773143894.028518,PC1,0,0,0.37963,0.55992,-0.38384,0.9999701976776123
1773143894.028518,PC1,0,1,0.40186,0.52557,-0.34547,0.9999023079872131
1773143894.028518,PC1,0,2,0.41165,0.52782,-0.34539,0.9999194145202637
1773143894.028518,PC1,0,3,0.42055,0.53113,-0.34529,0.9998838305473328
1773143894.028518,PC1,0,4,0.37394,0.52239,-0.35067,0.9999268054962158
1773143894.028518,PC1,0,5,0.36511,0.52138,-0.35045,0.9999484419822693
1773143894.028518,PC1,0,6,0.35692,0.52048,-0.35067,0.9999310970306396
1773143894.028518,PC1,0,7,0.43759,0.55136,-0.14637,0.9999136328697205
1773143894.028518,PC1,0,8,0.35242,0.53507,-0.17284,0.9999701976776123
1773143894.028518,PC1,0,9,0.39865,0.6076,-0.3129,0.9999478459358215
1773143894.028518,PC1,0,10,0.36655,0.60416,-0.3207,0.9999701380729675
1773143894.028518,PC1,0,11,0.49563,0.75422,-0.03215,0.9996001720428467
1773143894.028518,PC1,0,12,0.28473,0.75002,-0.12982,0.9996926188468933
1773143894.028518,PC1,0,13,0.62274,0.8871,-0.07208,0.9856348037719727
1773143894.028518,PC1,0,14,0.12932,0.92961,-0.28424,0.9378865957260132
1773143894.028518,PC1,0,15,0.74488,0.75306,-0.26351,0.9956867694854736
1773143894.028518,PC1,0,16,0.0073,0.95357,-0.60812,0.9423348307609558
1773143894.028518,PC1,0,17,0.78017,0.70771,-0.29432,0.9862934350967407
1773143894.028518,PC1,0,18,-0.03679,0.96582,-0.65021,0.9387315511703491
1773143894.028518,PC1,0,19,0.7738,0.68243,-0.31088,0.9865264296531677
1773143894.028518,PC1,0,20,-0.01932,0.95246,-0.69856,0.954462468624115
1773143894.028518,PC1,0,21,0.75832,0.70223,-0.28399,0.9866589903831482
1773143894.028518,PC1,0,22,0.00258,0.95939,-0.64208,0.9665013551712036
1773143894.028518,PC1,0,23,0.57904,1.36342,0.06538,0.039925407618284225
1773143894.028518,PC1,0,24,0.42127,1.38918,-0.06265,0.0367080457508564
1773143894.028518,PC1,0,25,0.57769,1.83065,0.1012,0.003939317539334297
1773143894.028518,PC1,0,26,0.43173,1.87311,-0.06293,0.0015339622041210532
1773143894.028518,PC1,0,27,0.55843,2.27531,0.40908,0.0003033716056961566
1773143894.028518,PC1,0,28,0.41329,2.30946,0.13144,9.276725904783234e-05
1773143894.028518,PC1,0,29,0.54542,2.35129,0.42336,0.00047330878442153335
1773143894.028518,PC1,0,30,0.39089,2.38669,0.13876,0.0003303763805888593
1773143894.028518,PC1,0,31,0.60246,2.38645,0.18492,0.0007058731280267239
1773143894.028518,PC1,0,32,0.48526,2.41597,-0.18737,0.0003576850285753608
1773143894.028518,PC1,0,Angle_Elbow_L,96.2,,,
1773143894.028518,PC1,0,Angle_Elbow_R,138.21,,,
1773143894.028518,PC1,0,Angle_Shoulder_L,141.13,,,
1773143894.028518,PC1,0,Angle_Shoulder_R,117.03,,,
1773143894.028518,PC1,0,Length_UpperArm_L,0.1882,,,
1773143894.028518,PC1,0,Length_LowerArm_L,0.2637,,,
1773143894.028518,PC1,0,Length_UpperArm_R,0.2833,,,
1773143894.028518,PC1,0,Length_LowerArm_R,0.3469,,,
1773143894.028518,PC1,0,Width_Shoulder,0.2325,,,
1773143894.09458,PC1,0,0,0.379,0.55877,-0.42549,0.9996629357337952
1773143894.09458,PC1,0,1,0.40092,0.52451,-0.38963,0.9989590644836426
1773143894.09458,PC1,0,2,0.41062,0.52722,-0.38959,0.9989948868751526
1773143894.09458,PC1,0,3,0.41951,0.53088,-0.38953,0.9986903071403503
1773143894.09458,PC1,0,4,0.3736,0.52045,-0.39238,0.9992780685424805
1773143894.09458,PC1,0,5,0.36497,0.51927,-0.39216,0.9993962645530701
1773143894.09458,PC1,0,6,0.35692,0.51826,-0.39241,0.9993023872375488
1773143894.09458,PC1,0,7,0.43712,0.55193,-0.191,0.9986519813537598
1773143894.09458,PC1,0,8,0.35297,0.53471,-0.20522,0.9994468092918396
1773143894.09458,PC1,0,9,0.39773,0.60674,-0.35381,0.9995542168617249
1773143894.09458,PC1,0,10,0.36587,0.60254,-0.3579,0.9997544288635254
1773143894.09458,PC1,0,11,0.49533,0.75498,-0.06079,0.9990687370300293
1773143894.09458,PC1,0,12,0.28391,0.74945,-0.14783,0.9994914531707764
1773143894.09458,PC1,0,13,0.61691,0.89823,-0.06543,0.9595473408699036
1773143894.09458,PC1,0,14,0.13772,0.93887,-0.28309,0.9097724556922913
1773143894.09458,PC1,0,15,0.73739,0.83677,-0.23958,0.9574038982391357
1773143894.09458,PC1,0,16,0.03754,1.01672,-0.5924,0.8781416416168213
1773143894.09458,PC1,0,17,0.77536,0.80933,-0.2675,0.9428223371505737
1773143894.09458,PC1,0,18,0.0021,1.04446,-0.63565,0.8720529675483704
1773143894.09458,PC1,0,19,0.76951,0.78867,-0.29241,0.9514987468719482
1773143894.09458,PC1,0,20,0.02104,1.0316,-0.68401,0.8938134908676147
1773143894.09458,PC1,0,21,0.7517,0.80424,-0.26206,0.9528677463531494
1773143894.09458,PC1,0,22,0.03932,1.03261,-0.62508,0.9073259234428406
1773143894.09458,PC1,0,23,0.57904,1.36342,0.06538,0.03677477687597275
1773143894.09458,PC1,0,24,0.42127,1.38918,-0.06265,0.033681437373161316
1773143894.09458,PC1,0,25,0.57769,1.83065,0.1012,0.00377344130538404
1773143894.09458,PC1,0,26,0.43173,1.87311,-0.06293,0.0015460015274584293
1773143894.09458,PC1,0,27,0.55843,2.27531,0.40908,0.00030404271092265844
1773143894.09458,PC1,0,28,0.41329,2.30946,0.13144,0.0001008588369586505
1773143894.09458,PC1,0,29,0.54542,2.35129,0.42336,0.000449997402029112
1773143894.09458,PC1,0,30,0.39089,2.38669,0.13876,0.0003479587903711945
1773143894.09458,PC1,0,31,0.60246,2.38645,0.18492,0.0006913307006470859
1773143894.09458,PC1,0,32,0.48526,2.41597,-0.18737,0.00039245907100848854
1773143894.09458,PC1,0,Angle_Elbow_L,99.24,,,
1773143894.09458,PC1,0,Angle_Elbow_R,140.82,,,
1773143894.09458,PC1,0,Angle_Shoulder_L,147.94,,,
1773143894.09458,PC1,0,Angle_Shoulder_R,119.8,,,
1773143894.09458,PC1,0,Length_UpperArm_L,0.1879,,,
1773143894.09458,PC1,0,Length_LowerArm_L,0.2205,,,
1773143894.09458,PC1,0,Length_UpperArm_R,0.2749,,,
1773143894.09458,PC1,0,Length_LowerArm_R,0.3343,,,
1773143894.09458,PC1,0,Width_Shoulder,0.2287,,,
1773143894.217779,PC1,0,0,0.37844,0.55647,-0.44569,0.9996626377105713
1773143894.217779,PC1,0,1,0.40002,0.52288,-0.41116,0.9989677667617798
1773143894.217779,PC1,0,2,0.40967,0.52619,-0.41114,0.9990110397338867
1773143894.217779,PC1,0,3,0.41852,0.5303,-0.41111,0.9987176060676575
1773143894.217779,PC1,0,4,0.37324,0.51782,-0.41304,0.9992658495903015
1773143894.217779,PC1,0,5,0.36481,0.5166,-0.41282,0.9993833899497986
1773143894.217779,PC1,0,6,0.35691,0.51564,-0.41308,0.9992842674255371
1773143894.217779,PC1,0,7,0.4366,0.55249,-0.21236,0.9986878633499146
1773143894.217779,PC1,0,8,0.35333,0.53438,-0.22228,0.9994431734085083
1773143894.217779,PC1,0,9,0.39687,0.60518,-0.37367,0.9995556473731995
1773143894.217779,PC1,0,10,0.36518,0.59997,-0.37673,0.9997485876083374
1773143894.217779,PC1,0,11,0.49416,0.75347,-0.08108,0.9991096258163452
1773143894.217779,PC1,0,12,0.28322,0.74918,-0.14878,0.9994574189186096
1773143894.217779,PC1,0,13,0.60837,0.90914,-0.06036,0.9431533217430115
1773143894.217779,PC1,0,14,0.15164,0.9483,-0.25586,0.8996431827545166
1773143894.217779,PC1,0,15,0.70697,0.8973,-0.25496,0.9127250909805298
1773143894.217779,PC1,0,16,0.08157,1.06454,-0.546,0.8133079409599304
1773143894.217779,PC1,0,17,0.74193,0.88617,-0.28894,0.8872928023338318
1773143894.217779,PC1,0,18,0.05532,1.10634,-0.59163,0.8020631670951843
1773143894.217779,PC1,0,19,0.73366,0.86872,-0.31346,0.904890239238739
1773143894.217779,PC1,0,20,0.07493,1.09426,-0.63771,0.8276886343955994
1773143894.217779,PC1,0,21,0.71631,0.87905,-0.27633,0.9050477147102356
1773143894.217779,PC1,0,22,0.08887,1.08832,-0.5759,0.84157794713974
1773143894.217779,PC1,0,23,0.57904,1.36342,0.06538,0.03368968516588211
1773143894.217779,PC1,0,24,0.42127,1.38918,-0.06265,0.030729591846466064
1773143894.217779,PC1,0,25,0.57769,1.83065,0.1012,0.0035390066914260387
1773143894.217779,PC1,0,26,0.43173,1.87311,-0.06293,0.00149197643622756
1773143894.217779,PC1,0,27,0.55843,2.27531,0.40908,0.0002836658095475286
1773143894.217779,PC1,0,28,0.41329,2.30946,0.13144,9.840462007559836e-05
1773143894.217779,PC1,0,29,0.54542,2.35129,0.42336,0.000411520799389109
1773143894.217779,PC1,0,30,0.39089,2.38669,0.13876,0.0003302490513306111
1773143894.217779,PC1,0,31,0.60246,2.38645,0.18492,0.0006396404351107776
1773143894.217779,PC1,0,32,0.48526,2.41597,-0.18737,0.00037092811544425786
1773143894.217779,PC1,0,Angle_Elbow_L,97.29,,,
1773143894.217779,PC1,0,Angle_Elbow_R,139.2,,,
1773143894.217779,PC1,0,Angle_Shoulder_L,153.78,,,
1773143894.217779,PC1,0,Angle_Shoulder_R,125.2,,,
1773143894.217779,PC1,0,Length_UpperArm_L,0.1942,,,
1773143894.217779,PC1,0,Length_LowerArm_L,0.2185,,,
1773143894.217779,PC1,0,Length_UpperArm_R,0.2616,,,
1773143894.217779,PC1,0,Length_LowerArm_R,0.3203,,,
1773143894.217779,PC1,0,Width_Shoulder,0.2216,,,
1773143894.2678301,PC1,0,0,0.37519,0.55367,-0.45937,0.9996417164802551
1773143894.2678301,PC1,0,1,0.39511,0.52086,-0.4293,0.9989157319068909
1773143894.2678301,PC1,0,2,0.4052,0.52458,-0.42932,0.9989734888076782
1773143894.2678301,PC1,0,3,0.41436,0.52885,-0.42934,0.9986825585365295
1773143894.2678301,PC1,0,4,0.36894,0.51518,-0.4277,0.9991854429244995
1773143894.2678301,PC1,0,5,0.36105,0.51401,-0.42747,0.9993109107017517
1773143894.2678301,PC1,0,6,0.3537,0.51375,-0.42775,0.9991903305053711
1773143894.2678301,PC1,0,7,0.43403,0.55268,-0.23772,0.9986587166786194
1773143894.2678301,PC1,0,8,0.35121,0.53589,-0.23465,0.999358057975769
1773143894.2678301,PC1,0,9,0.39391,0.60293,-0.38829,0.9995255470275879
1773143894.2678301,PC1,0,10,0.36246,0.59737,-0.38712,0.9997093081474304
1773143894.2678301,PC1,0,11,0.49209,0.75109,-0.09704,0.9990969300270081
1773143894.2678301,PC1,0,12,0.28308,0.74914,-0.1375,0.9993123412132263
1773143894.2678301,PC1,0,13,0.59894,0.92412,-0.06359,0.9257650971412659
1773143894.2678301,PC1,0,14,0.16938,0.9655,-0.23173,0.8671446442604065
1773143894.2678301,PC1,0,15,0.67962,0.98468,-0.25317,0.876865029335022
1773143894.2678301,PC1,0,16,0.1313,1.11737,-0.52643,0.7533902525901794
1773143894.2678301,PC1,0,17,0.71355,0.99425,-0.28914,0.8452109098434448
1773143894.2678301,PC1,0,18,0.11366,1.17216,-0.57423,0.7420952916145325
1773143894.2678301,PC1,0,19,0.7038,0.98453,-0.31628,0.8720209002494812
1773143894.2678301,PC1,0,20,0.13445,1.16065,-0.61853,0.7725000381469727
1773143894.2678301,PC1,0,21,0.68568,0.98822,-0.27241,0.871626615524292
1773143894.2678301,PC1,0,22,0.14431,1.14803,-0.55462,0.786863386631012
1773143894.2678301,PC1,0,23,0.57904,1.36342,0.06538,0.030603542923927307
1773143894.2678301,PC1,0,24,0.42127,1.38918,-0.06265,0.027857288718223572
1773143894.2678301,PC1,0,25,0.57769,1.83065,0.1012,0.003283914178609848
1773143894.2678301,PC1,0,26,0.43173,1.87311,-0.06293,0.001400227309204638
1773143894.2678301,PC1,0,27,0.55843,2.27531,0.40908,0.00026516529032960534
1773143894.2678301,PC1,0,28,0.41329,2.30946,0.13144,9.261459490517154e-05
1773143894.2678301,PC1,0,29,0.54542,2.35129,0.42336,0.0003766044683288783
1773143894.2678301,PC1,0,30,0.39089,2.38669,0.13876,0.000306863832520321
1773143894.2678301,PC1,0,31,0.60246,2.38645,0.18492,0.0005900782416574657
1773143894.2678301,PC1,0,32,0.48526,2.41597,-0.18737,0.0003459119761828333
1773143894.2678301,PC1,0,Angle_Elbow_L,106.75,,,
1773143894.2678301,PC1,0,Angle_Elbow_R,138.0,,,
1773143894.2678301,PC1,0,Angle_Shoulder_L,158.79,,,
1773143894.2678301,PC1,0,Angle_Shoulder_R,131.13,,,
1773143894.2678301,PC1,0,Length_UpperArm_L,0.2061,,,
1773143894.2678301,PC1,0,Length_LowerArm_L,0.2147,,,
1773143894.2678301,PC1,0,Length_UpperArm_R,0.262,,,
1773143894.2678301,PC1,0,Length_LowerArm_R,0.3337,,,
1773143894.2678301,PC1,0,Width_Shoulder,0.2129,,,
1773143894.468032,PC1,0,0,0.37299,0.55358,-0.49245,0.9993694424629211
1773143894.468032,PC1,0,1,0.39216,0.52054,-0.46264,0.998355507850647
1773143894.468032,PC1,0,2,0.40247,0.52414,-0.46272,0.9983393549919128
1773143894.468032,PC1,0,3,0.41174,0.52834,-0.46276,0.9980643391609192
1773143894.468032,PC1,0,4,0.36619,0.51537,-0.46045,0.9987128376960754
1773143894.468032,PC1,0,5,0.3585,0.51446,-0.46028,0.9987751245498657
1773143894.468032,PC1,0,6,0.35139,0.51468,-0.46056,0.9987137317657471
1773143894.468032,PC1,0,7,0.43227,0.5529,-0.26053,0.9977978467941284
1773143894.468032,PC1,0,8,0.34937,0.53799,-0.2531,0.9988829493522644
1773143894.468032,PC1,0,9,0.39192,0.60341,-0.41609,0.9990890026092529
1773143894.468032,PC1,0,10,0.36055,0.59822,-0.41354,0.9994785785675049
1773143894.468032,PC1,0,11,0.49077,0.74799,-0.10419,0.9977971315383911
1773143894.468032,PC1,0,12,0.28302,0.74984,-0.13311,0.9976664185523987
1773143894.468032,PC1,0,13,0.59009,0.93216,-0.10839,0.8555225133895874
1773143894.468032,PC1,0,14,0.18075,0.97413,-0.21807,0.7998226284980774
1773143894.468032,PC1,0,15,0.65633,1.01556,-0.34776,0.8113687038421631
1773143894.468032,PC1,0,16,0.1767,1.12915,-0.53033,0.6609472632408142
1773143894.468032,PC1,0,17,0.68765,1.02789,-0.39467,0.7812995910644531
1773143894.468032,PC1,0,18,0.17001,1.1856,-0.58691,0.6497920155525208
1773143894.468032,PC1,0,19,0.6766,1.02136,-0.4208,0.8195103406906128
1773143894.468032,PC1,0,20,0.18977,1.16771,-0.6215,0.6889715790748596
1773143894.468032,PC1,0,21,0.65871,1.02387,-0.36759,0.8155901432037354
1773143894.468032,PC1,0,22,0.19545,1.15438,-0.55407,0.6982410550117493
1773143894.468032,PC1,0,23,0.57904,1.36342,0.06538,0.025181174278259277
1773143894.468032,PC1,0,24,0.42127,1.38918,-0.06265,0.02286132238805294
1773143894.468032,PC1,0,25,0.57769,1.83065,0.1012,0.003017428796738386
1773143894.468032,PC1,0,26,0.43173,1.87311,-0.06293,0.0014011765597388148
1773143894.468032,PC1,0,27,0.55843,2.27531,0.40908,0.00023005683033261448
1773143894.468032,PC1,0,28,0.41329,2.30946,0.13144,9.130571561399847e-05
1773143894.468032,PC1,0,29,0.54542,2.35129,0.42336,0.0003161476633977145
1773143894.468032,PC1,0,30,0.39089,2.38669,0.13876,0.00027595122810453176
1773143894.468032,PC1,0,31,0.60246,2.38645,0.18492,0.0005151160876266658
1773143894.468032,PC1,0,32,0.48526,2.41597,-0.18737,0.00035165753797627985
1773143894.468032,PC1,0,Angle_Elbow_L,114.74,,,
1773143894.468032,PC1,0,Angle_Elbow_R,132.76,,,
1773143894.468032,PC1,0,Angle_Shoulder_L,158.46,,,
1773143894.468032,PC1,0,Angle_Shoulder_R,134.68,,,
1773143894.468032,PC1,0,Length_UpperArm_L,0.2093,,,
1773143894.468032,PC1,0,Length_LowerArm_L,0.262,,,
1773143894.468032,PC1,0,Length_UpperArm_R,0.2607,,,
1773143894.468032,PC1,0,Length_LowerArm_R,0.3486,,,
1773143894.468032,PC1,0,Width_Shoulder,0.2098,,,
1773143894.562565,PC1,0,0,0.37067,0.55497,-0.51995,0.9990332722663879
1773143894.562565,PC1,0,1,0.38948,0.52062,-0.49114,0.9975950717926025
1773143894.562565,PC1,0,2,0.39968,0.52366,-0.4913,0.9974153637886047
1773143894.562565,PC1,0,3,0.40883,0.52741,-0.49135,0.9971481561660767
1773143894.562565,PC1,0,4,0.36382,0.51688,-0.4889,0.9981502294540405
1773143894.562565,PC1,0,5,0.35637,0.51639,-0.4888,0.9981327652931213
1773143894.562565,PC1,0,6,0.34952,0.51703,-0.48912,0.9981995820999146
1773143894.562565,PC1,0,7,0.43033,0.55303,-0.28521,0.9965180158615112
1773143894.562565,PC1,0,8,0.34827,0.54053,-0.27424,0.9983705878257751
1773143894.562565,PC1,0,9,0.38994,0.60494,-0.4408,0.9985767006874084
1773143894.562565,PC1,0,10,0.35886,0.60071,-0.43753,0.9992606043815613
1773143894.562565,PC1,0,11,0.49002,0.74628,-0.11445,0.9953375458717346
1773143894.562565,PC1,0,12,0.28316,0.75103,-0.13523,0.9961524605751038
1773143894.562565,PC1,0,13,0.58442,0.93906,-0.12291,0.7837827801704407
1773143894.562565,PC1,0,14,0.18805,0.98108,-0.19609,0.7628556489944458
1773143894.562565,PC1,0,15,0.64758,1.02587,-0.36923,0.7379063963890076
1773143894.562565,PC1,0,16,0.19243,1.15394,-0.47916,0.5930963754653931
1773143894.562565,PC1,0,17,0.68049,1.04064,-0.41943,0.7138166427612305
1773143894.562565,PC1,0,18,0.18976,1.2164,-0.53437,0.579569935798645
1773143894.562565,PC1,0,19,0.67078,1.03345,-0.4523,0.7623797655105591
1773143894.562565,PC1,0,20,0.20942,1.19669,-0.5714,0.6270546913146973
1773143894.562565,PC1,0,21,0.65221,1.03607,-0.39246,0.7569419741630554
1773143894.562565,PC1,0,22,0.21384,1.18122,-0.50296,0.6329674124717712
1773143894.562565,PC1,0,23,0.57904,1.36342,0.06538,0.02076824940741062
1773143894.562565,PC1,0,24,0.42127,1.38918,-0.06265,0.01883283630013466
1773143894.562565,PC1,0,25,0.57769,1.83065,0.1012,0.0029958777595311403
1773143894.562565,PC1,0,26,0.43173,1.87311,-0.06293,0.0015697827329859138
1773143894.562565,PC1,0,27,0.55843,2.27531,0.40908,0.00021413997455965728
1773143894.562565,PC1,0,28,0.41329,2.30946,0.13144,0.00012017010158160701
1773143894.562565,PC1,0,29,0.54542,2.35129,0.42336,0.00027028011390939355
1773143894.562565,PC1,0,30,0.39089,2.38669,0.13876,0.0002834377228282392
1773143894.562565,PC1,0,31,0.60246,2.38645,0.18492,0.0004928142880089581
1773143894.562565,PC1,0,32,0.48526,2.41597,-0.18737,0.00048607619828544557
1773143894.562565,PC1,0,Angle_Elbow_L,115.42,,,
1773143894.562565,PC1,0,Angle_Elbow_R,131.73,,,
1773143894.562565,PC1,0,Angle_Shoulder_L,159.29,,,
1773143894.562565,PC1,0,Angle_Shoulder_R,139.08,,,
1773143894.562565,PC1,0,Length_UpperArm_L,0.2148,,,
1773143894.562565,PC1,0,Length_LowerArm_L,0.2687,,,
1773143894.562565,PC1,0,Length_UpperArm_R,0.2563,,,
1773143894.562565,PC1,0,Length_LowerArm_R,0.3317,,,
1773143894.562565,PC1,0,Width_Shoulder,0.208,,,
1773143894.648546,PC1,0,0,0.37024,0.55454,-0.52863,0.9987316131591797
1773143894.648546,PC1,0,1,0.38882,0.51952,-0.50005,0.9967668652534485
1773143894.648546,PC1,0,2,0.39885,0.5224,-0.50021,0.9965835809707642
1773143894.648546,PC1,0,3,0.4079,0.52593,-0.50027,0.9961064457893372
1773143894.648546,PC1,0,4,0.36312,0.51623,-0.49745,0.99754798412323
1773143894.648546,PC1,0,5,0.35574,0.51593,-0.49736,0.9976033568382263
1773143894.648546,PC1,0,6,0.34903,0.51674,-0.4977,0.9976760149002075
1773143894.648546,PC1,0,7,0.42968,0.55249,-0.29552,0.995296835899353
1773143894.648546,PC1,0,8,0.34797,0.54101,-0.28103,0.9980189204216003
1773143894.648546,PC1,0,9,0.38959,0.60445,-0.44997,0.9982392191886902
1773143894.648546,PC1,0,10,0.35845,0.60059,-0.44567,0.9991039037704468
1773143894.648546,PC1,0,11,0.49146,0.74588,-0.11805,0.9949524402618408
1773143894.648546,PC1,0,12,0.28356,0.75146,-0.14671,0.9961484670639038
1773143894.648546,PC1,0,13,0.58269,0.94165,-0.11246,0.752371072769165
1773143894.648546,PC1,0,14,0.18783,0.98485,-0.20147,0.754950225353241
1773143894.648546,PC1,0,15,0.65398,1.04018,-0.34441,0.6948675513267517
1773143894.648546,PC1,0,16,0.19293,1.18985,-0.46184,0.5508459210395813
1773143894.648546,PC1,0,17,0.6888,1.05521,-0.38867,0.6699821352958679
1773143894.648546,PC1,0,18,0.19177,1.26041,-0.51525,0.5353279709815979
1773143894.648546,PC1,0,19,0.68022,1.04942,-0.42057,0.7217494249343872
1773143894.648546,PC1,0,20,0.21344,1.24408,-0.55168,0.5834612250328064
1773143894.648546,PC1,0,21,0.66041,1.05293,-0.36703,0.7153781652450562
1773143894.648546,PC1,0,22,0.21701,1.22549,-0.48516,0.5900879502296448
1773143894.648546,PC1,0,23,0.57904,1.36342,0.06538,0.01892222836613655
1773143894.648546,PC1,0,24,0.42127,1.38918,-0.06265,0.017152203246951103
1773143894.648546,PC1,0,25,0.57769,1.83065,0.1012,0.0029827856924384832
1773143894.648546,PC1,0,26,0.43173,1.87311,-0.06293,0.001621867180801928
1773143894.648546,PC1,0,27,0.55843,2.27531,0.40908,0.00021146266954019666
1773143894.648546,PC1,0,28,0.41329,2.30946,0.13144,0.00012553301348816603
1773143894.648546,PC1,0,29,0.54542,2.35129,0.42336,0.0002515373344067484
1773143894.648546,PC1,0,30,0.39089,2.38669,0.13876,0.00029667577473446727
1773143894.648546,PC1,0,31,0.60246,2.38645,0.18492,0.00048220957978628576
1773143894.648546,PC1,0,32,0.48526,2.41597,-0.18737,0.0005020848475396633
1773143894.648546,PC1,0,Angle_Elbow_L,115.65,,,
1773143894.648546,PC1,0,Angle_Elbow_R,136.07,,,
1773143894.648546,PC1,0,Angle_Shoulder_L,162.02,,,
1773143894.648546,PC1,0,Angle_Shoulder_R,139.76,,,
1773143894.648546,PC1,0,Length_UpperArm_L,0.2161,,,
1773143894.648546,PC1,0,Length_LowerArm_L,0.2619,,,
1773143894.648546,PC1,0,Length_UpperArm_R,0.2581,,,
1773143894.648546,PC1,0,Length_LowerArm_R,0.3314,,,
1773143894.648546,PC1,0,Width_Shoulder,0.2099,,,
1773143894.916448,PC1,0,0,0.37007,0.55445,-0.54492,0.9984750151634216
1773143894.916448,PC1,0,1,0.38849,0.51878,-0.51635,0.9959894418716431
1773143894.916448,PC1,0,2,0.39847,0.52153,-0.51651,0.9957143664360046
1773143894.916448,PC1,0,3,0.40745,0.52488,-0.51658,0.9950113892555237
1773143894.916448,PC1,0,4,0.36302,0.51585,-0.51257,0.997066855430603
1773143894.916448,PC1,0,5,0.35587,0.5157,-0.51247,0.9971485137939453
1773143894.916448,PC1,0,6,0.34937,0.51663,-0.51282,0.9972217679023743
1773143894.916448,PC1,0,7,0.4295,0.55188,-0.3104,0.9942274689674377
1773143894.916448,PC1,0,8,0.34907,0.54127,-0.29011,0.9977063536643982
1773143894.916448,PC1,0,9,0.38971,0.60411,-0.4655,0.9977425336837769
1773143894.916448,PC1,0,10,0.35851,0.60053,-0.45957,0.9988583922386169
1773143894.916448,PC1,0,11,0.49226,0.74564,-0.12123,0.9936750531196594
1773143894.916448,PC1,0,12,0.28592,0.75028,-0.16019,0.9959228038787842
1773143894.916448,PC1,0,13,0.5824,0.94304,-0.08509,0.7453383207321167
1773143894.916448,PC1,0,14,0.18859,0.98425,-0.22632,0.7381753325462341
1773143894.916448,PC1,0,15,0.67106,1.0356,-0.27034,0.6878836750984192
1773143894.916448,PC1,0,16,0.19041,1.20986,-0.49228,0.5231708288192749
1773143894.916448,PC1,0,17,0.70963,1.04344,-0.30264,0.6583698987960815
1773143894.916448,PC1,0,18,0.18892,1.28421,-0.54509,0.5080488324165344
1773143894.916448,PC1,0,19,0.70396,1.03791,-0.33707,0.7121062874794006
1773143894.916448,PC1,0,20,0.2103,1.2682,-0.5813,0.5584555268287659
1773143894.916448,PC1,0,21,0.68228,1.04535,-0.29335,0.7075420618057251
1773143894.916448,PC1,0,22,0.21407,1.2486,-0.51596,0.5665448307991028
1773143894.916448,PC1,0,23,0.57904,1.36342,0.06538,0.017699072137475014
1773143894.916448,PC1,0,24,0.42127,1.38918,-0.06265,0.01602335274219513
1773143894.916448,PC1,0,25,0.57769,1.83065,0.1012,0.002998380223289132
1773143894.916448,PC1,0,26,0.43173,1.87311,-0.06293,0.0017512324266135693
1773143894.916448,PC1,0,27,0.55843,2.27531,0.40908,0.00020650809165090322
1773143894.916448,PC1,0,28,0.41329,2.30946,0.13144,0.0001415893348166719
1773143894.916448,PC1,0,29,0.54542,2.35129,0.42336,0.0002344986714888364
1773143894.916448,PC1,0,30,0.39089,2.38669,0.13876,0.0003270430606789887
1773143894.916448,PC1,0,31,0.60246,2.38645,0.18492,0.0004885545931756496
1773143894.916448,PC1,0,32,0.48526,2.41597,-0.18737,0.0005847372231073678
1773143894.916448,PC1,0,Angle_Elbow_L,113.26,,,
1773143894.916448,PC1,0,Angle_Elbow_R,140.22,,,
1773143894.916448,PC1,0,Angle_Shoulder_L,165.42,,,
1773143894.916448,PC1,0,Angle_Shoulder_R,137.79,,,
1773143894.916448,PC1,0,Length_UpperArm_L,0.22,,,
1773143894.916448,PC1,0,Length_LowerArm_L,0.2253,,,
1773143894.916448,PC1,0,Length_UpperArm_R,0.2619,,,
1773143894.916448,PC1,0,Length_LowerArm_R,0.3488,,,
1773143894.916448,PC1,0,Width_Shoulder,0.21,,,
1773143895.0621881,PC1,0,0,0.36997,0.55517,-0.53056,0.9985320568084717
1773143895.0621881,PC1,0,1,0.38832,0.51947,-0.50427,0.9959620237350464
1773143895.0621881,PC1,0,2,0.39825,0.52203,-0.50436,0.9957637190818787
1773143895.0621881,PC1,0,3,0.40731,0.5251,-0.50441,0.994966447353363
1773143895.0621881,PC1,0,4,0.363,0.51641,-0.50043,0.9970908164978027
1773143895.0621881,PC1,0,5,0.35597,0.51618,-0.50028,0.9972246289253235
1773143895.0621881,PC1,0,6,0.3496,0.51703,-0.5006,0.9972329139709473
1773143895.0621881,PC1,0,7,0.42939,0.55147,-0.30939,0.9943244457244873
1773143895.0621881,PC1,0,8,0.34975,0.54145,-0.28681,0.997799813747406
1773143895.0621881,PC1,0,9,0.38976,0.60428,-0.45554,0.9978129863739014
1773143895.0621881,PC1,0,10,0.35852,0.60121,-0.44887,0.9988985061645508
1773143895.0621881,PC1,0,11,0.49205,0.74545,-0.12323,0.9941611289978027
1773143895.0621881,PC1,0,12,0.28756,0.74925,-0.17467,0.996269166469574
1773143895.0621881,PC1,0,13,0.58289,0.94329,-0.05612,0.7592539191246033
1773143895.0621881,PC1,0,14,0.18796,0.98387,-0.24211,0.7435811161994934
1773143895.0621881,PC1,0,15,0.68052,1.03195,-0.20159,0.6858277916908264
1773143895.0621881,PC1,0,16,0.18548,1.22388,-0.49342,0.5045697689056396
1773143895.0621881,PC1,0,17,0.72114,1.03608,-0.22585,0.648781955242157
1773143895.0621881,PC1,0,18,0.18892,1.28421,-0.54509,0.48687517642974854
1773143895.0621881,PC1,0,19,0.71979,1.03081,-0.26128,0.7047666907310486
1773143895.0621881,PC1,0,20,0.20339,1.28697,-0.58053,0.5386053919792175
1773143895.0621881,PC1,0,21,0.69814,1.03904,-0.22478,0.703898549079895
1773143895.0621881,PC1,0,22,0.20822,1.26713,-0.51815,0.5522052645683289
1773143895.0621881,PC1,0,23,0.57904,1.36342,0.06538,0.0166024100035429
1773143895.0621881,PC1,0,24,0.42127,1.38918,-0.06265,0.015006686560809612
1773143895.0621881,PC1,0,25,0.57769,1.83065,0.1012,0.002761476906016469
1773143895.0621881,PC1,0,26,0.43173,1.87311,-0.06293,0.0016527347033843398
1773143895.0621881,PC1,0,27,0.55843,2.27531,0.40908,0.00019298287224955857
1773143895.0621881,PC1,0,28,0.41329,2.30946,0.13144,0.0001347397337667644
1773143895.0621881,PC1,0,29,0.54542,2.35129,0.42336,0.00021759432274848223
1773143895.0621881,PC1,0,30,0.39089,2.38669,0.13876,0.0003190966963302344
1773143895.0621881,PC1,0,31,0.60246,2.38645,0.18492,0.0004575550847221166
1773143895.0621881,PC1,0,32,0.48526,2.41597,-0.18737,0.0005448341835290194
1773143895.0621881,PC1,0,Angle_Elbow_L,111.85,,,
1773143895.0621881,PC1,0,Angle_Elbow_R,143.35,,,
1773143895.0621881,PC1,0,Angle_Shoulder_L,165.29,,,
1773143895.0621881,PC1,0,Angle_Shoulder_R,136.97,,,
1773143895.0621881,PC1,0,Length_UpperArm_L,0.2278,,,
1773143895.0621881,PC1,0,Length_LowerArm_L,0.1964,,,
1773143895.0621881,PC1,0,Length_UpperArm_R,0.2637,,,
1773143895.0621881,PC1,0,Length_LowerArm_R,0.3475,,,
1773143895.0621881,PC1,0,Width_Shoulder,0.2109,,,
1773143895.2008379,PC1,0,0,0.36992,0.56187,-0.5034,0.9986627697944641
1773143895.2008379,PC1,0,1,0.38831,0.52556,-0.47955,0.9963212013244629
1773143895.2008379,PC1,0,2,0.39815,0.52753,-0.47965,0.9961470365524292
1773143895.2008379,PC1,0,3,0.40724,0.53002,-0.47968,0.9954206347465515
1773143895.2008379,PC1,0,4,0.36315,0.52257,-0.47617,0.9973372220993042
1773143895.2008379,PC1,0,5,0.35615,0.52197,-0.47592,0.9974599480628967
1773143895.2008379,PC1,0,6,0.34991,0.52213,-0.47618,0.9974564909934998
1773143895.2008379,PC1,0,7,0.42911,0.55268,-0.28619,0.9948467016220093
1773143895.2008379,PC1,0,8,0.35044,0.54238,-0.26326,0.9979862570762634
1773143895.2008379,PC1,0,9,0.38973,0.61,-0.42906,0.9980126619338989
1773143895.2008379,PC1,0,10,0.35855,0.60648,-0.42228,0.9989933371543884
1773143895.2008379,PC1,0,11,0.49193,0.74095,-0.11846,0.99471116065979
1773143895.2008379,PC1,0,12,0.28872,0.74746,-0.14502,0.9965406656265259
1773143895.2008379,PC1,0,13,0.58367,0.93068,-0.10653,0.7724730968475342
1773143895.2008379,PC1,0,14,0.18519,0.97908,-0.22022,0.7553120851516724
1773143895.2008379,PC1,0,15,0.67171,1.01015,-0.32228,0.6997796297073364
1773143895.2008379,PC1,0,16,0.18548,1.22388,-0.49342,0.491426557302475
1773143895.2008379,PC1,0,17,0.71277,1.01153,-0.36453,0.6536834239959717
1773143895.2008379,PC1,0,18,0.18892,1.28421,-0.54509,0.46453621983528137
1773143895.2008379,PC1,0,19,0.70351,1.00978,-0.39215,0.7116673588752747
1773143895.2008379,PC1,0,20,0.19535,1.25394,-0.57978,0.5194941163063049
1773143895.2008379,PC1,0,21,0.68268,1.01448,-0.34294,0.711803138256073
1773143895.2008379,PC1,0,22,0.20042,1.23282,-0.51731,0.5349224805831909
1773143895.2008379,PC1,0,23,0.57904,1.36342,0.06538,0.01571834459900856
1773143895.2008379,PC1,0,24,0.42127,1.38918,-0.06265,0.013929718174040318
1773143895.2008379,PC1,0,25,0.57769,1.83065,0.1012,0.0026274719275534153
1773143895.2008379,PC1,0,26,0.43173,1.87311,-0.06293,0.0015608627581968904
1773143895.2008379,PC1,0,27,0.55843,2.27531,0.40908,0.0001863443321781233
1773143895.2008379,PC1,0,28,0.41329,2.30946,0.13144,0.00012598151806741953
1773143895.2008379,PC1,0,29,0.54542,2.35129,0.42336,0.00020580542332027107
1773143895.2008379,PC1,0,30,0.39089,2.38669,0.13876,0.00030199767206795514
1773143895.2008379,PC1,0,31,0.60246,2.38645,0.18492,0.00042569954530335963
1773143895.2008379,PC1,0,32,0.48526,2.41597,-0.18737,0.0005064550787210464
1773143895.2008379,PC1,0,Angle_Elbow_L,113.33,,,
1773143895.2008379,PC1,0,Angle_Shoulder_L,162.07,,,
1773143895.2008379,PC1,0,Angle_Shoulder_R,136.14,,,
1773143895.2008379,PC1,0,Length_UpperArm_L,0.2111,,,
1773143895.2008379,PC1,0,Length_LowerArm_L,0.2462,,,
1773143895.2008379,PC1,0,Length_UpperArm_R,0.2646,,,
1773143895.2008379,PC1,0,Width_Shoulder,0.205,,,
1773143895.3406742,PC1,0,0,0.3706,0.55796,-0.39707,0.9987893104553223
1773143895.3406742,PC1,0,1,0.38875,0.52077,-0.36799,0.9966781735420227
1773143895.3406742,PC1,0,2,0.39849,0.5225,-0.36812,0.996521532535553
1773143895.3406742,PC1,0,3,0.40738,0.52462,-0.36814,0.9958670735359192
1773143895.3406742,PC1,0,4,0.36323,0.5185,-0.36991,0.9975953102111816
1773143895.3406742,PC1,0,5,0.35619,0.51839,-0.36979,0.997707188129425
1773143895.3406742,PC1,0,6,0.34986,0.51911,-0.37012,0.9977051615715027
1773143895.3406742,PC1,0,7,0.42907,0.54777,-0.16968,0.9953474998474121
1773143895.3406742,PC1,0,8,0.34994,0.54145,-0.16886,0.9981826543807983
1773143895.3406742,PC1,0,9,0.39026,0.60485,-0.31995,0.9981961846351624
1773143895.3406742,PC1,0,10,0.35881,0.60236,-0.31987,0.999086320400238
1773143895.3406742,PC1,0,11,0.4911,0.73672,-0.01745,0.9947752356529236
1773143895.3406742,PC1,0,12,0.28967,0.74794,-0.11514,0.9967963099479675
1773143895.3406742,PC1,0,13,0.57291,0.92175,-0.11458,0.7740030288696289
1773143895.3406742,PC1,0,14,0.23817,0.99832,-0.23811,0.7780786752700806
1773143895.3406742,PC1,0,15,0.59083,0.93451,-0.39049,0.6996970176696777
1773143895.3406742,PC1,0,16,0.41518,1.05136,-0.39871,0.5401315093040466
1773143895.3406742,PC1,0,17,0.60799,0.9362,-0.45002,0.6539895534515381
1773143895.3406742,PC1,0,18,0.4645,1.04995,-0.4491,0.5134029984474182
1773143895.3406742,PC1,0,19,0.5966,0.91999,-0.45559,0.7100309133529663
1773143895.3406742,PC1,0,20,0.35829,1.10686,-0.49572,0.5633994936943054
1773143895.3406742,PC1,0,21,0.58432,0.92547,-0.40383,0.7076277136802673
1773143895.3406742,PC1,0,22,0.35491,1.097,-0.4419,0.5754270553588867
1773143895.3406742,PC1,0,23,0.57904,1.36342,0.06538,0.038657333701848984
1773143895.3406742,PC1,0,24,0.42127,1.38918,-0.06265,0.041098907589912415
1773143895.3406742,PC1,0,25,0.57769,1.83065,0.1012,0.03799840807914734
1773143895.3406742,PC1,0,26,0.43173,1.87311,-0.06293,0.03714951127767563
1773143895.3406742,PC1,0,27,0.55843,2.27531,0.40908,0.004177675116807222
1773143895.3406742,PC1,0,28,0.41329,2.30946,0.13144,0.002839612076058984
1773143895.3406742,PC1,0,29,0.54542,2.35129,0.42336,0.004094366915524006
1773143895.3406742,PC1,0,30,0.39089,2.38669,0.13876,0.0019027638481929898
1773143895.3406742,PC1,0,31,0.60246,2.38645,0.18492,0.006483419798314571
1773143895.3406742,PC1,0,32,0.48526,2.41597,-0.18737,0.004427453503012657
1773143895.3406742,PC1,0,Angle_Elbow_L,119.54,,,
1773143895.3406742,PC1,0,Angle_Elbow_R,110.14,,,
1773143895.3406742,PC1,0,Angle_Shoulder_L,145.54,,,
1773143895.3406742,PC1,0,Angle_Shoulder_R,142.08,,,
1773143895.3406742,PC1,0,Length_UpperArm_L,0.2244,,,
1773143895.3406742,PC1,0,Length_LowerArm_L,0.2768,,,
1773143895.3406742,PC1,0,Length_UpperArm_R,0.2837,,,
1773143895.3406742,PC1,0,Length_LowerArm_R,0.2448,,,
1773143895.3406742,PC1,0,Width_Shoulder,0.2242,,,
1773143895.45596,PC1,0,0,0.37049,0.55395,-0.35144,0.9988957047462463
1773143895.45596,PC1,0,1,0.38863,0.51741,-0.3219,0.9969877004623413
1773143895.45596,PC1,0,2,0.39836,0.51892,-0.32206,0.9968480467796326
1773143895.45596,PC1,0,3,0.40721,0.52051,-0.32204,0.996259331703186
1773143895.45596,PC1,0,4,0.36312,0.51525,-0.3224,0.9978165626525879
1773143895.45596,PC1,0,5,0.35611,0.5152,-0.32233,0.9979193806648254
1773143895.45596,PC1,0,6,0.34978,0.51593,-0.32269,0.9979187846183777
1773143895.45596,PC1,0,7,0.42898,0.54221,-0.13146,0.9957887530326843
1773143895.45596,PC1,0,8,0.34983,0.53953,-0.12378,0.9983506798744202
1773143895.45596,PC1,0,9,0.38976,0.5989,-0.27777,0.998359739780426
1773143895.45596,PC1,0,10,0.35868,0.5982,-0.27611,0.9991631507873535
1773143895.45596,PC1,0,11,0.49489,0.73178,0.00676,0.9950675964355469
1773143895.45596,PC1,0,12,0.29439,0.74828,-0.09934,0.9970323443412781
1773143895.45596,PC1,0,13,0.56837,0.93225,-0.13966,0.7846524715423584
1773143895.45596,PC1,0,14,0.27718,1.00998,-0.24562,0.7981622219085693
1773143895.45596,PC1,0,15,0.54822,0.90843,-0.42544,0.7214622497558594
1773143895.45596,PC1,0,16,0.46211,1.00708,-0.39619,0.5845174193382263
1773143895.45596,PC1,0,17,0.53616,0.90043,-0.48907,0.6761256456375122
1773143895.45596,PC1,0,18,0.51266,1.00341,-0.45042,0.5582582950592041
1773143895.45596,PC1,0,19,0.52962,0.87405,-0.48367,0.7282037138938904
1773143895.45596,PC1,0,20,0.4581,1.01191,-0.46443,0.6036509275436401
1773143895.45596,PC1,0,21,0.5258,0.88019,-0.43369,0.7248878479003906
1773143895.45596,PC1,0,22,0.44863,1.00849,-0.41511,0.6131936311721802
1773143895.45596,PC1,0,23,0.57904,1.36342,0.06538,0.04398619011044502
1773143895.45596,PC1,0,24,0.42127,1.38918,-0.06265,0.04553106054663658
1773143895.45596,PC1,0,25,0.57769,1.83065,0.1012,0.037377629429101944
1773143895.45596,PC1,0,26,0.43173,1.87311,-0.06293,0.03602220490574837
1773143895.45596,PC1,0,27,0.55843,2.27531,0.40908,0.0038300761952996254
1773143895.45596,PC1,0,28,0.41329,2.30946,0.13144,0.0026165612507611513
1773143895.45596,PC1,0,29,0.54542,2.35129,0.42336,0.0037372505757957697
1773143895.45596,PC1,0,30,0.39089,2.38669,0.13876,0.0017498800298199058
1773143895.45596,PC1,0,31,0.60246,2.38645,0.18492,0.005947317462414503
1773143895.45596,PC1,0,32,0.48526,2.41597,-0.18737,0.00413949741050601
1773143895.45596,PC1,0,Angle_Elbow_L,118.57,,,
1773143895.45596,PC1,0,Angle_Elbow_R,104.63,,,
1773143895.45596,PC1,0,Angle_Shoulder_L,140.04,,,
1773143895.45596,PC1,0,Angle_Shoulder_R,144.31,,,
1773143895.45596,PC1,0,Length_UpperArm_L,0.2589,,,
1773143895.45596,PC1,0,Length_LowerArm_L,0.2875,,,
1773143895.45596,PC1,0,Length_UpperArm_R,0.3003,,,
1773143895.45596,PC1,0,Length_LowerArm_R,0.2385,,,
1773143895.45596,PC1,0,Width_Shoulder,0.2274,,,
1773143895.539039,PC1,0,0,0.37268,0.55092,-0.31537,0.9989700317382812
1773143895.539039,PC1,0,1,0.39071,0.51339,-0.28621,0.9971961975097656
1773143895.539039,PC1,0,2,0.40091,0.5146,-0.28639,0.9970933198928833
1773143895.539039,PC1,0,3,0.40996,0.51602,-0.28632,0.9965572357177734
1773143895.539039,PC1,0,4,0.36556,0.51175,-0.28447,0.9979564547538757
1773143895.539039,PC1,0,5,0.35885,0.51174,-0.28441,0.9980716109275818
1773143895.539039,PC1,0,6,0.35284,0.5124,-0.2848,0.9980679750442505
1773143895.539039,PC1,0,7,0.43189,0.53829,-0.10735,0.9961301684379578
1773143895.539039,PC1,0,8,0.35342,0.53696,-0.08861,0.9984563589096069
1773143895.539039,PC1,0,9,0.39346,0.59495,-0.24665,0.998464047908783
1773143895.539039,PC1,0,10,0.36238,0.59505,-0.24215,0.9991835355758667
1773143895.539039,PC1,0,11,0.50458,0.72783,0.01392,0.9951310157775879
1773143895.539039,PC1,0,12,0.30042,0.74428,-0.07743,0.9971667528152466
1773143895.539039,PC1,0,13,0.56842,0.9394,-0.14776,0.7895693778991699
1773143895.539039,PC1,0,14,0.30016,1.01326,-0.22391,0.8127877712249756
1773143895.539039,PC1,0,15,0.51228,0.8996,-0.40231,0.7368253469467163
1773143895.539039,PC1,0,16,0.48756,0.97714,-0.36391,0.6212342381477356
1773143895.539039,PC1,0,17,0.48797,0.88821,-0.46192,0.686191201210022
1773143895.539039,PC1,0,18,0.53486,0.96705,-0.41921,0.5921178460121155
1773143895.539039,PC1,0,19,0.4861,0.85565,-0.44499,0.735379159450531
1773143895.539039,PC1,0,20,0.50203,0.95552,-0.41507,0.6340184211730957
1773143895.539039,PC1,0,21,0.48633,0.86457,-0.40426,0.731842577457428
1773143895.539039,PC1,0,22,0.48739,0.95808,-0.37097,0.6406673789024353
1773143895.539039,PC1,0,23,0.57904,1.36342,0.06538,0.043576065450906754
1773143895.539039,PC1,0,24,0.42127,1.38918,-0.06265,0.04473447427153587
1773143895.539039,PC1,0,25,0.57769,1.83065,0.1012,0.035431958734989166
1773143895.539039,PC1,0,26,0.43173,1.87311,-0.06293,0.03387203812599182
1773143895.539039,PC1,0,27,0.55843,2.27531,0.40908,0.0034903765190392733
1773143895.539039,PC1,0,28,0.41329,2.30946,0.13144,0.002377092372626066
1773143895.539039,PC1,0,29,0.54542,2.35129,0.42336,0.0034148150589317083
1773143895.539039,PC1,0,30,0.39089,2.38669,0.13876,0.0015925916377454996
1773143895.539039,PC1,0,31,0.60246,2.38645,0.18492,0.005434505175799131
1773143895.539039,PC1,0,32,0.48526,2.41597,-0.18737,0.003829363966360688
1773143895.539039,PC1,0,Angle_Elbow_L,113.81,,,
1773143895.539039,PC1,0,Angle_Elbow_R,98.52,,,
1773143895.539039,PC1,0,Angle_Shoulder_L,140.15,,,
1773143895.539039,PC1,0,Angle_Shoulder_R,147.4,,,
1773143895.539039,PC1,0,Length_UpperArm_L,0.2738,,,
1773143895.539039,PC1,0,Length_LowerArm_L,0.2637,,,
1773143895.539039,PC1,0,Length_UpperArm_R,0.3063,,,
1773143895.539039,PC1,0,Length_LowerArm_R,0.2367,,,
1773143895.539039,PC1,0,Width_Shoulder,0.2243,,,
1773143895.6145,PC1,0,0,0.37562,0.54851,-0.30411,0.99906986951828
1773143895.6145,PC1,0,1,0.39346,0.51113,-0.27589,0.997468113899231
1773143895.6145,PC1,0,2,0.40411,0.51221,-0.27609,0.9973776936531067
1773143895.6145,PC1,0,3,0.41377,0.51347,-0.27603,0.9968947768211365
1773143895.6145,PC1,0,4,0.36842,0.50965,-0.27373,0.9981510639190674
1773143895.6145,PC1,0,5,0.36181,0.50964,-0.27366,0.9982559084892273
1773143895.6145,PC1,0,6,0.35598,0.5102,-0.27404,0.9982503056526184
1773143895.6145,PC1,0,7,0.43575,0.5353,-0.09867,0.9965111613273621
1773143895.6145,PC1,0,8,0.35675,0.53476,-0.07714,0.9985993504524231
1773143895.6145,PC1,0,9,0.39714,0.59221,-0.23559,0.9986118078231812
1773143895.6145,PC1,0,10,0.36611,0.593,-0.23121,0.9992536902427673
1773143895.6145,PC1,0,11,0.51074,0.72494,0.0007,0.9955745339393616
1773143895.6145,PC1,0,12,0.30502,0.74135,-0.06948,0.9973181486129761
1773143895.6145,PC1,0,13,0.57076,0.95163,-0.17046,0.8022124171257019
1773143895.6145,PC1,0,14,0.31666,1.01191,-0.21389,0.8270569443702698
1773143895.6145,PC1,0,15,0.48503,0.88202,-0.40036,0.7606903910636902
1773143895.6145,PC1,0,16,0.50077,0.93905,-0.3493,0.6569634675979614
1773143895.6145,PC1,0,17,0.45584,0.86804,-0.45633,0.7125141620635986
1773143895.6145,PC1,0,18,0.54569,0.91717,-0.4059,0.6277484893798828
1773143895.6145,PC1,0,19,0.45402,0.83561,-0.43384,0.7577562928199768
1773143895.6145,PC1,0,20,0.52231,0.89364,-0.38981,0.6663115620613098
1773143895.6145,PC1,0,21,0.45726,0.84231,-0.39335,0.7538273334503174
1773143895.6145,PC1,0,22,0.50666,0.9016,-0.35012,0.6710118055343628
1773143895.6145,PC1,0,23,0.57904,1.36342,0.06538,0.0398893766105175
1773143895.6145,PC1,0,24,0.42127,1.38918,-0.06265,0.040658801794052124
1773143895.6145,PC1,0,25,0.57769,1.83065,0.1012,0.03221626952290535
1773143895.6145,PC1,0,26,0.43173,1.87311,-0.06293,0.03062453307211399
1773143895.6145,PC1,0,27,0.55843,2.27531,0.40908,0.0031472903210669756
1773143895.6145,PC1,0,28,0.41329,2.30946,0.13144,0.002140185795724392
1773143895.6145,PC1,0,29,0.54542,2.35129,0.42336,0.003078972455114126
1773143895.6145,PC1,0,30,0.39089,2.38669,0.13876,0.0014341416535899043
1773143895.6145,PC1,0,31,0.60246,2.38645,0.18492,0.00490166898816824
1773143895.6145,PC1,0,32,0.48526,2.41597,-0.18737,0.0034554742742329836
1773143895.6145,PC1,0,Angle_Elbow_L,104.41,,,
1773143895.6145,PC1,0,Angle_Elbow_R,91.54,,,
1773143895.6145,PC1,0,Angle_Shoulder_L,140.23,,,
1773143895.6145,PC1,0,Angle_Shoulder_R,148.3,,,
1773143895.6145,PC1,0,Length_UpperArm_L,0.2903,,,
1773143895.6145,PC1,0,Length_LowerArm_L,0.255,,,
1773143895.6145,PC1,0,Length_UpperArm_R,0.3069,,,
1773143895.6145,PC1,0,Length_LowerArm_R,0.2399,,,
1773143895.6145,PC1,0,Width_Shoulder,0.218,,,
1773143895.692157,PC1,0,0,0.38022,0.54699,-0.29396,0.9991583824157715
1773143895.692157,PC1,0,1,0.39837,0.5097,-0.26503,0.9977095127105713
1773143895.692157,PC1,0,2,0.40934,0.51073,-0.26517,0.9976316690444946
1773143895.692157,PC1,0,3,0.41939,0.51191,-0.26505,0.9971952438354492
1773143895.692157,PC1,0,4,0.37319,0.50824,-0.26306,0.9983236789703369
1773143895.692157,PC1,0,5,0.36653,0.50815,-0.26296,0.9984207153320312
1773143895.692157,PC1,0,6,0.36058,0.5086,-0.26333,0.9984133839607239
1773143895.692157,PC1,0,7,0.44096,0.53372,-0.09107,0.9968504309654236
1773143895.692157,PC1,0,8,0.36058,0.53341,-0.0701,0.9987293481826782
1773143895.692157,PC1,0,9,0.40179,0.59061,-0.22703,0.9987388849258423
1773143895.692157,PC1,0,10,0.37079,0.59184,-0.2228,0.9993164539337158
1773143895.692157,PC1,0,11,0.51618,0.72643,0.00926,0.9959189295768738
1773143895.692157,PC1,0,12,0.30822,0.74257,-0.06216,0.9974644780158997
1773143895.692157,PC1,0,13,0.57293,0.95917,-0.16708,0.8132863640785217
1773143895.692157,PC1,0,14,0.32426,1.02833,-0.2075,0.8407298922538757
1773143895.692157,PC1,0,15,0.47165,0.86799,-0.3921,0.782821774482727
1773143895.692157,PC1,0,16,0.50763,0.92079,-0.33922,0.6893370747566223
1773143895.692157,PC1,0,17,0.43974,0.84942,-0.44618,0.7371607422828674
1773143895.692157,PC1,0,18,0.55029,0.89082,-0.39282,0.6601089835166931
1773143895.692157,PC1,0,19,0.43813,0.81733,-0.4154,0.7782772779464722
1773143895.692157,PC1,0,20,0.53359,0.85826,-0.36839,0.6953511238098145
1773143895.692157,PC1,0,21,0.44321,0.82271,-0.38259,0.7743068337440491
1773143895.692157,PC1,0,22,0.5165,0.87462,-0.33489,0.6985769271850586
1773143895.692157,PC1,0,23,0.57904,1.36342,0.06538,0.0381915457546711
1773143895.692157,PC1,0,24,0.42127,1.38918,-0.06265,0.03805471211671829
1773143895.692157,PC1,0,25,0.57769,1.83065,0.1012,0.029632266610860825
1773143895.692157,PC1,0,26,0.43173,1.87311,-0.06293,0.02777336724102497
1773143895.692157,PC1,0,27,0.55843,2.27531,0.40908,0.0028463564813137054
1773143895.692157,PC1,0,28,0.41329,2.30946,0.13144,0.001927320845425129
1773143895.692157,PC1,0,29,0.54542,2.35129,0.42336,0.0027896203100681305
1773143895.692157,PC1,0,30,0.39089,2.38669,0.13876,0.0012920715380460024
1773143895.692157,PC1,0,31,0.60246,2.38645,0.18492,0.004438101779669523
1773143895.692157,PC1,0,32,0.48526,2.41597,-0.18737,0.00312204472720623
1773143895.692157,PC1,0,Angle_Elbow_L,99.35,,,
1773143895.692157,PC1,0,Angle_Elbow_R,83.82,,,
1773143895.692157,PC1,0,Angle_Shoulder_L,140.8,,,
1773143895.692157,PC1,0,Angle_Shoulder_R,150.29,,,
1773143895.692157,PC1,0,Length_UpperArm_L,0.2975,,,
1773143895.692157,PC1,0,Length_LowerArm_L,0.2631,,,
1773143895.692157,PC1,0,Length_UpperArm_R,0.321,,,
1773143895.692157,PC1,0,Length_LowerArm_R,0.2501,,,
1773143895.692157,PC1,0,Width_Shoulder,0.2205,,,
1773143895.77153,PC1,0,0,0.38326,0.54355,-0.28904,0.9992214441299438
1773143895.77153,PC1,0,1,0.40184,0.50757,-0.25889,0.9978947043418884
1773143895.77153,PC1,0,2,0.41291,0.50868,-0.25902,0.9978358149528503
1773143895.77153,PC1,0,3,0.42319,0.50995,-0.25892,0.9974362850189209
1773143895.77153,PC1,0,4,0.37678,0.50587,-0.25758,0.9984474182128906
1773143895.77153,PC1,0,5,0.37024,0.50563,-0.25745,0.9985433220863342
1773143895.77153,PC1,0,6,0.36444,0.50587,-0.2578,0.9985311031341553
1773143895.77153,PC1,0,7,0.44475,0.53196,-0.09547,0.9971303343772888
1773143895.77153,PC1,0,8,0.36501,0.53019,-0.06604,0.9988142251968384
1773143895.77153,PC1,0,9,0.4047,0.588,-0.22279,0.9988244771957397
1773143895.77153,PC1,0,10,0.3741,0.58842,-0.21874,0.9993451833724976
1773143895.77153,PC1,0,11,0.51991,0.72664,0.00291,0.9958473443984985
1773143895.77153,PC1,0,12,0.31311,0.73713,-0.05572,0.9974008202552795
1773143895.77153,PC1,0,13,0.5737,0.96356,-0.1834,0.8194907307624817
1773143895.77153,PC1,0,14,0.32304,1.02615,-0.20377,0.8479031324386597
1773143895.77153,PC1,0,15,0.46397,0.85742,-0.4054,0.7978644967079163
1773143895.77153,PC1,0,16,0.51133,0.90923,-0.33989,0.7133080363273621
1773143895.77153,PC1,0,17,0.43007,0.83626,-0.45793,0.7518881559371948
1773143895.77153,PC1,0,18,0.55217,0.87766,-0.3915,0.6803908348083496
1773143895.77153,PC1,0,19,0.4283,0.8029,-0.42176,0.7902966737747192
1773143895.77153,PC1,0,20,0.54018,0.83936,-0.35873,0.7134896516799927
1773143895.77153,PC1,0,21,0.43465,0.80883,-0.39455,0.7848594188690186
1773143895.77153,PC1,0,22,0.52192,0.8574,-0.3318,0.71306312084198
1773143895.77153,PC1,0,23,0.57904,1.36342,0.06538,0.03940613567829132
1773143895.77153,PC1,0,24,0.42127,1.38918,-0.06265,0.037905097007751465
1773143895.77153,PC1,0,25,0.57769,1.83065,0.1012,0.030737945809960365
1773143895.77153,PC1,0,26,0.43173,1.87311,-0.06293,0.026910530403256416
1773143895.77153,PC1,0,27,0.55843,2.27531,0.40908,0.002715847222134471
1773143895.77153,PC1,0,28,0.41329,2.30946,0.13144,0.0017742982599884272
1773143895.77153,PC1,0,29,0.54542,2.35129,0.42336,0.002693932969123125
1773143895.77153,PC1,0,30,0.39089,2.38669,0.13876,0.0011992822401225567
1773143895.77153,PC1,0,31,0.60246,2.38645,0.18492,0.004235869739204645
1773143895.77153,PC1,0,32,0.48526,2.41597,-0.18737,0.0029813286382704973
1773143895.77153,PC1,0,Angle_Elbow_L,97.18,,,
1773143895.77153,PC1,0,Angle_Elbow_R,81.99,,,
1773143895.77153,PC1,0,Angle_Shoulder_L,139.76,,,
1773143895.77153,PC1,0,Angle_Shoulder_R,149.98,,,
1773143895.77153,PC1,0,Length_UpperArm_L,0.3062,,,
1773143895.77153,PC1,0,Length_LowerArm_L,0.2694,,,
1773143895.77153,PC1,0,Length_UpperArm_R,0.3249,,,
1773143895.77153,PC1,0,Length_LowerArm_R,0.2601,,,
1773143895.77153,PC1,0,Width_Shoulder,0.2152,,,
1773143895.844216,PC1,0,0,0.38644,0.54064,-0.30535,0.9992502331733704
1773143895.844216,PC1,0,1,0.40557,0.50497,-0.27751,0.9980201721191406
1773143895.844216,PC1,0,2,0.41675,0.50608,-0.27765,0.99797123670578
1773143895.844216,PC1,0,3,0.42737,0.50747,-0.27756,0.9976060390472412
1773143895.844216,PC1,0,4,0.38096,0.50298,-0.27401,0.9985158443450928
1773143895.844216,PC1,0,5,0.37489,0.50251,-0.2739,0.9986028075218201
1773143895.844216,PC1,0,6,0.36947,0.50237,-0.27426,0.9985821843147278
1773143895.844216,PC1,0,7,0.44956,0.53037,-0.11508,0.9973295331001282
1773143895.844216,PC1,0,8,0.37098,0.52652,-0.0793,0.9988072514533997
1773143895.844216,PC1,0,9,0.40769,0.58598,-0.23954,0.998856246471405
1773143895.844216,PC1,0,10,0.37812,0.58549,-0.23291,0.999308168888092
1773143895.844216,PC1,0,11,0.52379,0.72677,-0.01626,0.9947316646575928
1773143895.844216,PC1,0,12,0.32015,0.73025,-0.06175,0.9968186616897583
1773143895.844216,PC1,0,13,0.57134,0.963,-0.21419,0.8077338933944702
1773143895.844216,PC1,0,14,0.33043,1.00737,-0.2136,0.8249739408493042
1773143895.844216,PC1,0,15,0.46374,0.85734,-0.44612,0.7941809296607971
1773143895.844216,PC1,0,16,0.51289,0.90268,-0.35899,0.7173325419425964
1773143895.844216,PC1,0,17,0.42824,0.83267,-0.49924,0.7493151426315308
1773143895.844216,PC1,0,18,0.5545,0.88183,-0.41132,0.6827284693717957
1773143895.844216,PC1,0,19,0.42583,0.79748,-0.46444,0.7884921431541443
1773143895.844216,PC1,0,20,0.54414,0.82943,-0.38094,0.7164990305900574
1773143895.844216,PC1,0,21,0.43295,0.80667,-0.43684,0.7798203825950623
1773143895.844216,PC1,0,22,0.52808,0.85751,-0.35189,0.7106379866600037
1773143895.844216,PC1,0,23,0.57904,1.36342,0.06538,0.03736024722456932
1773143895.844216,PC1,0,24,0.42127,1.38918,-0.06265,0.03601399064064026
1773143895.844216,PC1,0,25,0.57769,1.83065,0.1012,0.03089440055191517
1773143895.844216,PC1,0,26,0.43173,1.87311,-0.06293,0.02644571103155613
1773143895.844216,PC1,0,27,0.55843,2.27531,0.40908,0.002547447569668293
1773143895.844216,PC1,0,28,0.41329,2.30946,0.13144,0.0016775412950664759
1773143895.844216,PC1,0,29,0.54542,2.35129,0.42336,0.0025058058090507984
1773143895.844216,PC1,0,30,0.39089,2.38669,0.13876,0.0011323501821607351
1773143895.844216,PC1,0,31,0.60246,2.38645,0.18492,0.0040756529197096825
1773143895.844216,PC1,0,32,0.48526,2.41597,-0.18737,0.003002895275130868
1773143895.844216,PC1,0,Angle_Elbow_L,100.57,,,
1773143895.844216,PC1,0,Angle_Elbow_R,86.41,,,
1773143895.844216,PC1,0,Angle_Shoulder_L,136.86,,,
1773143895.844216,PC1,0,Angle_Shoulder_R,147.43,,,
1773143895.844216,PC1,0,Length_UpperArm_L,0.3118,,,
1773143895.844216,PC1,0,Length_LowerArm_L,0.2766,,,
1773143895.844216,PC1,0,Length_UpperArm_R,0.3162,,,
1773143895.844216,PC1,0,Length_LowerArm_R,0.2557,,,
1773143895.844216,PC1,0,Width_Shoulder,0.2087,,,
1773143895.9937851,PC1,0,0,0.39218,0.5364,-0.3383,0.9993573427200317
1773143895.9937851,PC1,0,1,0.41259,0.5003,-0.31285,0.9983242154121399
1773143895.9937851,PC1,0,2,0.42392,0.50127,-0.31296,0.9983014464378357
1773143895.9937851,PC1,0,3,0.43505,0.50282,-0.31277,0.9979984164237976
1773143895.9937851,PC1,0,4,0.38892,0.49831,-0.30405,0.9987128973007202
1773143895.9937851,PC1,0,5,0.3834,0.49744,-0.30391,0.9987893104553223
1773143895.9937851,PC1,0,6,0.37819,0.49677,-0.30425,0.9987417459487915
1773143895.9937851,PC1,0,7,0.45912,0.5277,-0.15715,0.9977877140045166
1773143895.9937851,PC1,0,8,0.38221,0.522,-0.10178,0.9989129900932312
1773143895.9937851,PC1,0,9,0.41246,0.58335,-0.27756,0.9990124702453613
1773143895.9937851,PC1,0,10,0.38531,0.58142,-0.26401,0.9993391036987305
1773143895.9937851,PC1,0,11,0.53605,0.73549,-0.07067,0.9951272010803223
1773143895.9937851,PC1,0,12,0.33218,0.73055,-0.07696,0.9963597655296326
1773143895.9937851,PC1,0,13,0.57698,0.97119,-0.27861,0.8080905675888062
1773143895.9937851,PC1,0,14,0.35359,1.01598,-0.2443,0.8126767873764038
1773143895.9937851,PC1,0,15,0.46689,0.8467,-0.49585,0.8213565349578857
1773143895.9937851,PC1,0,16,0.52,0.88689,-0.42018,0.7512584924697876
1773143895.9937851,PC1,0,17,0.42723,0.82033,-0.54752,0.7772989869117737
1773143895.9937851,PC1,0,18,0.56311,0.85585,-0.47346,0.710285484790802
1773143895.9937851,PC1,0,19,0.42409,0.78405,-0.51169,0.8126089572906494
1773143895.9937851,PC1,0,20,0.55274,0.80601,-0.43598,0.7421756386756897
1773143895.9937851,PC1,0,21,0.43226,0.79245,-0.48587,0.8027364611625671
1773143895.9937851,PC1,0,22,0.54011,0.82887,-0.41104,0.7323867082595825
1773143895.9937851,PC1,0,23,0.57904,1.36342,0.06538,0.03187539428472519
1773143895.9937851,PC1,0,24,0.42127,1.38918,-0.06265,0.030375219881534576
1773143895.9937851,PC1,0,25,0.57769,1.83065,0.1012,0.02603992447257042
1773143895.9937851,PC1,0,26,0.43173,1.87311,-0.06293,0.021730318665504456
1773143895.9937851,PC1,0,27,0.55843,2.27531,0.40908,0.0020820468198508024
1773143895.9937851,PC1,0,28,0.41329,2.30946,0.13144,0.001363344956189394
1773143895.9937851,PC1,0,29,0.54542,2.35129,0.42336,0.0020578382536768913
1773143895.9937851,PC1,0,30,0.39089,2.38669,0.13876,0.0009213020675815642
1773143895.9937851,PC1,0,31,0.60246,2.38645,0.18492,0.003349926322698593
1773143895.9937851,PC1,0,32,0.48526,2.41597,-0.18737,0.0024655319284647703
1773143895.9937851,PC1,0,Angle_Elbow_L,97.51,,,
1773143895.9937851,PC1,0,Angle_Elbow_R,87.57,,,
1773143895.9937851,PC1,0,Angle_Shoulder_L,132.23,,,
1773143895.9937851,PC1,0,Angle_Shoulder_R,143.03,,,
1773143895.9937851,PC1,0,Length_UpperArm_L,0.317,,,
1773143895.9937851,PC1,0,Length_LowerArm_L,0.2735,,,
1773143895.9937851,PC1,0,Length_UpperArm_R,0.3316,,,
1773143895.9937851,PC1,0,Length_LowerArm_R,0.2744,,,
1773143895.9937851,PC1,0,Width_Shoulder,0.204,,,
1773143896.07064,PC1,0,0,0.39485,0.53526,-0.34799,0.9994135499000549
1773143896.07064,PC1,0,1,0.41541,0.49897,-0.31897,0.9984654784202576
1773143896.07064,PC1,0,2,0.42688,0.49991,-0.31902,0.9984540343284607
1773143896.07064,PC1,0,3,0.43823,0.50151,-0.31868,0.9981764554977417
1773143896.07064,PC1,0,4,0.3921,0.49705,-0.3079,0.9988109469413757
1773143896.07064,PC1,0,5,0.38658,0.49606,-0.30773,0.9988855123519897
1773143896.07064,PC1,0,6,0.38121,0.49529,-0.30805,0.9988291263580322
1773143896.07064,PC1,0,7,0.46404,0.527,-0.16112,0.9979931116104126
1773143896.07064,PC1,0,8,0.38636,0.52101,-0.09847,0.998990535736084
1773143896.07064,PC1,0,9,0.414,0.5826,-0.28954,0.999086320400238
1773143896.07064,PC1,0,10,0.38812,0.58028,-0.27158,0.9993600249290466
1773143896.07064,PC1,0,11,0.54454,0.73963,-0.07293,0.995234489440918
1773143896.07064,PC1,0,12,0.33919,0.73383,-0.07972,0.9962033033370972
1773143896.07064,PC1,0,13,0.59363,0.98229,-0.28316,0.8100466132164001
1773143896.07064,PC1,0,14,0.363,1.02023,-0.25159,0.8049739599227905
1773143896.07064,PC1,0,15,0.47237,0.83857,-0.48102,0.8362969756126404
1773143896.07064,PC1,0,16,0.52609,0.86714,-0.41456,0.7700681090354919
1773143896.07064,PC1,0,17,0.43262,0.80709,-0.53051,0.7953179478645325
1773143896.07064,PC1,0,18,0.57074,0.82906,-0.4665,0.7298324704170227
1773143896.07064,PC1,0,19,0.42868,0.77163,-0.48742,0.8279545307159424
1773143896.07064,PC1,0,20,0.56123,0.7855,-0.4245,0.7599803805351257
1773143896.07064,PC1,0,21,0.43698,0.78025,-0.46878,0.8185762166976929
1773143896.07064,PC1,0,22,0.54944,0.80673,-0.40369,0.7500475645065308
1773143896.07064,PC1,0,23,0.57904,1.36342,0.06538,0.028772428631782532
1773143896.07064,PC1,0,24,0.42127,1.38918,-0.06265,0.0274038165807724
1773143896.07064,PC1,0,25,0.57769,1.83065,0.1012,0.023473326116800308
1773143896.07064,PC1,0,26,0.43173,1.87311,-0.06293,0.019569581374526024
1773143896.07064,PC1,0,27,0.55843,2.27531,0.40908,0.001874876907095313
1773143896.07064,PC1,0,28,0.41329,2.30946,0.13144,0.001227100845426321
1773143896.07064,PC1,0,29,0.54542,2.35129,0.42336,0.0018532153917476535
1773143896.07064,PC1,0,30,0.39089,2.38669,0.13876,0.000829267140943557
1773143896.07064,PC1,0,31,0.60246,2.38645,0.18492,0.003017894458025694
1773143896.07064,PC1,0,32,0.48526,2.41597,-0.18737,0.002220897004008293
1773143896.07064,PC1,0,Angle_Elbow_L,90.5,,,
1773143896.07064,PC1,0,Angle_Elbow_R,82.59,,,
1773143896.07064,PC1,0,Angle_Shoulder_L,132.42,,,
1773143896.07064,PC1,0,Angle_Shoulder_R,142.22,,,
1773143896.07064,PC1,0,Length_UpperArm_L,0.3248,,,
1773143896.07064,PC1,0,Length_LowerArm_L,0.273,,,
1773143896.07064,PC1,0,Length_UpperArm_R,0.3349,,,
1773143896.07064,PC1,0,Length_LowerArm_R,0.2768,,,
1773143896.07064,PC1,0,Width_Shoulder,0.2055,,,
1773143896.159295,PC1,0,0,0.39804,0.53448,-0.33978,0.9994655847549438
1773143896.159295,PC1,0,1,0.41889,0.49792,-0.30949,0.9985872507095337
1773143896.159295,PC1,0,2,0.4306,0.49888,-0.30948,0.9985892176628113
1773143896.159295,PC1,0,3,0.4421,0.50058,-0.30908,0.9983302354812622
1773143896.159295,PC1,0,4,0.3959,0.49581,-0.29801,0.9988974332809448
1773143896.159295,PC1,0,5,0.39035,0.49464,-0.29785,0.998974621295929
1773143896.159295,PC1,0,6,0.38473,0.49364,-0.29818,0.9989085793495178
1773143896.159295,PC1,0,7,0.46937,0.52647,-0.14846,0.9981719255447388
1773143896.159295,PC1,0,8,0.39088,0.51847,-0.08434,0.9990651607513428
1773143896.159295,PC1,0,9,0.41654,0.58208,-0.28098,0.999146044254303
1773143896.159295,PC1,0,10,0.39116,0.57947,-0.26248,0.9993757009506226
1773143896.159295,PC1,0,11,0.55195,0.74219,-0.06048,0.9952772855758667
1773143896.159295,PC1,0,12,0.34394,0.73601,-0.07676,0.996367871761322
1773143896.159295,PC1,0,13,0.60445,0.99077,-0.28142,0.8149776458740234
1773143896.159295,PC1,0,14,0.37402,1.02231,-0.25625,0.8059749007225037
1773143896.159295,PC1,0,15,0.47715,0.82206,-0.46989,0.8503742814064026
1773143896.159295,PC1,0,16,0.53245,0.84616,-0.41263,0.7909650802612305
1773143896.159295,PC1,0,17,0.43595,0.78306,-0.51711,0.8121241927146912
1773143896.159295,PC1,0,18,0.57691,0.80082,-0.46257,0.7534814476966858
1773143896.159295,PC1,0,19,0.43232,0.75017,-0.46627,0.8419557213783264
1773143896.159295,PC1,0,20,0.5699,0.76393,-0.41884,0.780841588973999
1773143896.159295,PC1,0,21,0.4412,0.75985,-0.45544,0.8334420919418335
1773143896.159295,PC1,0,22,0.5562,0.78594,-0.3996,0.7716645002365112
1773143896.159295,PC1,0,23,0.57904,1.36342,0.06538,0.026019353419542313
1773143896.159295,PC1,0,24,0.42127,1.38918,-0.06265,0.024785419926047325
1773143896.159295,PC1,0,25,0.57769,1.83065,0.1012,0.021154021844267845
1773143896.159295,PC1,0,26,0.43173,1.87311,-0.06293,0.017624909058213234
1773143896.159295,PC1,0,27,0.55843,2.27531,0.40908,0.001688899239525199
1773143896.159295,PC1,0,28,0.41329,2.30946,0.13144,0.0011045585852116346
1773143896.159295,PC1,0,29,0.54542,2.35129,0.42336,0.0016694489168003201
1773143896.159295,PC1,0,30,0.39089,2.38669,0.13876,0.0007465312955901027
1773143896.159295,PC1,0,31,0.60246,2.38645,0.18492,0.002719366457313299
1773143896.159295,PC1,0,32,0.48526,2.41597,-0.18737,0.002001006156206131
1773143896.159295,PC1,0,Angle_Elbow_L,85.8,,,
1773143896.159295,PC1,0,Angle_Elbow_R,79.47,,,
1773143896.159295,PC1,0,Angle_Shoulder_L,132.28,,,
1773143896.159295,PC1,0,Angle_Shoulder_R,141.79,,,
1773143896.159295,PC1,0,Length_UpperArm_L,0.3367,,,
1773143896.159295,PC1,0,Length_LowerArm_L,0.2832,,,
1773143896.159295,PC1,0,Length_UpperArm_R,0.3392,,,
1773143896.159295,PC1,0,Length_LowerArm_R,0.2839,,,
1773143896.159295,PC1,0,Width_Shoulder,0.2087,,,
1773143896.237375,PC1,0,0,0.40186,0.53338,-0.31556,0.9995145797729492
1773143896.237375,PC1,0,1,0.42359,0.49617,-0.28698,0.9987139701843262
1773143896.237375,PC1,0,2,0.43551,0.49713,-0.28698,0.9987204074859619
1773143896.237375,PC1,0,3,0.44734,0.4988,-0.28656,0.9984851479530334
1773143896.237375,PC1,0,4,0.40047,0.49381,-0.27207,0.9989922046661377
1773143896.237375,PC1,0,5,0.39519,0.49246,-0.27188,0.9990642070770264
1773143896.237375,PC1,0,6,0.38966,0.49125,-0.27224,0.998999834060669
1773143896.237375,PC1,0,7,0.47569,0.52425,-0.1306,0.9983440041542053
1773143896.237375,PC1,0,8,0.39783,0.51545,-0.05108,0.999142050743103
1773143896.237375,PC1,0,9,0.42056,0.58137,-0.25858,0.9992102384567261
1773143896.237375,PC1,0,10,0.3957,0.5782,-0.2362,0.9994053244590759
1773143896.237375,PC1,0,11,0.56253,0.74168,-0.05201,0.995307207107544
1773143896.237375,PC1,0,12,0.35107,0.73754,-0.0474,0.9964690804481506
1773143896.237375,PC1,0,13,0.61331,0.99968,-0.28006,0.8163634538650513
1773143896.237375,PC1,0,14,0.38089,1.02327,-0.25622,0.806858479976654
1773143896.237375,PC1,0,15,0.48182,0.80853,-0.44913,0.8625984191894531
1773143896.237375,PC1,0,16,0.53869,0.83351,-0.43538,0.8070522546768188
1773143896.237375,PC1,0,17,0.43938,0.76057,-0.4927,0.8260996341705322
1773143896.237375,PC1,0,18,0.58328,0.78388,-0.48803,0.7696964144706726
1773143896.237375,PC1,0,19,0.43618,0.73022,-0.43816,0.8536124229431152
1773143896.237375,PC1,0,20,0.57854,0.75039,-0.43807,0.7948660850524902
1773143896.237375,PC1,0,21,0.4456,0.74136,-0.43298,0.8456346392631531
1773143896.237375,PC1,0,22,0.56267,0.77339,-0.42131,0.7861992120742798
1773143896.237375,PC1,0,23,0.57904,1.36342,0.06538,0.023740129545331
1773143896.237375,PC1,0,24,0.42127,1.38918,-0.06265,0.02266377955675125
1773143896.237375,PC1,0,25,0.57769,1.83065,0.1012,0.0190865658223629
1773143896.237375,PC1,0,26,0.43173,1.87311,-0.06293,0.01588929444551468
1773143896.237375,PC1,0,27,0.55843,2.27531,0.40908,0.0015210440615192056
1773143896.237375,PC1,0,28,0.41329,2.30946,0.13144,0.00099435995798558
1773143896.237375,PC1,0,29,0.54542,2.35129,0.42336,0.0015035753604024649
1773143896.237375,PC1,0,30,0.39089,2.38669,0.13876,0.0006721329991705716
1773143896.237375,PC1,0,31,0.60246,2.38645,0.18492,0.0024499029386788607
1773143896.237375,PC1,0,32,0.48526,2.41597,-0.18737,0.0018039754359051585
1773143896.237375,PC1,0,Angle_Elbow_L,79.95,,,
1773143896.237375,PC1,0,Angle_Elbow_R,83.58,,,
1773143896.237375,PC1,0,Angle_Shoulder_L,134.01,,,
1773143896.237375,PC1,0,Angle_Shoulder_R,139.37,,,
1773143896.237375,PC1,0,Length_UpperArm_L,0.3481,,,
1773143896.237375,PC1,0,Length_LowerArm_L,0.2871,,,
1773143896.237375,PC1,0,Length_UpperArm_R,0.3552,,,
1773143896.237375,PC1,0,Length_LowerArm_R,0.305,,,
1773143896.237375,PC1,0,Width_Shoulder,0.2116,,,
1773143896.315882,PC1,0,0,0.40576,0.53279,-0.29775,0.9995533227920532
1773143896.315882,PC1,0,1,0.42763,0.49513,-0.27116,0.998814046382904
1773143896.315882,PC1,0,2,0.43976,0.49609,-0.27116,0.9988291263580322
1773143896.315882,PC1,0,3,0.45188,0.4977,-0.27076,0.9986141920089722
1773143896.315882,PC1,0,4,0.40508,0.49261,-0.25481,0.9990615844726562
1773143896.315882,PC1,0,5,0.40013,0.49116,-0.25461,0.9991320371627808
1773143896.315882,PC1,0,6,0.39476,0.48984,-0.25498,0.999065101146698
1773143896.315882,PC1,0,7,0.48212,0.52255,-0.11826,0.9984884858131409
1773143896.315882,PC1,0,8,0.40462,0.51334,-0.03187,0.9991971254348755
1773143896.315882,PC1,0,9,0.42429,0.58095,-0.24171,0.9992595911026001
1773143896.315882,PC1,0,10,0.40045,0.57744,-0.21765,0.9994096159934998
1773143896.315882,PC1,0,11,0.57248,0.73895,-0.04321,0.9954363703727722
1773143896.315882,PC1,0,12,0.36157,0.7352,-0.03359,0.9966370463371277
1773143896.315882,PC1,0,13,0.61709,1.00415,-0.27343,0.821523129940033
1773143896.315882,PC1,0,14,0.39978,1.01774,-0.24869,0.8122481107711792
1773143896.315882,PC1,0,15,0.48394,0.80211,-0.43822,0.8733819723129272
1773143896.315882,PC1,0,16,0.5481,0.8191,-0.43791,0.8227939009666443
1773143896.315882,PC1,0,17,0.44136,0.75088,-0.48143,0.8384096026420593
1773143896.315882,PC1,0,18,0.59081,0.76713,-0.49376,0.7860503196716309
1773143896.315882,PC1,0,19,0.43901,0.72124,-0.42568,0.8638443350791931
1773143896.315882,PC1,0,20,0.58717,0.73639,-0.44426,0.8091313242912292
1773143896.315882,PC1,0,21,0.44859,0.73319,-0.42168,0.8560605049133301
1773143896.315882,PC1,0,22,0.57226,0.75793,-0.42533,0.800791323184967
1773143896.315882,PC1,0,23,0.57904,1.36342,0.06538,0.02171473763883114
1773143896.315882,PC1,0,24,0.42127,1.38918,-0.06265,0.02076627127826214
1773143896.315882,PC1,0,25,0.57769,1.83065,0.1012,0.017254704609513283
1773143896.315882,PC1,0,26,0.43173,1.87311,-0.06293,0.014341755770146847
1773143896.315882,PC1,0,27,0.55843,2.27531,0.40908,0.0013727265177294612
1773143896.315882,PC1,0,28,0.41329,2.30946,0.13144,0.0008955672383308411
1773143896.315882,PC1,0,29,0.54542,2.35129,0.42336,0.0013567641144618392
1773143896.315882,PC1,0,30,0.39089,2.38669,0.13876,0.0006055799312889576
1773143896.315882,PC1,0,31,0.60246,2.38645,0.18492,0.0022123390808701515
1773143896.315882,PC1,0,32,0.48526,2.41597,-0.18737,0.0016314567765221
1773143896.315882,PC1,0,Angle_Elbow_L,77.98,,,
1773143896.315882,PC1,0,Angle_Elbow_R,84.98,,,
1773143896.315882,PC1,0,Angle_Shoulder_L,135.47,,,
1773143896.315882,PC1,0,Angle_Shoulder_R,139.17,,,
1773143896.315882,PC1,0,Length_UpperArm_L,0.354,,,
1773143896.315882,PC1,0,Length_LowerArm_L,0.2928,,,
1773143896.315882,PC1,0,Length_UpperArm_R,0.3572,,,
1773143896.315882,PC1,0,Length_LowerArm_R,0.3119,,,
1773143896.315882,PC1,0,Width_Shoulder,0.2112,,,
1773143896.389364,PC1,0,0,0.41014,0.53226,-0.26862,0.999590277671814
1773143896.389364,PC1,0,1,0.4323,0.49426,-0.24465,0.9989134073257446
1773143896.389364,PC1,0,2,0.44444,0.49517,-0.24467,0.9989338517189026
1773143896.389364,PC1,0,3,0.4568,0.49665,-0.24428,0.9987392425537109
1773143896.389364,PC1,0,4,0.41037,0.49161,-0.22658,0.9991304278373718
1773143896.389364,PC1,0,5,0.40567,0.49009,-0.22636,0.9991974830627441
1773143896.389364,PC1,0,6,0.40059,0.48871,-0.22674,0.999130368232727
1773143896.389364,PC1,0,7,0.48838,0.52124,-0.10072,0.9986270070075989
1773143896.389364,PC1,0,8,0.41123,0.51157,-0.00657,0.9992530941963196
1773143896.389364,PC1,0,9,0.4282,0.58032,-0.2152,0.9993025064468384
1773143896.389364,PC1,0,10,0.40526,0.57642,-0.18924,0.999409019947052
1773143896.389364,PC1,0,11,0.58051,0.7351,-0.02939,0.9955089092254639
1773143896.389364,PC1,0,12,0.3675,0.7298,-0.01596,0.9967106580734253
1773143896.389364,PC1,0,13,0.61812,1.00696,-0.26113,0.8209221363067627
1773143896.389364,PC1,0,14,0.41006,1.01334,-0.23181,0.8165684342384338
1773143896.389364,PC1,0,15,0.4854,0.79865,-0.42245,0.8837417960166931
1773143896.389364,PC1,0,16,0.55655,0.81158,-0.42099,0.8368554711341858
1773143896.389364,PC1,0,17,0.44455,0.74475,-0.46595,0.8508499264717102
1773143896.389364,PC1,0,18,0.5974,0.75798,-0.47773,0.80109703540802
1773143896.389364,PC1,0,19,0.44315,0.71655,-0.41162,0.8742716908454895
1773143896.389364,PC1,0,20,0.59494,0.72888,-0.42979,0.8224388957023621
1773143896.389364,PC1,0,21,0.45241,0.72881,-0.40684,0.8670531511306763
1773143896.389364,PC1,0,22,0.58024,0.74847,-0.40963,0.8147532343864441
1773143896.389364,PC1,0,23,0.57904,1.36342,0.06538,0.01990482024848461
1773143896.389364,PC1,0,24,0.42127,1.38918,-0.06265,0.01903318427503109
1773143896.389364,PC1,0,25,0.57769,1.83065,0.1012,0.015584778040647507
1773143896.389364,PC1,0,26,0.43173,1.87311,-0.06293,0.012939666397869587
1773143896.389364,PC1,0,27,0.55843,2.27531,0.40908,0.001236327225342393
1773143896.389364,PC1,0,28,0.41329,2.30946,0.13144,0.000806210155133158
1773143896.389364,PC1,0,29,0.54542,2.35129,0.42336,0.0012223795056343079
1773143896.389364,PC1,0,30,0.39089,2.38669,0.13876,0.0005452163168229163
1773143896.389364,PC1,0,31,0.60246,2.38645,0.18492,0.0019940342754125595
1773143896.389364,PC1,0,32,0.48526,2.41597,-0.18737,0.0014714938588440418
1773143896.389364,PC1,0,Angle_Elbow_L,76.78,,,
1773143896.389364,PC1,0,Angle_Elbow_R,84.82,,,
1773143896.389364,PC1,0,Angle_Shoulder_L,137.38,,,
1773143896.389364,PC1,0,Angle_Shoulder_R,140.47,,,
1773143896.389364,PC1,0,Length_UpperArm_L,0.3592,,,
1773143896.389364,PC1,0,Length_LowerArm_L,0.295,,,
1773143896.389364,PC1,0,Length_UpperArm_R,0.3589,,,
1773143896.389364,PC1,0,Length_LowerArm_R,0.313,,,
1773143896.389364,PC1,0,Width_Shoulder,0.2135,,,
1773143896.462383,PC1,0,0,0.41405,0.53211,-0.27155,0.9996228218078613
1773143896.462383,PC1,0,1,0.43658,0.4943,-0.24744,0.998995304107666
1773143896.462383,PC1,0,2,0.44877,0.49535,-0.24745,0.9990209937095642
1773143896.462383,PC1,0,3,0.46144,0.49701,-0.24705,0.9988419413566589
1773143896.462383,PC1,0,4,0.41497,0.49136,-0.23017,0.9991893768310547
1773143896.462383,PC1,0,5,0.41046,0.48978,-0.22994,0.99925297498703
1773143896.462383,PC1,0,6,0.40554,0.48831,-0.23032,0.9991870522499084
1773143896.462383,PC1,0,7,0.49323,0.52147,-0.09981,0.9987400770187378
1773143896.462383,PC1,0,8,0.41627,0.5106,-0.0093,0.9992983341217041
1773143896.462383,PC1,0,9,0.43193,0.5807,-0.21644,0.9993323683738708
1773143896.462383,PC1,0,10,0.40921,0.5758,-0.19169,0.9994192719459534
1773143896.462383,PC1,0,11,0.58566,0.73284,-0.02882,0.9954696893692017
1773143896.462383,PC1,0,12,0.37066,0.72695,-0.01494,0.9968609809875488
1773143896.462383,PC1,0,13,0.61524,1.02017,-0.25202,0.807257354259491
1773143896.462383,PC1,0,14,0.41254,1.01222,-0.23027,0.8228327631950378
1773143896.462383,PC1,0,15,0.48941,0.80264,-0.40993,0.8882145285606384
1773143896.462383,PC1,0,16,0.56186,0.80762,-0.42117,0.849521815776825
1773143896.462383,PC1,0,17,0.45018,0.74412,-0.45229,0.8563242554664612
1773143896.462383,PC1,0,18,0.60243,0.75309,-0.47832,0.8146345019340515
1773143896.462383,PC1,0,19,0.44909,0.71607,-0.40091,0.8790950179100037
1773143896.462383,PC1,0,20,0.60086,0.72396,-0.42825,0.8344671130180359
1773143896.462383,PC1,0,21,0.45724,0.72889,-0.39573,0.871971070766449
1773143896.462383,PC1,0,22,0.58561,0.7427,-0.40879,0.8268854022026062
1773143896.462383,PC1,0,23,0.57904,1.36342,0.06538,0.018035000190138817
1773143896.462383,PC1,0,24,0.42127,1.38918,-0.06265,0.01726662367582321
1773143896.462383,PC1,0,25,0.57769,1.83065,0.1012,0.01406197901815176
1773143896.462383,PC1,0,26,0.43173,1.87311,-0.06293,0.011666510254144669
1773143896.462383,PC1,0,27,0.55843,2.27531,0.40908,0.0011134545784443617
1773143896.462383,PC1,0,28,0.41329,2.30946,0.13144,0.00072575913509354
1773143896.462383,PC1,0,29,0.54542,2.35129,0.42336,0.001100903027690947
1773143896.462383,PC1,0,30,0.39089,2.38669,0.13876,0.000490854203235358
1773143896.462383,PC1,0,31,0.60246,2.38645,0.18492,0.0017972184577956796
1773143896.462383,PC1,0,32,0.48526,2.41597,-0.18737,0.0013268289621919394
1773143896.462383,PC1,0,Angle_Elbow_L,73.38,,,
1773143896.462383,PC1,0,Angle_Elbow_R,84.47,,,
1773143896.462383,PC1,0,Angle_Shoulder_L,140.08,,,
1773143896.462383,PC1,0,Angle_Shoulder_R,140.73,,,
1773143896.462383,PC1,0,Length_UpperArm_L,0.365,,,
1773143896.462383,PC1,0,Length_LowerArm_L,0.2968,,,
1773143896.462383,PC1,0,Length_UpperArm_R,0.3599,,,
1773143896.462383,PC1,0,Length_LowerArm_R,0.3172,,,
1773143896.462383,PC1,0,Width_Shoulder,0.2155,,,
1773143896.535591,PC1,0,0,0.41828,0.53258,-0.27786,0.9996441602706909
1773143896.535591,PC1,0,1,0.44157,0.49471,-0.25589,0.9990382790565491
1773143896.535591,PC1,0,2,0.45368,0.49607,-0.25587,0.999082088470459
1773143896.535591,PC1,0,3,0.4663,0.49805,-0.25546,0.9989016056060791
1773143896.535591,PC1,0,4,0.41994,0.49119,-0.23846,0.9992133975028992
1773143896.535591,PC1,0,5,0.41557,0.4894,-0.23823,0.9992848038673401
1773143896.535591,PC1,0,6,0.411,0.48756,-0.23861,0.9992066621780396
1773143896.535591,PC1,0,7,0.49809,0.52242,-0.11101,0.9988148808479309
1773143896.535591,PC1,0,8,0.42271,0.5097,-0.01966,0.9993297457695007
1773143896.535591,PC1,0,9,0.43631,0.58263,-0.22312,0.9993241429328918
1773143896.535591,PC1,0,10,0.41362,0.57631,-0.19809,0.999403178691864
1773143896.535591,PC1,0,11,0.59053,0.73159,-0.03228,0.995150625705719
1773143896.535591,PC1,0,12,0.37324,0.72562,-0.0203,0.9970481991767883
1773143896.535591,PC1,0,13,0.61389,1.03488,-0.24612,0.7947128415107727
1773143896.535591,PC1,0,14,0.4083,1.01776,-0.23328,0.8288083672523499
1773143896.535591,PC1,0,15,0.49515,0.8053,-0.41043,0.8927774429321289
1773143896.535591,PC1,0,16,0.56578,0.8089,-0.42639,0.8609373569488525
1773143896.535591,PC1,0,17,0.45652,0.74256,-0.44889,0.8617757558822632
1773143896.535591,PC1,0,18,0.60647,0.7505,-0.48057,0.8265295624732971
1773143896.535591,PC1,0,19,0.45845,0.71512,-0.3975,0.8833490610122681
1773143896.535591,PC1,0,20,0.60554,0.72055,-0.42727,0.8445494771003723
1773143896.535591,PC1,0,21,0.46328,0.72854,-0.39633,0.877013087272644
1773143896.535591,PC1,0,22,0.59132,0.73876,-0.41145,0.8373047709465027
1773143896.535591,PC1,0,23,0.57904,1.36342,0.06538,0.016422927379608154
1773143896.535591,PC1,0,24,0.42127,1.38918,-0.06265,0.01578068919479847
1773143896.535591,PC1,0,25,0.57769,1.83065,0.1012,0.012673359364271164
1773143896.535591,PC1,0,26,0.43173,1.87311,-0.06293,0.010512957349419594
1773143896.535591,PC1,0,27,0.55843,2.27531,0.40908,0.0010031401179730892
1773143896.535591,PC1,0,28,0.41329,2.30946,0.13144,0.0006533383275382221
1773143896.535591,PC1,0,29,0.54542,2.35129,0.42336,0.0009917790303006768
1773143896.535591,PC1,0,30,0.39089,2.38669,0.13876,0.0004419625038281083
1773143896.535591,PC1,0,31,0.60246,2.38645,0.18492,0.0016195927746593952
1773143896.535591,PC1,0,32,0.48526,2.41597,-0.18737,0.0011958032846450806
1773143896.535591,PC1,0,Angle_Elbow_L,70.9,,,
1773143896.535591,PC1,0,Angle_Elbow_R,83.01,,,
1773143896.535591,PC1,0,Angle_Shoulder_L,142.36,,,
1773143896.535591,PC1,0,Angle_Shoulder_R,141.35,,,
1773143896.535591,PC1,0,Length_UpperArm_L,0.3718,,,
1773143896.535591,PC1,0,Length_LowerArm_L,0.3063,,,
1773143896.535591,PC1,0,Length_UpperArm_R,0.3632,,,
1773143896.535591,PC1,0,Length_LowerArm_R,0.3251,,,
1773143896.535591,PC1,0,Width_Shoulder,0.2177,,,
1773143896.607424,PC1,0,0,0.42349,0.53294,-0.2784,0.9996286034584045
1773143896.607424,PC1,0,1,0.44723,0.49501,-0.25743,0.9990306496620178
1773143896.607424,PC1,0,2,0.45962,0.49658,-0.25747,0.9990816712379456
1773143896.607424,PC1,0,3,0.47233,0.49881,-0.25714,0.9989246129989624
1773143896.607424,PC1,0,4,0.42516,0.49094,-0.24145,0.9991867542266846
1773143896.607424,PC1,0,5,0.42078,0.48893,-0.24124,0.9992486834526062
1773143896.607424,PC1,0,6,0.41622,0.48681,-0.24165,0.9991853833198547
1773143896.607424,PC1,0,7,0.50356,0.52309,-0.11036,0.9988366365432739
1773143896.607424,PC1,0,8,0.42823,0.50902,-0.02629,0.9992916584014893
1773143896.607424,PC1,0,9,0.44181,0.5846,-0.22172,0.9992488026618958
1773143896.607424,PC1,0,10,0.41841,0.57676,-0.19864,0.9993035793304443
1773143896.607424,PC1,0,11,0.59444,0.73214,-0.02874,0.9934830665588379
1773143896.607424,PC1,0,12,0.37578,0.72471,-0.02184,0.9968945384025574
1773143896.607424,PC1,0,13,0.61364,1.04279,-0.24288,0.7829415798187256
1773143896.607424,PC1,0,14,0.4112,1.02129,-0.22454,0.8357429504394531
1773143896.607424,PC1,0,15,0.49905,0.80588,-0.41161,0.8905680775642395
1773143896.607424,PC1,0,16,0.57124,0.80931,-0.40281,0.8692091107368469
1773143896.607424,PC1,0,17,0.46052,0.73528,-0.44979,0.8549333810806274
1773143896.607424,PC1,0,18,0.61206,0.75132,-0.4573,0.8316509127616882
1773143896.607424,PC1,0,19,0.46409,0.71017,-0.3997,0.87605881690979
1773143896.607424,PC1,0,20,0.61104,0.71823,-0.40615,0.8487178683280945
1773143896.607424,PC1,0,21,0.46829,0.72555,-0.39814,0.8704906105995178
1773143896.607424,PC1,0,22,0.59679,0.73626,-0.38844,0.8404970765113831
1773143896.607424,PC1,0,23,0.57904,1.36342,0.06538,0.01533581968396902
1773143896.607424,PC1,0,24,0.42127,1.38918,-0.06265,0.014892091043293476
1773143896.607424,PC1,0,25,0.57769,1.83065,0.1012,0.011617240495979786
1773143896.607424,PC1,0,26,0.43173,1.87311,-0.06293,0.009702635928988457
1773143896.607424,PC1,0,27,0.55843,2.27531,0.40908,0.0009051628294400871
1773143896.607424,PC1,0,28,0.41329,2.30946,0.13144,0.0005903523415327072
1773143896.607424,PC1,0,29,0.54542,2.35129,0.42336,0.0008952069329097867
1773143896.607424,PC1,0,30,0.39089,2.38669,0.13876,0.00039954300154931843
1773143896.607424,PC1,0,31,0.60246,2.38645,0.18492,0.0014684145571663976
1773143896.607424,PC1,0,32,0.48526,2.41597,-0.18737,0.001099637127481401
1773143896.607424,PC1,0,Angle_Elbow_L,70.38,,,
1773143896.607424,PC1,0,Angle_Elbow_R,79.49,,,
1773143896.607424,PC1,0,Angle_Shoulder_L,143.06,,,
1773143896.607424,PC1,0,Angle_Shoulder_R,143.12,,,
1773143896.607424,PC1,0,Length_UpperArm_L,0.3778,,,
1773143896.607424,PC1,0,Length_LowerArm_L,0.3126,,,
1773143896.607424,PC1,0,Length_UpperArm_R,0.361,,,
1773143896.607424,PC1,0,Length_LowerArm_R,0.3199,,,
1773143896.607424,PC1,0,Width_Shoulder,0.2189,,,
1773143896.675091,PC1,0,0,0.42894,0.53287,-0.27316,0.9996535778045654
1773143896.675091,PC1,0,1,0.45233,0.49468,-0.24995,0.9990888833999634
1773143896.675091,PC1,0,2,0.46484,0.49627,-0.24999,0.9991451501846313
1773143896.675091,PC1,0,3,0.47751,0.4986,-0.24966,0.9990003705024719
1773143896.675091,PC1,0,4,0.43022,0.49066,-0.23485,0.9992286562919617
1773143896.675091,PC1,0,5,0.42573,0.4886,-0.23463,0.9992917776107788
1773143896.675091,PC1,0,6,0.42101,0.48632,-0.23504,0.999229907989502
1773143896.675091,PC1,0,7,0.50829,0.5235,-0.09962,0.9989152550697327
1773143896.675091,PC1,0,8,0.43269,0.50854,-0.01899,0.9993271231651306
1773143896.675091,PC1,0,9,0.44735,0.58535,-0.21576,0.9992536306381226
1773143896.675091,PC1,0,10,0.42349,0.57675,-0.19382,0.9992901682853699
1773143896.675091,PC1,0,11,0.59703,0.7375,-0.01531,0.9930828809738159
1773143896.675091,PC1,0,12,0.37746,0.72532,-0.0215,0.9968502521514893
1773143896.675091,PC1,0,13,0.61738,1.03964,-0.23564,0.7765426635742188
1773143896.675091,PC1,0,14,0.40919,1.02971,-0.21975,0.8392412662506104
1773143896.675091,PC1,0,15,0.50596,0.80358,-0.40827,0.8955419659614563
1773143896.675091,PC1,0,16,0.57442,0.8107,-0.39074,0.879294753074646
1773143896.675091,PC1,0,17,0.46722,0.7278,-0.44812,0.8599412441253662
1773143896.675091,PC1,0,18,0.61545,0.75262,-0.44552,0.8428730368614197
1773143896.675091,PC1,0,19,0.46988,0.70418,-0.39607,0.8801560401916504
1773143896.675091,PC1,0,20,0.61443,0.71903,-0.3944,0.8588367700576782
1773143896.675091,PC1,0,21,0.47409,0.72131,-0.39466,0.8751264810562134
1773143896.675091,PC1,0,22,0.59898,0.73965,-0.3762,0.8506344556808472
1773143896.675091,PC1,0,23,0.57904,1.36342,0.06538,0.014014504849910736
1773143896.675091,PC1,0,24,0.42127,1.38918,-0.06265,0.013601234182715416
1773143896.675091,PC1,0,25,0.57769,1.83065,0.1012,0.010512193664908409
1773143896.675091,PC1,0,26,0.43173,1.87311,-0.06293,0.008763497695326805
1773143896.675091,PC1,0,27,0.55843,2.27531,0.40908,0.0008156272233463824
1773143896.675091,PC1,0,28,0.41329,2.30946,0.13144,0.0005314758163876832
1773143896.675091,PC1,0,29,0.54542,2.35129,0.42336,0.0008069555042311549
1773143896.675091,PC1,0,30,0.39089,2.38669,0.13876,0.00035975268110632896
1773143896.675091,PC1,0,31,0.60246,2.38645,0.18492,0.0013245254522189498
1773143896.675091,PC1,0,32,0.48526,2.41597,-0.18737,0.000992124667391181
1773143896.675091,PC1,0,Angle_Elbow_L,72.34,,,
1773143896.675091,PC1,0,Angle_Elbow_R,76.5,,,
1773143896.675091,PC1,0,Angle_Shoulder_L,142.12,,,
1773143896.675091,PC1,0,Angle_Shoulder_R,145.01,,,
1773143896.675091,PC1,0,Length_UpperArm_L,0.3745,,,
1773143896.675091,PC1,0,Length_LowerArm_L,0.313,,,
1773143896.675091,PC1,0,Length_UpperArm_R,0.3646,,,
1773143896.675091,PC1,0,Length_LowerArm_R,0.3233,,,
1773143896.675091,PC1,0,Width_Shoulder,0.22,,,
1773143896.763319,PC1,0,0,0.43413,0.53282,-0.28765,0.9996772408485413
1773143896.763319,PC1,0,1,0.45797,0.49446,-0.26165,0.999123215675354
1773143896.763319,PC1,0,2,0.47048,0.49611,-0.26162,0.9991986155509949
1773143896.763319,PC1,0,3,0.48303,0.49863,-0.26127,0.9990466833114624
1773143896.763319,PC1,0,4,0.43527,0.49038,-0.25015,0.9992554187774658
1773143896.763319,PC1,0,5,0.43057,0.48828,-0.24996,0.9993354082107544
1773143896.763319,PC1,0,6,0.42564,0.48594,-0.25033,0.9992625117301941
1773143896.763319,PC1,0,7,0.51216,0.52481,-0.09936,0.9989905953407288
1773143896.763319,PC1,0,8,0.43581,0.50835,-0.03546,0.9993718862533569
1773143896.763319,PC1,0,9,0.4523,0.58589,-0.22654,0.999290943145752
1773143896.763319,PC1,0,10,0.42766,0.57676,-0.20906,0.9993199706077576
1773143896.763319,PC1,0,11,0.59774,0.74338,-0.0043,0.9936075210571289
1773143896.763319,PC1,0,12,0.37805,0.72646,-0.03911,0.9971081018447876
1773143896.763319,PC1,0,13,0.63404,1.0372,-0.23147,0.7821180820465088
1773143896.763319,PC1,0,14,0.40052,1.04682,-0.24189,0.8438541889190674
1773143896.763319,PC1,0,15,0.52661,0.81482,-0.44116,0.9011500477790833
1773143896.763319,PC1,0,16,0.56823,0.81414,-0.41809,0.8906363248825073
1773143896.763319,PC1,0,17,0.49827,0.73174,-0.48397,0.8660935759544373
1773143896.763319,PC1,0,18,0.609,0.75354,-0.47248,0.8572478294372559
1773143896.763319,PC1,0,19,0.49797,0.71018,-0.42621,0.8849189281463623
1773143896.763319,PC1,0,20,0.60704,0.72038,-0.42118,0.8716443181037903
1773143896.763319,PC1,0,21,0.49972,0.73491,-0.42646,0.8806735277175903
1773143896.763319,PC1,0,22,0.59169,0.74231,-0.40306,0.8640052080154419
1773143896.763319,PC1,0,23,0.57904,1.36342,0.06538,0.012842794880270958
1773143896.763319,PC1,0,24,0.42127,1.38918,-0.06265,0.012467043474316597
1773143896.763319,PC1,0,25,0.57769,1.83065,0.1012,0.009541000239551067
1773143896.763319,PC1,0,26,0.43173,1.87311,-0.06293,0.0079423189163208
1773143896.763319,PC1,0,27,0.55843,2.27531,0.40908,0.000739102775696665
1773143896.763319,PC1,0,28,0.41329,2.30946,0.13144,0.0004789073427673429
1773143896.763319,PC1,0,29,0.54542,2.35129,0.42336,0.0007336539565585554
1773143896.763319,PC1,0,30,0.39089,2.38669,0.13876,0.00032468308927491307
1773143896.763319,PC1,0,31,0.60246,2.38645,0.18492,0.0011991038918495178
1773143896.763319,PC1,0,32,0.48526,2.41597,-0.18737,0.0008963915170170367
1773143896.763319,PC1,0,Angle_Elbow_L,79.71,,,
1773143896.763319,PC1,0,Angle_Elbow_R,74.09,,,
1773143896.763319,PC1,0,Angle_Shoulder_L,140.06,,,
1773143896.763319,PC1,0,Angle_Shoulder_R,145.56,,,
1773143896.763319,PC1,0,Length_UpperArm_L,0.3732,,,
1773143896.763319,PC1,0,Length_LowerArm_L,0.324,,,
1773143896.763319,PC1,0,Length_UpperArm_R,0.3798,,,
1773143896.763319,PC1,0,Length_LowerArm_R,0.3366,,,
1773143896.763319,PC1,0,Width_Shoulder,0.2231,,,
1773143896.965657,PC1,0,0,0.43939,0.53568,-0.34067,0.9997092485427856
1773143896.965657,PC1,0,1,0.46414,0.49563,-0.31521,0.9992096424102783
1773143896.965657,PC1,0,2,0.47679,0.49763,-0.31507,0.9992780089378357
1773143896.965657,PC1,0,3,0.48923,0.50051,-0.31465,0.9991403818130493
1773143896.965657,PC1,0,4,0.43996,0.4907,-0.30424,0.9993286728858948
1773143896.965657,PC1,0,5,0.43478,0.48828,-0.30405,0.9994011521339417
1773143896.965657,PC1,0,6,0.42962,0.48574,-0.3043,0.9993348121643066
1773143896.965657,PC1,0,7,0.51683,0.52734,-0.14282,0.9990907311439514
1773143896.965657,PC1,0,8,0.43823,0.50889,-0.0819,0.9994340538978577
1773143896.965657,PC1,0,9,0.45815,0.58896,-0.27548,0.9993607997894287
1773143896.965657,PC1,0,10,0.43146,0.58019,-0.25864,0.9993870854377747
1773143896.965657,PC1,0,11,0.60144,0.74812,-0.01966,0.9942275881767273
1773143896.965657,PC1,0,12,0.37665,0.72845,-0.05714,0.9973841905593872
1773143896.965657,PC1,0,13,0.65638,1.04137,-0.2523,0.7909532189369202
1773143896.965657,PC1,0,14,0.37773,1.07764,-0.28564,0.8374595642089844
1773143896.965657,PC1,0,15,0.57036,0.82074,-0.49181,0.9107866883277893
1773143896.965657,PC1,0,16,0.53364,0.83277,-0.53991,0.9013816714286804
1773143896.965657,PC1,0,17,0.55187,0.73225,-0.53495,0.8791237473487854
1773143896.965657,PC1,0,18,0.57222,0.76135,-0.59832,0.8712755441665649
1773143896.965657,PC1,0,19,0.54686,0.70911,-0.47148,0.8961062431335449
1773143896.965657,PC1,0,20,0.5716,0.72675,-0.5417,0.8842412829399109
1773143896.965657,PC1,0,21,0.54442,0.74012,-0.47507,0.8922356367111206
1773143896.965657,PC1,0,22,0.56117,0.74907,-0.5246,0.877289354801178
1773143896.965657,PC1,0,23,0.57904,1.36342,0.06538,0.011616652831435204
1773143896.965657,PC1,0,24,0.42127,1.38918,-0.06265,0.011272355914115906
1773143896.965657,PC1,0,25,0.57769,1.83065,0.1012,0.008611200377345085
1773143896.965657,PC1,0,26,0.43173,1.87311,-0.06293,0.007156808860599995
1773143896.965657,PC1,0,27,0.55843,2.27531,0.40908,0.000669818080496043
1773143896.965657,PC1,0,28,0.41329,2.30946,0.13144,0.0004312371602281928
1773143896.965657,PC1,0,29,0.54542,2.35129,0.42336,0.0006666970439255238
1773143896.965657,PC1,0,30,0.39089,2.38669,0.13876,0.00029273369000293314
1773143896.965657,PC1,0,31,0.60246,2.38645,0.18492,0.001087900367565453
1773143896.965657,PC1,0,32,0.48526,2.41597,-0.18737,0.000809455057606101
1773143896.965657,PC1,0,Angle_Elbow_L,83.83,,,
1773143896.965657,PC1,0,Angle_Elbow_R,80.26,,,
1773143896.965657,PC1,0,Angle_Shoulder_L,137.54,,,
1773143896.965657,PC1,0,Angle_Shoulder_R,143.23,,,
1773143896.965657,PC1,0,Length_UpperArm_L,0.3783,,,
1773143896.965657,PC1,0,Length_LowerArm_L,0.3368,,,
1773143896.965657,PC1,0,Length_UpperArm_R,0.4173,,,
1773143896.965657,PC1,0,Length_LowerArm_R,0.3859,,,
1773143896.965657,PC1,0,Width_Shoulder,0.2287,,,
1773143897.0399911,PC1,0,0,0.44504,0.53899,-0.39437,0.9997338652610779
1773143897.0399911,PC1,0,1,0.47093,0.49734,-0.36647,0.9992763996124268
1773143897.0399911,PC1,0,2,0.48344,0.49988,-0.36639,0.999337375164032
1773143897.0399911,PC1,0,3,0.49582,0.5032,-0.366,0.9992101192474365
1773143897.0399911,PC1,0,4,0.44579,0.49118,-0.35474,0.999382734298706
1773143897.0399911,PC1,0,5,0.44026,0.48835,-0.35465,0.9994492530822754
1773143897.0399911,PC1,0,6,0.43502,0.48554,-0.35485,0.9993892312049866
1773143897.0399911,PC1,0,7,0.52228,0.53103,-0.17721,0.9991652965545654
1773143897.0399911,PC1,0,8,0.4432,0.50967,-0.11636,0.9994799494743347
1773143897.0399911,PC1,0,9,0.4647,0.59426,-0.32435,0.9994105696678162
1773143897.0399911,PC1,0,10,0.43619,0.58469,-0.30779,0.9994373321533203
1773143897.0399911,PC1,0,11,0.60477,0.75753,-0.04195,0.994536817073822
1773143897.0399911,PC1,0,12,0.37707,0.74318,-0.06585,0.9975087642669678
1773143897.0399911,PC1,0,13,0.67095,1.03531,-0.30117,0.7943748831748962
1773143897.0399911,PC1,0,14,0.33544,1.09371,-0.34069,0.8448330163955688
1773143897.0399911,PC1,0,15,0.63705,0.82348,-0.57735,0.9188641309738159
1773143897.0399911,PC1,0,16,0.46408,0.82745,-0.71169,0.9106787443161011
1773143897.0399911,PC1,0,17,0.62898,0.73273,-0.62785,0.8898762464523315
1773143897.0399911,PC1,0,18,0.48674,0.74516,-0.7832,0.8830471634864807
1773143897.0399911,PC1,0,19,0.62402,0.70731,-0.56305,0.9052534699440002
1773143897.0399911,PC1,0,20,0.49144,0.71684,-0.72365,0.8948471546173096
1773143897.0399911,PC1,0,21,0.61298,0.743,-0.56174,0.9014941453933716
1773143897.0399911,PC1,0,22,0.48771,0.73859,-0.69962,0.8883917331695557
1773143897.0399911,PC1,0,23,0.57904,1.36342,0.06538,0.010538199916481972
1773143897.0399911,PC1,0,24,0.42127,1.38918,-0.06265,0.010224183090031147
1773143897.0399911,PC1,0,25,0.57769,1.83065,0.1012,0.007789998315274715
1773143897.0399911,PC1,0,26,0.43173,1.87311,-0.06293,0.0064580258913338184
1773143897.0399911,PC1,0,27,0.55843,2.27531,0.40908,0.0006049615330994129
1773143897.0399911,PC1,0,28,0.41329,2.30946,0.13144,0.0003885731566697359
1773143897.0399911,PC1,0,29,0.54542,2.35129,0.42336,0.0006011785008013248
1773143897.0399911,PC1,0,30,0.39089,2.38669,0.13876,0.0002642709296196699
1773143897.0399911,PC1,0,31,0.60246,2.38645,0.18492,0.0009823592845350504
1773143897.0399911,PC1,0,32,0.48526,2.41597,-0.18737,0.0007335611735470593
1773143897.0399911,PC1,0,Angle_Elbow_L,94.47,,,
1773143897.0399911,PC1,0,Angle_Elbow_R,90.88,,,
1773143897.0399911,PC1,0,Angle_Shoulder_L,131.36,,,
1773143897.0399911,PC1,0,Angle_Shoulder_R,136.47,,,
1773143897.0399911,PC1,0,Length_UpperArm_L,0.3857,,,
1773143897.0399911,PC1,0,Length_LowerArm_L,0.3497,,,
1773143897.0399911,PC1,0,Length_UpperArm_R,0.4474,,,
1773143897.0399911,PC1,0,Length_LowerArm_R,0.4744,,,
1773143897.0399911,PC1,0,Width_Shoulder,0.2294,,,
1773143897.1177979,PC1,0,0,0.44799,0.54212,-0.42354,0.9997601509094238
1773143897.1177979,PC1,0,1,0.47472,0.49877,-0.39466,0.9993476271629333
1773143897.1177979,PC1,0,2,0.48743,0.50144,-0.39455,0.999402642250061
1773143897.1177979,PC1,0,3,0.49953,0.50496,-0.39419,0.9992875456809998
1773143897.1177979,PC1,0,4,0.44818,0.49232,-0.38146,0.9994432330131531
1773143897.1177979,PC1,0,5,0.44223,0.48942,-0.38135,0.9995033144950867
1773143897.1177979,PC1,0,6,0.4368,0.48673,-0.38148,0.9994488954544067
1773143897.1177979,PC1,0,7,0.52644,0.53309,-0.19438,0.9992477297782898
1773143897.1177979,PC1,0,8,0.44462,0.51045,-0.12721,0.9995310306549072
1773143897.1177979,PC1,0,9,0.46918,0.59836,-0.34996,0.9994685053825378
1773143897.1177979,PC1,0,10,0.43832,0.588,-0.33137,0.9994924664497375
1773143897.1177979,PC1,0,11,0.60702,0.76135,-0.05094,0.9950433969497681
1773143897.1177979,PC1,0,12,0.37767,0.74626,-0.05596,0.9977290630340576
1773143897.1177979,PC1,0,13,0.67836,1.03219,-0.31629,0.7991018295288086
1773143897.1177979,PC1,0,14,0.32647,1.09872,-0.34772,0.8508744239807129
1773143897.1177979,PC1,0,15,0.67081,0.82219,-0.62075,0.926834225654602
1773143897.1177979,PC1,0,16,0.42759,0.83202,-0.78344,0.9194895029067993
1773143897.1177979,PC1,0,17,0.66705,0.73125,-0.67561,0.9006685614585876
1773143897.1177979,PC1,0,18,0.4433,0.74264,-0.86024,0.8945538401603699
1773143897.1177979,PC1,0,19,0.66067,0.70464,-0.61402,0.9145277142524719
1773143897.1177979,PC1,0,20,0.44749,0.71441,-0.8046,0.9052019119262695
1773143897.1177979,PC1,0,21,0.64962,0.74026,-0.60754,0.9110991358757019
1773143897.1177979,PC1,0,22,0.44704,0.73636,-0.77523,0.8993551135063171
1773143897.1177979,PC1,0,23,0.57904,1.36342,0.06538,0.009542674757540226
1773143897.1177979,PC1,0,24,0.42127,1.38918,-0.06265,0.009255366399884224
1773143897.1177979,PC1,0,25,0.57769,1.83065,0.1012,0.007035981863737106
1773143897.1177979,PC1,0,26,0.43173,1.87311,-0.06293,0.005820958875119686
1773143897.1177979,PC1,0,27,0.55843,2.27531,0.40908,0.0005475460784509778
1773143897.1177979,PC1,0,28,0.41329,2.30946,0.13144,0.0003498605510685593
1773143897.1177979,PC1,0,29,0.54542,2.35129,0.42336,0.0005434055346995592
1773143897.1177979,PC1,0,30,0.39089,2.38669,0.13876,0.0002385366678936407
1773143897.1177979,PC1,0,31,0.60246,2.38645,0.18492,0.0008865302079357207
1773143897.1177979,PC1,0,32,0.48526,2.41597,-0.18737,0.0006622403161600232
1773143897.1177979,PC1,0,Angle_Elbow_L,99.43,,,
1773143897.1177979,PC1,0,Angle_Elbow_R,96.69,,,
1773143897.1177979,PC1,0,Angle_Shoulder_L,129.88,,,
1773143897.1177979,PC1,0,Angle_Shoulder_R,134.87,,,
1773143897.1177979,PC1,0,Length_UpperArm_L,0.3858,,,
1773143897.1177979,PC1,0,Length_LowerArm_L,0.3699,,,
1773143897.1177979,PC1,0,Length_UpperArm_R,0.4604,,,
1773143897.1177979,PC1,0,Length_LowerArm_R,0.5208,,,
1773143897.1177979,PC1,0,Width_Shoulder,0.2299,,,
1773143897.184256,PC1,0,0,0.45026,0.54554,-0.42982,0.9997836351394653
1773143897.184256,PC1,0,1,0.47782,0.50032,-0.40353,0.9994114637374878
1773143897.184256,PC1,0,2,0.49093,0.50316,-0.4034,0.9994609951972961
1773143897.184256,PC1,0,3,0.50297,0.5069,-0.40305,0.9993569850921631
1773143897.184256,PC1,0,4,0.44986,0.49353,-0.38507,0.9994974136352539
1773143897.184256,PC1,0,5,0.44357,0.49054,-0.38491,0.9995514750480652
1773143897.184256,PC1,0,6,0.438,0.48791,-0.38496,0.9995023608207703
1773143897.184256,PC1,0,7,0.53047,0.53492,-0.20307,0.9993213415145874
1773143897.184256,PC1,0,8,0.44558,0.51158,-0.12063,0.9995763897895813
1773143897.184256,PC1,0,9,0.47289,0.60295,-0.35949,0.9995195865631104
1773143897.184256,PC1,0,10,0.4399,0.59201,-0.33394,0.9995412826538086
1773143897.184256,PC1,0,11,0.6112,0.76447,-0.06378,0.9954310655593872
1773143897.184256,PC1,0,12,0.37857,0.75452,-0.02916,0.9979016184806824
1773143897.184256,PC1,0,13,0.69021,1.05735,-0.33262,0.7828633189201355
1773143897.184256,PC1,0,14,0.31933,1.11203,-0.33721,0.8510866761207581
1773143897.184256,PC1,0,15,0.6927,0.82097,-0.6424,0.9337743520736694
1773143897.184256,PC1,0,16,0.40328,0.83618,-0.8131,0.9271761775016785
1773143897.184256,PC1,0,17,0.69175,0.73021,-0.70487,0.9100940227508545
1773143897.184256,PC1,0,18,0.41425,0.74128,-0.89131,0.904548704624176
1773143897.184256,PC1,0,19,0.68433,0.70239,-0.63917,0.9226205348968506
1773143897.184256,PC1,0,20,0.41893,0.71238,-0.83468,0.914227306842804
1773143897.184256,PC1,0,21,0.67323,0.73717,-0.63285,0.9194518327713013
1773143897.184256,PC1,0,22,0.42092,0.73492,-0.80623,0.9088669419288635
1773143897.184256,PC1,0,23,0.57904,1.36342,0.06538,0.00862963031977415
1773143897.184256,PC1,0,24,0.42127,1.38918,-0.06265,0.008369325660169125
1773143897.184256,PC1,0,25,0.57769,1.83065,0.1012,0.006362386513501406
1773143897.184256,PC1,0,26,0.43173,1.87311,-0.06293,0.005248716566711664
1773143897.184256,PC1,0,27,0.55843,2.27531,0.40908,0.0004949200665578246
1773143897.184256,PC1,0,28,0.41329,2.30946,0.13144,0.00031497818417847157
1773143897.184256,PC1,0,29,0.54542,2.35129,0.42336,0.0004904618836008012
1773143897.184256,PC1,0,30,0.39089,2.38669,0.13876,0.00021510709484573454
1773143897.184256,PC1,0,31,0.60246,2.38645,0.18492,0.0008004648261703551
1773143897.184256,PC1,0,32,0.48526,2.41597,-0.18737,0.0005979636334814131
1773143897.184256,PC1,0,Angle_Elbow_L,95.18,,,
1773143897.184256,PC1,0,Angle_Elbow_R,99.35,,,
1773143897.184256,PC1,0,Angle_Shoulder_L,132.13,,,
1773143897.184256,PC1,0,Angle_Shoulder_R,134.29,,,
1773143897.184256,PC1,0,Length_UpperArm_L,0.4053,,,
1773143897.184256,PC1,0,Length_LowerArm_L,0.3897,,,
1773143897.184256,PC1,0,Length_UpperArm_R,0.4756,,,
1773143897.184256,PC1,0,Length_LowerArm_R,0.5564,,,
1773143897.184256,PC1,0,Width_Shoulder,0.2354,,,
1773143897.248717,PC1,0,0,0.45187,0.54831,-0.42224,0.9998050332069397
1773143897.248717,PC1,0,1,0.48007,0.50177,-0.39618,0.9994696974754333
1773143897.248717,PC1,0,2,0.49351,0.50459,-0.39604,0.9995142817497253
1773143897.248717,PC1,0,3,0.50572,0.50838,-0.39568,0.9994205236434937
1773143897.248717,PC1,0,4,0.45128,0.49488,-0.37777,0.9995469450950623
1773143897.248717,PC1,0,5,0.44477,0.49199,-0.37756,0.999595582485199
1773143897.248717,PC1,0,6,0.43905,0.48953,-0.37759,0.9995512962341309
1773143897.248717,PC1,0,7,0.53322,0.53642,-0.19751,0.999388575553894
1773143897.248717,PC1,0,8,0.44627,0.51376,-0.1139,0.9996181130409241
1773143897.248717,PC1,0,9,0.47518,0.60616,-0.35261,0.9995667338371277
1773143897.248717,PC1,0,10,0.4411,0.59532,-0.32705,0.999586284160614
1773143897.248717,PC1,0,11,0.61411,0.76729,-0.05877,0.9958567023277283
1773143897.248717,PC1,0,12,0.37911,0.76263,-0.01627,0.9980717897415161
1773143897.248717,PC1,0,13,0.70144,1.0789,-0.31801,0.7867069244384766
1773143897.248717,PC1,0,14,0.31601,1.12925,-0.3338,0.8539204597473145
1773143897.248717,PC1,0,15,0.70801,0.82082,-0.61723,0.9402226805686951
1773143897.248717,PC1,0,16,0.39074,0.84239,-0.8347,0.934171199798584
1773143897.248717,PC1,0,17,0.70991,0.72948,-0.67707,0.9188312292098999
1773143897.248717,PC1,0,18,0.39848,0.74267,-0.91528,0.9136916399002075
1773143897.248717,PC1,0,19,0.70167,0.69955,-0.6136,0.9301337599754333
1773143897.248717,PC1,0,20,0.40334,0.71244,-0.85674,0.9224620461463928
1773143897.248717,PC1,0,21,0.69089,0.73428,-0.60771,0.9272412657737732
1773143897.248717,PC1,0,22,0.40709,0.73675,-0.82853,0.9175900220870972
1773143897.248717,PC1,0,23,0.57904,1.36342,0.06538,0.00781482644379139
1773143897.248717,PC1,0,24,0.42127,1.38918,-0.06265,0.007578391581773758
1773143897.248717,PC1,0,25,0.57769,1.83065,0.1012,0.005750043783336878
1773143897.248717,PC1,0,26,0.43173,1.87311,-0.06293,0.004731970839202404
1773143897.248717,PC1,0,27,0.55843,2.27531,0.40908,0.0004467944672796875
1773143897.248717,PC1,0,28,0.41329,2.30946,0.13144,0.0002835785271599889
1773143897.248717,PC1,0,29,0.54542,2.35129,0.42336,0.00044231442734599113
1773143897.248717,PC1,0,30,0.39089,2.38669,0.13876,0.00019389211956877261
1773143897.248717,PC1,0,31,0.60246,2.38645,0.18492,0.0007224221481010318
1773143897.248717,PC1,0,32,0.48526,2.41597,-0.18737,0.0005394686595536768
1773143897.248717,PC1,0,Angle_Elbow_L,89.2,,,
1773143897.248717,PC1,0,Angle_Elbow_R,99.95,,,
1773143897.248717,PC1,0,Angle_Shoulder_L,135.36,,,
1773143897.248717,PC1,0,Angle_Shoulder_R,134.92,,,
1773143897.248717,PC1,0,Length_UpperArm_L,0.4146,,,
1773143897.248717,PC1,0,Length_LowerArm_L,0.3952,,,
1773143897.248717,PC1,0,Length_UpperArm_R,0.4891,,,
1773143897.248717,PC1,0,Length_LowerArm_R,0.582,,,
1773143897.248717,PC1,0,Width_Shoulder,0.2389,,,
1773143897.312792,PC1,0,0,0.45303,0.55338,-0.42017,0.9998235106468201
1773143897.312792,PC1,0,1,0.48177,0.50514,-0.39524,0.9995201826095581
1773143897.312792,PC1,0,2,0.49546,0.50825,-0.39507,0.999560534954071
1773143897.312792,PC1,0,3,0.50779,0.51225,-0.3947,0.9994751811027527
1773143897.312792,PC1,0,4,0.45227,0.49735,-0.37584,0.9995893239974976
1773143897.312792,PC1,0,5,0.44561,0.4942,-0.37556,0.9996330738067627
1773143897.312792,PC1,0,6,0.43978,0.49162,-0.37558,0.9995926022529602
1773143897.312792,PC1,0,7,0.53552,0.53902,-0.1995,0.999446451663971
1773143897.312792,PC1,0,8,0.44678,0.51576,-0.11024,0.9996531009674072
1773143897.312792,PC1,0,9,0.4768,0.6115,-0.35154,0.9996064305305481
1773143897.312792,PC1,0,10,0.44193,0.60041,-0.32463,0.9996239542961121
1773143897.312792,PC1,0,11,0.61659,0.76948,-0.06525,0.9961408972740173
1773143897.312792,PC1,0,12,0.37951,0.76778,-0.00892,0.9982073307037354
1773143897.312792,PC1,0,13,0.70801,1.10511,-0.34459,0.7896068692207336
1773143897.312792,PC1,0,14,0.31474,1.14027,-0.33154,0.8498958349227905
1773143897.312792,PC1,0,15,0.71455,0.82635,-0.65807,0.9459426999092102
1773143897.312792,PC1,0,16,0.38198,0.84844,-0.8466,0.940436065196991
1773143897.312792,PC1,0,17,0.71577,0.73152,-0.71761,0.926630437374115
1773143897.312792,PC1,0,18,0.38714,0.74388,-0.92951,0.9219257831573486
1773143897.312792,PC1,0,19,0.71029,0.69952,-0.65239,0.9368357062339783
1773143897.312792,PC1,0,20,0.39187,0.71259,-0.86978,0.9298781752586365
1773143897.312792,PC1,0,21,0.69537,0.7351,-0.64717,0.9341849684715271
1773143897.312792,PC1,0,22,0.39684,0.73849,-0.84049,0.9254377484321594
1773143897.312792,PC1,0,23,0.57904,1.36342,0.06538,0.007106540724635124
1773143897.312792,PC1,0,24,0.42127,1.38918,-0.06265,0.006887394469231367
1773143897.312792,PC1,0,25,0.57769,1.83065,0.1012,0.005200804211199284
1773143897.312792,PC1,0,26,0.43173,1.87311,-0.06293,0.004268973600119352
1773143897.312792,PC1,0,27,0.55843,2.27531,0.40908,0.0004048340779263526
1773143897.312792,PC1,0,28,0.41329,2.30946,0.13144,0.0002553473168518394
1773143897.312792,PC1,0,29,0.54542,2.35129,0.42336,0.0003995258011855185
1773143897.312792,PC1,0,30,0.39089,2.38669,0.13876,0.00017486560682300478
1773143897.312792,PC1,0,31,0.60246,2.38645,0.18492,0.0006538183079101145
1773143897.312792,PC1,0,32,0.48526,2.41597,-0.18737,0.0004871044075116515
1773143897.312792,PC1,0,Angle_Elbow_L,88.35,,,
1773143897.312792,PC1,0,Angle_Elbow_R,100.33,,,
1773143897.312792,PC1,0,Angle_Shoulder_L,135.4,,,
1773143897.312792,PC1,0,Angle_Shoulder_R,134.95,,,
1773143897.312792,PC1,0,Length_UpperArm_L,0.4461,,,
1773143897.312792,PC1,0,Length_LowerArm_L,0.4195,,,
1773143897.312792,PC1,0,Length_UpperArm_R,0.497,,,
1773143897.312792,PC1,0,Length_LowerArm_R,0.5958,,,
1773143897.312792,PC1,0,Width_Shoulder,0.2437,,,
1773143897.378515,PC1,0,0,0.45386,0.55725,-0.41874,0.9998406171798706
1773143897.378515,PC1,0,1,0.48319,0.50808,-0.39402,0.999566912651062
1773143897.378515,PC1,0,2,0.49715,0.51145,-0.39385,0.9996031522750854
1773143897.378515,PC1,0,3,0.50957,0.51565,-0.39348,0.9995260238647461
1773143897.378515,PC1,0,4,0.45299,0.49943,-0.37464,0.9996289610862732
1773143897.378515,PC1,0,5,0.44621,0.496,-0.37433,0.9996682405471802
1773143897.378515,PC1,0,6,0.44028,0.49326,-0.37435,0.9996317028999329
1773143897.378515,PC1,0,7,0.53735,0.54143,-0.19714,0.9995002150535583
1773143897.378515,PC1,0,8,0.44717,0.51721,-0.10791,0.9996864795684814
1773143897.378515,PC1,0,9,0.47793,0.6155,-0.34973,0.999643862247467
1773143897.378515,PC1,0,10,0.4425,0.6042,-0.32308,0.9996597170829773
1773143897.378515,PC1,0,11,0.61823,0.77184,-0.05835,0.9964386224746704
1773143897.378515,PC1,0,12,0.37984,0.77046,-0.00604,0.9983223080635071
1773143897.378515,PC1,0,13,0.71222,1.11917,-0.33795,0.7925431728363037
1773143897.378515,PC1,0,14,0.31404,1.14665,-0.34164,0.8511366844177246
1773143897.378515,PC1,0,15,0.72372,0.82984,-0.66201,0.9510646462440491
1773143897.378515,PC1,0,16,0.37521,0.85243,-0.86995,0.9460656642913818
1773143897.378515,PC1,0,17,0.72496,0.73289,-0.72095,0.9335634112358093
1773143897.378515,PC1,0,18,0.37861,0.74497,-0.95469,0.9292875528335571
1773143897.378515,PC1,0,19,0.71977,0.69959,-0.66006,0.9427863359451294
1773143897.378515,PC1,0,20,0.38289,0.71271,-0.89568,0.936515748500824
1773143897.378515,PC1,0,21,0.70608,0.73549,-0.65288,0.9403505921363831
1773143897.378515,PC1,0,22,0.38871,0.73968,-0.86475,0.9324752688407898
1773143897.378515,PC1,0,23,0.57904,1.36342,0.06538,0.006507927551865578
1773143897.378515,PC1,0,24,0.42127,1.38918,-0.06265,0.006306156981736422
1773143897.378515,PC1,0,25,0.57769,1.83065,0.1012,0.004709834698587656
1773143897.378515,PC1,0,26,0.43173,1.87311,-0.06293,0.003850773209705949
1773143897.378515,PC1,0,27,0.55843,2.27531,0.40908,0.00036604044726118445
1773143897.378515,PC1,0,28,0.41329,2.30946,0.13144,0.00022992958838585764
1773143897.378515,PC1,0,29,0.54542,2.35129,0.42336,0.0003606308891903609
1773143897.378515,PC1,0,30,0.39089,2.38669,0.13876,0.00015767601144034415
1773143897.378515,PC1,0,31,0.60246,2.38645,0.18492,0.0005906915757805109
1773143897.378515,PC1,0,32,0.48526,2.41597,-0.18737,0.00043977759196422994
1773143897.378515,PC1,0,Angle_Elbow_L,87.45,,,
1773143897.378515,PC1,0,Angle_Elbow_R,101.69,,,
1773143897.378515,PC1,0,Angle_Shoulder_L,136.67,,,
1773143897.378515,PC1,0,Angle_Shoulder_R,134.59,,,
1773143897.378515,PC1,0,Length_UpperArm_L,0.4557,,,
1773143897.378515,PC1,0,Length_LowerArm_L,0.4346,,,
1773143897.378515,PC1,0,Length_UpperArm_R,0.5084,,,
1773143897.378515,PC1,0,Length_LowerArm_R,0.6078,,,
1773143897.378515,PC1,0,Width_Shoulder,0.2441,,,
1773143897.445406,PC1,0,0,0.45447,0.56011,-0.4209,0.9998548030853271
1773143897.445406,PC1,0,1,0.48423,0.51032,-0.3961,0.9996069073677063
1773143897.445406,PC1,0,2,0.49837,0.51384,-0.39595,0.9996390342712402
1773143897.445406,PC1,0,3,0.51085,0.51819,-0.39561,0.9995688796043396
1773143897.445406,PC1,0,4,0.45352,0.50116,-0.37637,0.9996626377105713
1773143897.445406,PC1,0,5,0.44665,0.49752,-0.37604,0.9996976256370544
1773143897.445406,PC1,0,6,0.44065,0.49464,-0.37608,0.999664843082428
1773143897.445406,PC1,0,7,0.53869,0.54331,-0.19582,0.9995452165603638
1773143897.445406,PC1,0,8,0.44746,0.51836,-0.1051,0.9997139573097229
1773143897.445406,PC1,0,9,0.47878,0.61846,-0.35023,0.9996748566627502
1773143897.445406,PC1,0,10,0.44291,0.607,-0.32291,0.9996889233589172
1773143897.445406,PC1,0,11,0.61942,0.77493,-0.05376,0.9964577555656433
1773143897.445406,PC1,0,12,0.38042,0.77108,-0.00422,0.9983891248703003
1773143897.445406,PC1,0,13,0.71465,1.12708,-0.34101,0.7850171327590942
1773143897.445406,PC1,0,14,0.31564,1.14857,-0.35605,0.8561144471168518
1773143897.445406,PC1,0,15,0.73096,0.8323,-0.66612,0.9552737474441528
1773143897.445406,PC1,0,16,0.36989,0.85281,-0.90195,0.9510939121246338
1773143897.445406,PC1,0,17,0.73231,0.73407,-0.72425,0.9392791986465454
1773143897.445406,PC1,0,18,0.37221,0.74543,-0.98799,0.9357731342315674
1773143897.445406,PC1,0,19,0.72703,0.69987,-0.66377,0.9476786255836487
1773143897.445406,PC1,0,20,0.37643,0.71205,-0.93134,0.9423804879188538
1773143897.445406,PC1,0,21,0.71419,0.73566,-0.65676,0.9453703165054321
1773143897.445406,PC1,0,22,0.38292,0.73934,-0.89805,0.9386755228042603
1773143897.445406,PC1,0,23,0.57904,1.36342,0.06538,0.005971032660454512
1773143897.445406,PC1,0,24,0.42127,1.38918,-0.06265,0.005802264902740717
1773143897.445406,PC1,0,25,0.57769,1.83065,0.1012,0.004286519717425108
1773143897.445406,PC1,0,26,0.43173,1.87311,-0.06293,0.0034851604141294956
1773143897.445406,PC1,0,27,0.55843,2.27531,0.40908,0.0003370136546436697
1773143897.445406,PC1,0,28,0.41329,2.30946,0.13144,0.00020731141557917
1773143897.445406,PC1,0,29,0.54542,2.35129,0.42336,0.0003283508704043925
1773143897.445406,PC1,0,30,0.39089,2.38669,0.13876,0.00014325427764561027
1773143897.445406,PC1,0,31,0.60246,2.38645,0.18492,0.0005370042636059225
1773143897.445406,PC1,0,32,0.48526,2.41597,-0.18737,0.00040020898450165987
1773143897.445406,PC1,0,Angle_Elbow_L,87.51,,,
1773143897.445406,PC1,0,Angle_Elbow_R,103.72,,,
1773143897.445406,PC1,0,Angle_Shoulder_L,136.59,,,
1773143897.445406,PC1,0,Angle_Shoulder_R,133.7,,,
1773143897.445406,PC1,0,Length_UpperArm_L,0.4643,,,
1773143897.445406,PC1,0,Length_LowerArm_L,0.4392,,,
1773143897.445406,PC1,0,Length_UpperArm_R,0.5201,,,
1773143897.445406,PC1,0,Length_LowerArm_R,0.6232,,,
1773143897.445406,PC1,0,Width_Shoulder,0.2441,,,
1773143897.577236,PC1,0,0,0.4553,0.56214,-0.41878,0.9998688697814941
1773143897.577236,PC1,0,1,0.48528,0.51192,-0.3942,0.9996453523635864
1773143897.577236,PC1,0,2,0.49955,0.51552,-0.39406,0.9996742010116577
1773143897.577236,PC1,0,3,0.51208,0.51982,-0.39373,0.999610960483551
1773143897.577236,PC1,0,4,0.45427,0.50252,-0.37435,0.9996953010559082
1773143897.577236,PC1,0,5,0.44735,0.49877,-0.37399,0.9997266530990601
1773143897.577236,PC1,0,6,0.44133,0.49583,-0.37404,0.9996970891952515
1773143897.577236,PC1,0,7,0.54011,0.54457,-0.19428,0.999589741230011
1773143897.577236,PC1,0,8,0.44827,0.51923,-0.10227,0.9997413158416748
1773143897.577236,PC1,0,9,0.47986,0.62028,-0.34811,0.9997060894966125
1773143897.577236,PC1,0,10,0.44358,0.60896,-0.32059,0.9997185468673706
1773143897.577236,PC1,0,11,0.62096,0.77714,-0.05087,0.9967280626296997
1773143897.577236,PC1,0,12,0.38193,0.77145,-0.00275,0.998475193977356
1773143897.577236,PC1,0,13,0.71707,1.13514,-0.33735,0.7833921909332275
1773143897.577236,PC1,0,14,0.31778,1.15077,-0.36331,0.8515287041664124
1773143897.577236,PC1,0,15,0.73729,0.83377,-0.65845,0.9593611359596252
1773143897.577236,PC1,0,16,0.36636,0.85389,-0.91623,0.9554409384727478
1773143897.577236,PC1,0,17,0.73778,0.7355,-0.71596,0.944854199886322
1773143897.577236,PC1,0,18,0.36746,0.74707,-1.00319,0.9415087699890137
1773143897.577236,PC1,0,19,0.73216,0.70046,-0.6565,0.9524882435798645
1773143897.577236,PC1,0,20,0.37129,0.71276,-0.9474,0.9475911855697632
1773143897.577236,PC1,0,21,0.72066,0.73598,-0.64911,0.9503333568572998
1773143897.577236,PC1,0,22,0.37834,0.74052,-0.91325,0.944184422492981
1773143897.577236,PC1,0,23,0.57904,1.36342,0.06538,0.005463569425046444
1773143897.577236,PC1,0,24,0.42127,1.38918,-0.06265,0.005309032276272774
1773143897.577236,PC1,0,25,0.57769,1.83065,0.1012,0.003888834500685334
1773143897.577236,PC1,0,26,0.43173,1.87311,-0.06293,0.003145728725939989
1773143897.577236,PC1,0,27,0.55843,2.27531,0.40908,0.0003052350366488099
1773143897.577236,PC1,0,28,0.41329,2.30946,0.13144,0.00018667273980099708
1773143897.577236,PC1,0,29,0.54542,2.35129,0.42336,0.00029674379038624465
1773143897.577236,PC1,0,30,0.39089,2.38669,0.13876,0.0001291781518375501
1773143897.577236,PC1,0,31,0.60246,2.38645,0.18492,0.00048584575415588915
1773143897.577236,PC1,0,32,0.48526,2.41597,-0.18737,0.0003614430024754256
1773143897.577236,PC1,0,Angle_Elbow_L,86.12,,,
1773143897.577236,PC1,0,Angle_Elbow_R,104.6,,,
1773143897.577236,PC1,0,Angle_Shoulder_L,137.25,,,
1773143897.577236,PC1,0,Angle_Shoulder_R,133.39,,,
1773143897.577236,PC1,0,Length_UpperArm_L,0.4685,,,
1773143897.577236,PC1,0,Length_LowerArm_L,0.4408,,,
1773143897.577236,PC1,0,Length_UpperArm_R,0.5273,,,
1773143897.577236,PC1,0,Length_LowerArm_R,0.6295,,,
1773143897.577236,PC1,0,Width_Shoulder,0.2439,,,
1773143897.644303,PC1,0,0,0.45539,0.56382,-0.45556,0.9998784065246582
1773143897.644303,PC1,0,1,0.48512,0.51324,-0.43085,0.9996715188026428
1773143897.644303,PC1,0,2,0.49962,0.51688,-0.43077,0.9996986389160156
1773143897.644303,PC1,0,3,0.51259,0.52116,-0.43047,0.9996377825737
1773143897.644303,PC1,0,4,0.4545,0.50365,-0.41146,0.999714195728302
1773143897.644303,PC1,0,5,0.44771,0.49977,-0.41121,0.9997432231903076
1773143897.644303,PC1,0,6,0.44177,0.49672,-0.4113,0.9997134208679199
1773143897.644303,PC1,0,7,0.54105,0.54549,-0.22581,0.9996214509010315
1773143897.644303,PC1,0,8,0.44928,0.51988,-0.13577,0.9997551441192627
1773143897.644303,PC1,0,9,0.47982,0.62233,-0.38102,0.9997240900993347
1773143897.644303,PC1,0,10,0.44402,0.6106,-0.35466,0.999734103679657
1773143897.644303,PC1,0,11,0.62196,0.77882,-0.06837,0.9968967437744141
1773143897.644303,PC1,0,12,0.38333,0.7701,-0.01856,0.9984967708587646
1773143897.644303,PC1,0,13,0.71857,1.13971,-0.34769,0.7774636149406433
1773143897.644303,PC1,0,14,0.31947,1.14787,-0.36712,0.8463978171348572
1773143897.644303,PC1,0,15,0.74217,0.83544,-0.68453,0.9624916315078735
1773143897.644303,PC1,0,16,0.36354,0.8525,-0.92269,0.959354043006897
1773143897.644303,PC1,0,17,0.74516,0.73703,-0.74222,0.9490470290184021
1773143897.644303,PC1,0,18,0.36306,0.74634,-1.00974,0.9464433193206787
1773143897.644303,PC1,0,19,0.73843,0.70241,-0.68683,0.9561153054237366
1773143897.644303,PC1,0,20,0.36675,0.71199,-0.95595,0.9520623683929443
1773143897.644303,PC1,0,21,0.72786,0.73675,-0.67612,0.9538686871528625
1773143897.644303,PC1,0,22,0.37403,0.73984,-0.92043,0.948749840259552
1773143897.644303,PC1,0,23,0.57904,1.36342,0.06538,0.0051040202379226685
1773143897.644303,PC1,0,24,0.42127,1.38918,-0.06265,0.00495736813172698
1773143897.644303,PC1,0,25,0.57769,1.83065,0.1012,0.0036138934083282948
1773143897.644303,PC1,0,26,0.43173,1.87311,-0.06293,0.0028789020143449306
1773143897.644303,PC1,0,27,0.55843,2.27531,0.40908,0.00027827490703202784
1773143897.644303,PC1,0,28,0.41329,2.30946,0.13144,0.00016909984697122127
1773143897.644303,PC1,0,29,0.54542,2.35129,0.42336,0.0002699531614780426
1773143897.644303,PC1,0,30,0.39089,2.38669,0.13876,0.0001180153340101242
1773143897.644303,PC1,0,31,0.60246,2.38645,0.18492,0.00044463688391260803
1773143897.644303,PC1,0,32,0.48526,2.41597,-0.18737,0.0003353348874952644
1773143897.644303,PC1,0,Angle_Elbow_L,86.37,,,
1773143897.644303,PC1,0,Angle_Elbow_R,104.04,,,
1773143897.644303,PC1,0,Angle_Shoulder_L,136.57,,,
1773143897.644303,PC1,0,Angle_Shoulder_R,132.68,,,
1773143897.644303,PC1,0,Length_UpperArm_L,0.4665,,,
1773143897.644303,PC1,0,Length_LowerArm_L,0.4545,,,
1773143897.644303,PC1,0,Length_UpperArm_R,0.518,,,
1773143897.644303,PC1,0,Length_LowerArm_R,0.6307,,,
1773143897.644303,PC1,0,Width_Shoulder,0.2439,,,
1773143897.70884,PC1,0,0,0.45545,0.5664,-0.47531,0.9998889565467834
1773143897.70884,PC1,0,1,0.48501,0.51559,-0.44859,0.9997007846832275
1773143897.70884,PC1,0,2,0.4997,0.51933,-0.44852,0.999725341796875
1773143897.70884,PC1,0,3,0.51302,0.52355,-0.44823,0.999669075012207
1773143897.70884,PC1,0,4,0.45452,0.50552,-0.43098,0.999738335609436
1773143897.70884,PC1,0,5,0.44777,0.50144,-0.43075,0.999764621257782
1773143897.70884,PC1,0,6,0.44189,0.49821,-0.43086,0.9997366070747375
1773143897.70884,PC1,0,7,0.54171,0.54677,-0.23812,0.9996551871299744
1773143897.70884,PC1,0,8,0.44983,0.52038,-0.15156,0.9997755289077759
1773143897.70884,PC1,0,9,0.47984,0.62545,-0.39689,0.9997465014457703
1773143897.70884,PC1,0,10,0.4443,0.61324,-0.37277,0.9997548460960388
1773143897.70884,PC1,0,11,0.62219,0.78044,-0.0652,0.9970753788948059
1773143897.70884,PC1,0,12,0.38386,0.768,-0.03535,0.9985095262527466
1773143897.70884,PC1,0,13,0.72007,1.14259,-0.3357,0.7804857492446899
1773143897.70884,PC1,0,14,0.32044,1.14476,-0.3943,0.8514456152915955
1773143897.70884,PC1,0,15,0.7486,0.83651,-0.68222,0.965943455696106
1773143897.70884,PC1,0,16,0.3612,0.84562,-0.9562,0.9632018208503723
1773143897.70884,PC1,0,17,0.75417,0.74039,-0.73965,0.9536633491516113
1773143897.70884,PC1,0,18,0.35904,0.74354,-1.04416,0.9514465928077698
1773143897.70884,PC1,0,19,0.74568,0.70446,-0.68831,0.9600750207901001
1773143897.70884,PC1,0,20,0.36323,0.70869,-0.99369,0.9565578699111938
1773143897.70884,PC1,0,21,0.73551,0.7375,-0.6754,0.9579865336418152
1773143897.70884,PC1,0,22,0.37049,0.736,-0.95475,0.9535218477249146
1773143897.70884,PC1,0,23,0.57904,1.36342,0.06538,0.004791205748915672
1773143897.70884,PC1,0,24,0.42127,1.38918,-0.06265,0.0046327305026352406
1773143897.70884,PC1,0,25,0.57769,1.83065,0.1012,0.00329885957762599
1773143897.70884,PC1,0,26,0.43173,1.87311,-0.06293,0.002607363974675536
1773143897.70884,PC1,0,27,0.55843,2.27531,0.40908,0.00025339104468002915
1773143897.70884,PC1,0,28,0.41329,2.30946,0.13144,0.00015246283146552742
1773143897.70884,PC1,0,29,0.54542,2.35129,0.42336,0.0002449614112265408
1773143897.70884,PC1,0,30,0.39089,2.38669,0.13876,0.00010685657616704702
1773143897.70884,PC1,0,31,0.60246,2.38645,0.18492,0.0004040567437186837
1773143897.70884,PC1,0,32,0.48526,2.41597,-0.18737,0.00030464885639958084
1773143897.70884,PC1,0,Angle_Elbow_L,86.17,,,
1773143897.70884,PC1,0,Angle_Elbow_R,104.97,,,
1773143897.70884,PC1,0,Angle_Shoulder_L,136.82,,,
1773143897.70884,PC1,0,Angle_Shoulder_R,131.16,,,
1773143897.70884,PC1,0,Length_UpperArm_L,0.4625,,,
1773143897.70884,PC1,0,Length_LowerArm_L,0.4632,,,
1773143897.70884,PC1,0,Length_UpperArm_R,0.5242,,,
1773143897.70884,PC1,0,Length_LowerArm_R,0.6379,,,
1773143897.70884,PC1,0,Width_Shoulder,0.2405,,,
1773143897.777067,PC1,0,0,0.46083,0.56833,-0.47786,0.9998981356620789
1773143897.777067,PC1,0,1,0.48926,0.51734,-0.44926,0.9997268319129944
1773143897.777067,PC1,0,2,0.5033,0.5211,-0.44922,0.999748706817627
1773143897.777067,PC1,0,3,0.51628,0.52528,-0.44898,0.9996973872184753
1773143897.777067,PC1,0,4,0.45793,0.50715,-0.44052,0.9997602701187134
1773143897.777067,PC1,0,5,0.45045,0.50307,-0.44034,0.9997838735580444
1773143897.777067,PC1,0,6,0.44394,0.49985,-0.44047,0.9997584223747253
1773143897.777067,PC1,0,7,0.54442,0.54797,-0.23475,0.9996857643127441
1773143897.777067,PC1,0,8,0.45056,0.52108,-0.16544,0.9997944831848145
1773143897.777067,PC1,0,9,0.48417,0.62769,-0.3974,0.999768078327179
1773143897.777067,PC1,0,10,0.44757,0.61523,-0.38438,0.9997760057449341
1773143897.777067,PC1,0,11,0.62232,0.781,-0.0592,0.9973076581954956
1773143897.777067,PC1,0,12,0.38432,0.76536,-0.05741,0.9986054301261902
1773143897.777067,PC1,0,13,0.72063,1.1077,-0.32213,0.7875995635986328
1773143897.777067,PC1,0,14,0.32209,1.14001,-0.41782,0.8579039573669434
1773143897.777067,PC1,0,15,0.75698,0.83722,-0.67741,0.9686312079429626
1773143897.777067,PC1,0,16,0.35955,0.83558,-0.97413,0.9664916396141052
1773143897.777067,PC1,0,17,0.76556,0.74346,-0.73771,0.957091212272644
1773143897.777067,PC1,0,18,0.35345,0.73825,-1.0637,0.9555890560150146
1773143897.777067,PC1,0,19,0.75436,0.70608,-0.68885,0.9629954695701599
1773143897.777067,PC1,0,20,0.35765,0.70326,-1.01781,0.9603056907653809
1773143897.777067,PC1,0,21,0.7442,0.73839,-0.67382,0.9610341787338257
1773143897.777067,PC1,0,22,0.36608,0.73043,-0.97435,0.9574854373931885
1773143897.777067,PC1,0,23,0.57904,1.36342,0.06538,0.004582501482218504
1773143897.777067,PC1,0,24,0.42127,1.38918,-0.06265,0.004413794260472059
1773143897.777067,PC1,0,25,0.57769,1.83065,0.1012,0.0030162781476974487
1773143897.777067,PC1,0,26,0.43173,1.87311,-0.06293,0.00236507342197001
1773143897.777067,PC1,0,27,0.55843,2.27531,0.40908,0.00022965093376114964
1773143897.777067,PC1,0,28,0.41329,2.30946,0.13144,0.00013747220509685576
1773143897.777067,PC1,0,29,0.54542,2.35129,0.42336,0.00022168015129864216
1773143897.777067,PC1,0,30,0.39089,2.38669,0.13876,9.658740600571036e-05
1773143897.777067,PC1,0,31,0.60246,2.38645,0.18492,0.00036702174111269414
1773143897.777067,PC1,0,32,0.48526,2.41597,-0.18737,0.0002767363330349326
1773143897.777067,PC1,0,Angle_Elbow_L,92.56,,,
1773143897.777067,PC1,0,Angle_Elbow_R,104.65,,,
1773143897.777067,PC1,0,Angle_Shoulder_L,133.91,,,
1773143897.777067,PC1,0,Angle_Shoulder_R,130.16,,,
1773143897.777067,PC1,0,Length_UpperArm_L,0.4307,,,
1773143897.777067,PC1,0,Length_LowerArm_L,0.448,,,
1773143897.777067,PC1,0,Length_UpperArm_R,0.5236,,,
1773143897.777067,PC1,0,Length_LowerArm_R,0.6353,,,
1773143897.777067,PC1,0,Width_Shoulder,0.2385,,,
1773143897.8413088,PC1,0,0,0.48524,0.57076,-0.49195,0.999914824962616
1773143897.8413088,PC1,0,1,0.50925,0.52019,-0.45845,0.9997739195823669
1773143897.8413088,PC1,0,2,0.52158,0.52364,-0.45849,0.9997908473014832
1773143897.8413088,PC1,0,3,0.53296,0.52747,-0.45837,0.9997484087944031
1773143897.8413088,PC1,0,4,0.47651,0.5111,-0.4652,0.9998008608818054
1773143897.8413088,PC1,0,5,0.46654,0.50769,-0.46503,0.9998193979263306
1773143897.8413088,PC1,0,6,0.45741,0.50531,-0.46514,0.9997982978820801
1773143897.8413088,PC1,0,7,0.55288,0.54918,-0.2196,0.9997404217720032
1773143897.8413088,PC1,0,8,0.45317,0.52575,-0.21367,0.9998287558555603
1773143897.8413088,PC1,0,9,0.50328,0.62991,-0.4004,0.9998072981834412
1773143897.8413088,PC1,0,10,0.46744,0.61842,-0.40779,0.9998138546943665
1773143897.8413088,PC1,0,11,0.62157,0.77485,-0.03443,0.9977852702140808
1773143897.8413088,PC1,0,12,0.38312,0.7602,-0.10526,0.9987356066703796
1773143897.8413088,PC1,0,13,0.7232,1.03535,-0.24834,0.8179914355278015
1773143897.8413088,PC1,0,14,0.3237,1.12391,-0.46889,0.8755660057067871
1773143897.8413088,PC1,0,15,0.78059,0.85506,-0.62232,0.9741433262825012
1773143897.8413088,PC1,0,16,0.35098,0.81977,-1.03316,0.972272515296936
1773143897.8413088,PC1,0,17,0.80274,0.78292,-0.68749,0.9642505645751953
1773143897.8413088,PC1,0,18,0.33518,0.7278,-1.1262,0.9628093838691711
1773143897.8413088,PC1,0,19,0.788,0.74502,-0.65604,0.9691776037216187
1773143897.8413088,PC1,0,20,0.33959,0.69243,-1.09747,0.966838002204895
1773143897.8413088,PC1,0,21,0.77398,0.77413,-0.6258,0.9674504995346069
1773143897.8413088,PC1,0,22,0.34973,0.7197,-1.03875,0.9643388390541077
1773143897.8413088,PC1,0,23,0.57904,1.36342,0.06538,0.007100284565240145
1773143897.8413088,PC1,0,24,0.42127,1.38918,-0.06265,0.005971760489046574
1773143897.8413088,PC1,0,25,0.57769,1.83065,0.1012,0.0029948498122394085
1773143897.8413088,PC1,0,26,0.43173,1.87311,-0.06293,0.0021541635505855083
1773143897.8413088,PC1,0,27,0.55843,2.27531,0.40908,0.00019744806922972202
1773143897.8413088,PC1,0,28,0.41329,2.30946,0.13144,0.00011494763748487458
1773143897.8413088,PC1,0,29,0.54542,2.35129,0.42336,0.00018749282753560692
1773143897.8413088,PC1,0,30,0.39089,2.38669,0.13876,8.316277671838179e-05
1773143897.8413088,PC1,0,31,0.60246,2.38645,0.18492,0.00031803877209313214
1773143897.8413088,PC1,0,32,0.48526,2.41597,-0.18737,0.00024247118562925607
1773143897.8413088,PC1,0,Angle_Elbow_L,105.27,,,
1773143897.8413088,PC1,0,Angle_Elbow_R,106.25,,,
1773143897.8413088,PC1,0,Angle_Shoulder_L,131.55,,,
1773143897.8413088,PC1,0,Angle_Shoulder_R,128.07,,,
1773143897.8413088,PC1,0,Length_UpperArm_L,0.3521,,,
1773143897.8413088,PC1,0,Length_LowerArm_L,0.4191,,,
1773143897.8413088,PC1,0,Length_UpperArm_R,0.5177,,,
1773143897.8413088,PC1,0,Length_LowerArm_R,0.6416,,,
1773143897.8413088,PC1,0,Width_Shoulder,0.2492,,,
1773143897.919915,PC1,0,0,0.49813,0.57158,-0.48361,0.999920666217804
1773143897.919915,PC1,0,1,0.51883,0.52141,-0.44955,0.9997910261154175
1773143897.919915,PC1,0,2,0.53018,0.52454,-0.44962,0.999805212020874
1773143897.919915,PC1,0,3,0.54083,0.52815,-0.44954,0.999765932559967
1773143897.919915,PC1,0,4,0.48711,0.51371,-0.46157,0.9998158812522888
1773143897.919915,PC1,0,5,0.47646,0.51096,-0.46138,0.9998326301574707
1773143897.919915,PC1,0,6,0.46631,0.50942,-0.46147,0.9998131394386292
1773143897.919915,PC1,0,7,0.5563,0.54901,-0.20572,0.9997601509094238
1773143897.919915,PC1,0,8,0.45527,0.52955,-0.22275,0.9998410940170288
1773143897.919915,PC1,0,9,0.51334,0.63051,-0.39001,0.999822199344635
1773143897.919915,PC1,0,10,0.47927,0.62001,-0.40414,0.9998285174369812
1773143897.919915,PC1,0,11,0.62122,0.77063,-0.02277,0.9979947209358215
1773143897.919915,PC1,0,12,0.38283,0.75789,-0.1194,0.9987998604774475
1773143897.919915,PC1,0,13,0.72514,1.00555,-0.18227,0.8333277702331543
1773143897.919915,PC1,0,14,0.32431,1.11529,-0.49365,0.8854354023933411
1773143897.919915,PC1,0,15,0.79835,0.88093,-0.53086,0.9764912724494934
1773143897.919915,PC1,0,16,0.3477,0.81588,-1.06723,0.9748249650001526
1773143897.919915,PC1,0,17,0.82898,0.8301,-0.59343,0.9672548174858093
1773143897.919915,PC1,0,18,0.32986,0.72508,-1.16183,0.9660061597824097
1773143897.919915,PC1,0,19,0.81358,0.79766,-0.57767,0.9717923402786255
1773143897.919915,PC1,0,20,0.33438,0.68966,-1.14188,0.9697065949440002
1773143897.919915,PC1,0,21,0.7956,0.81836,-0.53974,0.9702270030975342
1773143897.919915,PC1,0,22,0.34486,0.71706,-1.07555,0.9673927426338196
1773143897.919915,PC1,0,23,0.57904,1.36342,0.06538,0.010750106535851955
1773143897.919915,PC1,0,24,0.42127,1.38918,-0.06265,0.008252499625086784
1773143897.919915,PC1,0,25,0.57769,1.83065,0.1012,0.003817111486569047
1773143897.919915,PC1,0,26,0.43173,1.87311,-0.06293,0.002397943055257201
1773143897.919915,PC1,0,27,0.55843,2.27531,0.40908,0.00022326971520669758
1773143897.919915,PC1,0,28,0.41329,2.30946,0.13144,0.00011420996452216059
1773143897.919915,PC1,0,29,0.54542,2.35129,0.42336,0.00019776569388341159
1773143897.919915,PC1,0,30,0.39089,2.38669,0.13876,9.243930981028825e-05
1773143897.919915,PC1,0,31,0.60246,2.38645,0.18492,0.00032448620186187327
1773143897.919915,PC1,0,32,0.48526,2.41597,-0.18737,0.00024680321803316474
1773143897.919915,PC1,0,Angle_Elbow_L,107.3,,,
1773143897.919915,PC1,0,Angle_Elbow_R,108.37,,,
1773143897.919915,PC1,0,Angle_Shoulder_L,135.11,,,
1773143897.919915,PC1,0,Angle_Shoulder_R,126.68,,,
1773143897.919915,PC1,0,Length_UpperArm_L,0.3024,,,
1773143897.919915,PC1,0,Length_LowerArm_L,0.3774,,,
1773143897.919915,PC1,0,Length_UpperArm_R,0.5208,,,
1773143897.919915,PC1,0,Length_LowerArm_R,0.6474,,,
1773143897.919915,PC1,0,Width_Shoulder,0.2575,,,
1773143897.987856,PC1,0,0,0.51022,0.57242,-0.47284,0.9999127388000488
1773143897.987856,PC1,0,1,0.52785,0.52263,-0.43961,0.9997708201408386
1773143897.987856,PC1,0,2,0.53848,0.52544,-0.43967,0.9997745752334595
1773143897.987856,PC1,0,3,0.54842,0.52879,-0.43964,0.999735414981842
1773143897.987856,PC1,0,4,0.49664,0.51604,-0.45178,0.9998082518577576
1773143897.987856,PC1,0,5,0.48541,0.51391,-0.45158,0.9998245239257812
1773143897.987856,PC1,0,6,0.47442,0.51308,-0.45166,0.9998094439506531
1773143897.987856,PC1,0,7,0.5594,0.54883,-0.19708,0.9997382760047913
1773143897.987856,PC1,0,8,0.45731,0.53327,-0.22261,0.999832808971405
1773143897.987856,PC1,0,9,0.52264,0.6312,-0.38068,0.9998148083686829
1773143897.987856,PC1,0,10,0.48982,0.62182,-0.39446,0.9998272061347961
1773143897.987856,PC1,0,11,0.62088,0.76597,-0.01507,0.9981233477592468
1773143897.987856,PC1,0,12,0.38261,0.75644,-0.12576,0.9988507628440857
1773143897.987856,PC1,0,13,0.73708,0.98365,-0.10675,0.84505295753479
1773143897.987856,PC1,0,14,0.32363,1.11656,-0.51159,0.8944051861763
1773143897.987856,PC1,0,15,0.83563,0.93039,-0.39157,0.9744422435760498
1773143897.987856,PC1,0,16,0.34491,0.81326,-1.08161,0.9769079685211182
1773143897.987856,PC1,0,17,0.87487,0.90779,-0.44428,0.9628660082817078
1773143897.987856,PC1,0,18,0.32589,0.72302,-1.17774,0.9683547616004944
1773143897.987856,PC1,0,19,0.86058,0.88017,-0.44913,0.9687503576278687
1773143897.987856,PC1,0,20,0.33061,0.68775,-1.16068,0.9717910289764404
1773143897.987856,PC1,0,21,0.83815,0.89498,-0.40749,0.9683486819267273
1773143897.987856,PC1,0,22,0.34152,0.7151,-1.09097,0.9696181416511536
1773143897.987856,PC1,0,23,0.57904,1.36342,0.06538,0.010868131183087826
1773143897.987856,PC1,0,24,0.42127,1.38918,-0.06265,0.00839461199939251
1773143897.987856,PC1,0,25,0.57769,1.83065,0.1012,0.004039619583636522
1773143897.987856,PC1,0,26,0.43173,1.87311,-0.06293,0.002535054460167885
1773143897.987856,PC1,0,27,0.55843,2.27531,0.40908,0.0002453237830195576
1773143897.987856,PC1,0,28,0.41329,2.30946,0.13144,0.0001147734365076758
1773143897.987856,PC1,0,29,0.54542,2.35129,0.42336,0.00020058541849721223
1773143897.987856,PC1,0,30,0.39089,2.38669,0.13876,0.00010048189869849011
1773143897.987856,PC1,0,31,0.60246,2.38645,0.18492,0.0003219119680579752
1773143897.987856,PC1,0,32,0.48526,2.41597,-0.18737,0.00024114205734804273
1773143897.987856,PC1,0,Angle_Elbow_L,108.81,,,
1773143897.987856,PC1,0,Angle_Elbow_R,108.6,,,
1773143897.987856,PC1,0,Angle_Shoulder_L,141.25,,,
1773143897.987856,PC1,0,Angle_Shoulder_R,126.13,,,
1773143897.987856,PC1,0,Length_UpperArm_L,0.2632,,,
1773143897.987856,PC1,0,Length_LowerArm_L,0.3061,,,
1773143897.987856,PC1,0,Length_UpperArm_R,0.5311,,,
1773143897.987856,PC1,0,Length_LowerArm_R,0.646,,,
1773143897.987856,PC1,0,Width_Shoulder,0.2629,,,
1773143898.1204522,PC1,0,0,0.51786,0.57262,-0.46605,0.9999024868011475
1773143898.1204522,PC1,0,1,0.53352,0.52331,-0.43314,0.9997484087944031
1773143898.1204522,PC1,0,2,0.54374,0.52591,-0.43318,0.999740481376648
1773143898.1204522,PC1,0,3,0.55323,0.52901,-0.4332,0.9997045397758484
1773143898.1204522,PC1,0,4,0.50262,0.51734,-0.44429,0.9997963905334473
1773143898.1204522,PC1,0,5,0.49109,0.5156,-0.44408,0.9998119473457336
1773143898.1204522,PC1,0,6,0.47964,0.51524,-0.44415,0.9998018741607666
1773143898.1204522,PC1,0,7,0.56146,0.54807,-0.19263,0.9997055530548096
1773143898.1204522,PC1,0,8,0.45893,0.53545,-0.21916,0.9998161792755127
1773143898.1204522,PC1,0,9,0.52851,0.6312,-0.37541,0.9998087882995605
1773143898.1204522,PC1,0,10,0.49631,0.6228,-0.38751,0.9998254179954529
1773143898.1204522,PC1,0,11,0.62052,0.76274,-0.02274,0.9982345104217529
1773143898.1204522,PC1,0,12,0.38245,0.75683,-0.12572,0.9988778829574585
1773143898.1204522,PC1,0,13,0.74707,0.97068,-0.08279,0.8516383171081543
1773143898.1204522,PC1,0,14,0.32203,1.12062,-0.50387,0.9003485441207886
1773143898.1204522,PC1,0,15,0.84705,0.98275,-0.3298,0.9641258716583252
1773143898.1204522,PC1,0,16,0.34483,0.81177,-1.07198,0.9784930944442749
1773143898.1204522,PC1,0,17,0.88759,0.98303,-0.37801,0.9476802349090576
1773143898.1204522,PC1,0,18,0.3261,0.72051,-1.1699,0.969798743724823
1773143898.1204522,PC1,0,19,0.87478,0.95988,-0.3888,0.9574878215789795
1773143898.1204522,PC1,0,20,0.33103,0.68442,-1.1535,0.9731172919273376
1773143898.1204522,PC1,0,21,0.85191,0.96913,-0.34666,0.9584944844245911
1773143898.1204522,PC1,0,22,0.34164,0.71263,-1.08137,0.9709474444389343
1773143898.1204522,PC1,0,23,0.57904,1.36342,0.06538,0.010203714482486248
1773143898.1204522,PC1,0,24,0.42127,1.38918,-0.06265,0.007932356558740139
1773143898.1204522,PC1,0,25,0.57769,1.83065,0.1012,0.004044041968882084
1773143898.1204522,PC1,0,26,0.43173,1.87311,-0.06293,0.0024493755772709846
1773143898.1204522,PC1,0,27,0.55843,2.27531,0.40908,0.00027266002143733203
1773143898.1204522,PC1,0,28,0.41329,2.30946,0.13144,0.00011060807446483523
1773143898.1204522,PC1,0,29,0.54542,2.35129,0.42336,0.00020343360665719956
1773143898.1204522,PC1,0,30,0.39089,2.38669,0.13876,0.00010292573279002681
1773143898.1204522,PC1,0,31,0.60246,2.38645,0.18492,0.00031114218290895224
1773143898.1204522,PC1,0,32,0.48526,2.41597,-0.18737,0.00023130772751756012
1773143898.1204522,PC1,0,Angle_Elbow_L,116.65,,,
1773143898.1204522,PC1,0,Angle_Elbow_R,107.21,,,
1773143898.1204522,PC1,0,Angle_Shoulder_L,142.46,,,
1773143898.1204522,PC1,0,Angle_Shoulder_R,126.64,,,
1773143898.1204522,PC1,0,Length_UpperArm_L,0.2507,,,
1773143898.1204522,PC1,0,Length_LowerArm_L,0.2668,,,
1773143898.1204522,PC1,0,Length_UpperArm_R,0.5282,,,
1773143898.1204522,PC1,0,Length_LowerArm_R,0.647,,,
1773143898.1204522,PC1,0,Width_Shoulder,0.2595,,,
1773143898.1906428,PC1,0,0,0.53419,0.57259,-0.44206,0.9999140501022339
1773143898.1906428,PC1,0,1,0.54573,0.52362,-0.4071,0.9997793436050415
1773143898.1906428,PC1,0,2,0.55452,0.52577,-0.40707,0.9997718334197998
1773143898.1906428,PC1,0,3,0.56255,0.52823,-0.40713,0.9997420310974121
1773143898.1906428,PC1,0,4,0.51572,0.5185,-0.42185,0.9998226165771484
1773143898.1906428,PC1,0,5,0.50361,0.51706,-0.42159,0.999835729598999
1773143898.1906428,PC1,0,6,0.49134,0.51704,-0.42166,0.9998272657394409
1773143898.1906428,PC1,0,7,0.56443,0.54589,-0.16517,0.9997475743293762
1773143898.1906428,PC1,0,8,0.4638,0.53729,-0.21401,0.9998381733894348
1773143898.1906428,PC1,0,9,0.54094,0.63046,-0.35204,0.9998338222503662
1773143898.1906428,PC1,0,10,0.51111,0.62414,-0.36861,0.9998489618301392
1773143898.1906428,PC1,0,11,0.61843,0.75838,-0.0106,0.9985441565513611
1773143898.1906428,PC1,0,12,0.38194,0.75948,-0.13798,0.9990112781524658
1773143898.1906428,PC1,0,13,0.75802,0.95748,-0.00444,0.8746556043624878
1773143898.1906428,PC1,0,14,0.32066,1.13276,-0.52013,0.9123916625976562
1773143898.1906428,PC1,0,15,0.8805,1.04971,-0.20003,0.9606072902679443
1773143898.1906428,PC1,0,16,0.34799,0.81527,-1.06693,0.9811500310897827
1773143898.1906428,PC1,0,17,0.92916,1.07688,-0.24123,0.9412298798561096
1773143898.1906428,PC1,0,18,0.33693,0.71974,-1.16535,0.9726623892784119
1773143898.1906428,PC1,0,19,0.91461,1.06229,-0.27206,0.9538559317588806
1773143898.1906428,PC1,0,20,0.34111,0.68201,-1.15236,0.9756234288215637
1773143898.1906428,PC1,0,21,0.88801,1.06545,-0.22462,0.9558552503585815
1773143898.1906428,PC1,0,22,0.35063,0.71159,-1.07803,0.9735140204429626
1773143898.1906428,PC1,0,23,0.57904,1.36342,0.06538,0.01037658378481865
1773143898.1906428,PC1,0,24,0.42127,1.38918,-0.06265,0.007711213547736406
1773143898.1906428,PC1,0,25,0.57769,1.83065,0.1012,0.004198590759187937
1773143898.1906428,PC1,0,26,0.43173,1.87311,-0.06293,0.00250233500264585
1773143898.1906428,PC1,0,27,0.55843,2.27531,0.40908,0.0002811550803016871
1773143898.1906428,PC1,0,28,0.41329,2.30946,0.13144,0.00010842955816769972
1773143898.1906428,PC1,0,29,0.54542,2.35129,0.42336,0.00020474556367844343
1773143898.1906428,PC1,0,30,0.39089,2.38669,0.13876,0.00010226705489913002
1773143898.1906428,PC1,0,31,0.60246,2.38645,0.18492,0.0003238729841541499
1773143898.1906428,PC1,0,32,0.48526,2.41597,-0.18737,0.00021165345970075577
1773143898.1906428,PC1,0,Angle_Elbow_L,124.52,,,
1773143898.1906428,PC1,0,Angle_Elbow_R,105.12,,,
1773143898.1906428,PC1,0,Angle_Shoulder_L,144.64,,,
1773143898.1906428,PC1,0,Angle_Shoulder_R,127.06,,,
1773143898.1906428,PC1,0,Length_UpperArm_L,0.2432,,,
1773143898.1906428,PC1,0,Length_LowerArm_L,0.2485,,,
1773143898.1906428,PC1,0,Length_UpperArm_R,0.5377,,,
1773143898.1906428,PC1,0,Length_LowerArm_R,0.6329,,,
1773143898.1906428,PC1,0,Width_Shoulder,0.2686,,,
1773143898.275938,PC1,0,0,0.54246,0.57251,-0.43873,0.9998963475227356
1773143898.275938,PC1,0,1,0.552,0.52345,-0.40392,0.9997340440750122
1773143898.275938,PC1,0,2,0.55999,0.52529,-0.40389,0.9997270703315735
1773143898.275938,PC1,0,3,0.56722,0.52735,-0.40396,0.9996898770332336
1773143898.275938,PC1,0,4,0.52268,0.51868,-0.42223,0.9997922778129578
1773143898.275938,PC1,0,5,0.51046,0.51728,-0.42198,0.9998090267181396
1773143898.275938,PC1,0,6,0.498,0.51726,-0.42206,0.9997972846031189
1773143898.275938,PC1,0,7,0.56559,0.54423,-0.16356,0.9997155666351318
1773143898.275938,PC1,0,8,0.46776,0.53696,-0.22819,0.9998075366020203
1773143898.275938,PC1,0,9,0.54705,0.63007,-0.34882,0.9998131394386292
1773143898.275938,PC1,0,10,0.51855,0.6247,-0.3699,0.9998352527618408
1773143898.275938,PC1,0,11,0.61694,0.75576,-0.01521,0.9986650347709656
1773143898.275938,PC1,0,12,0.38089,0.76202,-0.15081,0.9990156292915344
1773143898.275938,PC1,0,13,0.76122,0.95383,0.00756,0.8842781782150269
1773143898.275938,PC1,0,14,0.31978,1.14631,-0.53136,0.9170442819595337
1773143898.275938,PC1,0,15,0.89111,1.06476,-0.18069,0.9598825573921204
1773143898.275938,PC1,0,16,0.35096,0.81759,-1.068,0.9823229908943176
1773143898.275938,PC1,0,17,0.94414,1.10413,-0.22095,0.9390421509742737
1773143898.275938,PC1,0,18,0.34446,0.72069,-1.16534,0.9737966656684875
1773143898.275938,PC1,0,19,0.92974,1.09212,-0.25753,0.9525419473648071
1773143898.275938,PC1,0,20,0.34798,0.68247,-1.15308,0.976571261882782
1773143898.275938,PC1,0,21,0.90177,1.09378,-0.20756,0.9549651741981506
1773143898.275938,PC1,0,22,0.35644,0.71283,-1.07902,0.9744253754615784
1773143898.275938,PC1,0,23,0.57904,1.36342,0.06538,0.01020816434174776
1773143898.275938,PC1,0,24,0.42127,1.38918,-0.06265,0.007441706024110317
1773143898.275938,PC1,0,25,0.57769,1.83065,0.1012,0.004343670327216387
1773143898.275938,PC1,0,26,0.43173,1.87311,-0.06293,0.002563721500337124
1773143898.275938,PC1,0,27,0.55843,2.27531,0.40908,0.00029299448942765594
1773143898.275938,PC1,0,28,0.41329,2.30946,0.13144,0.00011117949907202274
1773143898.275938,PC1,0,29,0.54542,2.35129,0.42336,0.0002056046505458653
1773143898.275938,PC1,0,30,0.39089,2.38669,0.13876,0.00010577603825367987
1773143898.275938,PC1,0,31,0.60246,2.38645,0.18492,0.0003395078529138118
1773143898.275938,PC1,0,32,0.48526,2.41597,-0.18737,0.00021085937623865902
1773143898.275938,PC1,0,Angle_Elbow_L,125.61,,,
1773143898.275938,PC1,0,Angle_Elbow_R,102.8,,,
1773143898.275938,PC1,0,Angle_Shoulder_L,144.2,,,
1773143898.275938,PC1,0,Angle_Shoulder_R,127.2,,,
1773143898.275938,PC1,0,Length_UpperArm_L,0.2461,,,
1773143898.275938,PC1,0,Length_LowerArm_L,0.2542,,,
1773143898.275938,PC1,0,Length_UpperArm_R,0.5443,,,
1773143898.275938,PC1,0,Length_LowerArm_R,0.6301,,,
1773143898.275938,PC1,0,Width_Shoulder,0.2723,,,
1773143898.444275,PC1,0,0,0.55126,0.57304,-0.42365,0.9998926520347595
1773143898.444275,PC1,0,1,0.55849,0.52376,-0.38915,0.9997280240058899
1773143898.444275,PC1,0,2,0.56543,0.52515,-0.38911,0.9997233748435974
1773143898.444275,PC1,0,3,0.57176,0.52671,-0.38921,0.9996870160102844
1773143898.444275,PC1,0,4,0.53063,0.51934,-0.41146,0.9997897148132324
1773143898.444275,PC1,0,5,0.51831,0.51784,-0.41122,0.999806821346283
1773143898.444275,PC1,0,6,0.50583,0.5176,-0.41132,0.9997942447662354
1773143898.444275,PC1,0,7,0.56624,0.54263,-0.15143,0.9997203946113586
1773143898.444275,PC1,0,8,0.47382,0.53662,-0.23614,0.9998039603233337
1773143898.444275,PC1,0,9,0.55308,0.63002,-0.33403,0.9998133182525635
1773143898.444275,PC1,0,10,0.52622,0.62531,-0.36061,0.9998379945755005
1773143898.444275,PC1,0,11,0.61481,0.75258,-0.00736,0.9987837076187134
1773143898.444275,PC1,0,12,0.38004,0.76402,-0.1622,0.9990493655204773
1773143898.444275,PC1,0,13,0.7635,0.94961,0.03781,0.8927441239356995
1773143898.444275,PC1,0,14,0.31872,1.1555,-0.54106,0.9213259816169739
1773143898.444275,PC1,0,15,0.89875,1.07728,-0.13608,0.9557678699493408
1773143898.444275,PC1,0,16,0.35655,0.8179,-1.05807,0.982668936252594
1773143898.444275,PC1,0,17,0.95373,1.12285,-0.1741,0.930469274520874
1773143898.444275,PC1,0,18,0.35581,0.72135,-1.15165,0.9731850624084473
1773143898.444275,PC1,0,19,0.93924,1.11348,-0.21637,0.9462133646011353
1773143898.444275,PC1,0,20,0.35781,0.68286,-1.14045,0.9758444428443909
1773143898.444275,PC1,0,21,0.91055,1.11391,-0.16491,0.9492400288581848
1773143898.444275,PC1,0,22,0.36464,0.7137,-1.0685,0.9733906388282776
1773143898.444275,PC1,0,23,0.57904,1.36342,0.06538,0.010834135115146637
1773143898.444275,PC1,0,24,0.42127,1.38918,-0.06265,0.007610732689499855
1773143898.444275,PC1,0,25,0.57769,1.83065,0.1012,0.004925737157464027
1773143898.444275,PC1,0,26,0.43173,1.87311,-0.06293,0.0029681832529604435
1773143898.444275,PC1,0,27,0.55843,2.27531,0.40908,0.0003222601371817291
1773143898.444275,PC1,0,28,0.41329,2.30946,0.13144,0.00012851168867200613
1773143898.444275,PC1,0,29,0.54542,2.35129,0.42336,0.0002243624476250261
1773143898.444275,PC1,0,30,0.39089,2.38669,0.13876,0.00012192051508463919
1773143898.444275,PC1,0,31,0.60246,2.38645,0.18492,0.00039533048402518034
1773143898.444275,PC1,0,32,0.48526,2.41597,-0.18737,0.00022273465583566576
1773143898.444275,PC1,0,Angle_Elbow_L,125.84,,,
1773143898.444275,PC1,0,Angle_Elbow_R,100.43,,,
1773143898.444275,PC1,0,Angle_Shoulder_L,143.62,,,
1773143898.444275,PC1,0,Angle_Shoulder_R,127.69,,,
1773143898.444275,PC1,0,Length_UpperArm_L,0.2509,,,
1773143898.444275,PC1,0,Length_LowerArm_L,0.2546,,,
1773143898.444275,PC1,0,Length_UpperArm_R,0.5482,,,
1773143898.444275,PC1,0,Length_LowerArm_R,0.6186,,,
1773143898.444275,PC1,0,Width_Shoulder,0.2815,,,
1773143898.5077288,PC1,0,0,0.55732,0.57357,-0.41076,0.9998896718025208
1773143898.5077288,PC1,0,1,0.56345,0.52412,-0.37576,0.9997237920761108
1773143898.5077288,PC1,0,2,0.56972,0.52513,-0.37572,0.9997216463088989
1773143898.5077288,PC1,0,3,0.57548,0.5263,-0.37584,0.9996867775917053
1773143898.5077288,PC1,0,4,0.53622,0.52001,-0.39965,0.9997866153717041
1773143898.5077288,PC1,0,5,0.5237,0.51841,-0.3994,0.9998041987419128
1773143898.5077288,PC1,0,6,0.51112,0.51793,-0.39951,0.9997913241386414
1773143898.5077288,PC1,0,7,0.56687,0.54134,-0.1383,0.9997260570526123
1773143898.5077288,PC1,0,8,0.47827,0.53633,-0.2358,0.9997999668121338
1773143898.5077288,PC1,0,9,0.55744,0.6301,-0.32108,0.9998098015785217
1773143898.5077288,PC1,0,10,0.53131,0.62583,-0.34996,0.9998369216918945
1773143898.5077288,PC1,0,11,0.61334,0.75018,0.00213,0.9988873600959778
1773143898.5077288,PC1,0,12,0.38064,0.76512,-0.16764,0.9990622401237488
1773143898.5077288,PC1,0,13,0.76475,0.94663,0.05223,0.8988361358642578
1773143898.5077288,PC1,0,14,0.31853,1.16053,-0.54099,0.9228219389915466
1773143898.5077288,PC1,0,15,0.90275,1.08632,-0.12233,0.9491267204284668
1773143898.5077288,PC1,0,16,0.36373,0.81836,-1.03638,0.9826295971870422
1773143898.5077288,PC1,0,17,0.9583,1.13476,-0.16023,0.9207043647766113
1773143898.5077288,PC1,0,18,0.36501,0.72238,-1.12908,0.9725445508956909
1773143898.5077288,PC1,0,19,0.94346,1.12595,-0.20127,0.9393936395645142
1773143898.5077288,PC1,0,20,0.36645,0.68417,-1.11793,0.9752653241157532
1773143898.5077288,PC1,0,21,0.9146,1.12566,-0.15177,0.9429357647895813
1773143898.5077288,PC1,0,22,0.37266,0.71508,-1.04665,0.9725105166435242
1773143898.5077288,PC1,0,23,0.57904,1.36342,0.06538,0.010542688891291618
1773143898.5077288,PC1,0,24,0.42127,1.38918,-0.06265,0.00728271622210741
1773143898.5077288,PC1,0,25,0.57769,1.83065,0.1012,0.005082232411950827
1773143898.5077288,PC1,0,26,0.43173,1.87311,-0.06293,0.0031074376311153173
1773143898.5077288,PC1,0,27,0.55843,2.27531,0.40908,0.0003307142178528011
1773143898.5077288,PC1,0,28,0.41329,2.30946,0.13144,0.00013183285773266107
1773143898.5077288,PC1,0,29,0.54542,2.35129,0.42336,0.00023418560158461332
1773143898.5077288,PC1,0,30,0.39089,2.38669,0.13876,0.00012607031385414302
1773143898.5077288,PC1,0,31,0.60246,2.38645,0.18492,0.00041801680345088243
1773143898.5077288,PC1,0,32,0.48526,2.41597,-0.18737,0.00022149021970108151
1773143898.5077288,PC1,0,Angle_Elbow_L,126.55,,,
1773143898.5077288,PC1,0,Angle_Elbow_R,98.15,,,
1773143898.5077288,PC1,0,Angle_Shoulder_L,143.03,,,
1773143898.5077288,PC1,0,Angle_Shoulder_R,128.56,,,
1773143898.5077288,PC1,0,Length_UpperArm_L,0.253,,,
1773143898.5077288,PC1,0,Length_LowerArm_L,0.2627,,,
1773143898.5077288,PC1,0,Length_UpperArm_R,0.5474,,,
1773143898.5077288,PC1,0,Length_LowerArm_R,0.6038,,,
1773143898.5077288,PC1,0,Width_Shoulder,0.2884,,,
1773143898.573318,PC1,0,0,0.56149,0.57412,-0.42426,0.9998689889907837
1773143898.573318,PC1,0,1,0.56688,0.52452,-0.39157,0.9996615052223206
1773143898.573318,PC1,0,2,0.57275,0.52516,-0.39153,0.9996700882911682
1773143898.573318,PC1,0,3,0.57815,0.52596,-0.39164,0.9996188879013062
1773143898.573318,PC1,0,4,0.53999,0.52069,-0.41505,0.9997438192367554
1773143898.573318,PC1,0,5,0.52736,0.51894,-0.41484,0.9997717142105103
1773143898.573318,PC1,0,6,0.51481,0.51821,-0.41495,0.9997485876083374
1773143898.573318,PC1,0,7,0.56706,0.54,-0.15922,0.999687910079956
1773143898.573318,PC1,0,8,0.4817,0.53604,-0.25744,0.9997623562812805
1773143898.573318,PC1,0,9,0.56056,0.63015,-0.33583,0.9997884631156921
1773143898.573318,PC1,0,10,0.53519,0.62634,-0.36425,0.9998238682746887
1773143898.573318,PC1,0,11,0.61105,0.74709,-0.01869,0.9989632368087769
1773143898.573318,PC1,0,12,0.38188,0.75891,-0.18536,0.9990576505661011
1773143898.573318,PC1,0,13,0.76814,0.94555,0.04163,0.905036449432373
1773143898.573318,PC1,0,14,0.31981,1.15531,-0.54583,0.9226091504096985
1773143898.573318,PC1,0,15,0.90608,1.103,-0.11243,0.9427270889282227
1773143898.573318,PC1,0,16,0.37218,0.81932,-1.0236,0.9824836254119873
1773143898.573318,PC1,0,17,0.96192,1.15614,-0.15627,0.9106490015983582
1773143898.573318,PC1,0,18,0.37687,0.7256,-1.11256,0.9714838862419128
1773143898.573318,PC1,0,19,0.94712,1.15155,-0.19035,0.9316412806510925
1773143898.573318,PC1,0,20,0.37714,0.68924,-1.1023,0.974114716053009
1773143898.573318,PC1,0,21,0.91792,1.14852,-0.14437,0.9364223480224609
1773143898.573318,PC1,0,22,0.38226,0.71801,-1.03352,0.9711766242980957
1773143898.573318,PC1,0,23,0.57904,1.36342,0.06538,0.010257880203425884
1773143898.573318,PC1,0,24,0.42127,1.38918,-0.06265,0.006998458411544561
1773143898.573318,PC1,0,25,0.57769,1.83065,0.1012,0.0050781406462192535
1773143898.573318,PC1,0,26,0.43173,1.87311,-0.06293,0.0030880621634423733
1773143898.573318,PC1,0,27,0.55843,2.27531,0.40908,0.0003480301529634744
1773143898.573318,PC1,0,28,0.41329,2.30946,0.13144,0.00013618335651699454
1773143898.573318,PC1,0,29,0.54542,2.35129,0.42336,0.00024104700423777103
1773143898.573318,PC1,0,30,0.39089,2.38669,0.13876,0.00013071057037450373
1773143898.573318,PC1,0,31,0.60246,2.38645,0.18492,0.0004405908694025129
1773143898.573318,PC1,0,32,0.48526,2.41597,-0.18737,0.00022376987908501178
1773143898.573318,PC1,0,Angle_Elbow_L,130.17,,,
1773143898.573318,PC1,0,Angle_Elbow_R,96.5,,,
1773143898.573318,PC1,0,Angle_Shoulder_L,142.55,,,
1773143898.573318,PC1,0,Angle_Shoulder_R,127.95,,,
1773143898.573318,PC1,0,Length_UpperArm_L,0.2602,,,
1773143898.573318,PC1,0,Length_LowerArm_L,0.2599,,,
1773143898.573318,PC1,0,Length_UpperArm_R,0.5394,,,
1773143898.573318,PC1,0,Length_LowerArm_R,0.5864,,,
1773143898.573318,PC1,0,Width_Shoulder,0.2836,,,
1773143898.6386108,PC1,0,0,0.56275,0.5743,-0.43294,0.9998343586921692
1773143898.6386108,PC1,0,1,0.56795,0.52458,-0.39973,0.9995731115341187
1773143898.6386108,PC1,0,2,0.57372,0.52507,-0.3997,0.9995760321617126
1773143898.6386108,PC1,0,3,0.57903,0.52572,-0.39982,0.9995120167732239
1773143898.6386108,PC1,0,4,0.54113,0.52089,-0.42243,0.9996840357780457
1773143898.6386108,PC1,0,5,0.52848,0.51911,-0.42224,0.999722957611084
1773143898.6386108,PC1,0,6,0.51595,0.51831,-0.42236,0.9997010827064514
1773143898.6386108,PC1,0,7,0.56735,0.5395,-0.16567,0.9996042847633362
1773143898.6386108,PC1,0,8,0.4829,0.53593,-0.26297,0.9997143149375916
1773143898.6386108,PC1,0,9,0.5616,0.63016,-0.34374,0.9997393488883972
1773143898.6386108,PC1,0,10,0.53649,0.62657,-0.37115,0.9997978806495667
1773143898.6386108,PC1,0,11,0.61087,0.74638,-0.02443,0.9989901781082153
1773143898.6386108,PC1,0,12,0.3831,0.75675,-0.19041,0.9990088939666748
1773143898.6386108,PC1,0,13,0.77033,0.9462,0.03543,0.9056660532951355
1773143898.6386108,PC1,0,14,0.32023,1.13915,-0.55241,0.9245638251304626
1773143898.6386108,PC1,0,15,0.90786,1.10845,-0.11973,0.9355553388595581
1773143898.6386108,PC1,0,16,0.37516,0.8194,-1.02688,0.982544481754303
1773143898.6386108,PC1,0,17,0.96364,1.16237,-0.16333,0.9000895619392395
1773143898.6386108,PC1,0,18,0.38193,0.72677,-1.1163,0.9703905582427979
1773143898.6386108,PC1,0,19,0.94863,1.15865,-0.19947,0.9234756231307983
1773143898.6386108,PC1,0,20,0.3819,0.69104,-1.10289,0.9731190204620361
1773143898.6386108,PC1,0,21,0.91935,1.15511,-0.15209,0.9291667938232422
1773143898.6386108,PC1,0,22,0.38637,0.71899,-1.03543,0.9698317050933838
1773143898.6386108,PC1,0,23,0.57904,1.36342,0.06538,0.009741537272930145
1773143898.6386108,PC1,0,24,0.42127,1.38918,-0.06265,0.006642349995672703
1773143898.6386108,PC1,0,25,0.57769,1.83065,0.1012,0.004909345414489508
1773143898.6386108,PC1,0,26,0.43173,1.87311,-0.06293,0.00299304467625916
1773143898.6386108,PC1,0,27,0.55843,2.27531,0.40908,0.00035329314414411783
1773143898.6386108,PC1,0,28,0.41329,2.30946,0.13144,0.00013396255963016301
1773143898.6386108,PC1,0,29,0.54542,2.35129,0.42336,0.00024486484471708536
1773143898.6386108,PC1,0,30,0.39089,2.38669,0.13876,0.0001319498405791819
1773143898.6386108,PC1,0,31,0.60246,2.38645,0.18492,0.00043823724263347685
1773143898.6386108,PC1,0,32,0.48526,2.41597,-0.18737,0.0002250964753329754
1773143898.6386108,PC1,0,Angle_Elbow_L,130.69,,,
1773143898.6386108,PC1,0,Angle_Elbow_R,98.69,,,
1773143898.6386108,PC1,0,Angle_Shoulder_L,142.36,,,
1773143898.6386108,PC1,0,Angle_Shoulder_R,126.35,,,
1773143898.6386108,PC1,0,Length_UpperArm_L,0.2626,,,
1773143898.6386108,PC1,0,Length_LowerArm_L,0.2633,,,
1773143898.6386108,PC1,0,Length_UpperArm_R,0.5303,,,
1773143898.6386108,PC1,0,Length_LowerArm_R,0.5748,,,
1773143898.6386108,PC1,0,Width_Shoulder,0.282,,,
1773143898.717091,PC1,0,0,0.56358,0.57244,-0.42957,0.999825656414032
1773143898.717091,PC1,0,1,0.56868,0.52325,-0.39471,0.9995588660240173
1773143898.717091,PC1,0,2,0.57437,0.52381,-0.39468,0.9995660185813904
1773143898.717091,PC1,0,3,0.57962,0.52457,-0.3948,0.9995009303092957
1773143898.717091,PC1,0,4,0.5419,0.51983,-0.41657,0.9996718168258667
1773143898.717091,PC1,0,5,0.52923,0.51831,-0.41637,0.9997152090072632
1773143898.717091,PC1,0,6,0.51668,0.51778,-0.4165,0.9996915459632874
1773143898.717091,PC1,0,7,0.56769,0.53905,-0.15823,0.999595582485199
1773143898.717091,PC1,0,8,0.48349,0.53582,-0.25228,0.99970543384552
1773143898.717091,PC1,0,9,0.56241,0.62878,-0.34013,0.999728262424469
1773143898.717091,PC1,0,10,0.53743,0.62562,-0.36643,0.9997894763946533
1773143898.717091,PC1,0,11,0.61103,0.74608,-0.0182,0.9990349411964417
1773143898.717091,PC1,0,12,0.385,0.75576,-0.19063,0.9989541172981262
1773143898.717091,PC1,0,13,0.77054,0.94585,0.02965,0.9016054272651672
1773143898.717091,PC1,0,14,0.32186,1.11836,-0.55759,0.9235966801643372
1773143898.717091,PC1,0,15,0.90372,1.10738,-0.14085,0.934558629989624
1773143898.717091,PC1,0,16,0.37755,0.81966,-1.03697,0.9827755093574524
1773143898.717091,PC1,0,17,0.95799,1.15969,-0.18624,0.899766743183136
1773143898.717091,PC1,0,18,0.38624,0.7295,-1.12784,0.9705168008804321
1773143898.717091,PC1,0,19,0.94115,1.15301,-0.2229,0.92349773645401
1773143898.717091,PC1,0,20,0.38625,0.69393,-1.11318,0.9732884168624878
1773143898.717091,PC1,0,21,0.91271,1.14999,-0.17214,0.9288209080696106
1773143898.717091,PC1,0,22,0.3903,0.72159,-1.04479,0.9698329567909241
1773143898.717091,PC1,0,23,0.57904,1.36342,0.06538,0.009220821782946587
1773143898.717091,PC1,0,24,0.42127,1.38918,-0.06265,0.00628378102555871
1773143898.717091,PC1,0,25,0.57769,1.83065,0.1012,0.00468902662396431
1773143898.717091,PC1,0,26,0.43173,1.87311,-0.06293,0.0028664853889495134
1773143898.717091,PC1,0,27,0.55843,2.27531,0.40908,0.0003582587232813239
1773143898.717091,PC1,0,28,0.41329,2.30946,0.13144,0.00012772703485097736
1773143898.717091,PC1,0,29,0.54542,2.35129,0.42336,0.0002542618603911251
1773143898.717091,PC1,0,30,0.39089,2.38669,0.13876,0.000127419873024337
1773143898.717091,PC1,0,31,0.60246,2.38645,0.18492,0.0004351733368821442
1773143898.717091,PC1,0,32,0.48526,2.41597,-0.18737,0.0002173076500184834
1773143898.717091,PC1,0,Angle_Elbow_L,130.23,,,
1773143898.717091,PC1,0,Angle_Elbow_R,102.55,,,
1773143898.717091,PC1,0,Angle_Shoulder_L,142.2,,,
1773143898.717091,PC1,0,Angle_Shoulder_R,124.73,,,
1773143898.717091,PC1,0,Length_UpperArm_L,0.2601,,,
1773143898.717091,PC1,0,Length_LowerArm_L,0.27,,,
1773143898.717091,PC1,0,Length_UpperArm_R,0.5197,,,
1773143898.717091,PC1,0,Length_LowerArm_R,0.5676,,,
1773143898.717091,PC1,0,Width_Shoulder,0.2845,,,
1773143898.794625,PC1,0,0,0.56425,0.56993,-0.41722,0.9998111724853516
1773143898.794625,PC1,0,1,0.56922,0.52149,-0.38179,0.9995328783988953
1773143898.794625,PC1,0,2,0.57486,0.52204,-0.38177,0.9995502829551697
1773143898.794625,PC1,0,3,0.58007,0.52285,-0.38192,0.9994820952415466
1773143898.794625,PC1,0,4,0.54257,0.51838,-0.40337,0.9996475577354431
1773143898.794625,PC1,0,5,0.53005,0.51714,-0.40317,0.999699592590332
1773143898.794625,PC1,0,6,0.5175,0.51686,-0.4033,0.99966961145401
1773143898.794625,PC1,0,7,0.56796,0.53799,-0.14433,0.9995827078819275
1773143898.794625,PC1,0,8,0.48426,0.53537,-0.23767,0.9996845722198486
1773143898.794625,PC1,0,9,0.5633,0.62666,-0.32741,0.999707818031311
1773143898.794625,PC1,0,10,0.53874,0.62368,-0.35351,0.9997693300247192
1773143898.794625,PC1,0,11,0.61188,0.74517,-0.00645,0.9990778565406799
1773143898.794625,PC1,0,12,0.38826,0.75383,-0.18664,0.9988856911659241
1773143898.794625,PC1,0,13,0.76982,0.94568,0.02533,0.893144965171814
1773143898.794625,PC1,0,14,0.32593,1.09919,-0.55657,0.9118089079856873
1773143898.794625,PC1,0,15,0.8908,1.10847,-0.16021,0.9279761910438538
1773143898.794625,PC1,0,16,0.38038,0.82885,-1.04438,0.9810803532600403
1773143898.794625,PC1,0,17,0.94179,1.16059,-0.20642,0.8943307399749756
1773143898.794625,PC1,0,18,0.3902,0.74411,-1.1354,0.9684247374534607
1773143898.794625,PC1,0,19,0.92344,1.15069,-0.24404,0.9199218153953552
1773143898.794625,PC1,0,20,0.39023,0.70855,-1.11975,0.9715916514396667
1773143898.794625,PC1,0,21,0.89665,1.14746,-0.1904,0.9247104525566101
1773143898.794625,PC1,0,22,0.39414,0.73589,-1.05174,0.9676268696784973
1773143898.794625,PC1,0,23,0.57904,1.36342,0.06538,0.008677377365529537
1773143898.794625,PC1,0,24,0.42127,1.38918,-0.06265,0.0058980779722332954
1773143898.794625,PC1,0,25,0.57769,1.83065,0.1012,0.0044448538683354855
1773143898.794625,PC1,0,26,0.43173,1.87311,-0.06293,0.0027388730086386204
1773143898.794625,PC1,0,27,0.55843,2.27531,0.40908,0.0003602708165999502
1773143898.794625,PC1,0,28,0.41329,2.30946,0.13144,0.0001231036731041968
1773143898.794625,PC1,0,29,0.54542,2.35129,0.42336,0.0002621611929498613
1773143898.794625,PC1,0,30,0.39089,2.38669,0.13876,0.00012326595606282353
1773143898.794625,PC1,0,31,0.60246,2.38645,0.18492,0.0004343240871094167
1773143898.794625,PC1,0,32,0.48526,2.41597,-0.18737,0.0002105478197336197
1773143898.794625,PC1,0,Angle_Elbow_L,130.43,,,
1773143898.794625,PC1,0,Angle_Elbow_R,107.03,,,
1773143898.794625,PC1,0,Angle_Shoulder_L,142.13,,,
1773143898.794625,PC1,0,Angle_Shoulder_R,123.86,,,
1773143898.794625,PC1,0,Length_UpperArm_L,0.2572,,,
1773143898.794625,PC1,0,Length_LowerArm_L,0.2749,,,
1773143898.794625,PC1,0,Length_UpperArm_R,0.5099,,,
1773143898.794625,PC1,0,Length_LowerArm_R,0.5604,,,
1773143898.794625,PC1,0,Width_Shoulder,0.2873,,,
1773143898.861043,PC1,0,0,0.56467,0.56828,-0.43144,0.9997615218162537
1773143898.861043,PC1,0,1,0.5695,0.52045,-0.39457,0.9994152188301086
1773143898.861043,PC1,0,2,0.57508,0.52101,-0.39457,0.9994393587112427
1773143898.861043,PC1,0,3,0.58025,0.52182,-0.3947,0.9993360042572021
1773143898.861043,PC1,0,4,0.54297,0.51753,-0.41693,0.999563992023468
1773143898.861043,PC1,0,5,0.53056,0.51645,-0.41676,0.9996405243873596
1773143898.861043,PC1,0,6,0.51798,0.5163,-0.41692,0.9995979070663452
1773143898.861043,PC1,0,7,0.56787,0.53726,-0.14883,0.9994847178459167
1773143898.861043,PC1,0,8,0.48468,0.53502,-0.24552,0.999633252620697
1773143898.861043,PC1,0,9,0.56395,0.62504,-0.33874,0.9996510744094849
1773143898.861043,PC1,0,10,0.53975,0.62242,-0.36574,0.9997331500053406
1773143898.861043,PC1,0,11,0.6128,0.74484,0.00094,0.9990972280502319
1773143898.861043,PC1,0,12,0.39034,0.75321,-0.19455,0.9988349080085754
1773143898.861043,PC1,0,13,0.76932,0.94561,0.02628,0.8942825198173523
1773143898.861043,PC1,0,14,0.32853,1.08867,-0.57732,0.9156078696250916
1773143898.861043,PC1,0,15,0.88506,1.10532,-0.17039,0.9305720329284668
1773143898.861043,PC1,0,16,0.38247,0.83435,-1.07865,0.9821397662162781
1773143898.861043,PC1,0,17,0.93472,1.15583,-0.217,0.8977019190788269
1773143898.861043,PC1,0,18,0.39388,0.75292,-1.17085,0.9697258472442627
1773143898.861043,PC1,0,19,0.91659,1.14325,-0.25623,0.9223936200141907
1773143898.861043,PC1,0,20,0.39483,0.71788,-1.15558,0.9727414846420288
1773143898.861043,PC1,0,21,0.8899,1.14105,-0.20021,0.9270607829093933
1773143898.861043,PC1,0,22,0.39823,0.74469,-1.08571,0.9688727259635925
1773143898.861043,PC1,0,23,0.57904,1.36342,0.06538,0.00840005837380886
1773143898.861043,PC1,0,24,0.42127,1.38918,-0.06265,0.005708994809538126
1773143898.861043,PC1,0,25,0.57769,1.83065,0.1012,0.004249304533004761
1773143898.861043,PC1,0,26,0.43173,1.87311,-0.06293,0.002636916469782591
1773143898.861043,PC1,0,27,0.55843,2.27531,0.40908,0.00038838459295220673
1773143898.861043,PC1,0,28,0.41329,2.30946,0.13144,0.00012288051948416978
1773143898.861043,PC1,0,29,0.54542,2.35129,0.42336,0.00028626940911635756
1773143898.861043,PC1,0,30,0.39089,2.38669,0.13876,0.00013013910211157054
1773143898.861043,PC1,0,31,0.60246,2.38645,0.18492,0.00044746414641849697
1773143898.861043,PC1,0,32,0.48526,2.41597,-0.18737,0.00021747451683040708
1773143898.861043,PC1,0,Angle_Elbow_L,129.37,,,
1773143898.861043,PC1,0,Angle_Elbow_R,110.89,,,
1773143898.861043,PC1,0,Angle_Shoulder_L,142.12,,,
1773143898.861043,PC1,0,Angle_Shoulder_R,122.09,,,
1773143898.861043,PC1,0,Length_UpperArm_L,0.2558,,,
1773143898.861043,PC1,0,Length_LowerArm_L,0.2785,,,
1773143898.861043,PC1,0,Length_UpperArm_R,0.5127,,,
1773143898.861043,PC1,0,Length_LowerArm_R,0.5647,,,
1773143898.861043,PC1,0,Width_Shoulder,0.2963,,,
1773143898.92809,PC1,0,0,0.56502,0.5662,-0.41579,0.9997692108154297
1773143898.92809,PC1,0,1,0.56972,0.51879,-0.37878,0.9994404315948486
1773143898.92809,PC1,0,2,0.5753,0.51935,-0.37876,0.9994663596153259
1773143898.92809,PC1,0,3,0.58044,0.52015,-0.37888,0.99936842918396
1773143898.92809,PC1,0,4,0.54327,0.51608,-0.40097,0.9995831251144409
1773143898.92809,PC1,0,5,0.53092,0.51512,-0.40075,0.9996563196182251
1773143898.92809,PC1,0,6,0.51832,0.51507,-0.4009,0.9996163845062256
1773143898.92809,PC1,0,7,0.5681,0.53613,-0.13661,0.9995082020759583
1773143898.92809,PC1,0,8,0.48492,0.53453,-0.23262,0.9996508359909058
1773143898.92809,PC1,0,9,0.56475,0.62303,-0.32474,0.9996607303619385
1773143898.92809,PC1,0,10,0.54055,0.62068,-0.35151,0.9997432231903076
1773143898.92809,PC1,0,11,0.61333,0.7452,0.01129,0.9991212487220764
1773143898.92809,PC1,0,12,0.39166,0.75367,-0.18494,0.9988070726394653
1773143898.92809,PC1,0,13,0.76903,0.94559,0.01427,0.8837046027183533
1773143898.92809,PC1,0,14,0.33035,1.08261,-0.55676,0.9112451076507568
1773143898.92809,PC1,0,15,0.87266,1.08363,-0.20723,0.9297555685043335
1773143898.92809,PC1,0,16,0.38369,0.83831,-1.04469,0.9819884300231934
1773143898.92809,PC1,0,17,0.91813,1.12463,-0.25783,0.8976178765296936
1773143898.92809,PC1,0,18,0.39609,0.75934,-1.13378,0.969765305519104
1773143898.92809,PC1,0,19,0.89845,1.10854,-0.28842,0.9221124649047852
1773143898.92809,PC1,0,20,0.39741,0.72414,-1.11849,0.9729071855545044
1773143898.92809,PC1,0,21,0.87344,1.10949,-0.23342,0.9263833165168762
1773143898.92809,PC1,0,22,0.40054,0.74982,-1.05081,0.9689083099365234
1773143898.92809,PC1,0,23,0.57904,1.36342,0.06538,0.007874874398112297
1773143898.92809,PC1,0,24,0.42127,1.38918,-0.06265,0.005372517742216587
1773143898.92809,PC1,0,25,0.57769,1.83065,0.1012,0.004130678251385689
1773143898.92809,PC1,0,26,0.43173,1.87311,-0.06293,0.002542740199714899
1773143898.92809,PC1,0,27,0.55843,2.27531,0.40908,0.000391288660466671
1773143898.92809,PC1,0,28,0.41329,2.30946,0.13144,0.00011570389324333519
1773143898.92809,PC1,0,29,0.54542,2.35129,0.42336,0.00029419196653179824
1773143898.92809,PC1,0,30,0.39089,2.38669,0.13876,0.00012321933172643185
1773143898.92809,PC1,0,31,0.60246,2.38645,0.18492,0.00045514610246755183
1773143898.92809,PC1,0,32,0.48526,2.41597,-0.18737,0.00020861283701378852
1773143898.92809,PC1,0,Angle_Elbow_L,127.25,,,
1773143898.92809,PC1,0,Angle_Elbow_R,110.89,,,
1773143898.92809,PC1,0,Angle_Shoulder_L,141.38,,,
1773143898.92809,PC1,0,Angle_Shoulder_R,123.24,,,
1773143898.92809,PC1,0,Length_UpperArm_L,0.2538,,,
1773143898.92809,PC1,0,Length_LowerArm_L,0.2808,,,
1773143898.92809,PC1,0,Length_UpperArm_R,0.5002,,,
1773143898.92809,PC1,0,Length_LowerArm_R,0.5483,,,
1773143898.92809,PC1,0,Width_Shoulder,0.2962,,,
1773143899.006767,PC1,0,0,0.56525,0.56475,-0.40618,0.9997228384017944
1773143899.006767,PC1,0,1,0.56986,0.51763,-0.36893,0.9993271827697754
1773143899.006767,PC1,0,2,0.57544,0.51818,-0.3689,0.9993675351142883
1773143899.006767,PC1,0,3,0.58056,0.51897,-0.36903,0.9992462396621704
1773143899.006767,PC1,0,4,0.54347,0.51505,-0.39023,0.999509334564209
1773143899.006767,PC1,0,5,0.53117,0.51419,-0.38994,0.9996065497398376
1773143899.006767,PC1,0,6,0.51856,0.5142,-0.39003,0.9995670914649963
1773143899.006767,PC1,0,7,0.56834,0.53531,-0.12955,0.9993976950645447
1773143899.006767,PC1,0,8,0.48512,0.53416,-0.22587,0.9996141195297241
1773143899.006767,PC1,0,9,0.56532,0.62158,-0.31655,0.9995976090431213
1773143899.006767,PC1,0,10,0.54112,0.61947,-0.342,0.9997108578681946
1773143899.006767,PC1,0,11,0.6142,0.74523,0.01828,0.9991084933280945
1773143899.006767,PC1,0,12,0.39235,0.75259,-0.17943,0.9987828731536865
1773143899.006767,PC1,0,13,0.76893,0.94559,0.00721,0.8782861232757568
1773143899.006767,PC1,0,14,0.32409,1.09278,-0.54489,0.913300633430481
1773143899.006767,PC1,0,15,0.86622,1.08118,-0.22232,0.9227867722511292
1773143899.006767,PC1,0,16,0.38453,0.84093,-1.02398,0.9823513031005859
1773143899.006767,PC1,0,17,0.90952,1.1197,-0.27318,0.8900678157806396
1773143899.006767,PC1,0,18,0.39794,0.76351,-1.11192,0.9699364304542542
1773143899.006767,PC1,0,19,0.88917,1.10114,-0.30181,0.9161006212234497
1773143899.006767,PC1,0,20,0.39935,0.72844,-1.09442,0.9730681777000427
1773143899.006767,PC1,0,21,0.86491,1.10278,-0.24722,0.920232892036438
1773143899.006767,PC1,0,22,0.40215,0.75337,-1.02863,0.9689012765884399
1773143899.006767,PC1,0,23,0.57904,1.36342,0.06538,0.007284283172339201
1773143899.006767,PC1,0,24,0.42127,1.38918,-0.06265,0.004983602091670036
1773143899.006767,PC1,0,25,0.57769,1.83065,0.1012,0.003951416350901127
1773143899.006767,PC1,0,26,0.43173,1.87311,-0.06293,0.002435313770547509
1773143899.006767,PC1,0,27,0.55843,2.27531,0.40908,0.00039767136331647635
1773143899.006767,PC1,0,28,0.41329,2.30946,0.13144,0.00011105625162599608
1773143899.006767,PC1,0,29,0.54542,2.35129,0.42336,0.00029597384855151176
1773143899.006767,PC1,0,30,0.39089,2.38669,0.13876,0.00011962043936364353
1773143899.006767,PC1,0,31,0.60246,2.38645,0.18492,0.00044815929140895605
1773143899.006767,PC1,0,32,0.48526,2.41597,-0.18737,0.00020194963144604117
1773143899.006767,PC1,0,Angle_Elbow_L,128.5,,,
1773143899.006767,PC1,0,Angle_Elbow_R,108.1,,,
1773143899.006767,PC1,0,Angle_Shoulder_L,140.84,,,
1773143899.006767,PC1,0,Angle_Shoulder_R,125.18,,,
1773143899.006767,PC1,0,Length_UpperArm_L,0.2534,,,
1773143899.006767,PC1,0,Length_LowerArm_L,0.2838,,,
1773143899.006767,PC1,0,Length_UpperArm_R,0.5039,,,
1773143899.006767,PC1,0,Length_LowerArm_R,0.5446,,,
1773143899.006767,PC1,0,Width_Shoulder,0.2973,,,
1773143899.2052212,PC1,0,0,0.56619,0.56541,-0.41445,0.999652087688446
1773143899.2052212,PC1,0,1,0.57014,0.51682,-0.37658,0.9991693496704102
1773143899.2052212,PC1,0,2,0.57571,0.5172,-0.3766,0.9992395639419556
1773143899.2052212,PC1,0,3,0.58077,0.51769,-0.37676,0.9990760684013367
1773143899.2052212,PC1,0,4,0.54401,0.51419,-0.40124,0.9993849992752075
1773143899.2052212,PC1,0,5,0.53194,0.51316,-0.40103,0.999517560005188
1773143899.2052212,PC1,0,6,0.51935,0.51305,-0.40118,0.9994401931762695
1773143899.2052212,PC1,0,7,0.56798,0.53399,-0.12853,0.999297022819519
1773143899.2052212,PC1,0,8,0.48587,0.53345,-0.23827,0.9995154142379761
1773143899.2052212,PC1,0,9,0.56663,0.6208,-0.32011,0.9995002150535583
1773143899.2052212,PC1,0,10,0.54296,0.61882,-0.35061,0.999630868434906
1773143899.2052212,PC1,0,11,0.61554,0.74319,0.02457,0.9991451501846313
1773143899.2052212,PC1,0,12,0.39256,0.74965,-0.19342,0.998566746711731
1773143899.2052212,PC1,0,13,0.76823,0.94562,0.03268,0.8730394840240479
1773143899.2052212,PC1,0,14,0.32223,1.08069,-0.56991,0.903010368347168
1773143899.2052212,PC1,0,15,0.86743,1.09775,-0.17297,0.9139773845672607
1773143899.2052212,PC1,0,16,0.38583,0.84908,-1.05946,0.9798713326454163
1773143899.2052212,PC1,0,17,0.91451,1.14808,-0.21433,0.881361186504364
1773143899.2052212,PC1,0,18,0.40063,0.77952,-1.14796,0.965863823890686
1773143899.2052212,PC1,0,19,0.89641,1.13324,-0.25343,0.9100325703620911
1773143899.2052212,PC1,0,20,0.40143,0.73613,-1.13492,0.9695895910263062
1773143899.2052212,PC1,0,21,0.87083,1.13077,-0.20039,0.9141348600387573
1773143899.2052212,PC1,0,22,0.40389,0.76155,-1.06566,0.9646672010421753
1773143899.2052212,PC1,0,23,0.57904,1.36342,0.06538,0.006915159057825804
1773143899.2052212,PC1,0,24,0.42127,1.38918,-0.06265,0.004637095145881176
1773143899.2052212,PC1,0,25,0.57769,1.83065,0.1012,0.003944776486605406
1773143899.2052212,PC1,0,26,0.43173,1.87311,-0.06293,0.002503942931070924
1773143899.2052212,PC1,0,27,0.55843,2.27531,0.40908,0.00042737036710605025
1773143899.2052212,PC1,0,28,0.41329,2.30946,0.13144,0.00012185310333734378
1773143899.2052212,PC1,0,29,0.54542,2.35129,0.42336,0.00031913246493786573
1773143899.2052212,PC1,0,30,0.39089,2.38669,0.13876,0.0001339337177341804
1773143899.2052212,PC1,0,31,0.60246,2.38645,0.18492,0.0004799577291123569
1773143899.2052212,PC1,0,32,0.48526,2.41597,-0.18737,0.00022124973475001752
1773143899.2052212,PC1,0,Angle_Elbow_L,129.5,,,
1773143899.2052212,PC1,0,Angle_Elbow_R,111.95,,,
1773143899.2052212,PC1,0,Angle_Shoulder_L,142.3,,,
1773143899.2052212,PC1,0,Angle_Shoulder_R,123.26,,,
1773143899.2052212,PC1,0,Length_UpperArm_L,0.2537,,,
1773143899.2052212,PC1,0,Length_LowerArm_L,0.2744,,,
1773143899.2052212,PC1,0,Length_UpperArm_R,0.5062,,,
1773143899.2052212,PC1,0,Length_LowerArm_R,0.5453,,,
1773143899.2052212,PC1,0,Width_Shoulder,0.3119,,,
1773143899.269037,PC1,0,0,0.56587,0.56464,-0.41604,0.999637246131897
1773143899.269037,PC1,0,1,0.56996,0.51639,-0.37792,0.9991486072540283
1773143899.269037,PC1,0,2,0.57565,0.5168,-0.37795,0.9992188215255737
1773143899.269037,PC1,0,3,0.58077,0.51732,-0.37812,0.9990571141242981
1773143899.269037,PC1,0,4,0.54361,0.51384,-0.40234,0.9993664622306824
1773143899.269037,PC1,0,5,0.5315,0.51286,-0.40214,0.9995003342628479
1773143899.269037,PC1,0,6,0.5188,0.5128,-0.40229,0.9994205236434937
1773143899.269037,PC1,0,7,0.56841,0.53365,-0.12832,0.9992787837982178
1773143899.269037,PC1,0,8,0.48561,0.53334,-0.23731,0.9994913935661316
1773143899.269037,PC1,0,9,0.5668,0.61971,-0.32125,0.9994823336601257
1773143899.269037,PC1,0,10,0.54304,0.61807,-0.35161,0.9996176362037659
1773143899.269037,PC1,0,11,0.61568,0.74303,0.02436,0.999169647693634
1773143899.269037,PC1,0,12,0.39314,0.74797,-0.19389,0.9985237121582031
1773143899.269037,PC1,0,13,0.76623,0.94411,0.02834,0.8680478930473328
1773143899.269037,PC1,0,14,0.3247,1.0756,-0.57426,0.9008533954620361
1773143899.269037,PC1,0,15,0.86866,1.09016,-0.19043,0.9160603880882263
1773143899.269037,PC1,0,16,0.386,0.8524,-1.07553,0.9795586466789246
1773143899.269037,PC1,0,17,0.91653,1.13715,-0.23454,0.8839151263237
1773143899.269037,PC1,0,18,0.40076,0.78205,-1.16511,0.9650244116783142
1773143899.269037,PC1,0,19,0.89866,1.12098,-0.27355,0.9119575619697571
1773143899.269037,PC1,0,20,0.40125,0.73906,-1.15364,0.9688900709152222
1773143899.269037,PC1,0,21,0.87281,1.11987,-0.2181,0.9157778024673462
1773143899.269037,PC1,0,22,0.40407,0.765,-1.08249,0.9638234376907349
1773143899.269037,PC1,0,23,0.57904,1.36342,0.06538,0.006851593963801861
1773143899.269037,PC1,0,24,0.42127,1.38918,-0.06265,0.004597941413521767
1773143899.269037,PC1,0,25,0.57769,1.83065,0.1012,0.003783716354519129
1773143899.269037,PC1,0,26,0.43173,1.87311,-0.06293,0.002436791779473424
1773143899.269037,PC1,0,27,0.55843,2.27531,0.40908,0.00041885237442329526
1773143899.269037,PC1,0,28,0.41329,2.30946,0.13144,0.00011860662925755605
1773143899.269037,PC1,0,29,0.54542,2.35129,0.42336,0.0003180186031386256
1773143899.269037,PC1,0,30,0.39089,2.38669,0.13876,0.00013189998571760952
1773143899.269037,PC1,0,31,0.60246,2.38645,0.18492,0.00047517658094875515
1773143899.269037,PC1,0,32,0.48526,2.41597,-0.18737,0.00021991459652781487
1773143899.269037,PC1,0,Angle_Elbow_L,128.26,,,
1773143899.269037,PC1,0,Angle_Elbow_R,113.9,,,
1773143899.269037,PC1,0,Angle_Shoulder_L,142.29,,,
1773143899.269037,PC1,0,Angle_Shoulder_R,122.69,,,
1773143899.269037,PC1,0,Length_UpperArm_L,0.2512,,,
1773143899.269037,PC1,0,Length_LowerArm_L,0.2823,,,
1773143899.269037,PC1,0,Length_UpperArm_R,0.5067,,,
1773143899.269037,PC1,0,Length_LowerArm_R,0.5521,,,
1773143899.269037,PC1,0,Width_Shoulder,0.3117,,,
1773143899.3449678,PC1,0,0,0.56629,0.56426,-0.42738,0.9995548129081726
1773143899.3449678,PC1,0,1,0.56989,0.51605,-0.38969,0.9989510774612427
1773143899.3449678,PC1,0,2,0.57562,0.5164,-0.38974,0.9990386366844177
1773143899.3449678,PC1,0,3,0.58076,0.51684,-0.38989,0.9988194108009338
1773143899.3449678,PC1,0,4,0.54365,0.51361,-0.41446,0.9992246031761169
1773143899.3449678,PC1,0,5,0.53163,0.51272,-0.41429,0.9993966221809387
1773143899.3449678,PC1,0,6,0.51883,0.51276,-0.41445,0.999301016330719
1773143899.3449678,PC1,0,7,0.56847,0.53323,-0.13857,0.999096691608429
1773143899.3449678,PC1,0,8,0.48554,0.53333,-0.24805,0.9994083642959595
1773143899.3449678,PC1,0,9,0.56741,0.61904,-0.33155,0.9993783831596375
1773143899.3449678,PC1,0,10,0.54399,0.61806,-0.36214,0.9995558261871338
1773143899.3449678,PC1,0,11,0.61608,0.74215,0.01962,0.9991488456726074
1773143899.3449678,PC1,0,12,0.39352,0.74843,-0.1994,0.9984346032142639
1773143899.3449678,PC1,0,13,0.76659,0.94415,0.02059,0.8590080142021179
1773143899.3449678,PC1,0,14,0.32312,1.09186,-0.5769,0.9032611846923828
1773143899.3449678,PC1,0,15,0.86964,1.08479,-0.21492,0.9144172072410583
1773143899.3449678,PC1,0,16,0.38694,0.85339,-1.07865,0.980322003364563
1773143899.3449678,PC1,0,17,0.91794,1.12988,-0.26101,0.8825898170471191
1773143899.3449678,PC1,0,18,0.40197,0.78258,-1.16761,0.9658960103988647
1773143899.3449678,PC1,0,19,0.90024,1.11296,-0.29848,0.9110085368156433
1773143899.3449678,PC1,0,20,0.40213,0.74037,-1.1542,0.9697183966636658
1773143899.3449678,PC1,0,21,0.87419,1.11267,-0.24228,0.9147738218307495
1773143899.3449678,PC1,0,22,0.4051,0.76654,-1.08406,0.964586079120636
1773143899.3449678,PC1,0,23,0.57904,1.36342,0.06538,0.006373042240738869
1773143899.3449678,PC1,0,24,0.42127,1.38918,-0.06265,0.004283938091248274
1773143899.3449678,PC1,0,25,0.57769,1.83065,0.1012,0.0036062824074178934
1773143899.3449678,PC1,0,26,0.43173,1.87311,-0.06293,0.0023353961296379566
1773143899.3449678,PC1,0,27,0.55843,2.27531,0.40908,0.0004163703415542841
1773143899.3449678,PC1,0,28,0.41329,2.30946,0.13144,0.00011342830111971125
1773143899.3449678,PC1,0,29,0.54542,2.35129,0.42336,0.000317052734317258
1773143899.3449678,PC1,0,30,0.39089,2.38669,0.13876,0.00012884796888101846
1773143899.3449678,PC1,0,31,0.60246,2.38645,0.18492,0.00046657727216370404
1773143899.3449678,PC1,0,32,0.48526,2.41597,-0.18737,0.00021686594118364155
1773143899.3449678,PC1,0,Angle_Elbow_L,126.29,,,
1773143899.3449678,PC1,0,Angle_Elbow_R,110.95,,,
1773143899.3449678,PC1,0,Angle_Shoulder_L,142.17,,,
1773143899.3449678,PC1,0,Angle_Shoulder_R,123.77,,,
1773143899.3449678,PC1,0,Length_UpperArm_L,0.2519,,,
1773143899.3449678,PC1,0,Length_LowerArm_L,0.293,,,
1773143899.3449678,PC1,0,Length_UpperArm_R,0.5152,,,
1773143899.3449678,PC1,0,Length_LowerArm_R,0.5592,,,
1773143899.3449678,PC1,0,Width_Shoulder,0.3123,,,
1773143899.410064,PC1,0,0,0.56639,0.56261,-0.41377,0.9995796084403992
1773143899.410064,PC1,0,1,0.56975,0.51488,-0.37696,0.9990119934082031
1773143899.410064,PC1,0,2,0.57553,0.51519,-0.37698,0.9990960359573364
1773143899.410064,PC1,0,3,0.58071,0.5156,-0.37713,0.9988917112350464
1773143899.410064,PC1,0,4,0.54355,0.51287,-0.4007,0.9992674589157104
1773143899.410064,PC1,0,5,0.53159,0.51221,-0.40049,0.9994288086891174
1773143899.410064,PC1,0,6,0.5187,0.51249,-0.40067,0.9993398785591125
1773143899.410064,PC1,0,7,0.56867,0.53254,-0.13217,0.9991510510444641
1773143899.410064,PC1,0,8,0.48544,0.5333,-0.23652,0.9994405508041382
1773143899.410064,PC1,0,9,0.56786,0.61783,-0.32048,0.9994074106216431
1773143899.410064,PC1,0,10,0.54441,0.61731,-0.34972,0.9995771646499634
1773143899.410064,PC1,0,11,0.61641,0.74166,0.01966,0.999178409576416
1773143899.410064,PC1,0,12,0.39387,0.74884,-0.19136,0.9984598755836487
1773143899.410064,PC1,0,13,0.76655,0.94415,0.01468,0.8517587184906006
1773143899.410064,PC1,0,14,0.3221,1.09125,-0.56563,0.9031310081481934
1773143899.410064,PC1,0,15,0.86971,1.08055,-0.22799,0.9103666543960571
1773143899.410064,PC1,0,16,0.38767,0.85006,-1.05689,0.9803848266601562
1773143899.410064,PC1,0,17,0.91818,1.12438,-0.27848,0.8781129717826843
1773143899.410064,PC1,0,18,0.4029,0.77739,-1.14544,0.9658766984939575
1773143899.410064,PC1,0,19,0.89999,1.10742,-0.31274,0.9075822830200195
1773143899.410064,PC1,0,20,0.40277,0.73629,-1.13039,0.9696578979492188
1773143899.410064,PC1,0,21,0.87403,1.1074,-0.25501,0.9115259647369385
1773143899.410064,PC1,0,22,0.40588,0.76283,-1.06167,0.9644631147384644
1773143899.410064,PC1,0,23,0.57904,1.36342,0.06538,0.006231296341866255
1773143899.410064,PC1,0,24,0.42127,1.38918,-0.06265,0.0042129564099013805
1773143899.410064,PC1,0,25,0.57769,1.83065,0.1012,0.003478300990536809
1773143899.410064,PC1,0,26,0.43173,1.87311,-0.06293,0.0022767141927033663
1773143899.410064,PC1,0,27,0.55843,2.27531,0.40908,0.00040167674887925386
1773143899.410064,PC1,0,28,0.41329,2.30946,0.13144,0.00010823967750184238
1773143899.410064,PC1,0,29,0.54542,2.35129,0.42336,0.00031121104257181287
1773143899.410064,PC1,0,30,0.39089,2.38669,0.13876,0.0001223896542796865
1773143899.410064,PC1,0,31,0.60246,2.38645,0.18492,0.00045106600737199187
1773143899.410064,PC1,0,32,0.48526,2.41597,-0.18737,0.00020659611618611962
1773143899.410064,PC1,0,Angle_Elbow_L,126.3,,,
1773143899.410064,PC1,0,Angle_Elbow_R,110.0,,,
1773143899.410064,PC1,0,Angle_Shoulder_L,142.01,,,
1773143899.410064,PC1,0,Angle_Shoulder_R,124.27,,,
1773143899.410064,PC1,0,Length_UpperArm_L,0.2521,,,
1773143899.410064,PC1,0,Length_LowerArm_L,0.2969,,,
1773143899.410064,PC1,0,Length_UpperArm_R,0.5123,,,
1773143899.410064,PC1,0,Length_LowerArm_R,0.5512,,,
1773143899.410064,PC1,0,Width_Shoulder,0.3068,,,
1773143899.48547,PC1,0,0,0.56656,0.56159,-0.40791,0.9995905756950378
1773143899.48547,PC1,0,1,0.56969,0.51404,-0.37137,0.999034583568573
1773143899.48547,PC1,0,2,0.57547,0.5143,-0.37138,0.9991211295127869
1773143899.48547,PC1,0,3,0.58068,0.51468,-0.37153,0.9989222288131714
1773143899.48547,PC1,0,4,0.54367,0.51235,-0.39466,0.999284029006958
1773143899.48547,PC1,0,5,0.53179,0.51184,-0.39445,0.9994432926177979
1773143899.48547,PC1,0,6,0.51888,0.51229,-0.39463,0.9993553757667542
1773143899.48547,PC1,0,7,0.56852,0.53197,-0.12906,0.9991755485534668
1773143899.48547,PC1,0,8,0.48544,0.53328,-0.23086,0.999453067779541
1773143899.48547,PC1,0,9,0.56814,0.61705,-0.31565,0.99941486120224
1773143899.48547,PC1,0,10,0.54471,0.61679,-0.34425,0.9995826482772827
1773143899.48547,PC1,0,11,0.61661,0.74146,0.01959,0.9992009401321411
1773143899.48547,PC1,0,12,0.39408,0.7491,-0.187,0.998475968837738
1773143899.48547,PC1,0,13,0.76552,0.94368,0.01638,0.8508027195930481
1773143899.48547,PC1,0,14,0.32156,1.08877,-0.55932,0.9032309651374817
1773143899.48547,PC1,0,15,0.86999,1.08497,-0.21759,0.9085837006568909
1773143899.48547,PC1,0,16,0.38787,0.84773,-1.04692,0.9806865453720093
1773143899.48547,PC1,0,17,0.91878,1.13072,-0.26666,0.8766993880271912
1773143899.48547,PC1,0,18,0.40312,0.77425,-1.13527,0.9662795662879944
1773143899.48547,PC1,0,19,0.90023,1.11466,-0.30298,0.9066692590713501
1773143899.48547,PC1,0,20,0.40311,0.73394,-1.11964,0.9699860215187073
1773143899.48547,PC1,0,21,0.87424,1.11375,-0.2452,0.9107609391212463
1773143899.48547,PC1,0,22,0.40634,0.76062,-1.0511,0.9648432731628418
1773143899.48547,PC1,0,23,0.57904,1.36342,0.06538,0.006005524657666683
1773143899.48547,PC1,0,24,0.42127,1.38918,-0.06265,0.004068013746291399
1773143899.48547,PC1,0,25,0.57769,1.83065,0.1012,0.0033047236502170563
1773143899.48547,PC1,0,26,0.43173,1.87311,-0.06293,0.0021795385982841253
1773143899.48547,PC1,0,27,0.55843,2.27531,0.40908,0.0003913600812666118
1773143899.48547,PC1,0,28,0.41329,2.30946,0.13144,0.00010411010589450598
1773143899.48547,PC1,0,29,0.54542,2.35129,0.42336,0.00030730487196706235
1773143899.48547,PC1,0,30,0.39089,2.38669,0.13876,0.00011784867820097134
1773143899.48547,PC1,0,31,0.60246,2.38645,0.18492,0.00044095568591728806
1773143899.48547,PC1,0,32,0.48526,2.41597,-0.18737,0.00019940505444537848
1773143899.48547,PC1,0,Angle_Elbow_L,127.64,,,
1773143899.48547,PC1,0,Angle_Elbow_R,109.88,,,
1773143899.48547,PC1,0,Angle_Shoulder_L,142.32,,,
1773143899.48547,PC1,0,Angle_Shoulder_R,124.37,,,
1773143899.48547,PC1,0,Length_UpperArm_L,0.2512,,,
1773143899.48547,PC1,0,Length_LowerArm_L,0.2926,,,
1773143899.48547,PC1,0,Length_UpperArm_R,0.5092,,,
1773143899.48547,PC1,0,Length_LowerArm_R,0.548,,,
1773143899.48547,PC1,0,Width_Shoulder,0.3037,,,
1773143899.560768,PC1,0,0,0.56669,0.56079,-0.41315,0.9995501637458801
1773143899.560768,PC1,0,1,0.56943,0.51327,-0.37701,0.9989402294158936
1773143899.560768,PC1,0,2,0.57522,0.51343,-0.37704,0.9990405440330505
1773143899.560768,PC1,0,3,0.58043,0.51373,-0.37718,0.9988195896148682
1773143899.560768,PC1,0,4,0.54362,0.51189,-0.39938,0.9992059469223022
1773143899.560768,PC1,0,5,0.53182,0.51155,-0.39921,0.9993867874145508
1773143899.560768,PC1,0,6,0.5189,0.51214,-0.39939,0.999286413192749
1773143899.560768,PC1,0,7,0.56802,0.53123,-0.13428,0.9990966320037842
1773143899.560768,PC1,0,8,0.48529,0.53331,-0.23125,0.9993959069252014
1773143899.560768,PC1,0,9,0.56835,0.61639,-0.32057,0.9993535876274109
1773143899.560768,PC1,0,10,0.54496,0.61642,-0.34779,0.9995330572128296
1773143899.560768,PC1,0,11,0.61692,0.74099,0.01492,0.9991898536682129
1773143899.560768,PC1,0,12,0.39434,0.74964,-0.18662,0.9983794689178467
1773143899.560768,PC1,0,13,0.7651,0.94347,0.01257,0.8465172052383423
1773143899.560768,PC1,0,14,0.32405,1.08486,-0.56309,0.9017012715339661
1773143899.560768,PC1,0,15,0.8703,1.08843,-0.22403,0.9092608690261841
1773143899.560768,PC1,0,16,0.38803,0.84639,-1.06432,0.9810696840286255
1773143899.560768,PC1,0,17,0.91927,1.13568,-0.27302,0.8785533905029297
1773143899.560768,PC1,0,18,0.40303,0.772,-1.1546,0.9669166207313538
1773143899.560768,PC1,0,19,0.90049,1.1199,-0.31043,0.9083667397499084
1773143899.560768,PC1,0,20,0.40324,0.73266,-1.14016,0.970634400844574
1773143899.560768,PC1,0,21,0.87448,1.11834,-0.25194,0.912208080291748
1773143899.560768,PC1,0,22,0.40659,0.7592,-1.06948,0.9655276536941528
1773143899.560768,PC1,0,23,0.57904,1.36342,0.06538,0.005687793251127005
1773143899.560768,PC1,0,24,0.42127,1.38918,-0.06265,0.0038586289156228304
1773143899.560768,PC1,0,25,0.57769,1.83065,0.1012,0.0031939081382006407
1773143899.560768,PC1,0,26,0.43173,1.87311,-0.06293,0.0021001326385885477
1773143899.560768,PC1,0,27,0.55843,2.27531,0.40908,0.00038928320282138884
1773143899.560768,PC1,0,28,0.41329,2.30946,0.13144,0.00010001315968111157
1773143899.560768,PC1,0,29,0.54542,2.35129,0.42336,0.0003076749562751502
1773143899.560768,PC1,0,30,0.39089,2.38669,0.13876,0.00011499290849315003
1773143899.560768,PC1,0,31,0.60246,2.38645,0.18492,0.0004329833318479359
1773143899.560768,PC1,0,32,0.48526,2.41597,-0.18737,0.00019404813065193594
1773143899.560768,PC1,0,Angle_Elbow_L,127.66,,,
1773143899.560768,PC1,0,Angle_Elbow_R,111.51,,,
1773143899.560768,PC1,0,Angle_Shoulder_L,142.46,,,
1773143899.560768,PC1,0,Angle_Shoulder_R,123.53,,,
1773143899.560768,PC1,0,Length_UpperArm_L,0.2509,,,
1773143899.560768,PC1,0,Length_LowerArm_L,0.2967,,,
1773143899.560768,PC1,0,Length_UpperArm_R,0.509,,,
1773143899.560768,PC1,0,Length_LowerArm_R,0.5587,,,
1773143899.560768,PC1,0,Width_Shoulder,0.3004,,,
1773143899.71806,PC1,0,0,0.56615,0.56041,-0.41681,0.9995285272598267
1773143899.71806,PC1,0,1,0.56866,0.51289,-0.3812,0.9988903999328613
1773143899.71806,PC1,0,2,0.57453,0.51297,-0.38123,0.9989913702011108
1773143899.71806,PC1,0,3,0.57979,0.51324,-0.38136,0.9987540245056152
1773143899.71806,PC1,0,4,0.54302,0.51172,-0.40283,0.999179482460022
1773143899.71806,PC1,0,5,0.53122,0.51149,-0.40266,0.9993647336959839
1773143899.71806,PC1,0,6,0.51838,0.51222,-0.40284,0.999269425868988
1773143899.71806,PC1,0,7,0.56744,0.53074,-0.14101,0.9990281462669373
1773143899.71806,PC1,0,8,0.48491,0.53348,-0.2335,0.9993810057640076
1773143899.71806,PC1,0,9,0.56796,0.61608,-0.32504,0.999321699142456
1773143899.71806,PC1,0,10,0.54466,0.6166,-0.35103,0.9995238184928894
1773143899.71806,PC1,0,11,0.61714,0.74208,0.0093,0.9991044998168945
1773143899.71806,PC1,0,12,0.39385,0.75155,-0.18583,0.998333752155304
1773143899.71806,PC1,0,13,0.7651,0.94365,0.00016,0.8344539403915405
1773143899.71806,PC1,0,14,0.32139,1.10158,-0.55374,0.9010979533195496
1773143899.71806,PC1,0,15,0.86827,1.08973,-0.24215,0.904558002948761
1773143899.71806,PC1,0,16,0.38833,0.84638,-1.04776,0.9815895557403564
1773143899.71806,PC1,0,17,0.915,1.13411,-0.29214,0.8734042644500732
1773143899.71806,PC1,0,18,0.4029,0.77116,-1.13612,0.9676458239555359
1773143899.71806,PC1,0,19,0.8955,1.11778,-0.32435,0.903894305229187
1773143899.71806,PC1,0,20,0.40318,0.73281,-1.11993,0.9713035821914673
1773143899.71806,PC1,0,21,0.87009,1.11723,-0.26791,0.9079836010932922
1773143899.71806,PC1,0,22,0.40673,0.75968,-1.05193,0.9661732912063599
1773143899.71806,PC1,0,23,0.57904,1.36342,0.06538,0.005338172893971205
1773143899.71806,PC1,0,24,0.42127,1.38918,-0.06265,0.003645322984084487
1773143899.71806,PC1,0,25,0.57769,1.83065,0.1012,0.0030646328814327717
1773143899.71806,PC1,0,26,0.43173,1.87311,-0.06293,0.001983869122341275
1773143899.71806,PC1,0,27,0.55843,2.27531,0.40908,0.0003850968205370009
1773143899.71806,PC1,0,28,0.41329,2.30946,0.13144,9.435348329134285e-05
1773143899.71806,PC1,0,29,0.54542,2.35129,0.42336,0.00030284663080237806
1773143899.71806,PC1,0,30,0.39089,2.38669,0.13876,0.00010934506281046197
1773143899.71806,PC1,0,31,0.60246,2.38645,0.18492,0.00042255999869666994
1773143899.71806,PC1,0,32,0.48526,2.41597,-0.18737,0.00018660599016584456
1773143899.71806,PC1,0,Angle_Elbow_L,128.52,,,
1773143899.71806,PC1,0,Angle_Elbow_R,107.75,,,
1773143899.71806,PC1,0,Angle_Shoulder_L,141.94,,,
1773143899.71806,PC1,0,Angle_Shoulder_R,125.14,,,
1773143899.71806,PC1,0,Length_UpperArm_L,0.2502,,,
1773143899.71806,PC1,0,Length_LowerArm_L,0.3012,,,
1773143899.71806,PC1,0,Length_UpperArm_R,0.513,,,
1773143899.71806,PC1,0,Length_LowerArm_R,0.5601,,,
1773143899.71806,PC1,0,Width_Shoulder,0.2967,,,
1773143899.795189,PC1,0,0,0.56535,0.55948,-0.41423,0.9994341135025024
1773143899.795189,PC1,0,1,0.56764,0.51248,-0.37851,0.9987412095069885
1773143899.795189,PC1,0,2,0.57359,0.5125,-0.37855,0.9988175630569458
1773143899.795189,PC1,0,3,0.57889,0.51273,-0.3787,0.9985925555229187
1773143899.795189,PC1,0,4,0.54214,0.51123,-0.39902,0.9990566372871399
1773143899.795189,PC1,0,5,0.53017,0.51095,-0.39883,0.9992441534996033
1773143899.795189,PC1,0,6,0.51728,0.51166,-0.39903,0.9991704821586609
1773143899.795189,PC1,0,7,0.56698,0.5303,-0.13821,0.9988520741462708
1773143899.795189,PC1,0,8,0.48414,0.5338,-0.22455,0.9992698431015015
1773143899.795189,PC1,0,9,0.56744,0.61522,-0.32265,0.9992257952690125
1773143899.795189,PC1,0,10,0.54404,0.616,-0.34706,0.9994514584541321
1773143899.795189,PC1,0,11,0.61757,0.74382,0.01153,0.9990354180335999
1773143899.795189,PC1,0,12,0.3941,0.75387,-0.18012,0.9980555176734924
1773143899.795189,PC1,0,13,0.76613,0.94639,-0.02588,0.8208103775978088
1773143899.795189,PC1,0,14,0.32686,1.08623,-0.55357,0.8994764089584351
1773143899.795189,PC1,0,15,0.85654,1.08332,-0.27885,0.9037936925888062
1773143899.795189,PC1,0,16,0.38969,0.83933,-1.05211,0.9818516373634338
1773143899.795189,PC1,0,17,0.89662,1.11899,-0.33034,0.8701597452163696
1773143899.795189,PC1,0,18,0.40297,0.76242,-1.14048,0.9675306081771851
1773143899.795189,PC1,0,19,0.8757,1.09974,-0.35151,0.9006250500679016
1773143899.795189,PC1,0,20,0.40351,0.72412,-1.12042,0.9713107347488403
1773143899.795189,PC1,0,21,0.85211,1.10281,-0.30124,0.9038928747177124
1773143899.795189,PC1,0,22,0.40732,0.7514,-1.05487,0.965925395488739
1773143899.795189,PC1,0,23,0.57904,1.36342,0.06538,0.0049483743496239185
1773143899.795189,PC1,0,24,0.42127,1.38918,-0.06265,0.0034238221123814583
1773143899.795189,PC1,0,25,0.57769,1.83065,0.1012,0.0030116820707917213
1773143899.795189,PC1,0,26,0.43173,1.87311,-0.06293,0.0018785049906000495
1773143899.795189,PC1,0,27,0.55843,2.27531,0.40908,0.00038760408642701805
1773143899.795189,PC1,0,28,0.41329,2.30946,0.13144,8.879190136212856e-05
1773143899.795189,PC1,0,29,0.54542,2.35129,0.42336,0.00030193786369636655
1773143899.795189,PC1,0,30,0.39089,2.38669,0.13876,0.00010385960922576487
1773143899.795189,PC1,0,31,0.60246,2.38645,0.18492,0.00041447405237704515
1773143899.795189,PC1,0,32,0.48526,2.41597,-0.18737,0.00018302860553376377
1773143899.795189,PC1,0,Angle_Elbow_L,131.39,,,
1773143899.795189,PC1,0,Angle_Elbow_R,110.72,,,
1773143899.795189,PC1,0,Angle_Shoulder_L,139.91,,,
1773143899.795189,PC1,0,Angle_Shoulder_R,123.63,,,
1773143899.795189,PC1,0,Length_UpperArm_L,0.254,,,
1773143899.795189,PC1,0,Length_LowerArm_L,0.3015,,,
1773143899.795189,PC1,0,Length_UpperArm_R,0.5044,,,
1773143899.795189,PC1,0,Length_LowerArm_R,0.5599,,,
1773143899.795189,PC1,0,Width_Shoulder,0.2946,,,
1773143899.875062,PC1,0,0,0.56509,0.5593,-0.4127,0.9993804097175598
1773143899.875062,PC1,0,1,0.56732,0.51242,-0.37737,0.998639702796936
1773143899.875062,PC1,0,2,0.57327,0.51242,-0.3774,0.9987183213233948
1773143899.875062,PC1,0,3,0.57859,0.51263,-0.37756,0.9984920620918274
1773143899.875062,PC1,0,4,0.54183,0.51123,-0.39668,0.9989777207374573
1773143899.875062,PC1,0,5,0.52974,0.51104,-0.39647,0.9991738200187683
1773143899.875062,PC1,0,6,0.51676,0.51193,-0.39667,0.9991154670715332
1773143899.875062,PC1,0,7,0.5668,0.53027,-0.1389,0.9987411499023438
1773143899.875062,PC1,0,8,0.48374,0.53441,-0.21976,0.9992112517356873
1773143899.875062,PC1,0,9,0.56728,0.61498,-0.32207,0.9991716742515564
1773143899.875062,PC1,0,10,0.54381,0.61595,-0.34486,0.9994133710861206
1773143899.875062,PC1,0,11,0.61856,0.74475,0.00841,0.998982846736908
1773143899.875062,PC1,0,12,0.39428,0.75576,-0.1696,0.9979515075683594
1773143899.875062,PC1,0,13,0.7685,0.95031,-0.04929,0.8134214282035828
1773143899.875062,PC1,0,14,0.32601,1.10488,-0.52742,0.8963982462882996
1773143899.875062,PC1,0,15,0.84261,1.08207,-0.31458,0.8946897983551025
1773143899.875062,PC1,0,16,0.39016,0.83809,-1.01332,0.9817851185798645
1773143899.875062,PC1,0,17,0.8762,1.11455,-0.36988,0.8597339987754822
1773143899.875062,PC1,0,18,0.40275,0.76011,-1.10069,0.9674906134605408
1773143899.875062,PC1,0,19,0.85292,1.09206,-0.38241,0.8917730450630188
1773143899.875062,PC1,0,20,0.40357,0.7221,-1.07866,0.9713432192802429
1773143899.875062,PC1,0,21,0.83187,1.09624,-0.33307,0.8945946097373962
1773143899.875062,PC1,0,22,0.40747,0.74947,-1.01513,0.9658501744270325
1773143899.875062,PC1,0,23,0.57904,1.36342,0.06538,0.004575145896524191
1773143899.875062,PC1,0,24,0.42127,1.38918,-0.06265,0.003183704800903797
1773143899.875062,PC1,0,25,0.57769,1.83065,0.1012,0.0029167174361646175
1773143899.875062,PC1,0,26,0.43173,1.87311,-0.06293,0.0017803662922233343
1773143899.875062,PC1,0,27,0.55843,2.27531,0.40908,0.00037783454172313213
1773143899.875062,PC1,0,28,0.41329,2.30946,0.13144,8.307434472953901e-05
1773143899.875062,PC1,0,29,0.54542,2.35129,0.42336,0.0002907419693656266
1773143899.875062,PC1,0,30,0.39089,2.38669,0.13876,9.755766222951934e-05
1773143899.875062,PC1,0,31,0.60246,2.38645,0.18492,0.0003966079093515873
1773143899.875062,PC1,0,32,0.48526,2.41597,-0.18737,0.00017301406478509307
1773143899.875062,PC1,0,Angle_Elbow_L,132.19,,,
1773143899.875062,PC1,0,Angle_Elbow_R,105.73,,,
1773143899.875062,PC1,0,Angle_Shoulder_L,138.31,,,
1773143899.875062,PC1,0,Angle_Shoulder_R,126.54,,,
1773143899.875062,PC1,0,Length_UpperArm_L,0.2609,,,
1773143899.875062,PC1,0,Length_LowerArm_L,0.3053,,,
1773143899.875062,PC1,0,Length_UpperArm_R,0.5046,,,
1773143899.875062,PC1,0,Length_LowerArm_R,0.558,,,
1773143899.875062,PC1,0,Width_Shoulder,0.2865,,,
1773143899.95647,PC1,0,0,0.56448,0.55918,-0.40886,0.9993833303451538
1773143899.95647,PC1,0,1,0.56683,0.51239,-0.37398,0.9986445307731628
1773143899.95647,PC1,0,2,0.57273,0.51241,-0.37401,0.9987285733222961
1773143899.95647,PC1,0,3,0.57799,0.51265,-0.37419,0.9985016584396362
1773143899.95647,PC1,0,4,0.54148,0.5112,-0.39312,0.9989726543426514
1773143899.95647,PC1,0,5,0.52921,0.51106,-0.39291,0.9991703033447266
1773143899.95647,PC1,0,6,0.5161,0.51202,-0.3931,0.9991030693054199
1773143899.95647,PC1,0,7,0.56605,0.53033,-0.1374,0.9987555742263794
1773143899.95647,PC1,0,8,0.48281,0.53456,-0.21715,0.9991923570632935
1773143899.95647,PC1,0,9,0.56652,0.61479,-0.31882,0.999168872833252
1773143899.95647,PC1,0,10,0.54301,0.61585,-0.34158,0.9994009733200073
1773143899.95647,PC1,0,11,0.61795,0.74562,0.00619,0.998978316783905
1773143899.95647,PC1,0,12,0.39414,0.75671,-0.16689,0.9978923797607422
1773143899.95647,PC1,0,13,0.76748,0.94929,-0.04051,0.8070901036262512
1773143899.95647,PC1,0,14,0.32608,1.09718,-0.5355,0.8912022113800049
1773143899.95647,PC1,0,15,0.83789,1.08879,-0.28775,0.893886387348175
1773143899.95647,PC1,0,16,0.39042,0.83684,-1.03456,0.9819627404212952
1773143899.95647,PC1,0,17,0.87484,1.12741,-0.34022,0.859159529209137
1773143899.95647,PC1,0,18,0.40259,0.75859,-1.12438,0.9678171277046204
1773143899.95647,PC1,0,19,0.85153,1.10714,-0.36029,0.8915329575538635
1773143899.95647,PC1,0,20,0.40352,0.7209,-1.10562,0.9716225862503052
1773143899.95647,PC1,0,21,0.82949,1.10841,-0.30843,0.8945643901824951
1773143899.95647,PC1,0,22,0.40733,0.74808,-1.03812,0.9661445617675781
1773143899.95647,PC1,0,23,0.57904,1.36342,0.06538,0.004673996474593878
1773143899.95647,PC1,0,24,0.42127,1.38918,-0.06265,0.0032934285700321198
1773143899.95647,PC1,0,25,0.57769,1.83065,0.1012,0.00289117987267673
1773143899.95647,PC1,0,26,0.43173,1.87311,-0.06293,0.001756882295012474
1773143899.95647,PC1,0,27,0.55843,2.27531,0.40908,0.00037207460263743997
1773143899.95647,PC1,0,28,0.41329,2.30946,0.13144,8.16596148069948e-05
1773143899.95647,PC1,0,29,0.54542,2.35129,0.42336,0.00029089837335050106
1773143899.95647,PC1,0,30,0.39089,2.38669,0.13876,9.560798935126513e-05
1773143899.95647,PC1,0,31,0.60246,2.38645,0.18492,0.00038718251744285226
1773143899.95647,PC1,0,32,0.48526,2.41597,-0.18737,0.0001698635460343212
1773143899.95647,PC1,0,Angle_Elbow_L,132.21,,,
1773143899.95647,PC1,0,Angle_Elbow_R,108.48,,,
1773143899.95647,PC1,0,Angle_Shoulder_L,139.2,,,
1773143899.95647,PC1,0,Angle_Shoulder_R,125.0,,,
1773143899.95647,PC1,0,Length_UpperArm_L,0.2569,,,
1773143899.95647,PC1,0,Length_LowerArm_L,0.2925,,,
1773143899.95647,PC1,0,Length_UpperArm_R,0.5064,,,
1773143899.95647,PC1,0,Length_LowerArm_R,0.5665,,,
1773143899.95647,PC1,0,Width_Shoulder,0.2831,,,
1773143900.024471,PC1,0,0,0.56411,0.55894,-0.41508,0.9993762969970703
1773143900.024471,PC1,0,1,0.56649,0.51211,-0.37851,0.9986376166343689
1773143900.024471,PC1,0,2,0.57235,0.51209,-0.37855,0.9987164735794067
1773143900.024471,PC1,0,3,0.57757,0.51231,-0.37871,0.9984967708587646
1773143900.024471,PC1,0,4,0.54124,0.51106,-0.39809,0.998957097530365
1773143900.024471,PC1,0,5,0.52889,0.51102,-0.39789,0.9991554021835327
1773143900.024471,PC1,0,6,0.51577,0.51205,-0.39808,0.9990907907485962
1773143900.024471,PC1,0,7,0.56562,0.53013,-0.13696,0.99873948097229
1773143900.024471,PC1,0,8,0.48263,0.53465,-0.2177,0.9991737604141235
1773143900.024471,PC1,0,9,0.56616,0.61441,-0.32344,0.9991559982299805
1773143900.024471,PC1,0,10,0.54253,0.6157,-0.34666,0.9993851780891418
1773143900.024471,PC1,0,11,0.61772,0.74613,0.00597,0.9989904761314392
1773143900.024471,PC1,0,12,0.39474,0.75838,-0.16838,0.9978323578834534
1773143900.024471,PC1,0,13,0.76785,0.94949,-0.03541,0.8086446523666382
1773143900.024471,PC1,0,14,0.32871,1.0919,-0.54538,0.8926268815994263
1773143900.024471,PC1,0,15,0.84132,1.09323,-0.2789,0.8948792815208435
1773143900.024471,PC1,0,16,0.39074,0.83646,-1.05137,0.9820359945297241
1773143900.024471,PC1,0,17,0.88031,1.13439,-0.3304,0.8605371117591858
1773143900.024471,PC1,0,18,0.40237,0.75766,-1.14313,0.9679185152053833
1773143900.024471,PC1,0,19,0.85771,1.11554,-0.35535,0.8928444981575012
1773143900.024471,PC1,0,20,0.40348,0.72018,-1.12447,0.971782922744751
1773143900.024471,PC1,0,21,0.83487,1.11612,-0.30181,0.8955073952674866
1773143900.024471,PC1,0,22,0.40735,0.74718,-1.05547,0.9662705063819885
1773143900.024471,PC1,0,23,0.57904,1.36342,0.06538,0.004409699235111475
1773143900.024471,PC1,0,24,0.42127,1.38918,-0.06265,0.003111886093392968
1773143900.024471,PC1,0,25,0.57769,1.83065,0.1012,0.0027703018859028816
1773143900.024471,PC1,0,26,0.43173,1.87311,-0.06293,0.0016860052710399032
1773143900.024471,PC1,0,27,0.55843,2.27531,0.40908,0.0003681250673253089
1773143900.024471,PC1,0,28,0.41329,2.30946,0.13144,7.890844426583499e-05
1773143900.024471,PC1,0,29,0.54542,2.35129,0.42336,0.00028565202956087887
1773143900.024471,PC1,0,30,0.39089,2.38669,0.13876,9.407794277649373e-05
1773143900.024471,PC1,0,31,0.60246,2.38645,0.18492,0.00037799717392772436
1773143900.024471,PC1,0,32,0.48526,2.41597,-0.18737,0.00016724420129321516
1773143900.024471,PC1,0,Angle_Elbow_L,132.28,,,
1773143900.024471,PC1,0,Angle_Elbow_R,110.52,,,
1773143900.024471,PC1,0,Angle_Shoulder_L,139.48,,,
1773143900.024471,PC1,0,Angle_Shoulder_R,123.72,,,
1773143900.024471,PC1,0,Length_UpperArm_L,0.2561,,,
1773143900.024471,PC1,0,Length_LowerArm_L,0.2921,,,
1773143900.024471,PC1,0,Length_UpperArm_R,0.5077,,,
1773143900.024471,PC1,0,Length_LowerArm_R,0.5702,,,
1773143900.024471,PC1,0,Width_Shoulder,0.2833,,,
1773143900.0932841,PC1,0,0,0.56394,0.55955,-0.41794,0.9993538856506348
1773143900.0932841,PC1,0,1,0.5663,0.51257,-0.38097,0.9985973834991455
1773143900.0932841,PC1,0,2,0.57214,0.51254,-0.381,0.9986763000488281
1773143900.0932841,PC1,0,3,0.57733,0.51278,-0.38116,0.998455822467804
1773143900.0932841,PC1,0,4,0.54109,0.51159,-0.4008,0.9989309310913086
1773143900.0932841,PC1,0,5,0.52867,0.51167,-0.40062,0.999128520488739
1773143900.0932841,PC1,0,6,0.51546,0.51281,-0.40081,0.9990695118904114
1773143900.0932841,PC1,0,7,0.56536,0.53061,-0.1369,0.9987033605575562
1773143900.0932841,PC1,0,8,0.48181,0.53555,-0.21809,0.999161422252655
1773143900.0932841,PC1,0,9,0.56601,0.61462,-0.3252,0.9991392493247986
1773143900.0932841,PC1,0,10,0.54225,0.61638,-0.34841,0.9993780255317688
1773143900.0932841,PC1,0,11,0.61771,0.74642,0.006,0.9990047812461853
1773143900.0932841,PC1,0,12,0.39471,0.76007,-0.16856,0.9978651404380798
1773143900.0932841,PC1,0,13,0.76806,0.94948,-0.04219,0.8100579380989075
1773143900.0932841,PC1,0,14,0.325,1.10084,-0.54631,0.896393895149231
1773143900.0932841,PC1,0,15,0.8412,1.08032,-0.29487,0.8967466354370117
1773143900.0932841,PC1,0,16,0.39051,0.83624,-1.04313,0.9826221466064453
1773143900.0932841,PC1,0,17,0.87853,1.11643,-0.34827,0.861039400100708
1773143900.0932841,PC1,0,18,0.40227,0.7571,-1.13301,0.9685385227203369
1773143900.0932841,PC1,0,19,0.85568,1.09646,-0.36676,0.8928330540657043
1773143900.0932841,PC1,0,20,0.40359,0.71987,-1.11255,0.9722848534584045
1773143900.0932841,PC1,0,21,0.8334,1.09927,-0.3151,0.8953402638435364
1773143900.0932841,PC1,0,22,0.40738,0.74695,-1.04587,0.9668264389038086
1773143900.0932841,PC1,0,23,0.57904,1.36342,0.06538,0.004293034318834543
1773143900.0932841,PC1,0,24,0.42127,1.38918,-0.06265,0.003082703799009323
1773143900.0932841,PC1,0,25,0.57769,1.83065,0.1012,0.0027790728490799665
1773143900.0932841,PC1,0,26,0.43173,1.87311,-0.06293,0.0016640487592667341
1773143900.0932841,PC1,0,27,0.55843,2.27531,0.40908,0.0003778212994802743
1773143900.0932841,PC1,0,28,0.41329,2.30946,0.13144,7.742037269053981e-05
1773143900.0932841,PC1,0,29,0.54542,2.35129,0.42336,0.0002965292369481176
1773143900.0932841,PC1,0,30,0.39089,2.38669,0.13876,9.4022681878414e-05
1773143900.0932841,PC1,0,31,0.60246,2.38645,0.18492,0.0003769253962673247
1773143900.0932841,PC1,0,32,0.48526,2.41597,-0.18737,0.0001649040641495958
1773143900.0932841,PC1,0,Angle_Elbow_L,131.16,,,
1773143900.0932841,PC1,0,Angle_Elbow_R,108.63,,,
1773143900.0932841,PC1,0,Angle_Shoulder_L,138.79,,,
1773143900.0932841,PC1,0,Angle_Shoulder_R,124.22,,,
1773143900.0932841,PC1,0,Length_UpperArm_L,0.2572,,,
1773143900.0932841,PC1,0,Length_LowerArm_L,0.2938,,,
1773143900.0932841,PC1,0,Length_UpperArm_R,0.5135,,,
1773143900.0932841,PC1,0,Length_LowerArm_R,0.5667,,,
1773143900.0932841,PC1,0,Width_Shoulder,0.2835,,,
1773143900.238395,PC1,0,0,0.56364,0.55996,-0.41761,0.9993388056755066
1773143900.238395,PC1,0,1,0.56597,0.51285,-0.38103,0.9985876083374023
1773143900.238395,PC1,0,2,0.57185,0.51281,-0.38106,0.998657763004303
1773143900.238395,PC1,0,3,0.57707,0.51303,-0.38123,0.9984496235847473
1773143900.238395,PC1,0,4,0.5407,0.51196,-0.40031,0.9989150166511536
1773143900.238395,PC1,0,5,0.52829,0.51213,-0.4001,0.9991053938865662
1773143900.238395,PC1,0,6,0.51507,0.51338,-0.4003,0.9990576505661011
1773143900.238395,PC1,0,7,0.56517,0.53095,-0.13687,0.998683512210846
1773143900.238395,PC1,0,8,0.48122,0.53621,-0.21688,0.9991424083709717
1773143900.238395,PC1,0,9,0.5659,0.61473,-0.32519,0.9991361498832703
1773143900.238395,PC1,0,10,0.54198,0.61683,-0.34754,0.9993746280670166
1773143900.238395,PC1,0,11,0.61796,0.74692,0.00547,0.9989995360374451
1773143900.238395,PC1,0,12,0.39541,0.76114,-0.16732,0.9977952837944031
1773143900.238395,PC1,0,13,0.77021,0.95078,-0.05475,0.8057050704956055
1773143900.238395,PC1,0,14,0.32244,1.11065,-0.54149,0.89627605676651
1773143900.238395,PC1,0,15,0.839,1.07244,-0.32056,0.8929769396781921
1773143900.238395,PC1,0,16,0.39037,0.83455,-1.03262,0.9824153184890747
1773143900.238395,PC1,0,17,0.87411,1.10522,-0.37736,0.8551672697067261
1773143900.238395,PC1,0,18,0.40231,0.75518,-1.12228,0.968044638633728
1773143900.238395,PC1,0,19,0.85021,1.08329,-0.3916,0.8879051208496094
1773143900.238395,PC1,0,20,0.40385,0.71829,-1.10136,0.9718959331512451
1773143900.238395,PC1,0,21,0.82888,1.08771,-0.33914,0.8900018334388733
1773143900.238395,PC1,0,22,0.4076,0.74545,-1.03492,0.9662562012672424
1773143900.238395,PC1,0,23,0.57904,1.36342,0.06538,0.004176018293946981
1773143900.238395,PC1,0,24,0.42127,1.38918,-0.06265,0.003042130032554269
1773143900.238395,PC1,0,25,0.57769,1.83065,0.1012,0.0027988534420728683
1773143900.238395,PC1,0,26,0.43173,1.87311,-0.06293,0.0016470224363729358
1773143900.238395,PC1,0,27,0.55843,2.27531,0.40908,0.0003769025788642466
1773143900.238395,PC1,0,28,0.41329,2.30946,0.13144,7.51891202526167e-05
1773143900.238395,PC1,0,29,0.54542,2.35129,0.42336,0.0002958923578262329
1773143900.238395,PC1,0,30,0.39089,2.38669,0.13876,9.162882633972913e-05
1773143900.238395,PC1,0,31,0.60246,2.38645,0.18492,0.00036956940311938524
1773143900.238395,PC1,0,32,0.48526,2.41597,-0.18737,0.00016115202743094414
1773143900.238395,PC1,0,Angle_Elbow_L,130.77,,,
1773143900.238395,PC1,0,Angle_Elbow_R,106.29,,,
1773143900.238395,PC1,0,Angle_Shoulder_L,137.45,,,
1773143900.238395,PC1,0,Angle_Shoulder_R,125.21,,,
1773143900.238395,PC1,0,Length_UpperArm_L,0.2615,,,
1773143900.238395,PC1,0,Length_LowerArm_L,0.3003,,,
1773143900.238395,PC1,0,Length_UpperArm_R,0.5172,,,
1773143900.238395,PC1,0,Length_LowerArm_R,0.5675,,,
1773143900.238395,PC1,0,Width_Shoulder,0.2821,,,
1773143900.3077781,PC1,0,0,0.56326,0.56062,-0.40966,0.9993659853935242
1773143900.3077781,PC1,0,1,0.56552,0.51335,-0.37386,0.9986853003501892
1773143900.3077781,PC1,0,2,0.57148,0.5133,-0.37387,0.998738706111908
1773143900.3077781,PC1,0,3,0.57674,0.51354,-0.37405,0.9985636472702026
1773143900.3077781,PC1,0,4,0.54002,0.51253,-0.39219,0.9989851713180542
1773143900.3077781,PC1,0,5,0.52762,0.51287,-0.39194,0.9991511702537537
1773143900.3077781,PC1,0,6,0.51438,0.51435,-0.39211,0.9991230368614197
1773143900.3077781,PC1,0,7,0.56543,0.53189,-0.13167,0.9987661242485046
1773143900.3077781,PC1,0,8,0.47996,0.53772,-0.20603,0.9992015361785889
1773143900.3077781,PC1,0,9,0.56582,0.61537,-0.31842,0.999206006526947
1773143900.3077781,PC1,0,10,0.54154,0.61805,-0.33945,0.999424934387207
1773143900.3077781,PC1,0,11,0.61977,0.74773,0.00858,0.9990382194519043
1773143900.3077781,PC1,0,12,0.39668,0.76391,-0.15298,0.9978728890419006
1773143900.3077781,PC1,0,13,0.77311,0.95525,-0.11321,0.8080955147743225
1773143900.3077781,PC1,0,14,0.32252,1.09818,-0.51828,0.9027761220932007
1773143900.3077781,PC1,0,15,0.80572,1.02832,-0.42831,0.8953818082809448
1773143900.3077781,PC1,0,16,0.3907,0.83453,-0.99921,0.9829933047294617
1773143900.3077781,PC1,0,17,0.83603,1.06119,-0.49444,0.8547571897506714
1773143900.3077781,PC1,0,18,0.40351,0.75323,-1.08727,0.9683106541633606
1773143900.3077781,PC1,0,19,0.80892,1.03307,-0.48685,0.8859012722969055
1773143900.3077781,PC1,0,20,0.40565,0.71793,-1.06195,0.972144365310669
1773143900.3077781,PC1,0,21,0.77821,1.02824,-0.43839,0.8863196969032288
1773143900.3077781,PC1,0,22,0.40899,0.74543,-0.99907,0.9664784669876099
1773143900.3077781,PC1,0,23,0.57904,1.36342,0.06538,0.0041990564204752445
1773143900.3077781,PC1,0,24,0.42127,1.38918,-0.06265,0.0031631379388272762
1773143900.3077781,PC1,0,25,0.57769,1.83065,0.1012,0.002919213380664587
1773143900.3077781,PC1,0,26,0.43173,1.87311,-0.06293,0.0016553496243432164
1773143900.3077781,PC1,0,27,0.55843,2.27531,0.40908,0.0003936997090931982
1773143900.3077781,PC1,0,28,0.41329,2.30946,0.13144,7.26696671335958e-05
1773143900.3077781,PC1,0,29,0.54542,2.35129,0.42336,0.00031446348293684423
1773143900.3077781,PC1,0,30,0.39089,2.38669,0.13876,9.118059097090736e-05
1773143900.3077781,PC1,0,31,0.60246,2.38645,0.18492,0.0003608242841437459
1773143900.3077781,PC1,0,32,0.48526,2.41597,-0.18737,0.00015709215949755162
1773143900.3077781,PC1,0,Angle_Elbow_L,129.13,,,
1773143900.3077781,PC1,0,Angle_Elbow_R,107.35,,,
1773143900.3077781,PC1,0,Angle_Shoulder_L,131.68,,,
1773143900.3077781,PC1,0,Angle_Shoulder_R,125.38,,,
1773143900.3077781,PC1,0,Length_UpperArm_L,0.2853,,,
1773143900.3077781,PC1,0,Length_LowerArm_L,0.3251,,,
1773143900.3077781,PC1,0,Length_UpperArm_R,0.5007,,,
1773143900.3077781,PC1,0,Length_LowerArm_R,0.5527,,,
1773143900.3077781,PC1,0,Width_Shoulder,0.2759,,,
1773143900.389597,PC1,0,0,0.56301,0.56161,-0.40595,0.9993616342544556
1773143900.389597,PC1,0,1,0.56532,0.51402,-0.3712,0.9986750483512878
1773143900.389597,PC1,0,2,0.57128,0.51394,-0.37119,0.9987311363220215
1773143900.389597,PC1,0,3,0.57654,0.51414,-0.37138,0.9985547065734863
1773143900.389597,PC1,0,4,0.53975,0.51298,-0.38925,0.9989851117134094
1773143900.389597,PC1,0,5,0.5273,0.51324,-0.38899,0.9991539120674133
1773143900.389597,PC1,0,6,0.51398,0.51473,-0.38916,0.9991306066513062
1773143900.389597,PC1,0,7,0.56552,0.53224,-0.12967,0.9987644553184509
1773143900.389597,PC1,0,8,0.47943,0.53833,-0.20162,0.9992157220840454
1773143900.389597,PC1,0,9,0.56552,0.6163,-0.31487,0.9992102980613708
1773143900.389597,PC1,0,10,0.54113,0.61911,-0.33554,0.999435305595398
1773143900.389597,PC1,0,11,0.62054,0.74623,0.0141,0.999035120010376
1773143900.389597,PC1,0,12,0.39717,0.76342,-0.15266,0.9979596734046936
1773143900.389597,PC1,0,13,0.77333,0.95439,-0.09178,0.8049381375312805
1773143900.389597,PC1,0,14,0.32368,1.08399,-0.51896,0.9069744348526001
1773143900.389597,PC1,0,15,0.80499,1.01364,-0.3899,0.8931573033332825
1773143900.389597,PC1,0,16,0.39269,0.83459,-0.99033,0.9834140539169312
1773143900.389597,PC1,0,17,0.83543,1.04126,-0.45157,0.8507753610610962
1773143900.389597,PC1,0,18,0.40573,0.75291,-1.07849,0.9685935974121094
1773143900.389597,PC1,0,19,0.80967,1.0163,-0.44806,0.8821816444396973
1773143900.389597,PC1,0,20,0.40751,0.71764,-1.05226,0.9723020792007446
1773143900.389597,PC1,0,21,0.78163,1.01587,-0.4012,0.8825547099113464
1773143900.389597,PC1,0,22,0.41067,0.74456,-0.98993,0.9664872884750366
1773143900.389597,PC1,0,23,0.57904,1.36342,0.06538,0.004245920106768608
1773143900.389597,PC1,0,24,0.42127,1.38918,-0.06265,0.0032378581818193197
1773143900.389597,PC1,0,25,0.57769,1.83065,0.1012,0.0030788753647357225
1773143900.389597,PC1,0,26,0.43173,1.87311,-0.06293,0.0017991234781220555
1773143900.389597,PC1,0,27,0.55843,2.27531,0.40908,0.0004361185128800571
1773143900.389597,PC1,0,28,0.41329,2.30946,0.13144,7.86897144280374e-05
1773143900.389597,PC1,0,29,0.54542,2.35129,0.42336,0.00035644107265397906
1773143900.389597,PC1,0,30,0.39089,2.38669,0.13876,9.969393431674689e-05
1773143900.389597,PC1,0,31,0.60246,2.38645,0.18492,0.0003918290603905916
1773143900.389597,PC1,0,32,0.48526,2.41597,-0.18737,0.00016832893015816808
1773143900.389597,PC1,0,Angle_Elbow_L,124.85,,,
1773143900.389597,PC1,0,Angle_Elbow_R,109.33,,,
1773143900.389597,PC1,0,Angle_Shoulder_L,133.68,,,
1773143900.389597,PC1,0,Angle_Shoulder_R,124.4,,,
1773143900.389597,PC1,0,Length_UpperArm_L,0.2791,,,
1773143900.389597,PC1,0,Length_LowerArm_L,0.3056,,,
1773143900.389597,PC1,0,Length_UpperArm_R,0.4923,,,
1773143900.389597,PC1,0,Length_LowerArm_R,0.5377,,,
1773143900.389597,PC1,0,Width_Shoulder,0.2793,,,
1773143900.4705331,PC1,0,0,0.56265,0.56349,-0.47415,0.9993473291397095
1773143900.4705331,PC1,0,1,0.56505,0.51522,-0.43584,0.9987025260925293
1773143900.4705331,PC1,0,2,0.57106,0.51501,-0.43587,0.9987377524375916
1773143900.4705331,PC1,0,3,0.57636,0.51507,-0.436,0.9985607862472534
1773143900.4705331,PC1,0,4,0.53918,0.51466,-0.45322,0.998991847038269
1773143900.4705331,PC1,0,5,0.52648,0.51516,-0.45304,0.9991528391838074
1773143900.4705331,PC1,0,6,0.51324,0.51683,-0.45321,0.9991394281387329
1773143900.4705331,PC1,0,7,0.56568,0.53283,-0.17507,0.9987732172012329
1773143900.4705331,PC1,0,8,0.4791,0.54001,-0.24443,0.9992366433143616
1773143900.4705331,PC1,0,9,0.56527,0.61786,-0.37585,0.9992377161979675
1773143900.4705331,PC1,0,10,0.54067,0.62186,-0.39589,0.9994523525238037
1773143900.4705331,PC1,0,11,0.62316,0.74659,-0.01506,0.9989110827445984
1773143900.4705331,PC1,0,12,0.39807,0.76575,-0.17263,0.9977864027023315
1773143900.4705331,PC1,0,13,0.77693,0.95796,-0.20647,0.809488832950592
1773143900.4705331,PC1,0,14,0.32281,1.09403,-0.54138,0.91157066822052
1773143900.4705331,PC1,0,15,0.77372,0.98402,-0.58405,0.898977518081665
1773143900.4705331,PC1,0,16,0.39502,0.83391,-1.02546,0.9842623472213745
1773143900.4705331,PC1,0,17,0.79518,1.00692,-0.65937,0.8573187589645386
1773143900.4705331,PC1,0,18,0.40849,0.75009,-1.11717,0.969987690448761
1773143900.4705331,PC1,0,19,0.75356,0.97192,-0.63307,0.8863891959190369
1773143900.4705331,PC1,0,20,0.41019,0.71663,-1.08514,0.9735795259475708
1773143900.4705331,PC1,0,21,0.73649,0.97654,-0.58739,0.8851379752159119
1773143900.4705331,PC1,0,22,0.41328,0.74375,-1.02242,0.9677619338035583
1773143900.4705331,PC1,0,23,0.57904,1.36342,0.06538,0.003971335478127003
1773143900.4705331,PC1,0,24,0.42127,1.38918,-0.06265,0.003039296716451645
1773143900.4705331,PC1,0,25,0.57769,1.83065,0.1012,0.003035743022337556
1773143900.4705331,PC1,0,26,0.43173,1.87311,-0.06293,0.0017685674829408526
1773143900.4705331,PC1,0,27,0.55843,2.27531,0.40908,0.0004129477893002331
1773143900.4705331,PC1,0,28,0.41329,2.30946,0.13144,7.462072971975431e-05
1773143900.4705331,PC1,0,29,0.54542,2.35129,0.42336,0.00032973638735711575
1773143900.4705331,PC1,0,30,0.39089,2.38669,0.13876,9.529810631647706e-05
1773143900.4705331,PC1,0,31,0.60246,2.38645,0.18492,0.00037310196785256267
1773143900.4705331,PC1,0,32,0.48526,2.41597,-0.18737,0.00016944714298006147
1773143900.4705331,PC1,0,Angle_Elbow_L,129.07,,,
1773143900.4705331,PC1,0,Angle_Elbow_R,108.47,,,
1773143900.4705331,PC1,0,Angle_Shoulder_L,123.18,,,
1773143900.4705331,PC1,0,Angle_Shoulder_R,122.69,,,
1773143900.4705331,PC1,0,Length_UpperArm_L,0.324,,,
1773143900.4705331,PC1,0,Length_LowerArm_L,0.3785,,,
1773143900.4705331,PC1,0,Length_UpperArm_R,0.4994,,,
1773143900.4705331,PC1,0,Length_LowerArm_R,0.5543,,,
1773143900.4705331,PC1,0,Width_Shoulder,0.2754,,,
1773143900.5530481,PC1,0,0,0.5624,0.56456,-0.46068,0.9993846416473389
1773143900.5530481,PC1,0,1,0.5646,0.51543,-0.42455,0.99876469373703
1773143900.5530481,PC1,0,2,0.5706,0.51522,-0.42453,0.9987994432449341
1773143900.5530481,PC1,0,3,0.57593,0.51523,-0.42469,0.9986317753791809
1773143900.5530481,PC1,0,4,0.53866,0.51498,-0.44175,0.9990426301956177
1773143900.5530481,PC1,0,5,0.52573,0.5155,-0.44153,0.9991959929466248
1773143900.5530481,PC1,0,6,0.51239,0.51714,-0.4417,0.9991841316223145
1773143900.5530481,PC1,0,7,0.5657,0.53305,-0.17178,0.9988377094268799
1773143900.5530481,PC1,0,8,0.47846,0.54087,-0.23955,0.9992793798446655
1773143900.5530481,PC1,0,9,0.56527,0.61858,-0.36473,0.9992741942405701
1773143900.5530481,PC1,0,10,0.54034,0.62345,-0.38424,0.9994825124740601
1773143900.5530481,PC1,0,11,0.62357,0.74603,-0.00713,0.9989577531814575
1773143900.5530481,PC1,0,12,0.39737,0.76399,-0.18288,0.9979214668273926
1773143900.5530481,PC1,0,13,0.77612,0.95596,-0.1276,0.8117825984954834
1773143900.5530481,PC1,0,14,0.32115,1.08104,-0.55168,0.9163337349891663
1773143900.5530481,PC1,0,15,0.79511,1.01347,-0.43581,0.8950349688529968
1773143900.5530481,PC1,0,16,0.3984,0.82891,-1.03098,0.9845705032348633
1773143900.5530481,PC1,0,17,0.82382,1.04233,-0.49793,0.851808488368988
1773143900.5530481,PC1,0,18,0.41374,0.7474,-1.12154,0.9699774980545044
1773143900.5530481,PC1,0,19,0.78885,1.01556,-0.4888,0.8821603059768677
1773143900.5530481,PC1,0,20,0.41539,0.71282,-1.0877,0.9733791351318359
1773143900.5530481,PC1,0,21,0.76938,1.01904,-0.44487,0.8814583420753479
1773143900.5530481,PC1,0,22,0.41812,0.74071,-1.02739,0.9674537777900696
1773143900.5530481,PC1,0,23,0.57904,1.36342,0.06538,0.004002872388809919
1773143900.5530481,PC1,0,24,0.42127,1.38918,-0.06265,0.0030779403168708086
1773143900.5530481,PC1,0,25,0.57769,1.83065,0.1012,0.0030031942296773195
1773143900.5530481,PC1,0,26,0.43173,1.87311,-0.06293,0.0018134238198399544
1773143900.5530481,PC1,0,27,0.55843,2.27531,0.40908,0.00040952872950583696
1773143900.5530481,PC1,0,28,0.41329,2.30946,0.13144,7.689699850743636e-05
1773143900.5530481,PC1,0,29,0.54542,2.35129,0.42336,0.00032770828693173826
1773143900.5530481,PC1,0,30,0.39089,2.38669,0.13876,9.773905912879854e-05
1773143900.5530481,PC1,0,31,0.60246,2.38645,0.18492,0.0003719436645042151
1773143900.5530481,PC1,0,32,0.48526,2.41597,-0.18737,0.0001697632105788216
1773143900.5530481,PC1,0,Angle_Elbow_L,125.43,,,
1773143900.5530481,PC1,0,Angle_Elbow_R,109.74,,,
1773143900.5530481,PC1,0,Angle_Shoulder_L,130.67,,,
1773143900.5530481,PC1,0,Angle_Shoulder_R,121.61,,,
1773143900.5530481,PC1,0,Length_UpperArm_L,0.2861,,,
1773143900.5530481,PC1,0,Length_LowerArm_L,0.3141,,,
1773143900.5530481,PC1,0,Length_UpperArm_R,0.4923,,,
1773143900.5530481,PC1,0,Length_LowerArm_R,0.5471,,,
1773143900.5530481,PC1,0,Width_Shoulder,0.287,,,
1773143900.632426,PC1,0,0,0.56332,0.56534,-0.45207,0.9993563890457153
1773143900.632426,PC1,0,1,0.56479,0.51572,-0.41716,0.9986881017684937
1773143900.632426,PC1,0,2,0.57065,0.5154,-0.41713,0.9987248778343201
1773143900.632426,PC1,0,3,0.57587,0.51534,-0.41729,0.998539924621582
1773143900.632426,PC1,0,4,0.53914,0.51567,-0.43649,0.9989842772483826
1773143900.632426,PC1,0,5,0.52656,0.51621,-0.43635,0.9991471767425537
1773143900.632426,PC1,0,6,0.51346,0.5178,-0.43655,0.9991152286529541
1773143900.632426,PC1,0,7,0.56562,0.53279,-0.1665,0.9987941384315491
1773143900.632426,PC1,0,8,0.47978,0.54128,-0.2506,0.9992154240608215
1773143900.632426,PC1,0,9,0.56603,0.61861,-0.3567,0.9992122054100037
1773143900.632426,PC1,0,10,0.54115,0.62428,-0.3789,0.9994338154792786
1773143900.632426,PC1,0,11,0.62374,0.74432,0.00121,0.998985230922699
1773143900.632426,PC1,0,12,0.39707,0.76122,-0.19327,0.9977672100067139
1773143900.632426,PC1,0,13,0.7698,0.95165,-0.06307,0.8147493600845337
1773143900.632426,PC1,0,14,0.32318,1.06661,-0.56762,0.9167081713676453
1773143900.632426,PC1,0,15,0.82346,1.0407,-0.34526,0.8965081572532654
1773143900.632426,PC1,0,16,0.40148,0.82597,-1.04472,0.9838027954101562
1773143900.632426,PC1,0,17,0.86046,1.07862,-0.40012,0.8535556793212891
1773143900.632426,PC1,0,18,0.41706,0.74713,-1.1349,0.9677700996398926
1773143900.632426,PC1,0,19,0.83382,1.05633,-0.41295,0.8840627074241638
1773143900.632426,PC1,0,20,0.41881,0.7124,-1.10704,0.9714757800102234
1773143900.632426,PC1,0,21,0.81143,1.05736,-0.36292,0.8835647702217102
1773143900.632426,PC1,0,22,0.42133,0.73874,-1.04356,0.9648560881614685
1773143900.632426,PC1,0,23,0.57904,1.36342,0.06538,0.005018182564526796
1773143900.632426,PC1,0,24,0.42127,1.38918,-0.06265,0.00355374813079834
1773143900.632426,PC1,0,25,0.57769,1.83065,0.1012,0.004175918642431498
1773143900.632426,PC1,0,26,0.43173,1.87311,-0.06293,0.0027041295543313026
1773143900.632426,PC1,0,27,0.55843,2.27531,0.40908,0.0004491613362915814
1773143900.632426,PC1,0,28,0.41329,2.30946,0.13144,0.00012829479237552732
1773143900.632426,PC1,0,29,0.54542,2.35129,0.42336,0.0003460687003098428
1773143900.632426,PC1,0,30,0.39089,2.38669,0.13876,0.00014067311713006347
1773143900.632426,PC1,0,31,0.60246,2.38645,0.18492,0.0004613590135704726
1773143900.632426,PC1,0,32,0.48526,2.41597,-0.18737,0.00027026323368772864
1773143900.632426,PC1,0,Angle_Elbow_L,124.39,,,
1773143900.632426,PC1,0,Angle_Elbow_R,112.11,,,
1773143900.632426,PC1,0,Angle_Shoulder_L,137.38,,,
1773143900.632426,PC1,0,Angle_Shoulder_R,120.1,,,
1773143900.632426,PC1,0,Length_UpperArm_L,0.2616,,,
1773143900.632426,PC1,0,Length_LowerArm_L,0.3007,,,
1773143900.632426,PC1,0,Length_UpperArm_R,0.4887,,,
1773143900.632426,PC1,0,Length_LowerArm_R,0.5401,,,
1773143900.632426,PC1,0,Width_Shoulder,0.2991,,,
1773143900.712865,PC1,0,0,0.56338,0.56559,-0.44483,0.9989838600158691
1773143900.712865,PC1,0,1,0.56486,0.51592,-0.40919,0.9981135129928589
1773143900.712865,PC1,0,2,0.57067,0.51558,-0.4092,0.998065710067749
1773143900.712865,PC1,0,3,0.57582,0.51554,-0.40939,0.9979429244995117
1773143900.712865,PC1,0,4,0.53936,0.51605,-0.42895,0.9985122680664062
1773143900.712865,PC1,0,5,0.52701,0.51659,-0.42883,0.9987006783485413
1773143900.712865,PC1,0,6,0.51409,0.5181,-0.42905,0.9987567067146301
1773143900.712865,PC1,0,7,0.5655,0.53297,-0.15794,0.9981494545936584
1773143900.712865,PC1,0,8,0.48084,0.54106,-0.24429,0.9987916350364685
1773143900.712865,PC1,0,9,0.56613,0.61862,-0.34914,0.9988290667533875
1773143900.712865,PC1,0,10,0.54125,0.62427,-0.3723,0.9991514086723328
1773143900.712865,PC1,0,11,0.62389,0.74563,0.00601,0.998701810836792
1773143900.712865,PC1,0,12,0.39692,0.76015,-0.185,0.9968935251235962
1773143900.712865,PC1,0,13,0.77066,0.95313,-0.08675,0.7965137362480164
1773143900.712865,PC1,0,14,0.32578,1.05865,-0.56112,0.9065635204315186
1773143900.712865,PC1,0,15,0.8137,1.04841,-0.38527,0.8837628364562988
1773143900.712865,PC1,0,16,0.40507,0.82504,-1.03622,0.9811900854110718
1773143900.712865,PC1,0,17,0.84172,1.08123,-0.44401,0.8370691537857056
1773143900.712865,PC1,0,18,0.4198,0.74539,-1.12649,0.9627724885940552
1773143900.712865,PC1,0,19,0.81461,1.05602,-0.44651,0.8692449331283569
1773143900.712865,PC1,0,20,0.42142,0.71163,-1.09752,0.9673377275466919
1773143900.712865,PC1,0,21,0.79558,1.05938,-0.39868,0.8669297695159912
1773143900.712865,PC1,0,22,0.42414,0.73776,-1.0347,0.9593425393104553
1773143900.712865,PC1,0,23,0.57904,1.36342,0.06538,0.0047139753587543964
1773143900.712865,PC1,0,24,0.42127,1.38918,-0.06265,0.003349532838910818
1773143900.712865,PC1,0,25,0.57769,1.83065,0.1012,0.004244242329150438
1773143900.712865,PC1,0,26,0.43173,1.87311,-0.06293,0.002643269021064043
1773143900.712865,PC1,0,27,0.55843,2.27531,0.40908,0.00043117470340803266
1773143900.712865,PC1,0,28,0.41329,2.30946,0.13144,0.00012179008626844734
1773143900.712865,PC1,0,29,0.54542,2.35129,0.42336,0.0003283937694504857
1773143900.712865,PC1,0,30,0.39089,2.38669,0.13876,0.0001327161880908534
1773143900.712865,PC1,0,31,0.60246,2.38645,0.18492,0.00044626850285567343
1773143900.712865,PC1,0,32,0.48526,2.41597,-0.18737,0.0002628848305903375
1773143900.712865,PC1,0,Angle_Elbow_L,128.93,,,
1773143900.712865,PC1,0,Angle_Elbow_R,113.43,,,
1773143900.712865,PC1,0,Angle_Shoulder_L,134.47,,,
1773143900.712865,PC1,0,Angle_Shoulder_R,119.94,,,
1773143900.712865,PC1,0,Length_UpperArm_L,0.2706,,,
1773143900.712865,PC1,0,Length_LowerArm_L,0.3163,,,
1773143900.712865,PC1,0,Length_UpperArm_R,0.4854,,,
1773143900.712865,PC1,0,Length_LowerArm_R,0.5353,,,
1773143900.712865,PC1,0,Width_Shoulder,0.297,,,
1773143900.7954109,PC1,0,0,0.56351,0.56588,-0.4315,0.9989035725593567
1773143900.7954109,PC1,0,1,0.56508,0.51633,-0.3962,0.9980406761169434
1773143900.7954109,PC1,0,2,0.57088,0.51591,-0.39625,0.9980182647705078
1773143900.7954109,PC1,0,3,0.57604,0.51584,-0.39646,0.9978976249694824
1773143900.7954109,PC1,0,4,0.53962,0.51685,-0.4155,0.9984031915664673
1773143900.7954109,PC1,0,5,0.52734,0.51755,-0.41535,0.9985990524291992
1773143900.7954109,PC1,0,6,0.5145,0.51926,-0.41558,0.9986421465873718
1773143900.7954109,PC1,0,7,0.56609,0.53321,-0.14452,0.9981287717819214
1773143900.7954109,PC1,0,8,0.48158,0.54169,-0.22889,0.9987223148345947
1773143900.7954109,PC1,0,9,0.56656,0.61868,-0.33477,0.9987620115280151
1773143900.7954109,PC1,0,10,0.54139,0.62483,-0.35781,0.9990782737731934
1773143900.7954109,PC1,0,11,0.62497,0.74642,0.01527,0.9986414909362793
1773143900.7954109,PC1,0,12,0.39992,0.75878,-0.16933,0.9965226054191589
1773143900.7954109,PC1,0,13,0.77034,0.95412,-0.11228,0.7825024724006653
1773143900.7954109,PC1,0,14,0.32922,1.04951,-0.54843,0.8880506157875061
1773143900.7954109,PC1,0,15,0.78572,1.01604,-0.43936,0.883370041847229
1773143900.7954109,PC1,0,16,0.41059,0.83194,-1.02078,0.975330114364624
1773143900.7954109,PC1,0,17,0.81629,1.05265,-0.50411,0.837419331073761
1773143900.7954109,PC1,0,18,0.42508,0.75597,-1.11048,0.9543877243995667
1773143900.7954109,PC1,0,19,0.79015,1.02357,-0.49925,0.8689939975738525
1773143900.7954109,PC1,0,20,0.42691,0.72081,-1.08147,0.9601104855537415
1773143900.7954109,PC1,0,21,0.77341,1.02982,-0.45018,0.8653201460838318
1773143900.7954109,PC1,0,22,0.43084,0.74865,-1.0194,0.9508378505706787
1773143900.7954109,PC1,0,23,0.57904,1.36342,0.06538,0.0046254354529082775
1773143900.7954109,PC1,0,24,0.42127,1.38918,-0.06265,0.0032753110863268375
1773143900.7954109,PC1,0,25,0.57769,1.83065,0.1012,0.00422445684671402
1773143900.7954109,PC1,0,26,0.43173,1.87311,-0.06293,0.002568488009274006
1773143900.7954109,PC1,0,27,0.55843,2.27531,0.40908,0.0004239539266563952
1773143900.7954109,PC1,0,28,0.41329,2.30946,0.13144,0.00011791436554631218
1773143900.7954109,PC1,0,29,0.54542,2.35129,0.42336,0.00032573481439612806
1773143900.7954109,PC1,0,30,0.39089,2.38669,0.13876,0.0001281780714634806
1773143900.7954109,PC1,0,31,0.60246,2.38645,0.18492,0.00044451982830651104
1773143900.7954109,PC1,0,32,0.48526,2.41597,-0.18737,0.0002586872433312237
1773143900.7954109,PC1,0,Angle_Elbow_L,126.92,,,
1773143900.7954109,PC1,0,Angle_Elbow_R,115.65,,,
1773143900.7954109,PC1,0,Angle_Shoulder_L,131.3,,,
1773143900.7954109,PC1,0,Angle_Shoulder_R,120.14,,,
1773143900.7954109,PC1,0,Length_UpperArm_L,0.2838,,,
1773143900.7954109,PC1,0,Length_LowerArm_L,0.3332,,,
1773143900.7954109,PC1,0,Length_UpperArm_R,0.4829,,,
1773143900.7954109,PC1,0,Length_LowerArm_R,0.5264,,,
1773143900.7954109,PC1,0,Width_Shoulder,0.2913,,,
1773143900.936197,PC1,0,0,0.56359,0.56582,-0.42881,0.998818576335907
1773143900.936197,PC1,0,1,0.56509,0.5161,-0.39091,0.9979162216186523
1773143900.936197,PC1,0,2,0.57085,0.51555,-0.39105,0.997865617275238
1773143900.936197,PC1,0,3,0.57597,0.51537,-0.39125,0.9977497458457947
1773143900.936197,PC1,0,4,0.53977,0.51723,-0.41393,0.9983069896697998
1773143900.936197,PC1,0,5,0.52752,0.51818,-0.41385,0.9984993934631348
1773143900.936197,PC1,0,6,0.51468,0.52006,-0.41411,0.9985516667366028
1773143900.936197,PC1,0,7,0.56595,0.53292,-0.13717,0.9979649782180786
1773143900.936197,PC1,0,8,0.48185,0.54213,-0.23417,0.9986269474029541
1773143900.936197,PC1,0,9,0.56685,0.6187,-0.32911,0.998609185218811
1773143900.936197,PC1,0,10,0.54146,0.62529,-0.35749,0.998995304107666
1773143900.936197,PC1,0,11,0.62567,0.74693,0.02418,0.9984701871871948
1773143900.936197,PC1,0,12,0.40136,0.75846,-0.1751,0.9956817626953125
1773143900.936197,PC1,0,13,0.76939,0.95256,-0.10188,0.7709965109825134
1773143900.936197,PC1,0,14,0.33143,1.04449,-0.55089,0.8854204416275024
1773143900.936197,PC1,0,15,0.79156,1.00081,-0.43695,0.8819024562835693
1773143900.936197,PC1,0,16,0.41399,0.82724,-1.00756,0.9740431308746338
1773143900.936197,PC1,0,17,0.82221,1.03756,-0.5021,0.8370567560195923
1773143900.936197,PC1,0,18,0.42871,0.75078,-1.09488,0.9516714811325073
1773143900.936197,PC1,0,19,0.79891,1.00799,-0.5019,0.868532657623291
1773143900.936197,PC1,0,20,0.43057,0.71672,-1.06763,0.9578646421432495
1773143900.936197,PC1,0,21,0.78145,1.01523,-0.45045,0.8636967539787292
1773143900.936197,PC1,0,22,0.43476,0.74612,-1.00639,0.9474608898162842
1773143900.936197,PC1,0,23,0.57904,1.36342,0.06538,0.004570892080664635
1773143900.936197,PC1,0,24,0.42127,1.38918,-0.06265,0.003221085760742426
1773143900.936197,PC1,0,25,0.57769,1.83065,0.1012,0.0047877938486635685
1773143900.936197,PC1,0,26,0.43173,1.87311,-0.06293,0.0028059768956154585
1773143900.936197,PC1,0,27,0.55843,2.27531,0.40908,0.00044406563392840326
1773143900.936197,PC1,0,28,0.41329,2.30946,0.13144,0.0001382589543936774
1773143900.936197,PC1,0,29,0.54542,2.35129,0.42336,0.00032404367811977863
1773143900.936197,PC1,0,30,0.39089,2.38669,0.13876,0.00014333763101603836
1773143900.936197,PC1,0,31,0.60246,2.38645,0.18492,0.0005288280081003904
1773143900.936197,PC1,0,32,0.48526,2.41597,-0.18737,0.00034002770553343
1773143900.936197,PC1,0,Angle_Elbow_L,125.53,,,
1773143900.936197,PC1,0,Angle_Elbow_R,115.08,,,
1773143900.936197,PC1,0,Angle_Shoulder_L,131.37,,,
1773143900.936197,PC1,0,Angle_Shoulder_R,120.09,,,
1773143900.936197,PC1,0,Length_UpperArm_L,0.2808,,,
1773143900.936197,PC1,0,Length_LowerArm_L,0.3393,,,
1773143900.936197,PC1,0,Length_UpperArm_R,0.4774,,,
1773143900.936197,PC1,0,Length_LowerArm_R,0.5124,,,
1773143900.936197,PC1,0,Width_Shoulder,0.3003,,,
1773143901.011828,PC1,0,0,0.56438,0.5663,-0.41998,0.9987443685531616
1773143901.011828,PC1,0,1,0.56554,0.51667,-0.38367,0.9977973103523254
1773143901.011828,PC1,0,2,0.57123,0.51578,-0.38383,0.9977959394454956
1773143901.011828,PC1,0,3,0.57627,0.51528,-0.38404,0.9976406693458557
1773143901.011828,PC1,0,4,0.54038,0.51884,-0.40804,0.9981710910797119
1773143901.011828,PC1,0,5,0.52805,0.52017,-0.40795,0.9983981847763062
1773143901.011828,PC1,0,6,0.51514,0.52245,-0.40822,0.9984035491943359
1773143901.011828,PC1,0,7,0.56613,0.533,-0.13056,0.9979196786880493
1773143901.011828,PC1,0,8,0.48286,0.54479,-0.23531,0.9985631704330444
1773143901.011828,PC1,0,9,0.56833,0.61905,-0.3195,0.9985116720199585
1773143901.011828,PC1,0,10,0.54272,0.62645,-0.34968,0.998917281627655
1773143901.011828,PC1,0,11,0.6261,0.74354,0.03522,0.9984249472618103
1773143901.011828,PC1,0,12,0.40641,0.75728,-0.18006,0.9954899549484253
1773143901.011828,PC1,0,13,0.76124,0.94495,-0.08996,0.7531414031982422
1773143901.011828,PC1,0,14,0.33533,1.0406,-0.55891,0.8725945949554443
1773143901.011828,PC1,0,15,0.77683,0.97959,-0.42922,0.8849217295646667
1773143901.011828,PC1,0,16,0.42254,0.84148,-1.01003,0.9720065593719482
1773143901.011828,PC1,0,17,0.82048,1.02016,-0.49459,0.8421795964241028
1773143901.011828,PC1,0,18,0.43925,0.76873,-1.0951,0.9489488005638123
1773143901.011828,PC1,0,19,0.80106,0.99145,-0.49739,0.8724718689918518
1773143901.011828,PC1,0,20,0.4421,0.73494,-1.06949,0.9553875923156738
1773143901.011828,PC1,0,21,0.78268,0.99993,-0.4441,0.8674148321151733
1773143901.011828,PC1,0,22,0.44633,0.76762,-1.00919,0.9446198344230652
1773143901.011828,PC1,0,23,0.57904,1.36342,0.06538,0.004509762395173311
1773143901.011828,PC1,0,24,0.42127,1.38918,-0.06265,0.003161889733746648
1773143901.011828,PC1,0,25,0.57769,1.83065,0.1012,0.004611585754901171
1773143901.011828,PC1,0,26,0.43173,1.87311,-0.06293,0.002686175052076578
1773143901.011828,PC1,0,27,0.55843,2.27531,0.40908,0.00043353327782824636
1773143901.011828,PC1,0,28,0.41329,2.30946,0.13144,0.00013319423305802047
1773143901.011828,PC1,0,29,0.54542,2.35129,0.42336,0.0003222114173695445
1773143901.011828,PC1,0,30,0.39089,2.38669,0.13876,0.00013817226863466203
1773143901.011828,PC1,0,31,0.60246,2.38645,0.18492,0.0005291324341669679
1773143901.011828,PC1,0,32,0.48526,2.41597,-0.18737,0.0003326122823636979
1773143901.011828,PC1,0,Angle_Elbow_L,123.59,,,
1773143901.011828,PC1,0,Angle_Elbow_R,116.88,,,
1773143901.011828,PC1,0,Angle_Shoulder_L,131.78,,,
1773143901.011828,PC1,0,Angle_Shoulder_R,119.94,,,
1773143901.011828,PC1,0,Length_UpperArm_L,0.2729,,,
1773143901.011828,PC1,0,Length_LowerArm_L,0.3414,,,
1773143901.011828,PC1,0,Length_UpperArm_R,0.4784,,,
1773143901.011828,PC1,0,Length_LowerArm_R,0.5008,,,
1773143901.011828,PC1,0,Width_Shoulder,0.3079,,,
1773143901.097226,PC1,0,0,0.56425,0.56647,-0.47557,0.9987742900848389
1773143901.097226,PC1,0,1,0.56558,0.51689,-0.43813,0.9978749752044678
1773143901.097226,PC1,0,2,0.57122,0.51591,-0.43824,0.9978734850883484
1773143901.097226,PC1,0,3,0.57622,0.51535,-0.43837,0.997697114944458
1773143901.097226,PC1,0,4,0.54059,0.51932,-0.46283,0.9982432126998901
1773143901.097226,PC1,0,5,0.52823,0.52062,-0.46274,0.9984672665596008
1773143901.097226,PC1,0,6,0.51529,0.52281,-0.46297,0.9984733462333679
1773143901.097226,PC1,0,7,0.56605,0.5331,-0.17785,0.9979879260063171
1773143901.097226,PC1,0,8,0.48294,0.54458,-0.28261,0.9986510872840881
1773143901.097226,PC1,0,9,0.56836,0.6192,-0.373,0.9985936880111694
1773143901.097226,PC1,0,10,0.54253,0.62697,-0.40323,0.9989827871322632
1773143901.097226,PC1,0,11,0.62817,0.74676,-0.00367,0.9984501004219055
1773143901.097226,PC1,0,12,0.40015,0.76082,-0.20728,0.9957181811332703
1773143901.097226,PC1,0,13,0.77077,0.95479,-0.16595,0.7563815116882324
1773143901.097226,PC1,0,14,0.32759,1.08454,-0.56124,0.8803562521934509
1773143901.097226,PC1,0,15,0.74639,0.96548,-0.52205,0.88944011926651
1773143901.097226,PC1,0,16,0.4264,0.86509,-0.99072,0.9737419486045837
1773143901.097226,PC1,0,17,0.77945,0.99492,-0.58865,0.8448324799537659
1773143901.097226,PC1,0,18,0.44951,0.79044,-1.07018,0.9511805772781372
1773143901.097226,PC1,0,19,0.74865,0.95783,-0.56686,0.873000979423523
1773143901.097226,PC1,0,20,0.45213,0.75316,-1.03601,0.9573013782501221
1773143901.097226,PC1,0,21,0.73296,0.96782,-0.52611,0.8666859269142151
1773143901.097226,PC1,0,22,0.45385,0.78556,-0.98441,0.9466632008552551
1773143901.097226,PC1,0,23,0.57904,1.36342,0.06538,0.004173882771283388
1773143901.097226,PC1,0,24,0.42127,1.38918,-0.06265,0.0029417944606393576
1773143901.097226,PC1,0,25,0.57769,1.83065,0.1012,0.004351372364908457
1773143901.097226,PC1,0,26,0.43173,1.87311,-0.06293,0.0025112528819590807
1773143901.097226,PC1,0,27,0.55843,2.27531,0.40908,0.0004135194467380643
1773143901.097226,PC1,0,28,0.41329,2.30946,0.13144,0.00012234505265951157
1773143901.097226,PC1,0,29,0.54542,2.35129,0.42336,0.00030160730239003897
1773143901.097226,PC1,0,30,0.39089,2.38669,0.13876,0.00012799895193893462
1773143901.097226,PC1,0,31,0.60246,2.38645,0.18492,0.0005008861771784723
1773143901.097226,PC1,0,32,0.48526,2.41597,-0.18737,0.0003140507033094764
1773143901.097226,PC1,0,Angle_Elbow_L,121.86,,,
1773143901.097226,PC1,0,Angle_Elbow_R,108.0,,,
1773143901.097226,PC1,0,Angle_Shoulder_L,125.55,,,
1773143901.097226,PC1,0,Angle_Shoulder_R,122.51,,,
1773143901.097226,PC1,0,Length_UpperArm_L,0.2999,,,
1773143901.097226,PC1,0,Length_LowerArm_L,0.3571,,,
1773143901.097226,PC1,0,Length_UpperArm_R,0.4851,,,
1773143901.097226,PC1,0,Length_LowerArm_R,0.4923,,,
1773143901.097226,PC1,0,Width_Shoulder,0.306,,,
1773143901.1694698,PC1,0,0,0.56427,0.56674,-0.49093,0.9987943172454834
1773143901.1694698,PC1,0,1,0.56585,0.51726,-0.45428,0.997894287109375
1773143901.1694698,PC1,0,2,0.57147,0.51621,-0.45438,0.9978864789009094
1773143901.1694698,PC1,0,3,0.57645,0.5156,-0.45446,0.9977068901062012
1773143901.1694698,PC1,0,4,0.54091,0.51976,-0.47979,0.9982669949531555
1773143901.1694698,PC1,0,5,0.52848,0.52097,-0.47964,0.9984806776046753
1773143901.1694698,PC1,0,6,0.51542,0.52306,-0.47978,0.99848872423172
1773143901.1694698,PC1,0,7,0.56618,0.53318,-0.19999,0.9979931712150574
1773143901.1694698,PC1,0,8,0.48258,0.54393,-0.30712,0.9986686706542969
1773143901.1694698,PC1,0,9,0.56858,0.61919,-0.3904,0.9986128211021423
1773143901.1694698,PC1,0,10,0.54259,0.62727,-0.42074,0.9990020990371704
1773143901.1694698,PC1,0,11,0.62965,0.74681,-0.02632,0.9984676837921143
1773143901.1694698,PC1,0,12,0.39449,0.76311,-0.22618,0.9957424998283386
1773143901.1694698,PC1,0,13,0.7773,0.96112,-0.16768,0.7468595504760742
1773143901.1694698,PC1,0,14,0.32806,1.12002,-0.55191,0.8793315291404724
1773143901.1694698,PC1,0,15,0.76704,0.97018,-0.52067,0.8877760171890259
1773143901.1694698,PC1,0,16,0.43392,0.88026,-0.97712,0.9743008613586426
1773143901.1694698,PC1,0,17,0.79666,0.99082,-0.58843,0.8436088562011719
1773143901.1694698,PC1,0,18,0.46238,0.80637,-1.05597,0.9521996378898621
1773143901.1694698,PC1,0,19,0.76728,0.95677,-0.57349,0.8723347187042236
1773143901.1694698,PC1,0,20,0.4612,0.76493,-1.01846,0.9583785533905029
1773143901.1694698,PC1,0,21,0.75027,0.96752,-0.5278,0.8661786317825317
1773143901.1694698,PC1,0,22,0.46119,0.79659,-0.96997,0.9476878643035889
1773143901.1694698,PC1,0,23,0.57904,1.36342,0.06538,0.0038348601665347815
1773143901.1694698,PC1,0,24,0.42127,1.38918,-0.06265,0.0027061200235038996
1773143901.1694698,PC1,0,25,0.57769,1.83065,0.1012,0.004079307429492474
1773143901.1694698,PC1,0,26,0.43173,1.87311,-0.06293,0.002341392682865262
1773143901.1694698,PC1,0,27,0.55843,2.27531,0.40908,0.0003857059055007994
1773143901.1694698,PC1,0,28,0.41329,2.30946,0.13144,0.00011203666508663446
1773143901.1694698,PC1,0,29,0.54542,2.35129,0.42336,0.0002809554571285844
1773143901.1694698,PC1,0,30,0.39089,2.38669,0.13876,0.00011799264029832557
1773143901.1694698,PC1,0,31,0.60246,2.38645,0.18492,0.0004686391039285809
1773143901.1694698,PC1,0,32,0.48526,2.41597,-0.18737,0.00029186595929786563
1773143901.1694698,PC1,0,Angle_Elbow_L,118.75,,,
1773143901.1694698,PC1,0,Angle_Elbow_R,100.86,,,
1773143901.1694698,PC1,0,Angle_Shoulder_L,127.11,,,
1773143901.1694698,PC1,0,Angle_Shoulder_R,125.79,,,
1773143901.1694698,PC1,0,Length_UpperArm_L,0.2962,,,
1773143901.1694698,PC1,0,Length_LowerArm_L,0.3533,,,
1773143901.1694698,PC1,0,Length_UpperArm_R,0.4877,,,
1773143901.1694698,PC1,0,Length_LowerArm_R,0.4995,,,
1773143901.1694698,PC1,0,Width_Shoulder,0.309,,,
1773143901.238322,PC1,0,0,0.56413,0.56818,-0.49812,0.9988201260566711
1773143901.238322,PC1,0,1,0.56594,0.51918,-0.46178,0.9979387521743774
1773143901.238322,PC1,0,2,0.57159,0.51808,-0.46189,0.9979318380355835
1773143901.238322,PC1,0,3,0.57657,0.51736,-0.46198,0.9977271556854248
1773143901.238322,PC1,0,4,0.54097,0.52145,-0.48824,0.9983200430870056
1773143901.238322,PC1,0,5,0.52857,0.52239,-0.48798,0.9985311627388
1773143901.238322,PC1,0,6,0.51548,0.52417,-0.48806,0.9985408782958984
1773143901.238322,PC1,0,7,0.56656,0.5345,-0.20773,0.9980429410934448
1773143901.238322,PC1,0,8,0.48241,0.54437,-0.29827,0.998733639717102
1773143901.238322,PC1,0,9,0.5687,0.62007,-0.39793,0.9986845254898071
1773143901.238322,PC1,0,10,0.54262,0.62846,-0.42981,0.99904865026474
1773143901.238322,PC1,0,11,0.63227,0.74953,-0.03431,0.9984831213951111
1773143901.238322,PC1,0,12,0.39115,0.77187,-0.21422,0.9959479570388794
1773143901.238322,PC1,0,13,0.78807,0.97214,-0.20224,0.7573410272598267
1773143901.238322,PC1,0,14,0.32837,1.15632,-0.53121,0.885140061378479
1773143901.238322,PC1,0,15,0.73907,0.96704,-0.54507,0.8876195549964905
1773143901.238322,PC1,0,16,0.43965,0.89166,-0.94748,0.9752668142318726
1773143901.238322,PC1,0,17,0.74741,0.97176,-0.61262,0.8355566263198853
1773143901.238322,PC1,0,18,0.47159,0.81665,-1.0254,0.9527310132980347
1773143901.238322,PC1,0,19,0.7209,0.93851,-0.57768,0.863199770450592
1773143901.238322,PC1,0,20,0.4691,0.77308,-0.9829,0.9586641192436218
1773143901.238322,PC1,0,21,0.71047,0.95425,-0.5423,0.8558687567710876
1773143901.238322,PC1,0,22,0.46821,0.80425,-0.9374,0.9478270411491394
1773143901.238322,PC1,0,23,0.57904,1.36342,0.06538,0.0036515214014798403
1773143901.238322,PC1,0,24,0.42127,1.38918,-0.06265,0.002605553949251771
1773143901.238322,PC1,0,25,0.57769,1.83065,0.1012,0.0041891662403941154
1773143901.238322,PC1,0,26,0.43173,1.87311,-0.06293,0.0023659327998757362
1773143901.238322,PC1,0,27,0.55843,2.27531,0.40908,0.0004158823285251856
1773143901.238322,PC1,0,28,0.41329,2.30946,0.13144,0.00010641164408298209
1773143901.238322,PC1,0,29,0.54542,2.35129,0.42336,0.0002872087061405182
1773143901.238322,PC1,0,30,0.39089,2.38669,0.13876,0.0001173695272882469
1773143901.238322,PC1,0,31,0.60246,2.38645,0.18492,0.0004628930473700166
1773143901.238322,PC1,0,32,0.48526,2.41597,-0.18737,0.0002843845577444881
1773143901.238322,PC1,0,Angle_Elbow_L,116.18,,,
1773143901.238322,PC1,0,Angle_Elbow_R,95.25,,,
1773143901.238322,PC1,0,Angle_Shoulder_L,124.66,,,
1773143901.238322,PC1,0,Angle_Shoulder_R,128.76,,,
1773143901.238322,PC1,0,Length_UpperArm_L,0.3194,,,
1773143901.238322,PC1,0,Length_LowerArm_L,0.3464,,,
1773143901.238322,PC1,0,Length_UpperArm_R,0.5022,,,
1773143901.238322,PC1,0,Length_LowerArm_R,0.5057,,,
1773143901.238322,PC1,0,Width_Shoulder,0.3017,,,
1773143901.307827,PC1,0,0,0.56467,0.57018,-0.47224,0.9988990426063538
1773143901.307827,PC1,0,1,0.56705,0.52176,-0.43702,0.9980795383453369
1773143901.307827,PC1,0,2,0.57264,0.52098,-0.4371,0.9980757236480713
1773143901.307827,PC1,0,3,0.57746,0.52057,-0.43719,0.9978862404823303
1773143901.307827,PC1,0,4,0.54226,0.52291,-0.466,0.99843829870224
1773143901.307827,PC1,0,5,0.52989,0.52339,-0.46571,0.9986315965652466
1773143901.307827,PC1,0,6,0.51682,0.52482,-0.46579,0.9986406564712524
1773143901.307827,PC1,0,7,0.56705,0.53706,-0.18959,0.9981865882873535
1773143901.307827,PC1,0,8,0.48269,0.54397,-0.29263,0.9988250732421875
1773143901.307827,PC1,0,9,0.56889,0.62161,-0.37408,0.9987726807594299
1773143901.307827,PC1,0,10,0.54279,0.62934,-0.40941,0.9991147518157959
1773143901.307827,PC1,0,11,0.63324,0.75134,-0.01991,0.9985742568969727
1773143901.307827,PC1,0,12,0.38642,0.77253,-0.217,0.9961497187614441
1773143901.307827,PC1,0,13,0.79049,0.97396,-0.15786,0.7291632294654846
1773143901.307827,PC1,0,14,0.32771,1.17684,-0.52509,0.8799331784248352
1773143901.307827,PC1,0,15,0.75863,0.99817,-0.48772,0.8727696537971497
1773143901.307827,PC1,0,16,0.44443,0.90021,-0.93084,0.973820686340332
1773143901.307827,PC1,0,17,0.77152,1.008,-0.55226,0.8230049014091492
1773143901.307827,PC1,0,18,0.47951,0.82282,-1.00773,0.951318621635437
1773143901.307827,PC1,0,19,0.74444,0.97776,-0.52751,0.8542335033416748
1773143901.307827,PC1,0,20,0.47569,0.77847,-0.9671,0.9579294323921204
1773143901.307827,PC1,0,21,0.73135,0.99113,-0.4896,0.8469567894935608
1773143901.307827,PC1,0,22,0.47379,0.80932,-0.92106,0.9461812376976013
1773143901.307827,PC1,0,23,0.57904,1.36342,0.06538,0.003356412285938859
1773143901.307827,PC1,0,24,0.42127,1.38918,-0.06265,0.0023901909589767456
1773143901.307827,PC1,0,25,0.57769,1.83065,0.1012,0.003921214025467634
1773143901.307827,PC1,0,26,0.43173,1.87311,-0.06293,0.0022194175980985165
1773143901.307827,PC1,0,27,0.55843,2.27531,0.40908,0.0003824861778412014
1773143901.307827,PC1,0,28,0.41329,2.30946,0.13144,9.683734970167279e-05
1773143901.307827,PC1,0,29,0.54542,2.35129,0.42336,0.00026589620392769575
1773143901.307827,PC1,0,30,0.39089,2.38669,0.13876,0.00010695555101847276
1773143901.307827,PC1,0,31,0.60246,2.38645,0.18492,0.0004326355701778084
1773143901.307827,PC1,0,32,0.48526,2.41597,-0.18737,0.0002611620002426207
1773143901.307827,PC1,0,Angle_Elbow_L,116.87,,,
1773143901.307827,PC1,0,Angle_Elbow_R,91.4,,,
1773143901.307827,PC1,0,Angle_Shoulder_L,128.37,,,
1773143901.307827,PC1,0,Angle_Shoulder_R,131.45,,,
1773143901.307827,PC1,0,Length_UpperArm_L,0.3055,,,
1773143901.307827,PC1,0,Length_LowerArm_L,0.3323,,,
1773143901.307827,PC1,0,Length_UpperArm_R,0.5117,,,
1773143901.307827,PC1,0,Length_LowerArm_R,0.5048,,,
1773143901.307827,PC1,0,Width_Shoulder,0.3166,,,
1773143901.307956,PC1,0,0,0.56558,0.5748,-0.47526,0.998924732208252
1773143901.307956,PC1,0,1,0.56849,0.52487,-0.43986,0.998148500919342
1773143901.307956,PC1,0,2,0.57399,0.52415,-0.4399,0.9981500506401062
1773143901.307956,PC1,0,3,0.57877,0.52377,-0.43995,0.9979531764984131
1773143901.307956,PC1,0,4,0.54368,0.52534,-0.46922,0.9985041618347168
1773143901.307956,PC1,0,5,0.53144,0.52537,-0.46894,0.9986904263496399
1773143901.307956,PC1,0,6,0.51847,0.52619,-0.46903,0.9987011551856995
1773143901.307956,PC1,0,7,0.56764,0.53892,-0.19016,0.9982513189315796
1773143901.307956,PC1,0,8,0.48343,0.54369,-0.29872,0.9988964200019836
1773143901.307956,PC1,0,9,0.56939,0.62643,-0.37596,0.9988325834274292
1773143901.307956,PC1,0,10,0.54317,0.63259,-0.41172,0.9991657733917236
1773143901.307956,PC1,0,11,0.63386,0.75105,-0.01415,0.9986075162887573
1773143901.307956,PC1,0,12,0.38306,0.77547,-0.21997,0.9963518381118774
1773143901.307956,PC1,0,13,0.792,0.97702,-0.18346,0.7337977886199951
1773143901.307956,PC1,0,14,0.32597,1.18985,-0.52145,0.8835000395774841
1773143901.307956,PC1,0,15,0.739,0.98575,-0.53022,0.8739221096038818
1773143901.307956,PC1,0,16,0.44851,0.90751,-0.90836,0.9737680554389954
1773143901.307956,PC1,0,17,0.73707,0.97424,-0.59599,0.820800244808197
1773143901.307956,PC1,0,18,0.48651,0.82693,-0.98121,0.9502314329147339
1773143901.307956,PC1,0,19,0.70988,0.94906,-0.55345,0.8502596020698547
1773143901.307956,PC1,0,20,0.48068,0.78203,-0.93736,0.9569226503372192
1773143901.307956,PC1,0,21,0.69972,0.96919,-0.52497,0.8411644697189331
1773143901.307956,PC1,0,22,0.4785,0.81254,-0.89619,0.9444620013237
1773143901.307956,PC1,0,23,0.57904,1.36342,0.06538,0.0031773820519447327
1773143901.307956,PC1,0,24,0.42127,1.38918,-0.06265,0.0022682268172502518
1773143901.307956,PC1,0,25,0.57769,1.83065,0.1012,0.004126605577766895
1773143901.307956,PC1,0,26,0.43173,1.87311,-0.06293,0.0022418913431465626
1773143901.307956,PC1,0,27,0.55843,2.27531,0.40908,0.0003972680715378374
1773143901.307956,PC1,0,28,0.41329,2.30946,0.13144,9.153193241218105e-05
1773143901.307956,PC1,0,29,0.54542,2.35129,0.42336,0.0002729526604525745
1773143901.307956,PC1,0,30,0.39089,2.38669,0.13876,0.00010427051893202588
1773143901.307956,PC1,0,31,0.60246,2.38645,0.18492,0.00045015692012384534
1773143901.307956,PC1,0,32,0.48526,2.41597,-0.18737,0.00025627005379647017
1773143901.307956,PC1,0,Angle_Elbow_L,117.42,,,
1773143901.307956,PC1,0,Angle_Elbow_R,88.35,,,
1773143901.307956,PC1,0,Angle_Shoulder_L,125.44,,,
1773143901.307956,PC1,0,Angle_Shoulder_R,132.81,,,
1773143901.307956,PC1,0,Length_UpperArm_L,0.3236,,,
1773143901.307956,PC1,0,Length_LowerArm_L,0.3509,,,
1773143901.307956,PC1,0,Length_UpperArm_R,0.5156,,,
1773143901.307956,PC1,0,Length_LowerArm_R,0.4944,,,
1773143901.307956,PC1,0,Width_Shoulder,0.3254,,,
