Timestamp,Source,Person,Key,Value_X,Value_Y,Value_Z,Conf
1773144493.704648,PC1,0,0,0.5493,0.5124,-0.78824,0.9996381998062134
1773144493.704648,PC1,0,1,0.5749,0.44715,-0.75767,0.9992283582687378
1773144493.704648,PC1,0,2,0.5895,0.45091,-0.75768,0.9992771744728088
1773144493.704648,PC1,0,3,0.60358,0.45606,-0.75781,0.9990963339805603
1773144493.704648,PC1,0,4,0.52936,0.43913,-0.76286,0.9993606209754944
1773144493.704648,PC1,0,5,0.51257,0.43727,-0.76251,0.9994463324546814
1773144493.704648,PC1,0,6,0.4973,0.43661,-0.76273,0.9993997812271118
1773144493.704648,PC1,0,7,0.62453,0.48595,-0.47816,0.999172031879425
1773144493.704648,PC1,0,8,0.47626,0.46652,-0.49204,0.9995259642601013
1773144493.704648,PC1,0,9,0.56911,0.59523,-0.67597,0.9995548129081726
1773144493.704648,PC1,0,10,0.51831,0.58521,-0.67975,0.9997405409812927
1773144493.704648,PC1,0,11,0.70803,0.75737,-0.26982,0.9962907433509827
1773144493.704648,PC1,0,12,0.36676,0.80378,-0.32615,0.9950684905052185
1773144493.704648,PC1,0,13,0.84118,0.9262,0.04639,0.26451924443244934
1773144493.704648,PC1,0,14,0.32926,1.23404,-0.46554,0.2136593759059906
1773144493.704648,PC1,0,15,0.87345,1.03407,-0.53105,0.07450434565544128
1773144493.704648,PC1,0,16,0.24295,1.3772,-0.7064,0.08866939693689346
1773144493.704648,PC1,0,17,0.8833,1.11573,-0.62327,0.09546825289726257
1773144493.704648,PC1,0,18,0.56283,1.09398,-0.88691,0.11948642134666443
1773144493.704648,PC1,0,19,0.84936,1.14612,-0.6298,0.14674989879131317
1773144493.704648,PC1,0,20,0.57596,1.11423,-0.91894,0.1779116839170456
1773144493.704648,PC1,0,21,0.83189,1.13831,-0.55541,0.1454542726278305
1773144493.704648,PC1,0,22,0.59509,0.98923,-0.89978,0.16664032638072968
1773144493.704648,PC1,0,23,0.56772,1.3717,-0.01291,0.001081396359950304
1773144493.704648,PC1,0,24,0.394,1.38295,0.01593,0.0008259473834186792
1773144493.704648,PC1,0,25,0.5607,1.86368,-0.13913,0.004375452175736427
1773144493.704648,PC1,0,26,0.4018,1.86516,-0.11736,0.0013978302013128996
1773144493.704648,PC1,0,27,0.55818,2.31042,0.09934,0.00030260891071520746
1773144493.704648,PC1,0,28,0.40365,2.30909,0.00643,9.163557842839509e-05
1773144493.704648,PC1,0,29,0.55801,2.38347,0.10522,0.00021472584921866655
1773144493.704648,PC1,0,30,0.40007,2.38661,0.00876,0.00014902280236128718
1773144493.704648,PC1,0,31,0.54401,2.4522,-0.20333,0.0003501815372146666
1773144493.704648,PC1,0,32,0.42834,2.43646,-0.3325,0.00035555296926759183
1773144493.704648,PC1,0,Width_Shoulder,0.349,,,
1773144493.744833,PC1,0,0,0.5496,0.51273,-0.77574,0.9996382594108582
1773144493.744833,PC1,0,1,0.57501,0.44749,-0.74486,0.999190628528595
1773144493.744833,PC1,0,2,0.58962,0.45122,-0.7449,0.9992584586143494
1773144493.744833,PC1,0,3,0.60369,0.4563,-0.74507,0.9990513324737549
1773144493.744833,PC1,0,4,0.52959,0.43949,-0.75184,0.9993329644203186
1773144493.744833,PC1,0,5,0.51268,0.43762,-0.75148,0.9994343519210815
1773144493.744833,PC1,0,6,0.49742,0.437,-0.75173,0.999374270439148
1773144493.744833,PC1,0,7,0.62435,0.48598,-0.46727,0.999130129814148
1773144493.744833,PC1,0,8,0.47616,0.46679,-0.48698,0.9995219707489014
1773144493.744833,PC1,0,9,0.56922,0.59538,-0.66417,0.9995539784431458
1773144493.744833,PC1,0,10,0.51847,0.5856,-0.66976,0.9997431635856628
1773144493.744833,PC1,0,11,0.70793,0.75679,-0.25576,0.9964352250099182
1773144493.744833,PC1,0,12,0.36673,0.80439,-0.32577,0.9953099489212036
1773144493.744833,PC1,0,13,0.84118,0.9262,0.04639,0.2609270215034485
1773144493.744833,PC1,0,14,0.32926,1.23404,-0.46554,0.2254953533411026
1773144493.744833,PC1,0,15,0.87345,1.03407,-0.53105,0.07218753546476364
1773144493.744833,PC1,0,16,0.24295,1.3772,-0.7064,0.08879023045301437
1773144493.744833,PC1,0,17,0.8833,1.11573,-0.62327,0.09228556603193283
1773144493.744833,PC1,0,18,0.56283,1.09398,-0.88691,0.11671766638755798
1773144493.744833,PC1,0,19,0.84936,1.14612,-0.6298,0.14275550842285156
1773144493.744833,PC1,0,20,0.57596,1.11423,-0.91894,0.17447464168071747
1773144493.744833,PC1,0,21,0.83189,1.13831,-0.55541,0.14122815430164337
1773144493.744833,PC1,0,22,0.59509,0.98923,-0.89978,0.16345621645450592
1773144493.744833,PC1,0,23,0.56772,1.3717,-0.01291,0.0010847612284123898
1773144493.744833,PC1,0,24,0.394,1.38295,0.01593,0.0008142742444761097
1773144493.744833,PC1,0,25,0.5607,1.86368,-0.13913,0.004580003675073385
1773144493.744833,PC1,0,26,0.4018,1.86516,-0.11736,0.0014399117790162563
1773144493.744833,PC1,0,27,0.55818,2.31042,0.09934,0.0003628450504038483
1773144493.744833,PC1,0,28,0.40365,2.30909,0.00643,9.615757153369486e-05
1773144493.744833,PC1,0,29,0.55801,2.38347,0.10522,0.0002605761692393571
1773144493.744833,PC1,0,30,0.40007,2.38661,0.00876,0.00016072375001385808
1773144493.744833,PC1,0,31,0.54401,2.4522,-0.20333,0.0003816924290731549
1773144493.744833,PC1,0,32,0.42834,2.43646,-0.3325,0.00035406669485382736
1773144493.744833,PC1,0,Width_Shoulder,0.3515,,,
1773144493.784472,PC1,0,0,0.55007,0.51299,-0.74715,0.999671459197998
1773144493.784472,PC1,0,1,0.5752,0.44782,-0.71596,0.9992649555206299
1773144493.784472,PC1,0,2,0.5898,0.45157,-0.71596,0.9993260502815247
1773144493.784472,PC1,0,3,0.60386,0.45657,-0.71611,0.9991393089294434
1773144493.784472,PC1,0,4,0.52996,0.43976,-0.72258,0.9993934631347656
1773144493.784472,PC1,0,5,0.51289,0.43781,-0.72217,0.9994844198226929
1773144493.784472,PC1,0,6,0.49759,0.43711,-0.72238,0.9994298815727234
1773144493.784472,PC1,0,7,0.62424,0.48599,-0.44263,0.9992098212242126
1773144493.784472,PC1,0,8,0.47609,0.46694,-0.46049,0.9995639324188232
1773144493.784472,PC1,0,9,0.56949,0.5955,-0.63774,0.9995936155319214
1773144493.784472,PC1,0,10,0.51868,0.5859,-0.64282,0.9997649192810059
1773144493.784472,PC1,0,11,0.70792,0.75631,-0.24222,0.9967460036277771
1773144493.784472,PC1,0,12,0.36639,0.80487,-0.31061,0.9956908822059631
1773144493.784472,PC1,0,13,0.84118,0.9262,0.04639,0.2564285695552826
1773144493.784472,PC1,0,14,0.32926,1.23404,-0.46554,0.21463289856910706
1773144493.784472,PC1,0,15,0.87345,1.03407,-0.53105,0.0742940753698349
1773144493.784472,PC1,0,16,0.24295,1.3772,-0.7064,0.08547351509332657
1773144493.784472,PC1,0,17,0.8833,1.11573,-0.62327,0.09562776982784271
1773144493.784472,PC1,0,18,0.56283,1.09398,-0.88691,0.11412324756383896
1773144493.784472,PC1,0,19,0.84936,1.14612,-0.6298,0.14883215725421906
1773144493.784472,PC1,0,20,0.57596,1.11423,-0.91894,0.17153418064117432
1773144493.784472,PC1,0,21,0.83189,1.13831,-0.55541,0.14779597520828247
1773144493.784472,PC1,0,22,0.59509,0.98923,-0.89978,0.1614949107170105
1773144493.784472,PC1,0,23,0.56772,1.3717,-0.01291,0.001054749358445406
1773144493.784472,PC1,0,24,0.394,1.38295,0.01593,0.0007902735378593206
1773144493.784472,PC1,0,25,0.5607,1.86368,-0.13913,0.004157546907663345
1773144493.784472,PC1,0,26,0.4018,1.86516,-0.11736,0.0013064263621345162
1773144493.784472,PC1,0,27,0.55818,2.31042,0.09934,0.00032876268960535526
1773144493.784472,PC1,0,28,0.40365,2.30909,0.00643,8.672614785609767e-05
1773144493.784472,PC1,0,29,0.55801,2.38347,0.10522,0.0002368769346503541
1773144493.784472,PC1,0,30,0.40007,2.38661,0.00876,0.00014506095612887293
1773144493.784472,PC1,0,31,0.54401,2.4522,-0.20333,0.0003468555223662406
1773144493.784472,PC1,0,32,0.42834,2.43646,-0.3325,0.00031982356449589133
1773144493.784472,PC1,0,Width_Shoulder,0.3517,,,
1773144493.863735,PC1,0,0,0.5508,0.51319,-0.77305,0.9996834397315979
1773144493.863735,PC1,0,1,0.57551,0.44824,-0.74152,0.9992715120315552
1773144493.863735,PC1,0,2,0.59005,0.45203,-0.7415,0.9993403553962708
1773144493.863735,PC1,0,3,0.60408,0.45688,-0.74163,0.9991514086723328
1773144493.863735,PC1,0,4,0.53041,0.4397,-0.74964,0.9994013905525208
1773144493.863735,PC1,0,5,0.51323,0.43751,-0.7492,0.9994985461235046
1773144493.863735,PC1,0,6,0.49776,0.4367,-0.7494,0.9994409084320068
1773144493.863735,PC1,0,7,0.62401,0.48586,-0.46651,0.99920654296875
1773144493.863735,PC1,0,8,0.47569,0.46704,-0.49189,0.9995835423469543
1773144493.863735,PC1,0,9,0.56988,0.59557,-0.66296,0.9996019601821899
1773144493.863735,PC1,0,10,0.51901,0.58605,-0.67005,0.9997737407684326
1773144493.863735,PC1,0,11,0.70736,0.75529,-0.25649,0.996921181678772
1773144493.863735,PC1,0,12,0.36416,0.80577,-0.34041,0.9960224032402039
1773144493.863735,PC1,0,13,0.84118,0.9262,0.04639,0.2452974021434784
1773144493.863735,PC1,0,14,0.32926,1.23404,-0.46554,0.21791404485702515
1773144493.863735,PC1,0,15,0.87345,1.03407,-0.53105,0.07340122014284134
1773144493.863735,PC1,0,16,0.24295,1.3772,-0.7064,0.08348359912633896
1773144493.863735,PC1,0,17,0.8833,1.11573,-0.62327,0.09572021663188934
1773144493.863735,PC1,0,18,0.56283,1.09398,-0.88691,0.11077391356229782
1773144493.863735,PC1,0,19,0.84936,1.14612,-0.6298,0.14977838099002838
1773144493.863735,PC1,0,20,0.57596,1.11423,-0.91894,0.1678435057401657
1773144493.863735,PC1,0,21,0.83189,1.13831,-0.55541,0.14830124378204346
1773144493.863735,PC1,0,22,0.59509,0.98923,-0.89978,0.15812917053699493
1773144493.863735,PC1,0,23,0.56772,1.3717,-0.01291,0.0009531998657621443
1773144493.863735,PC1,0,24,0.394,1.38295,0.01593,0.0007125774282030761
1773144493.863735,PC1,0,25,0.5607,1.86368,-0.13913,0.003736790269613266
1773144493.863735,PC1,0,26,0.4018,1.86516,-0.11736,0.0011631683446466923
1773144493.863735,PC1,0,27,0.55818,2.31042,0.09934,0.00030541312298737466
1773144493.863735,PC1,0,28,0.40365,2.30909,0.00643,7.52658088458702e-05
1773144493.863735,PC1,0,29,0.55801,2.38347,0.10522,0.0002207883371738717
1773144493.863735,PC1,0,30,0.40007,2.38661,0.00876,0.0001267435000045225
1773144493.863735,PC1,0,31,0.54401,2.4522,-0.20333,0.0003198712947778404
1773144493.863735,PC1,0,32,0.42834,2.43646,-0.3325,0.00027785240672528744
1773144493.863735,PC1,0,Width_Shoulder,0.3569,,,
1773144493.943021,PC1,0,0,0.55127,0.51299,-0.8117,0.9994566440582275
1773144493.943021,PC1,0,1,0.57575,0.44822,-0.77822,0.9987775087356567
1773144493.943021,PC1,0,2,0.59021,0.45202,-0.77828,0.9988512992858887
1773144493.943021,PC1,0,3,0.6042,0.45685,-0.77843,0.9985876679420471
1773144493.943021,PC1,0,4,0.53092,0.4395,-0.78779,0.9990310072898865
1773144493.943021,PC1,0,5,0.51369,0.43727,-0.78744,0.9991812109947205
1773144493.943021,PC1,0,6,0.49806,0.43641,-0.78768,0.9991329908370972
1773144493.943021,PC1,0,7,0.62365,0.48564,-0.492,0.998532235622406
1773144493.943021,PC1,0,8,0.47556,0.46657,-0.52483,0.9992731809616089
1773144493.943021,PC1,0,9,0.57002,0.59528,-0.69716,0.9993147253990173
1773144493.943021,PC1,0,10,0.51927,0.58553,-0.70644,0.9996366500854492
1773144493.943021,PC1,0,11,0.7056,0.75483,-0.27105,0.9961355924606323
1773144493.943021,PC1,0,12,0.36314,0.80505,-0.35309,0.9950541257858276
1773144493.943021,PC1,0,13,0.84118,0.9262,0.04639,0.26353392004966736
1773144493.943021,PC1,0,14,0.32926,1.23404,-0.46554,0.2303832620382309
1773144493.943021,PC1,0,15,0.87345,1.03407,-0.53105,0.07710867375135422
1773144493.943021,PC1,0,16,0.24295,1.3772,-0.7064,0.08310331404209137
1773144493.943021,PC1,0,17,0.8833,1.11573,-0.62327,0.09759397804737091
1773144493.943021,PC1,0,18,0.56283,1.09398,-0.88691,0.10911653190851212
1773144493.943021,PC1,0,19,0.84936,1.14612,-0.6298,0.15104006230831146
1773144493.943021,PC1,0,20,0.57596,1.11423,-0.91894,0.16535083949565887
1773144493.943021,PC1,0,21,0.83189,1.13831,-0.55541,0.14959408342838287
1773144493.943021,PC1,0,22,0.59509,0.98923,-0.89978,0.15570949018001556
1773144493.943021,PC1,0,23,0.56772,1.3717,-0.01291,0.0010200828546658158
1773144493.943021,PC1,0,24,0.394,1.38295,0.01593,0.0007438408792950213
1773144493.943021,PC1,0,25,0.5607,1.86368,-0.13913,0.004103068727999926
1773144493.943021,PC1,0,26,0.4018,1.86516,-0.11736,0.0013262109132483602
1773144493.943021,PC1,0,27,0.55818,2.31042,0.09934,0.0003259300719946623
1773144493.943021,PC1,0,28,0.40365,2.30909,0.00643,9.516973659629002e-05
1773144493.943021,PC1,0,29,0.55801,2.38347,0.10522,0.00023395697644446045
1773144493.943021,PC1,0,30,0.40007,2.38661,0.00876,0.0001615565997781232
1773144493.943021,PC1,0,31,0.54401,2.4522,-0.20333,0.0003506256325636059
1773144493.943021,PC1,0,32,0.42834,2.43646,-0.3325,0.0003244431864004582
1773144493.943021,PC1,0,Width_Shoulder,0.3557,,,
1773144494.022741,PC1,0,0,0.55167,0.51254,-0.79448,0.9995414018630981
1773144494.022741,PC1,0,1,0.57581,0.44807,-0.76026,0.9989752769470215
1773144494.022741,PC1,0,2,0.59017,0.4519,-0.7603,0.9990383982658386
1773144494.022741,PC1,0,3,0.6041,0.45669,-0.76045,0.9988170266151428
1773144494.022741,PC1,0,4,0.53154,0.43879,-0.76957,0.999183177947998
1773144494.022741,PC1,0,5,0.51426,0.43634,-0.7692,0.9993093609809875
1773144494.022741,PC1,0,6,0.49841,0.43529,-0.76943,0.9992659687995911
1773144494.022741,PC1,0,7,0.62292,0.485,-0.47659,0.9987756609916687
1773144494.022741,PC1,0,8,0.47499,0.4656,-0.51553,0.9993844032287598
1773144494.022741,PC1,0,9,0.56979,0.59457,-0.68156,0.9994234442710876
1773144494.022741,PC1,0,10,0.5193,0.58426,-0.69071,0.9996908903121948
1773144494.022741,PC1,0,11,0.70312,0.75374,-0.2623,0.9966951608657837
1773144494.022741,PC1,0,12,0.36147,0.80398,-0.33838,0.9955270886421204
1773144494.022741,PC1,0,13,0.84118,0.9262,0.04639,0.27920466661453247
1773144494.022741,PC1,0,14,0.32926,1.23404,-0.46554,0.24411499500274658
1773144494.022741,PC1,0,15,0.87345,1.03407,-0.53105,0.0862758457660675
1773144494.022741,PC1,0,16,0.24295,1.3772,-0.7064,0.09709980338811874
1773144494.022741,PC1,0,17,0.8833,1.11573,-0.62327,0.10690872371196747
1773144494.022741,PC1,0,18,0.56283,1.09398,-0.88691,0.12267834693193436
1773144494.022741,PC1,0,19,0.84936,1.14612,-0.6298,0.16531525552272797
1773144494.022741,PC1,0,20,0.57596,1.11423,-0.91894,0.18374969065189362
1773144494.022741,PC1,0,21,0.83189,1.13831,-0.55541,0.16309267282485962
1773144494.022741,PC1,0,22,0.59509,0.98923,-0.89978,0.17161457240581512
1773144494.022741,PC1,0,23,0.56772,1.3717,-0.01291,0.001025210483931005
1773144494.022741,PC1,0,24,0.394,1.38295,0.01593,0.000733027933165431
1773144494.022741,PC1,0,25,0.5607,1.86368,-0.13913,0.003968780394643545
1773144494.022741,PC1,0,26,0.4018,1.86516,-0.11736,0.001257111201994121
1773144494.022741,PC1,0,27,0.55818,2.31042,0.09934,0.0003363165305927396
1773144494.022741,PC1,0,28,0.40365,2.30909,0.00643,8.293277642223984e-05
1773144494.022741,PC1,0,29,0.55801,2.38347,0.10522,0.00024058295821305364
1773144494.022741,PC1,0,30,0.40007,2.38661,0.00876,0.00014227356587070972
1773144494.022741,PC1,0,31,0.54401,2.4522,-0.20333,0.00033392859040759504
1773144494.022741,PC1,0,32,0.42834,2.43646,-0.3325,0.00028252872289158404
1773144494.022741,PC1,0,Width_Shoulder,0.3536,,,
1773144494.191819,PC1,0,0,0.55365,0.51043,-0.90395,0.9983643889427185
1773144494.191819,PC1,0,1,0.57576,0.44732,-0.86461,0.9960013628005981
1773144494.191819,PC1,0,2,0.5895,0.45109,-0.86487,0.9959319829940796
1773144494.191819,PC1,0,3,0.60291,0.45544,-0.86503,0.9952297806739807
1773144494.191819,PC1,0,4,0.5331,0.43715,-0.87715,0.9972545504570007
1773144494.191819,PC1,0,5,0.51587,0.43429,-0.87695,0.9975718855857849
1773144494.191819,PC1,0,6,0.49953,0.43298,-0.87729,0.9976107478141785
1773144494.191819,PC1,0,7,0.61794,0.48154,-0.5434,0.9945924878120422
1773144494.191819,PC1,0,8,0.47309,0.46346,-0.59149,0.9979116320610046
1773144494.191819,PC1,0,9,0.56943,0.5897,-0.77614,0.9976677298545837
1773144494.191819,PC1,0,10,0.52083,0.58012,-0.78894,0.9989156126976013
1773144494.191819,PC1,0,11,0.69344,0.74518,-0.2645,0.9926928877830505
1773144494.191819,PC1,0,12,0.35943,0.79808,-0.37349,0.9905015826225281
1773144494.191819,PC1,0,13,0.84118,0.9262,0.04639,0.33746394515037537
1773144494.191819,PC1,0,14,0.32926,1.23404,-0.46554,0.31201475858688354
1773144494.191819,PC1,0,15,0.87345,1.03407,-0.53105,0.16366249322891235
1773144494.191819,PC1,0,16,0.24295,1.3772,-0.7064,0.12458548694849014
1773144494.191819,PC1,0,17,0.8833,1.11573,-0.62327,0.17496533691883087
1773144494.191819,PC1,0,18,0.56283,1.09398,-0.88691,0.14092124998569489
1773144494.191819,PC1,0,19,0.84936,1.14612,-0.6298,0.23963181674480438
1773144494.191819,PC1,0,20,0.57596,1.11423,-0.91894,0.20327728986740112
1773144494.191819,PC1,0,21,0.83189,1.13831,-0.55541,0.23776301741600037
1773144494.191819,PC1,0,22,0.59509,0.98923,-0.89978,0.19154545664787292
1773144494.191819,PC1,0,23,0.56772,1.3717,-0.01291,0.0018378825625404716
1773144494.191819,PC1,0,24,0.394,1.38295,0.01593,0.0011689908569678664
1773144494.191819,PC1,0,25,0.5607,1.86368,-0.13913,0.0070870015770196915
1773144494.191819,PC1,0,26,0.4018,1.86516,-0.11736,0.0033211989793926477
1773144494.191819,PC1,0,27,0.55818,2.31042,0.09934,0.0005978514673188329
1773144494.191819,PC1,0,28,0.40365,2.30909,0.00643,0.0002585254842415452
1773144494.191819,PC1,0,29,0.55801,2.38347,0.10522,0.00038594211218878627
1773144494.191819,PC1,0,30,0.40007,2.38661,0.00876,0.0004742197343148291
1773144494.191819,PC1,0,31,0.54401,2.4522,-0.20333,0.0006664693937636912
1773144494.191819,PC1,0,32,0.42834,2.43646,-0.3325,0.0008697813609614968
1773144494.191819,PC1,0,Width_Shoulder,0.3553,,,
1773144494.286564,PC1,0,0,0.55537,0.50984,-0.93273,0.998080849647522
1773144494.286564,PC1,0,1,0.57602,0.44719,-0.89341,0.9954169392585754
1773144494.286564,PC1,0,2,0.58951,0.45082,-0.89367,0.9952690601348877
1773144494.286564,PC1,0,3,0.60275,0.45498,-0.89384,0.9945360422134399
1773144494.286564,PC1,0,4,0.53421,0.43723,-0.90791,0.9968603849411011
1773144494.286564,PC1,0,5,0.5172,0.43447,-0.90776,0.9971857070922852
1773144494.286564,PC1,0,6,0.50074,0.43329,-0.9081,0.9972467422485352
1773144494.286564,PC1,0,7,0.61617,0.48015,-0.56689,0.9938532710075378
1773144494.286564,PC1,0,8,0.47293,0.4631,-0.62382,0.9975555539131165
1773144494.286564,PC1,0,9,0.57004,0.58854,-0.80219,0.9972167611122131
1773144494.286564,PC1,0,10,0.52369,0.57936,-0.81774,0.9986845850944519
1773144494.286564,PC1,0,11,0.69109,0.74093,-0.27342,0.9918760657310486
1773144494.286564,PC1,0,12,0.36004,0.79412,-0.40072,0.988380491733551
1773144494.286564,PC1,0,13,0.84118,0.9262,0.04639,0.3477660119533539
1773144494.286564,PC1,0,14,0.32926,1.23404,-0.46554,0.30857568979263306
1773144494.286564,PC1,0,15,0.87345,1.03407,-0.53105,0.1797485053539276
1773144494.286564,PC1,0,16,0.24295,1.3772,-0.7064,0.1219077929854393
1773144494.286564,PC1,0,17,0.8833,1.11573,-0.62327,0.18937630951404572
1773144494.286564,PC1,0,18,0.56283,1.09398,-0.88691,0.1379941701889038
1773144494.286564,PC1,0,19,0.84936,1.14612,-0.6298,0.2551521956920624
1773144494.286564,PC1,0,20,0.57596,1.11423,-0.91894,0.1988268941640854
1773144494.286564,PC1,0,21,0.83189,1.13831,-0.55541,0.25325265526771545
1773144494.286564,PC1,0,22,0.59509,0.98923,-0.89978,0.18727712333202362
1773144494.286564,PC1,0,23,0.56772,1.3717,-0.01291,0.0018290089210495353
1773144494.286564,PC1,0,24,0.394,1.38295,0.01593,0.0011520107509568334
1773144494.286564,PC1,0,25,0.5607,1.86368,-0.13913,0.007044599857181311
1773144494.286564,PC1,0,26,0.4018,1.86516,-0.11736,0.003379793604835868
1773144494.286564,PC1,0,27,0.55818,2.31042,0.09934,0.0005986900650896132
1773144494.286564,PC1,0,28,0.40365,2.30909,0.00643,0.0002716378076002002
1773144494.286564,PC1,0,29,0.55801,2.38347,0.10522,0.00037954316940158606
1773144494.286564,PC1,0,30,0.40007,2.38661,0.00876,0.0004945488180965185
1773144494.286564,PC1,0,31,0.54401,2.4522,-0.20333,0.000702543358784169
1773144494.286564,PC1,0,32,0.42834,2.43646,-0.3325,0.0009574613650329411
1773144494.286564,PC1,0,Width_Shoulder,0.3586,,,
1773144494.335729,PC1,0,0,0.5596,0.50906,-0.90956,0.997806966304779
1773144494.335729,PC1,0,1,0.57758,0.44692,-0.86875,0.9952110052108765
1773144494.335729,PC1,0,2,0.59036,0.45028,-0.86902,0.9951244592666626
1773144494.335729,PC1,0,3,0.60301,0.45409,-0.86918,0.9944201707839966
1773144494.335729,PC1,0,4,0.53717,0.4373,-0.88763,0.9965969920158386
1773144494.335729,PC1,0,5,0.52021,0.43468,-0.88751,0.9969576597213745
1773144494.335729,PC1,0,6,0.50362,0.4337,-0.88785,0.9969625473022461
1773144494.335729,PC1,0,7,0.61431,0.47864,-0.5409,0.9938786029815674
1773144494.335729,PC1,0,8,0.47348,0.46311,-0.61872,0.9973974823951721
1773144494.335729,PC1,0,9,0.57281,0.58656,-0.77871,0.9970637559890747
1773144494.335729,PC1,0,10,0.52915,0.57872,-0.8001,0.9985647201538086
1773144494.335729,PC1,0,11,0.68927,0.73682,-0.25387,0.991774320602417
1773144494.335729,PC1,0,12,0.36135,0.79163,-0.41112,0.9853096008300781
1773144494.335729,PC1,0,13,0.84118,0.9262,0.04639,0.35426613688468933
1773144494.335729,PC1,0,14,0.32926,1.23404,-0.46554,0.3055955469608307
1773144494.335729,PC1,0,15,0.87345,1.03407,-0.53105,0.20335331559181213
1773144494.335729,PC1,0,16,0.24295,1.3772,-0.7064,0.12109696865081787
1773144494.335729,PC1,0,17,0.8833,1.11573,-0.62327,0.2110777199268341
1773144494.335729,PC1,0,18,0.56283,1.09398,-0.88691,0.13587349653244019
1773144494.335729,PC1,0,19,0.84936,1.14612,-0.6298,0.276741623878479
1773144494.335729,PC1,0,20,0.57596,1.11423,-0.91894,0.19445256888866425
1773144494.335729,PC1,0,21,0.83189,1.13831,-0.55541,0.27550220489501953
1773144494.335729,PC1,0,22,0.59509,0.98923,-0.89978,0.1825575828552246
1773144494.335729,PC1,0,23,0.56772,1.3717,-0.01291,0.0019636156503111124
1773144494.335729,PC1,0,24,0.394,1.38295,0.01593,0.0011909616878256202
1773144494.335729,PC1,0,25,0.5607,1.86368,-0.13913,0.007139354012906551
1773144494.335729,PC1,0,26,0.4018,1.86516,-0.11736,0.0034608591813594103
1773144494.335729,PC1,0,27,0.55818,2.31042,0.09934,0.0006515154964290559
1773144494.335729,PC1,0,28,0.40365,2.30909,0.00643,0.0002769959974102676
1773144494.335729,PC1,0,29,0.55801,2.38347,0.10522,0.0004314170510042459
1773144494.335729,PC1,0,30,0.40007,2.38661,0.00876,0.0005051756743341684
1773144494.335729,PC1,0,31,0.54401,2.4522,-0.20333,0.0007895208545960486
1773144494.335729,PC1,0,32,0.42834,2.43646,-0.3325,0.000988492276519537
1773144494.335729,PC1,0,Width_Shoulder,0.3678,,,
1773144494.3757079,PC1,0,0,0.57199,0.5079,-0.83625,0.9973825812339783
1773144494.3757079,PC1,0,1,0.5845,0.44653,-0.79692,0.9945033192634583
1773144494.3757079,PC1,0,2,0.59523,0.44933,-0.79714,0.9944464564323425
1773144494.3757079,PC1,0,3,0.60567,0.4521,-0.7973,0.9937081336975098
1773144494.3757079,PC1,0,4,0.54762,0.43824,-0.82152,0.9960891008377075
1773144494.3757079,PC1,0,5,0.53139,0.43591,-0.82143,0.9965460300445557
1773144494.3757079,PC1,0,6,0.51458,0.4352,-0.82173,0.9964583516120911
1773144494.3757079,PC1,0,7,0.61081,0.47387,-0.49124,0.9933151006698608
1773144494.3757079,PC1,0,8,0.47834,0.46306,-0.59507,0.9969878196716309
1773144494.3757079,PC1,0,9,0.58102,0.58285,-0.71473,0.9967644810676575
1773144494.3757079,PC1,0,10,0.54282,0.57788,-0.74351,0.9983552098274231
1773144494.3757079,PC1,0,11,0.68603,0.72638,-0.2274,0.9919252991676331
1773144494.3757079,PC1,0,12,0.3657,0.78575,-0.42878,0.9845751523971558
1773144494.3757079,PC1,0,13,0.84118,0.9262,0.04639,0.36662185192108154
1773144494.3757079,PC1,0,14,0.32926,1.23404,-0.46554,0.2972753942012787
1773144494.3757079,PC1,0,15,0.87345,1.03407,-0.53105,0.23706994950771332
1773144494.3757079,PC1,0,16,0.24295,1.3772,-0.7064,0.11686026304960251
1773144494.3757079,PC1,0,17,0.8833,1.11573,-0.62327,0.2393862009048462
1773144494.3757079,PC1,0,18,0.56283,1.09398,-0.88691,0.13203801214694977
1773144494.3757079,PC1,0,19,0.84936,1.14612,-0.6298,0.304627388715744
1773144494.3757079,PC1,0,20,0.57596,1.11423,-0.91894,0.18779268860816956
1773144494.3757079,PC1,0,21,0.83189,1.13831,-0.55541,0.30406486988067627
1773144494.3757079,PC1,0,22,0.59509,0.98923,-0.89978,0.1764426827430725
1773144494.3757079,PC1,0,23,0.56772,1.3717,-0.01291,0.0022661357652395964
1773144494.3757079,PC1,0,24,0.394,1.38295,0.01593,0.0013408841332420707
1773144494.3757079,PC1,0,25,0.5607,1.86368,-0.13913,0.006835414562374353
1773144494.3757079,PC1,0,26,0.4018,1.86516,-0.11736,0.003372275736182928
1773144494.3757079,PC1,0,27,0.55818,2.31042,0.09934,0.0006565871881321073
1773144494.3757079,PC1,0,28,0.40365,2.30909,0.00643,0.0002693752758204937
1773144494.3757079,PC1,0,29,0.55801,2.38347,0.10522,0.00044723000610247254
1773144494.3757079,PC1,0,30,0.40007,2.38661,0.00876,0.0005124334129504859
1773144494.3757079,PC1,0,31,0.54401,2.4522,-0.20333,0.000820285698864609
1773144494.3757079,PC1,0,32,0.42834,2.43646,-0.3325,0.000976183800958097
1773144494.3757079,PC1,0,Width_Shoulder,0.383,,,
1773144494.415203,PC1,0,0,0.57689,0.50591,-0.76639,0.9974432587623596
1773144494.415203,PC1,0,1,0.58751,0.44519,-0.72688,0.994562029838562
1773144494.415203,PC1,0,2,0.5975,0.44756,-0.72705,0.9945501685142517
1773144494.415203,PC1,0,3,0.60707,0.44988,-0.72719,0.993865966796875
1773144494.415203,PC1,0,4,0.55209,0.43784,-0.75377,0.9961130023002625
1773144494.415203,PC1,0,5,0.53639,0.43579,-0.75367,0.9965739846229553
1773144494.415203,PC1,0,6,0.51982,0.43529,-0.75395,0.996446430683136
1773144494.415203,PC1,0,7,0.60958,0.47127,-0.43866,0.9934046864509583
1773144494.415203,PC1,0,8,0.48189,0.46287,-0.55262,0.9969434142112732
1773144494.415203,PC1,0,9,0.58473,0.5787,-0.65308,0.9967548847198486
1773144494.415203,PC1,0,10,0.54854,0.57552,-0.68476,0.9983260035514832
1773144494.415203,PC1,0,11,0.68454,0.72262,-0.19836,0.9924713373184204
1773144494.415203,PC1,0,12,0.36817,0.78265,-0.41803,0.9854117631912231
1773144494.415203,PC1,0,13,0.84118,0.9262,0.04639,0.3738477826118469
1773144494.415203,PC1,0,14,0.32926,1.23404,-0.46554,0.2817840576171875
1773144494.415203,PC1,0,15,0.87345,1.03407,-0.53105,0.2654580771923065
1773144494.415203,PC1,0,16,0.24295,1.3772,-0.7064,0.11129061132669449
1773144494.415203,PC1,0,17,0.8833,1.11573,-0.62327,0.2673274874687195
1773144494.415203,PC1,0,18,0.56283,1.09398,-0.88691,0.12831342220306396
1773144494.415203,PC1,0,19,0.84936,1.14612,-0.6298,0.33406028151512146
1773144494.415203,PC1,0,20,0.57596,1.11423,-0.91894,0.1816110610961914
1773144494.415203,PC1,0,21,0.83189,1.13831,-0.55541,0.3326346278190613
1773144494.415203,PC1,0,22,0.59509,0.98923,-0.89978,0.17082905769348145
1773144494.415203,PC1,0,23,0.56772,1.3717,-0.01291,0.002223730320110917
1773144494.415203,PC1,0,24,0.394,1.38295,0.01593,0.0013035307638347149
1773144494.415203,PC1,0,25,0.5607,1.86368,-0.13913,0.006255090702325106
1773144494.415203,PC1,0,26,0.4018,1.86516,-0.11736,0.0031237697694450617
1773144494.415203,PC1,0,27,0.55818,2.31042,0.09934,0.0006079174927435815
1773144494.415203,PC1,0,28,0.40365,2.30909,0.00643,0.0002463477139826864
1773144494.415203,PC1,0,29,0.55801,2.38347,0.10522,0.00042102436418645084
1773144494.415203,PC1,0,30,0.40007,2.38661,0.00876,0.000470684259198606
1773144494.415203,PC1,0,31,0.54401,2.4522,-0.20333,0.0007973659667186439
1773144494.415203,PC1,0,32,0.42834,2.43646,-0.3325,0.0008978637051768601
1773144494.415203,PC1,0,Width_Shoulder,0.3898,,,
1773144494.454592,PC1,0,0,0.58097,0.50392,-0.71503,0.9976369142532349
1773144494.454592,PC1,0,1,0.59029,0.44399,-0.67498,0.9949612021446228
1773144494.454592,PC1,0,2,0.59969,0.44601,-0.67511,0.9949528574943542
1773144494.454592,PC1,0,3,0.60857,0.44798,-0.67523,0.9943335652351379
1773144494.454592,PC1,0,4,0.55599,0.43738,-0.70374,0.9963934421539307
1773144494.454592,PC1,0,5,0.54074,0.43555,-0.70363,0.9968168139457703
1773144494.454592,PC1,0,6,0.5244,0.43518,-0.70388,0.9966776967048645
1773144494.454592,PC1,0,7,0.60862,0.46916,-0.39863,0.9939124584197998
1773144494.454592,PC1,0,8,0.48512,0.46247,-0.52052,0.9971266388893127
1773144494.454592,PC1,0,9,0.58783,0.57494,-0.60757,0.997004508972168
1773144494.454592,PC1,0,10,0.55301,0.57287,-0.6416,0.9984380602836609
1773144494.454592,PC1,0,11,0.68311,0.71974,-0.17421,0.9930920600891113
1773144494.454592,PC1,0,12,0.37058,0.78023,-0.41061,0.9863086938858032
1773144494.454592,PC1,0,13,0.84118,0.9262,0.04639,0.4031233489513397
1773144494.454592,PC1,0,14,0.32926,1.23404,-0.46554,0.27276793122291565
1773144494.454592,PC1,0,15,0.87345,1.03407,-0.53105,0.30487310886383057
1773144494.454592,PC1,0,16,0.24295,1.3772,-0.7064,0.10831411182880402
1773144494.454592,PC1,0,17,0.8833,1.11573,-0.62327,0.3025149703025818
1773144494.454592,PC1,0,18,0.56283,1.09398,-0.88691,0.1272687166929245
1773144494.454592,PC1,0,19,0.84936,1.14612,-0.6298,0.37019553780555725
1773144494.454592,PC1,0,20,0.57596,1.11423,-0.91894,0.1788608878850937
1773144494.454592,PC1,0,21,0.83189,1.13831,-0.55541,0.3682336211204529
1773144494.454592,PC1,0,22,0.59509,0.98923,-0.89978,0.16827675700187683
1773144494.454592,PC1,0,23,0.56772,1.3717,-0.01291,0.0025383750908076763
1773144494.454592,PC1,0,24,0.394,1.38295,0.01593,0.0014172742376103997
1773144494.454592,PC1,0,25,0.5607,1.86368,-0.13913,0.0058218445628881454
1773144494.454592,PC1,0,26,0.4018,1.86516,-0.11736,0.0029417620971798897
1773144494.454592,PC1,0,27,0.55818,2.31042,0.09934,0.0005738746258430183
1773144494.454592,PC1,0,28,0.40365,2.30909,0.00643,0.00022897399321664125
1773144494.454592,PC1,0,29,0.55801,2.38347,0.10522,0.0004042955406475812
1773144494.454592,PC1,0,30,0.40007,2.38661,0.00876,0.00044314138358458877
1773144494.454592,PC1,0,31,0.54401,2.4522,-0.20333,0.0007871750276535749
1773144494.454592,PC1,0,32,0.42834,2.43646,-0.3325,0.0008384725661017001
1773144494.454592,PC1,0,Width_Shoulder,0.3965,,,
1773144494.494528,PC1,0,0,0.58546,0.50242,-0.68278,0.9976972341537476
1773144494.494528,PC1,0,1,0.59387,0.44312,-0.64297,0.9950271844863892
1773144494.494528,PC1,0,2,0.60278,0.44481,-0.64308,0.9950183629989624
1773144494.494528,PC1,0,3,0.61108,0.44646,-0.64319,0.9944149851799011
1773144494.494528,PC1,0,4,0.56043,0.43713,-0.67295,0.9964606165885925
1773144494.494528,PC1,0,5,0.54545,0.43543,-0.67283,0.9968786239624023
1773144494.494528,PC1,0,6,0.52933,0.43515,-0.67308,0.9967026114463806
1773144494.494528,PC1,0,7,0.60876,0.46745,-0.37591,0.9940040707588196
1773144494.494528,PC1,0,8,0.48853,0.46215,-0.50269,0.997144341468811
1773144494.494528,PC1,0,9,0.59147,0.57199,-0.57967,0.9971199035644531
1773144494.494528,PC1,0,10,0.55781,0.57088,-0.61525,0.9984853863716125
1773144494.494528,PC1,0,11,0.68198,0.71736,-0.16023,0.9935742020606995
1773144494.494528,PC1,0,12,0.37339,0.7782,-0.40535,0.9871021509170532
1773144494.494528,PC1,0,13,0.84118,0.9262,0.04639,0.43121376633644104
1773144494.494528,PC1,0,14,0.32926,1.23404,-0.46554,0.27133116126060486
1773144494.494528,PC1,0,15,0.87345,1.03407,-0.53105,0.3449743390083313
1773144494.494528,PC1,0,16,0.24295,1.3772,-0.7064,0.10912973433732986
1773144494.494528,PC1,0,17,0.8833,1.11573,-0.62327,0.3372134268283844
1773144494.494528,PC1,0,18,0.56283,1.09398,-0.88691,0.1297331303358078
1773144494.494528,PC1,0,19,0.84936,1.14612,-0.6298,0.4046413004398346
1773144494.494528,PC1,0,20,0.57596,1.11423,-0.91894,0.18061183393001556
1773144494.494528,PC1,0,21,0.83189,1.13831,-0.55541,0.40302571654319763
1773144494.494528,PC1,0,22,0.59509,0.98923,-0.89978,0.17066475749015808
1773144494.494528,PC1,0,23,0.56772,1.3717,-0.01291,0.0028179415967315435
1773144494.494528,PC1,0,24,0.394,1.38295,0.01593,0.0015377659583464265
1773144494.494528,PC1,0,25,0.5607,1.86368,-0.13913,0.0055065578781068325
1773144494.494528,PC1,0,26,0.4018,1.86516,-0.11736,0.0028439071029424667
1773144494.494528,PC1,0,27,0.55818,2.31042,0.09934,0.000553783611394465
1773144494.494528,PC1,0,28,0.40365,2.30909,0.00643,0.00021671441209036857
1773144494.494528,PC1,0,29,0.55801,2.38347,0.10522,0.00039299242780543864
1773144494.494528,PC1,0,30,0.40007,2.38661,0.00876,0.0004277849802747369
1773144494.494528,PC1,0,31,0.54401,2.4522,-0.20333,0.0008093349169939756
1773144494.494528,PC1,0,32,0.42834,2.43646,-0.3325,0.0008017930667847395
1773144494.494528,PC1,0,Width_Shoulder,0.3988,,,
1773144494.69583,PC1,0,0,0.59933,0.49896,-0.60408,0.9979915618896484
1773144494.69583,PC1,0,1,0.60685,0.44141,-0.56412,0.9954915642738342
1773144494.69583,PC1,0,2,0.61469,0.4423,-0.56416,0.9954948425292969
1773144494.69583,PC1,0,3,0.62191,0.44315,-0.56422,0.9949415922164917
1773144494.69583,PC1,0,4,0.57497,0.43683,-0.59688,0.9968467950820923
1773144494.69583,PC1,0,5,0.56038,0.43519,-0.59673,0.9972392916679382
1773144494.69583,PC1,0,6,0.54491,0.4348,-0.59696,0.997018575668335
1773144494.69583,PC1,0,7,0.61374,0.46352,-0.32364,0.9944387078285217
1773144494.69583,PC1,0,8,0.50146,0.46078,-0.46218,0.9974581599235535
1773144494.69583,PC1,0,9,0.60259,0.56529,-0.51319,0.9974843263626099
1773144494.69583,PC1,0,10,0.57109,0.56624,-0.55217,0.9987005591392517
1773144494.69583,PC1,0,11,0.67985,0.71149,-0.13336,0.9948309063911438
1773144494.69583,PC1,0,12,0.37964,0.77347,-0.38898,0.9895760416984558
1773144494.69583,PC1,0,13,0.84118,0.9262,0.04639,0.4416333734989166
1773144494.69583,PC1,0,14,0.32926,1.23404,-0.46554,0.24108704924583435
1773144494.69583,PC1,0,15,0.87345,1.03407,-0.53105,0.4114586412906647
1773144494.69583,PC1,0,16,0.24295,1.3772,-0.7064,0.10163234174251556
1773144494.69583,PC1,0,17,0.8833,1.11573,-0.62327,0.4025731086730957
1773144494.69583,PC1,0,18,0.56283,1.09398,-0.88691,0.12693215906620026
1773144494.69583,PC1,0,19,0.84936,1.14612,-0.6298,0.4729706943035126
1773144494.69583,PC1,0,20,0.57596,1.11423,-0.91894,0.17411603033542633
1773144494.69583,PC1,0,21,0.83189,1.13831,-0.55541,0.47141173481941223
1773144494.69583,PC1,0,22,0.59509,0.98923,-0.89978,0.166391059756279
1773144494.69583,PC1,0,23,0.56772,1.3717,-0.01291,0.003022616496309638
1773144494.69583,PC1,0,24,0.394,1.38295,0.01593,0.0016331847291439772
1773144494.69583,PC1,0,25,0.5607,1.86368,-0.13913,0.004338583908975124
1773144494.69583,PC1,0,26,0.4018,1.86516,-0.11736,0.0023013290483504534
1773144494.69583,PC1,0,27,0.55818,2.31042,0.09934,0.00046229377039708197
1773144494.69583,PC1,0,28,0.40365,2.30909,0.00643,0.00016308369231410325
1773144494.69583,PC1,0,29,0.55801,2.38347,0.10522,0.0003504608466755599
1773144494.69583,PC1,0,30,0.40007,2.38661,0.00876,0.0003380509151611477
1773144494.69583,PC1,0,31,0.54401,2.4522,-0.20333,0.0007714878302067518
1773144494.69583,PC1,0,32,0.42834,2.43646,-0.3325,0.0006242746603675187
1773144494.69583,PC1,0,Width_Shoulder,0.3991,,,
1773144494.82862,PC1,0,0,0.6075,0.49944,-0.59805,0.9979840517044067
1773144494.82862,PC1,0,1,0.61432,0.44219,-0.55661,0.9953424334526062
1773144494.82862,PC1,0,2,0.62134,0.44272,-0.55664,0.995413601398468
1773144494.82862,PC1,0,3,0.62794,0.44326,-0.55669,0.9947659373283386
1773144494.82862,PC1,0,4,0.58375,0.43762,-0.59302,0.9967715740203857
1773144494.82862,PC1,0,5,0.56923,0.4355,-0.5929,0.9972441792488098
1773144494.82862,PC1,0,6,0.55411,0.43428,-0.59312,0.9969046115875244
1773144494.82862,PC1,0,7,0.61646,0.4629,-0.3197,0.99432772397995
1773144494.82862,PC1,0,8,0.50972,0.45931,-0.47481,0.9974744915962219
1773144494.82862,PC1,0,9,0.6087,0.5647,-0.50953,0.9975529313087463
1773144494.82862,PC1,0,10,0.57822,0.56559,-0.55399,0.9987401366233826
1773144494.82862,PC1,0,11,0.67915,0.71103,-0.12952,0.9953979253768921
1773144494.82862,PC1,0,12,0.38108,0.77247,-0.40415,0.9905559420585632
1773144494.82862,PC1,0,13,0.84118,0.9262,0.04639,0.45557907223701477
1773144494.82862,PC1,0,14,0.32926,1.23404,-0.46554,0.23005256056785583
1773144494.82862,PC1,0,15,0.87345,1.03407,-0.53105,0.45050859451293945
1773144494.82862,PC1,0,16,0.24295,1.3772,-0.7064,0.09730081260204315
1773144494.82862,PC1,0,17,0.8833,1.11573,-0.62327,0.43680617213249207
1773144494.82862,PC1,0,18,0.56283,1.09398,-0.88691,0.12433003634214401
1773144494.82862,PC1,0,19,1.01867,1.24453,-0.24909,0.508655309677124
1773144494.82862,PC1,0,20,0.57596,1.11423,-0.91894,0.16885122656822205
1773144494.82862,PC1,0,21,0.98571,1.23828,-0.18064,0.5081359148025513
1773144494.82862,PC1,0,22,0.59509,0.98923,-0.89978,0.16257254779338837
1773144494.82862,PC1,0,23,0.56772,1.3717,-0.01291,0.003015500260517001
1773144494.82862,PC1,0,24,0.394,1.38295,0.01593,0.0016005521174520254
1773144494.82862,PC1,0,25,0.5607,1.86368,-0.13913,0.003480355953797698
1773144494.82862,PC1,0,26,0.4018,1.86516,-0.11736,0.001894271932542324
1773144494.82862,PC1,0,27,0.55818,2.31042,0.09934,0.0003865962498821318
1773144494.82862,PC1,0,28,0.40365,2.30909,0.00643,0.00013119462528266013
1773144494.82862,PC1,0,29,0.55801,2.38347,0.10522,0.0003002253652084619
1773144494.82862,PC1,0,30,0.40007,2.38661,0.00876,0.0002766725665424019
1773144494.82862,PC1,0,31,0.54401,2.4522,-0.20333,0.0007075386820361018
1773144494.82862,PC1,0,32,0.42834,2.43646,-0.3325,0.0005186879425309598
1773144494.82862,PC1,0,Width_Shoulder,0.4099,,,
1773144494.913161,PC1,0,0,0.61075,0.50007,-0.5701,0.9981573224067688
1773144494.913161,PC1,0,1,0.61729,0.44263,-0.53012,0.995686411857605
1773144494.913161,PC1,0,2,0.62408,0.44295,-0.5301,0.9957647323608398
1773144494.913161,PC1,0,3,0.63052,0.44332,-0.53014,0.9951695203781128
1773144494.913161,PC1,0,4,0.5871,0.43796,-0.56553,0.9970291256904602
1773144494.913161,PC1,0,5,0.57263,0.43555,-0.56538,0.997467577457428
1773144494.913161,PC1,0,6,0.55758,0.43385,-0.56561,0.9971573948860168
1773144494.913161,PC1,0,7,0.61794,0.46271,-0.30013,0.9947772026062012
1773144494.913161,PC1,0,8,0.51338,0.4585,-0.45135,0.9976971745491028
1773144494.913161,PC1,0,9,0.61138,0.56517,-0.48377,0.9976897835731506
1773144494.913161,PC1,0,10,0.58103,0.56592,-0.52703,0.9988305568695068
1773144494.913161,PC1,0,11,0.67956,0.71128,-0.11785,0.995684802532196
1773144494.913161,PC1,0,12,0.38089,0.77275,-0.3933,0.9915903806686401
1773144494.913161,PC1,0,13,0.84118,0.9262,0.04639,0.44386693835258484
1773144494.913161,PC1,0,14,0.32926,1.23404,-0.46554,0.2166902869939804
1773144494.913161,PC1,0,15,0.87345,1.03407,-0.53105,0.4332904815673828
1773144494.913161,PC1,0,16,0.24295,1.3772,-0.7064,0.09121120721101761
1773144494.913161,PC1,0,17,0.8833,1.11573,-0.62327,0.4240622818470001
1773144494.913161,PC1,0,18,0.56283,1.09398,-0.88691,0.12067089974880219
1773144494.913161,PC1,0,19,1.01389,1.24744,-0.24993,0.4965740740299225
1773144494.913161,PC1,0,20,0.57596,1.11423,-0.91894,0.16290350258350372
1773144494.913161,PC1,0,21,0.98143,1.24131,-0.18176,0.49698585271835327
1773144494.913161,PC1,0,22,0.59509,0.98923,-0.89978,0.15675808489322662
1773144494.913161,PC1,0,23,0.56772,1.3717,-0.01291,0.0028956192545592785
1773144494.913161,PC1,0,24,0.394,1.38295,0.01593,0.0015648762928321958
1773144494.913161,PC1,0,25,0.5607,1.86368,-0.13913,0.003079103771597147
1773144494.913161,PC1,0,26,0.4018,1.86516,-0.11736,0.0017507276497781277
1773144494.913161,PC1,0,27,0.55818,2.31042,0.09934,0.0003387208271306008
1773144494.913161,PC1,0,28,0.40365,2.30909,0.00643,0.00011399514914955944
1773144494.913161,PC1,0,29,0.55801,2.38347,0.10522,0.0002681289042811841
1773144494.913161,PC1,0,30,0.40007,2.38661,0.00876,0.00023817810870241374
1773144494.913161,PC1,0,31,0.54401,2.4522,-0.20333,0.0006723167025484145
1773144494.913161,PC1,0,32,0.42834,2.43646,-0.3325,0.000453489541541785
1773144494.913161,PC1,0,Width_Shoulder,0.4109,,,
1773144494.99714,PC1,0,0,0.61291,0.50051,-0.56303,0.9982909560203552
1773144494.99714,PC1,0,1,0.61918,0.44293,-0.51921,0.9959730505943298
1773144494.99714,PC1,0,2,0.62584,0.44311,-0.51917,0.9960629343986511
1773144494.99714,PC1,0,3,0.6322,0.44336,-0.51921,0.9955086708068848
1773144494.99714,PC1,0,4,0.58923,0.43821,-0.55846,0.9972244501113892
1773144494.99714,PC1,0,5,0.57483,0.43564,-0.55832,0.9976475834846497
1773144494.99714,PC1,0,6,0.55984,0.43369,-0.55854,0.9973372220993042
1773144494.99714,PC1,0,7,0.61849,0.46287,-0.28402,0.9951793551445007
1773144494.99714,PC1,0,8,0.51564,0.45814,-0.44972,0.9978799819946289
1773144494.99714,PC1,0,9,0.6133,0.56563,-0.47524,0.9978139996528625
1773144494.99714,PC1,0,10,0.5831,0.56636,-0.52272,0.9989042282104492
1773144494.99714,PC1,0,11,0.68008,0.7115,-0.10908,0.9958003759384155
1773144494.99714,PC1,0,12,0.38116,0.77345,-0.40299,0.991887629032135
1773144494.99714,PC1,0,13,0.84118,0.9262,0.04639,0.43135881423950195
1773144494.99714,PC1,0,14,0.32926,1.23404,-0.46554,0.21073658764362335
1773144494.99714,PC1,0,15,0.87345,1.03407,-0.53105,0.43008387088775635
1773144494.99714,PC1,0,16,0.24295,1.3772,-0.7064,0.08855213969945908
1773144494.99714,PC1,0,17,0.8833,1.11573,-0.62327,0.42584028840065
1773144494.99714,PC1,0,18,0.56283,1.09398,-0.88691,0.1192283034324646
1773144494.99714,PC1,0,19,1.02406,1.25206,-0.2321,0.5007394552230835
1773144494.99714,PC1,0,20,0.57596,1.11423,-0.91894,0.16072916984558105
1773144494.99714,PC1,0,21,0.9907,1.2461,-0.16626,0.5020642280578613
1773144494.99714,PC1,0,22,0.59509,0.98923,-0.89978,0.15404629707336426
1773144494.99714,PC1,0,23,0.56772,1.3717,-0.01291,0.002624290995299816
1773144494.99714,PC1,0,24,0.394,1.38295,0.01593,0.0014142782893031836
1773144494.99714,PC1,0,25,0.5607,1.86368,-0.13913,0.0026497668586671352
1773144494.99714,PC1,0,26,0.4018,1.86516,-0.11736,0.0015444598393514752
1773144494.99714,PC1,0,27,0.55818,2.31042,0.09934,0.0002902400738094002
1773144494.99714,PC1,0,28,0.40365,2.30909,0.00643,9.71819317783229e-05
1773144494.99714,PC1,0,29,0.55801,2.38347,0.10522,0.00023281428730115294
1773144494.99714,PC1,0,30,0.40007,2.38661,0.00876,0.00020252457761671394
1773144494.99714,PC1,0,31,0.54401,2.4522,-0.20333,0.0006063623586669564
1773144494.99714,PC1,0,32,0.42834,2.43646,-0.3325,0.00039435870712623
1773144494.99714,PC1,0,Width_Shoulder,0.4238,,,
1773144495.080467,PC1,0,0,0.61483,0.50124,-0.55259,0.9980584383010864
1773144495.080467,PC1,0,1,0.62066,0.44341,-0.50995,0.9955161809921265
1773144495.080467,PC1,0,2,0.62714,0.44348,-0.50992,0.9956923127174377
1773144495.080467,PC1,0,3,0.63339,0.44364,-0.50995,0.9950757026672363
1773144495.080467,PC1,0,4,0.59105,0.43871,-0.55005,0.9969115853309631
1773144495.080467,PC1,0,5,0.57668,0.43611,-0.54993,0.9974189400672913
1773144495.080467,PC1,0,6,0.56169,0.43395,-0.55016,0.9970455169677734
1773144495.080467,PC1,0,7,0.61868,0.46301,-0.27419,0.9948028922080994
1773144495.080467,PC1,0,8,0.5175,0.45781,-0.4446,0.9977501630783081
1773144495.080467,PC1,0,9,0.61464,0.56631,-0.4638,0.9974796772003174
1773144495.080467,PC1,0,10,0.58477,0.56722,-0.51259,0.9987656474113464
1773144495.080467,PC1,0,11,0.68013,0.71085,-0.10146,0.9956427812576294
1773144495.080467,PC1,0,12,0.38174,0.77307,-0.39975,0.9915816187858582
1773144495.080467,PC1,0,13,0.84118,0.9262,0.04639,0.4106808006763458
1773144495.080467,PC1,0,14,0.32926,1.23404,-0.46554,0.20023438334465027
1773144495.080467,PC1,0,15,0.87345,1.03407,-0.53105,0.43479421734809875
1773144495.080467,PC1,0,16,0.24295,1.3772,-0.7064,0.08537504076957703
1773144495.080467,PC1,0,17,0.8833,1.11573,-0.62327,0.4322276711463928
1773144495.080467,PC1,0,18,0.56283,1.09398,-0.88691,0.11688993871212006
1773144495.080467,PC1,0,19,0.99131,1.22968,-0.28612,0.5048955082893372
1773144495.080467,PC1,0,20,0.57596,1.11423,-0.91894,0.1569713056087494
1773144495.080467,PC1,0,21,0.96054,1.22396,-0.21787,0.5069369673728943
1773144495.080467,PC1,0,22,0.59509,0.98923,-0.89978,0.1503009796142578
1773144495.080467,PC1,0,23,0.56772,1.3717,-0.01291,0.0024709971621632576
1773144495.080467,PC1,0,24,0.394,1.38295,0.01593,0.0013336093397811055
1773144495.080467,PC1,0,25,0.5607,1.86368,-0.13913,0.0023284112103283405
1773144495.080467,PC1,0,26,0.4018,1.86516,-0.11736,0.0013733089435845613
1773144495.080467,PC1,0,27,0.55818,2.31042,0.09934,0.0002581396256573498
1773144495.080467,PC1,0,28,0.40365,2.30909,0.00643,8.426426211372018e-05
1773144495.080467,PC1,0,29,0.55801,2.38347,0.10522,0.00021417188690975308
1773144495.080467,PC1,0,30,0.40007,2.38661,0.00876,0.00017582328291609883
1773144495.080467,PC1,0,31,0.54401,2.4522,-0.20333,0.000583153567276895
1773144495.080467,PC1,0,32,0.42834,2.43646,-0.3325,0.0003533691051416099
1773144495.080467,PC1,0,Width_Shoulder,0.4265,,,
1773144495.374368,PC1,0,0,0.61721,0.50199,-0.52309,0.9982495903968811
1773144495.374368,PC1,0,1,0.6226,0.44434,-0.48256,0.9960420727729797
1773144495.374368,PC1,0,2,0.62896,0.44431,-0.48254,0.9962133169174194
1773144495.374368,PC1,0,3,0.63517,0.44442,-0.48259,0.9957050681114197
1773144495.374368,PC1,0,4,0.5932,0.43965,-0.52158,0.9972648024559021
1773144495.374368,PC1,0,5,0.57876,0.43712,-0.52147,0.9976925849914551
1773144495.374368,PC1,0,6,0.56373,0.43483,-0.52169,0.99735027551651
1773144495.374368,PC1,0,7,0.6196,0.4632,-0.25191,0.9954509139060974
1773144495.374368,PC1,0,8,0.51964,0.45737,-0.41963,0.9980055689811707
1773144495.374368,PC1,0,9,0.61637,0.56703,-0.43608,0.9976959228515625
1773144495.374368,PC1,0,10,0.58689,0.56813,-0.48372,0.9988756775856018
1773144495.374368,PC1,0,11,0.68097,0.71054,-0.09019,0.9960241317749023
1773144495.374368,PC1,0,12,0.38254,0.77268,-0.38342,0.9922659993171692
1773144495.374368,PC1,0,13,0.84118,0.9262,0.04639,0.40760841965675354
1773144495.374368,PC1,0,14,0.32926,1.23404,-0.46554,0.1860467791557312
1773144495.374368,PC1,0,15,0.87345,1.03407,-0.53105,0.4689343571662903
1773144495.374368,PC1,0,16,0.24295,1.3772,-0.7064,0.08565806597471237
1773144495.374368,PC1,0,17,0.8833,1.11573,-0.62327,0.4700934886932373
1773144495.374368,PC1,0,18,0.56283,1.09398,-0.88691,0.12186960130929947
1773144495.374368,PC1,0,19,0.95576,1.20972,-0.33963,0.5410968065261841
1773144495.374368,PC1,0,20,0.57596,1.11423,-0.91894,0.16211353242397308
1773144495.374368,PC1,0,21,0.92789,1.20333,-0.26865,0.5422512292861938
1773144495.374368,PC1,0,22,0.59509,0.98923,-0.89978,0.15484726428985596
1773144495.374368,PC1,0,23,0.56772,1.3717,-0.01291,0.002522400813177228
1773144495.374368,PC1,0,24,0.394,1.38295,0.01593,0.00134648394305259
1773144495.374368,PC1,0,25,0.5607,1.86368,-0.13913,0.0019693835638463497
1773144495.374368,PC1,0,26,0.4018,1.86516,-0.11736,0.0011929532047361135
1773144495.374368,PC1,0,27,0.55818,2.31042,0.09934,0.000217345921555534
1773144495.374368,PC1,0,28,0.40365,2.30909,0.00643,6.615055463043973e-05
1773144495.374368,PC1,0,29,0.55801,2.38347,0.10522,0.0001880827621789649
1773144495.374368,PC1,0,30,0.40007,2.38661,0.00876,0.00014007833669893444
1773144495.374368,PC1,0,31,0.54401,2.4522,-0.20333,0.0005591880762949586
1773144495.374368,PC1,0,32,0.42834,2.43646,-0.3325,0.00028862914768978953
1773144495.374368,PC1,0,Width_Shoulder,0.423,,,
1773144495.4142542,PC1,0,0,0.61811,0.50224,-0.57718,0.9976836442947388
1773144495.4142542,PC1,0,1,0.62348,0.44432,-0.52999,0.9952296018600464
1773144495.4142542,PC1,0,2,0.62969,0.4442,-0.53012,0.9953994154930115
1773144495.4142542,PC1,0,3,0.63586,0.4442,-0.53023,0.9948740601539612
1773144495.4142542,PC1,0,4,0.59462,0.4396,-0.57116,0.9965917468070984
1773144495.4142542,PC1,0,5,0.58039,0.43694,-0.57112,0.9971421360969543
1773144495.4142542,PC1,0,6,0.56531,0.4345,-0.57141,0.9967083930969238
1773144495.4142542,PC1,0,7,0.62024,0.46299,-0.27199,0.994596004486084
1773144495.4142542,PC1,0,8,0.52017,0.4567,-0.45006,0.9973644614219666
1773144495.4142542,PC1,0,9,0.61692,0.56738,-0.48025,0.997069776058197
1773144495.4142542,PC1,0,10,0.58775,0.56849,-0.53111,0.9985077381134033
1773144495.4142542,PC1,0,11,0.68176,0.7121,-0.09052,0.9950300455093384
1773144495.4142542,PC1,0,12,0.38505,0.7715,-0.40567,0.9866604804992676
1773144495.4142542,PC1,0,13,0.84118,0.9262,0.04639,0.41899722814559937
1773144495.4142542,PC1,0,14,0.32926,1.23404,-0.46554,0.19024431705474854
1773144495.4142542,PC1,0,15,0.87345,1.03407,-0.53105,0.47632908821105957
1773144495.4142542,PC1,0,16,0.24295,1.3772,-0.7064,0.08459635823965073
1773144495.4142542,PC1,0,17,0.8833,1.11573,-0.62327,0.47401636838912964
1773144495.4142542,PC1,0,18,0.56283,1.09398,-0.88691,0.11853603273630142
1773144495.4142542,PC1,0,19,0.98626,1.1929,-0.35873,0.5454393625259399
1773144495.4142542,PC1,0,20,0.57596,1.11423,-0.91894,0.15813235938549042
1773144495.4142542,PC1,0,21,0.95574,1.1868,-0.28304,0.548103392124176
1773144495.4142542,PC1,0,22,0.59509,0.98923,-0.89978,0.1503453105688095
1773144495.4142542,PC1,0,23,0.56772,1.3717,-0.01291,0.0027483059093356133
1773144495.4142542,PC1,0,24,0.394,1.38295,0.01593,0.001421387423761189
1773144495.4142542,PC1,0,25,0.5607,1.86368,-0.13913,0.002393109258264303
1773144495.4142542,PC1,0,26,0.4018,1.86516,-0.11736,0.0014815002214163542
1773144495.4142542,PC1,0,27,0.55818,2.31042,0.09934,0.00030747760320082307
1773144495.4142542,PC1,0,28,0.40365,2.30909,0.00643,0.00011579179408727214
1773144495.4142542,PC1,0,29,0.55801,2.38347,0.10522,0.00026266087661497295
1773144495.4142542,PC1,0,30,0.40007,2.38661,0.00876,0.00023415945179294795
1773144495.4142542,PC1,0,31,0.54401,2.4522,-0.20333,0.0007954232860356569
1773144495.4142542,PC1,0,32,0.42834,2.43646,-0.3325,0.000522333022672683
1773144495.4142542,PC1,0,Width_Shoulder,0.4369,,,
1773144495.632554,PC1,0,0,0.61838,0.50317,-0.59278,0.9977492690086365
1773144495.632554,PC1,0,1,0.62387,0.44516,-0.55082,0.9951888918876648
1773144495.632554,PC1,0,2,0.63005,0.44501,-0.55088,0.9953067302703857
1773144495.632554,PC1,0,3,0.63618,0.44499,-0.55094,0.9947604537010193
1773144495.632554,PC1,0,4,0.59503,0.44057,-0.5896,0.9966093897819519
1773144495.632554,PC1,0,5,0.58085,0.43789,-0.5895,0.9971335530281067
1773144495.632554,PC1,0,6,0.56579,0.43542,-0.58974,0.9966535568237305
1773144495.632554,PC1,0,7,0.62043,0.46366,-0.30082,0.9944130182266235
1773144495.632554,PC1,0,8,0.52038,0.45722,-0.47722,0.9972635507583618
1773144495.632554,PC1,0,9,0.61728,0.56799,-0.50257,0.997269332408905
1773144495.632554,PC1,0,10,0.58824,0.56923,-0.5496,0.998579204082489
1773144495.632554,PC1,0,11,0.68147,0.71268,-0.11057,0.9955956339836121
1773144495.632554,PC1,0,12,0.38576,0.77193,-0.42618,0.9882596135139465
1773144495.632554,PC1,0,13,0.84118,0.9262,0.04639,0.46372127532958984
1773144495.632554,PC1,0,14,0.32926,1.23404,-0.46554,0.1970852017402649
1773144495.632554,PC1,0,15,0.98686,1.17146,-0.12524,0.5229758024215698
1773144495.632554,PC1,0,16,0.24295,1.3772,-0.7064,0.08793055266141891
1773144495.632554,PC1,0,17,1.04508,1.2328,-0.19745,0.5087815523147583
1773144495.632554,PC1,0,18,0.56283,1.09398,-0.88691,0.12198232114315033
1773144495.632554,PC1,0,19,1.01,1.21822,-0.29804,0.5788657069206238
1773144495.632554,PC1,0,20,0.57596,1.11423,-0.91894,0.1612219661474228
1773144495.632554,PC1,0,21,0.97727,1.21236,-0.22525,0.5810724496841431
1773144495.632554,PC1,0,22,0.59509,0.98923,-0.89978,0.15394741296768188
1773144495.632554,PC1,0,23,0.56772,1.3717,-0.01291,0.0035638553090393543
1773144495.632554,PC1,0,24,0.394,1.38295,0.01593,0.0018078498542308807
1773144495.632554,PC1,0,25,0.5607,1.86368,-0.13913,0.0025411343667656183
1773144495.632554,PC1,0,26,0.4018,1.86516,-0.11736,0.0016090460121631622
1773144495.632554,PC1,0,27,0.55818,2.31042,0.09934,0.0003425145405344665
1773144495.632554,PC1,0,28,0.40365,2.30909,0.00643,0.0001164904679171741
1773144495.632554,PC1,0,29,0.55801,2.38347,0.10522,0.0002843670954462141
1773144495.632554,PC1,0,30,0.40007,2.38661,0.00876,0.0002567423798609525
1773144495.632554,PC1,0,31,0.54401,2.4522,-0.20333,0.0008947175811044872
1773144495.632554,PC1,0,32,0.42834,2.43646,-0.3325,0.0005222236504778266
1773144495.632554,PC1,0,Width_Shoulder,0.4365,,,
1773144495.7633832,PC1,0,0,0.61886,0.50371,-0.58747,0.9973271489143372
1773144495.7633832,PC1,0,1,0.62435,0.44564,-0.54497,0.9946422576904297
1773144495.7633832,PC1,0,2,0.63048,0.44546,-0.54507,0.9948395490646362
1773144495.7633832,PC1,0,3,0.63653,0.44539,-0.54517,0.9942375421524048
1773144495.7633832,PC1,0,4,0.59556,0.4412,-0.58449,0.9961269497871399
1773144495.7633832,PC1,0,5,0.58134,0.43858,-0.58441,0.9967553615570068
1773144495.7633832,PC1,0,6,0.56622,0.43614,-0.58466,0.9961902499198914
1773144495.7633832,PC1,0,7,0.62065,0.46398,-0.29382,0.9940549731254578
1773144495.7633832,PC1,0,8,0.52063,0.45771,-0.46969,0.9969614148139954
1773144495.7633832,PC1,0,9,0.61772,0.56832,-0.49403,0.9969613552093506
1773144495.7633832,PC1,0,10,0.58886,0.56968,-0.5422,0.9983824491500854
1773144495.7633832,PC1,0,11,0.68165,0.71269,-0.1047,0.9950863122940063
1773144495.7633832,PC1,0,12,0.38641,0.77106,-0.42279,0.9857284426689148
1773144495.7633832,PC1,0,13,0.84118,0.9262,0.04639,0.4450215995311737
1773144495.7633832,PC1,0,14,0.32926,1.23404,-0.46554,0.19518782198429108
1773144495.7633832,PC1,0,15,0.97948,1.17126,-0.15418,0.5061963796615601
1773144495.7633832,PC1,0,16,0.24295,1.3772,-0.7064,0.08448880910873413
1773144495.7633832,PC1,0,17,1.04456,1.23316,-0.20018,0.49589017033576965
1773144495.7633832,PC1,0,18,0.56283,1.09398,-0.88691,0.11652400344610214
1773144495.7633832,PC1,0,19,1.00819,1.22645,-0.30553,0.5664200782775879
1773144495.7633832,PC1,0,20,0.57596,1.11423,-0.91894,0.1540706902742386
1773144495.7633832,PC1,0,21,0.97543,1.22044,-0.23084,0.5685672163963318
1773144495.7633832,PC1,0,22,0.59509,0.98923,-0.89978,0.14642596244812012
1773144495.7633832,PC1,0,23,0.56772,1.3717,-0.01291,0.003547715488821268
1773144495.7633832,PC1,0,24,0.394,1.38295,0.01593,0.0017852805322036147
1773144495.7633832,PC1,0,25,0.5607,1.86368,-0.13913,0.002901001600548625
1773144495.7633832,PC1,0,26,0.4018,1.86516,-0.11736,0.0019755265675485134
1773144495.7633832,PC1,0,27,0.55818,2.31042,0.09934,0.0004261623544152826
1773144495.7633832,PC1,0,28,0.40365,2.30909,0.00643,0.00013866182416677475
1773144495.7633832,PC1,0,29,0.55801,2.38347,0.10522,0.0003606361278798431
1773144495.7633832,PC1,0,30,0.40007,2.38661,0.00876,0.000300372252240777
1773144495.7633832,PC1,0,31,0.54401,2.4522,-0.20333,0.001015624264255166
1773144495.7633832,PC1,0,32,0.42834,2.43646,-0.3325,0.0005882378900423646
1773144495.7633832,PC1,0,Width_Shoulder,0.4379,,,
1773144495.803356,PC1,0,0,0.61935,0.50513,-0.64275,0.9971414804458618
1773144495.803356,PC1,0,1,0.62488,0.44759,-0.5968,0.9940630197525024
1773144495.803356,PC1,0,2,0.631,0.44778,-0.59693,0.9942460060119629
1773144495.803356,PC1,0,3,0.63701,0.44799,-0.59705,0.9935528635978699
1773144495.803356,PC1,0,4,0.596,0.44224,-0.63832,0.9957506060600281
1773144495.803356,PC1,0,5,0.58178,0.43954,-0.63826,0.9964520931243896
1773144495.803356,PC1,0,6,0.56671,0.43719,-0.63852,0.9958332180976868
1773144495.803356,PC1,0,7,0.62086,0.46641,-0.33339,0.9932650923728943
1773144495.803356,PC1,0,8,0.52081,0.45882,-0.51532,0.996677041053772
1773144495.803356,PC1,0,9,0.61821,0.57012,-0.54462,0.9967854022979736
1773144495.803356,PC1,0,10,0.58946,0.57029,-0.59535,0.9982956647872925
1773144495.803356,PC1,0,11,0.68078,0.71412,-0.13269,0.9952189922332764
1773144495.803356,PC1,0,12,0.38598,0.77478,-0.43897,0.9859473705291748
1773144495.803356,PC1,0,13,0.84118,0.9262,0.04639,0.4665702283382416
1773144495.803356,PC1,0,14,0.32926,1.23404,-0.46554,0.20932868123054504
1773144495.803356,PC1,0,15,0.98643,1.16934,-0.19339,0.520896852016449
1773144495.803356,PC1,0,16,0.24295,1.3772,-0.7064,0.08994611352682114
1773144495.803356,PC1,0,17,1.04953,1.23017,-0.24036,0.504624605178833
1773144495.803356,PC1,0,18,0.56283,1.09398,-0.88691,0.1203402578830719
1773144495.803356,PC1,0,19,1.02389,1.23119,-0.32601,0.5758687853813171
1773144495.803356,PC1,0,20,0.57596,1.11423,-0.91894,0.1594742387533188
1773144495.803356,PC1,0,21,0.9912,1.22468,-0.25073,0.5785561203956604
1773144495.803356,PC1,0,22,0.59509,0.98923,-0.89978,0.15229907631874084
1773144495.803356,PC1,0,23,0.56772,1.3717,-0.01291,0.003428610973060131
1773144495.803356,PC1,0,24,0.394,1.38295,0.01593,0.0017286839429289103
1773144495.803356,PC1,0,25,0.5607,1.86368,-0.13913,0.002812845865264535
1773144495.803356,PC1,0,26,0.4018,1.86516,-0.11736,0.0019338042475283146
1773144495.803356,PC1,0,27,0.55818,2.31042,0.09934,0.00041661979048512876
1773144495.803356,PC1,0,28,0.40365,2.30909,0.00643,0.00013556450721807778
1773144495.803356,PC1,0,29,0.55801,2.38347,0.10522,0.0003538225719239563
1773144495.803356,PC1,0,30,0.40007,2.38661,0.00876,0.00029930207529105246
1773144495.803356,PC1,0,31,0.54401,2.4522,-0.20333,0.0010003335773944855
1773144495.803356,PC1,0,32,0.42834,2.43646,-0.3325,0.0005816667107865214
1773144495.803356,PC1,0,Width_Shoulder,0.4294,,,
1773144495.9217122,PC1,0,0,0.62049,0.50572,-0.59492,0.9974364638328552
1773144495.9217122,PC1,0,1,0.62552,0.44813,-0.55289,0.9946070909500122
1773144495.9217122,PC1,0,2,0.63156,0.44828,-0.55296,0.9947697520256042
1773144495.9217122,PC1,0,3,0.63748,0.44838,-0.55302,0.9941426515579224
1773144495.9217122,PC1,0,4,0.59687,0.44268,-0.59217,0.9961671829223633
1773144495.9217122,PC1,0,5,0.58271,0.44001,-0.59206,0.9968006610870361
1773144495.9217122,PC1,0,6,0.56763,0.43772,-0.59229,0.9962635040283203
1773144495.9217122,PC1,0,7,0.62093,0.4664,-0.3116,0.9937933087348938
1773144495.9217122,PC1,0,8,0.52215,0.4593,-0.48239,0.9970280528068542
1773144495.9217122,PC1,0,9,0.6189,0.57098,-0.50442,0.997060239315033
1773144495.9217122,PC1,0,10,0.59029,0.57101,-0.55229,0.9984725117683411
1773144495.9217122,PC1,0,11,0.6808,0.71316,-0.12749,0.9955424666404724
1773144495.9217122,PC1,0,12,0.38679,0.77649,-0.41852,0.9875516891479492
1773144495.9217122,PC1,0,13,0.84118,0.9262,0.04639,0.4384573698043823
1773144495.9217122,PC1,0,14,0.32926,1.23404,-0.46554,0.20139473676681519
1773144495.9217122,PC1,0,15,0.97149,1.16363,-0.20766,0.5146870017051697
1773144495.9217122,PC1,0,16,0.24295,1.3772,-0.7064,0.09149856120347977
1773144495.9217122,PC1,0,17,1.03127,1.22326,-0.26281,0.5071383714675903
1773144495.9217122,PC1,0,18,0.56283,1.09398,-0.88691,0.1274629682302475
1773144495.9217122,PC1,0,19,1.00478,1.22503,-0.33099,0.5792037844657898
1773144495.9217122,PC1,0,20,0.57596,1.11423,-0.91894,0.16948431730270386
1773144495.9217122,PC1,0,21,0.9729,1.21813,-0.25539,0.5815315842628479
1773144495.9217122,PC1,0,22,0.59509,0.98923,-0.89978,0.1615293323993683
1773144495.9217122,PC1,0,23,0.56772,1.3717,-0.01291,0.003079328453168273
1773144495.9217122,PC1,0,24,0.394,1.38295,0.01593,0.0015569779789075255
1773144495.9217122,PC1,0,25,0.5607,1.86368,-0.13913,0.0024739878717809916
1773144495.9217122,PC1,0,26,0.4018,1.86516,-0.11736,0.0016897438326850533
1773144495.9217122,PC1,0,27,0.55818,2.31042,0.09934,0.0003626339021138847
1773144495.9217122,PC1,0,28,0.40365,2.30909,0.00643,0.00011481194815132767
1773144495.9217122,PC1,0,29,0.55801,2.38347,0.10522,0.00031279053655453026
1773144495.9217122,PC1,0,30,0.40007,2.38661,0.00876,0.00025500127230770886
1773144495.9217122,PC1,0,31,0.54401,2.4522,-0.20333,0.0008933974313549697
1773144495.9217122,PC1,0,32,0.42834,2.43646,-0.3325,0.0004995822091586888
1773144495.9217122,PC1,0,Width_Shoulder,0.4185,,,
1773144495.961719,PC1,0,0,0.62116,0.50663,-0.61018,0.996658980846405
1773144495.961719,PC1,0,1,0.62605,0.44873,-0.56827,0.992944598197937
1773144495.961719,PC1,0,2,0.63208,0.44879,-0.56836,0.9931565523147583
1773144495.961719,PC1,0,3,0.63795,0.4488,-0.56843,0.9921286106109619
1773144495.961719,PC1,0,4,0.59748,0.44326,-0.60819,0.9951199889183044
1773144495.961719,PC1,0,5,0.5833,0.44052,-0.60812,0.9960058331489563
1773144495.961719,PC1,0,6,0.56819,0.43821,-0.60836,0.995353102684021
1773144495.961719,PC1,0,7,0.62112,0.4664,-0.32192,0.9916316866874695
1773144495.961719,PC1,0,8,0.5229,0.45954,-0.49571,0.996371865272522
1773144495.961719,PC1,0,9,0.61927,0.57186,-0.51685,0.9960892200469971
1773144495.961719,PC1,0,10,0.59075,0.57173,-0.56581,0.9981145262718201
1773144495.961719,PC1,0,11,0.68082,0.71278,-0.13199,0.994560956954956
1773144495.961719,PC1,0,12,0.38716,0.77523,-0.42186,0.9862226843833923
1773144495.961719,PC1,0,13,0.84118,0.9262,0.04639,0.42619845271110535
1773144495.961719,PC1,0,14,0.32926,1.23404,-0.46554,0.1974617838859558
1773144495.961719,PC1,0,15,0.96305,1.15946,-0.23823,0.5049599409103394
1773144495.961719,PC1,0,16,0.24295,1.3772,-0.7064,0.08914218097925186
1773144495.961719,PC1,0,17,1.03127,1.22326,-0.26281,0.49905285239219666
1773144495.961719,PC1,0,18,0.56283,1.09398,-0.88691,0.12404100596904755
1773144495.961719,PC1,0,19,0.9949,1.2197,-0.36046,0.5710351467132568
1773144495.961719,PC1,0,20,0.57596,1.11423,-0.91894,0.16543249785900116
1773144495.961719,PC1,0,21,0.96334,1.2127,-0.28338,0.5729894042015076
1773144495.961719,PC1,0,22,0.59509,0.98923,-0.89978,0.1574418991804123
1773144495.961719,PC1,0,23,0.56772,1.3717,-0.01291,0.0029196080286055803
1773144495.961719,PC1,0,24,0.394,1.38295,0.01593,0.0014807202387601137
1773144495.961719,PC1,0,25,0.5607,1.86368,-0.13913,0.002417902695015073
1773144495.961719,PC1,0,26,0.4018,1.86516,-0.11736,0.0016586604760959744
1773144495.961719,PC1,0,27,0.55818,2.31042,0.09934,0.0003562283527571708
1773144495.961719,PC1,0,28,0.40365,2.30909,0.00643,0.0001136509163188748
1773144495.961719,PC1,0,29,0.55801,2.38347,0.10522,0.00030623457860201597
1773144495.961719,PC1,0,30,0.40007,2.38661,0.00876,0.0002542744332458824
1773144495.961719,PC1,0,31,0.54401,2.4522,-0.20333,0.0008917383383959532
1773144495.961719,PC1,0,32,0.42834,2.43646,-0.3325,0.0005041893455199897
1773144495.961719,PC1,0,Width_Shoulder,0.4173,,,
1773144496.00253,PC1,0,0,0.62226,0.50797,-0.62759,0.9964235424995422
1773144496.00253,PC1,0,1,0.62703,0.44965,-0.58564,0.9922544360160828
1773144496.00253,PC1,0,2,0.63304,0.4496,-0.58574,0.9925340414047241
1773144496.00253,PC1,0,3,0.63884,0.44948,-0.58579,0.9912557005882263
1773144496.00253,PC1,0,4,0.59856,0.44411,-0.62678,0.9947103261947632
1773144496.00253,PC1,0,5,0.58436,0.44127,-0.62672,0.9957275986671448
1773144496.00253,PC1,0,6,0.56922,0.4389,-0.62696,0.9949801564216614
1773144496.00253,PC1,0,7,0.6216,0.46643,-0.33518,0.9908357262611389
1773144496.00253,PC1,0,8,0.52423,0.45952,-0.51515,0.9962047934532166
1773144496.00253,PC1,0,9,0.61992,0.57307,-0.53209,0.9956176280975342
1773144496.00253,PC1,0,10,0.59155,0.57277,-0.58296,0.9979721903800964
1773144496.00253,PC1,0,11,0.68081,0.71202,-0.13534,0.9941967725753784
1773144496.00253,PC1,0,12,0.38691,0.7724,-0.43656,0.9862706065177917
1773144496.00253,PC1,0,13,0.84118,0.9262,0.04639,0.40401381254196167
1773144496.00253,PC1,0,14,0.32926,1.23404,-0.46554,0.19159042835235596
1773144496.00253,PC1,0,15,0.96255,1.15347,-0.25062,0.5025253295898438
1773144496.00253,PC1,0,16,0.24295,1.3772,-0.7064,0.08754847943782806
1773144496.00253,PC1,0,17,1.03114,1.21518,-0.29957,0.497246116399765
1773144496.00253,PC1,0,18,0.56283,1.09398,-0.88691,0.1215597540140152
1773144496.00253,PC1,0,19,0.99819,1.2114,-0.36808,0.5690585970878601
1773144496.00253,PC1,0,20,0.57596,1.11423,-0.91894,0.16227617859840393
1773144496.00253,PC1,0,21,0.96573,1.20497,-0.29175,0.5723331570625305
1773144496.00253,PC1,0,22,0.59509,0.98923,-0.89978,0.15429890155792236
1773144496.00253,PC1,0,23,0.56772,1.3717,-0.01291,0.0026752648409456015
1773144496.00253,PC1,0,24,0.394,1.38295,0.01593,0.00136452482547611
1773144496.00253,PC1,0,25,0.5607,1.86368,-0.13913,0.0021352425683289766
1773144496.00253,PC1,0,26,0.4018,1.86516,-0.11736,0.0014744699001312256
1773144496.00253,PC1,0,27,0.55818,2.31042,0.09934,0.00031501983175985515
1773144496.00253,PC1,0,28,0.40365,2.30909,0.00643,9.958619921235368e-05
1773144496.00253,PC1,0,29,0.55801,2.38347,0.10522,0.0002737395407166332
1773144496.00253,PC1,0,30,0.40007,2.38661,0.00876,0.00022392687969841063
1773144496.00253,PC1,0,31,0.54401,2.4522,-0.20333,0.0008216307032853365
1773144496.00253,PC1,0,32,0.42834,2.43646,-0.3325,0.0004586323047988117
1773144496.00253,PC1,0,Width_Shoulder,0.4252,,,
1773144496.042589,PC1,0,0,0.62271,0.50846,-0.62176,0.9966735243797302
1773144496.042589,PC1,0,1,0.62744,0.44999,-0.58103,0.9927186965942383
1773144496.042589,PC1,0,2,0.63346,0.44991,-0.58111,0.9930010437965393
1773144496.042589,PC1,0,3,0.63927,0.44976,-0.58115,0.9917691349983215
1773144496.042589,PC1,0,4,0.59899,0.4444,-0.62127,0.9950438737869263
1773144496.042589,PC1,0,5,0.58477,0.44148,-0.62121,0.9960031509399414
1773144496.042589,PC1,0,6,0.56961,0.43909,-0.62145,0.9952799677848816
1773144496.042589,PC1,0,7,0.62185,0.46645,-0.33467,0.9914027452468872
1773144496.042589,PC1,0,8,0.52474,0.45947,-0.5126,0.9964650273323059
1773144496.042589,PC1,0,9,0.62037,0.57348,-0.52838,0.9959099888801575
1773144496.042589,PC1,0,10,0.59194,0.57311,-0.57825,0.9981098175048828
1773144496.042589,PC1,0,11,0.68066,0.7117,-0.13589,0.9945903420448303
1773144496.042589,PC1,0,12,0.38695,0.77041,-0.43716,0.9872860908508301
1773144496.042589,PC1,0,13,0.84118,0.9262,0.04639,0.4136922061443329
1773144496.042589,PC1,0,14,0.32926,1.23404,-0.46554,0.19656462967395782
1773144496.042589,PC1,0,15,0.96259,1.15603,-0.2299,0.5224696397781372
1773144496.042589,PC1,0,16,0.24295,1.3772,-0.7064,0.09124293178319931
1773144496.042589,PC1,0,17,1.02798,1.21892,-0.26615,0.5146180391311646
1773144496.042589,PC1,0,18,0.56283,1.09398,-0.88691,0.1253892481327057
1773144496.042589,PC1,0,19,0.99874,1.21667,-0.34444,0.5858179926872253
1773144496.042589,PC1,0,20,0.57596,1.11423,-0.91894,0.16724912822246552
1773144496.042589,PC1,0,21,0.96596,1.21036,-0.26959,0.5888173580169678
1773144496.042589,PC1,0,22,0.59509,0.98923,-0.89978,0.15987710654735565
1773144496.042589,PC1,0,23,0.56772,1.3717,-0.01291,0.002695980481803417
1773144496.042589,PC1,0,24,0.394,1.38295,0.01593,0.0013851640978828073
1773144496.042589,PC1,0,25,0.5607,1.86368,-0.13913,0.0020196344703435898
1773144496.042589,PC1,0,26,0.4018,1.86516,-0.11736,0.0013965831603854895
1773144496.042589,PC1,0,27,0.55818,2.31042,0.09934,0.00029872218146920204
1773144496.042589,PC1,0,28,0.40365,2.30909,0.00643,9.296828648075461e-05
1773144496.042589,PC1,0,29,0.55801,2.38347,0.10522,0.00026302228798158467
1773144496.042589,PC1,0,30,0.40007,2.38661,0.00876,0.0002084275911329314
1773144496.042589,PC1,0,31,0.54401,2.4522,-0.20333,0.0007949098944664001
1773144496.042589,PC1,0,32,0.42834,2.43646,-0.3325,0.00043266257853247225
1773144496.042589,PC1,0,Width_Shoulder,0.4248,,,
1773144496.082707,PC1,0,0,0.62325,0.50892,-0.61739,0.9966384172439575
1773144496.082707,PC1,0,1,0.62802,0.45035,-0.57711,0.9925434589385986
1773144496.082707,PC1,0,2,0.63401,0.45021,-0.57717,0.9927910566329956
1773144496.082707,PC1,0,3,0.63976,0.45002,-0.57721,0.9915341138839722
1773144496.082707,PC1,0,4,0.59979,0.44474,-0.61714,0.9949592351913452
1773144496.082707,PC1,0,5,0.58553,0.44172,-0.61707,0.9959093332290649
1773144496.082707,PC1,0,6,0.57034,0.43928,-0.6173,0.9951779842376709
1773144496.082707,PC1,0,7,0.62208,0.46639,-0.3335,0.9910671710968018
1773144496.082707,PC1,0,8,0.52542,0.45932,-0.51068,0.9964053630828857
1773144496.082707,PC1,0,9,0.62074,0.57385,-0.52539,0.9958422780036926
1773144496.082707,PC1,0,10,0.59229,0.5734,-0.57481,0.9981018900871277
1773144496.082707,PC1,0,11,0.68058,0.71143,-0.13686,0.9946860671043396
1773144496.082707,PC1,0,12,0.38711,0.76878,-0.43807,0.9879248738288879
1773144496.082707,PC1,0,13,0.84118,0.9262,0.04639,0.40832194685935974
1773144496.082707,PC1,0,14,0.32926,1.23404,-0.46554,0.19440871477127075
1773144496.082707,PC1,0,15,0.96282,1.15642,-0.23349,0.5214794278144836
1773144496.082707,PC1,0,16,0.24295,1.3772,-0.7064,0.08860644698143005
1773144496.082707,PC1,0,17,1.027,1.21708,-0.27484,0.5137628316879272
1773144496.082707,PC1,0,18,0.56283,1.09398,-0.88691,0.12294386327266693
1773144496.082707,PC1,0,19,0.99947,1.21668,-0.34597,0.5847917795181274
1773144496.082707,PC1,0,20,0.57596,1.11423,-0.91894,0.16430087387561798
1773144496.082707,PC1,0,21,0.96647,1.21128,-0.27208,0.5883046984672546
1773144496.082707,PC1,0,22,0.59509,0.98923,-0.89978,0.15778885781764984
1773144496.082707,PC1,0,23,0.56772,1.3717,-0.01291,0.0025288367178291082
1773144496.082707,PC1,0,24,0.394,1.38295,0.01593,0.0013056154130026698
1773144496.082707,PC1,0,25,0.5607,1.86368,-0.13913,0.0018479501595720649
1773144496.082707,PC1,0,26,0.4018,1.86516,-0.11736,0.0012882868759334087
1773144496.082707,PC1,0,27,0.55818,2.31042,0.09934,0.0002730844425968826
1773144496.082707,PC1,0,28,0.40365,2.30909,0.00643,8.491642074659467e-05
1773144496.082707,PC1,0,29,0.55801,2.38347,0.10522,0.00024098176800180227
1773144496.082707,PC1,0,30,0.40007,2.38661,0.00876,0.00019102335500065237
1773144496.082707,PC1,0,31,0.54401,2.4522,-0.20333,0.0007382751791737974
1773144496.082707,PC1,0,32,0.42834,2.43646,-0.3325,0.0003988840035162866
1773144496.082707,PC1,0,Width_Shoulder,0.4244,,,
1773144496.122734,PC1,0,0,0.62374,0.50937,-0.63289,0.9964617490768433
1773144496.122734,PC1,0,1,0.62849,0.45075,-0.59226,0.9919854998588562
1773144496.122734,PC1,0,2,0.63445,0.45057,-0.59234,0.9922467470169067
1773144496.122734,PC1,0,3,0.64014,0.45035,-0.59238,0.9907151460647583
1773144496.122734,PC1,0,4,0.60047,0.44507,-0.63266,0.9946940541267395
1773144496.122734,PC1,0,5,0.5862,0.44197,-0.63262,0.9957534670829773
1773144496.122734,PC1,0,6,0.57099,0.43945,-0.63286,0.9949621558189392
1773144496.122734,PC1,0,7,0.62225,0.46636,-0.34689,0.9902195334434509
1773144496.122734,PC1,0,8,0.52609,0.45921,-0.52521,0.9963421821594238
1773144496.122734,PC1,0,9,0.62102,0.57415,-0.54016,0.9955928325653076
1773144496.122734,PC1,0,10,0.59257,0.57373,-0.58998,0.998048722743988
1773144496.122734,PC1,0,11,0.68047,0.71124,-0.14599,0.9944958686828613
1773144496.122734,PC1,0,12,0.3872,0.76781,-0.45026,0.9882215261459351
1773144496.122734,PC1,0,13,0.84118,0.9262,0.04639,0.4018785059452057
1773144496.122734,PC1,0,14,0.32926,1.23404,-0.46554,0.19933481514453888
1773144496.122734,PC1,0,15,0.96299,1.15678,-0.23664,0.5239704847335815
1773144496.122734,PC1,0,16,0.24295,1.3772,-0.7064,0.09272829443216324
1773144496.122734,PC1,0,17,1.02616,1.21574,-0.28158,0.5158207416534424
1773144496.122734,PC1,0,18,0.56283,1.09398,-0.88691,0.12715287506580353
1773144496.122734,PC1,0,19,1.0,1.21669,-0.34807,0.5867906808853149
1773144496.122734,PC1,0,20,0.57596,1.11423,-0.91894,0.1697777360677719
1773144496.122734,PC1,0,21,0.96688,1.21199,-0.27457,0.5908440947532654
1773144496.122734,PC1,0,22,0.59509,0.98923,-0.89978,0.16385284066200256
1773144496.122734,PC1,0,23,0.56772,1.3717,-0.01291,0.002390553243458271
1773144496.122734,PC1,0,24,0.394,1.38295,0.01593,0.0012437338009476662
1773144496.122734,PC1,0,25,0.5607,1.86368,-0.13913,0.0017184907337650657
1773144496.122734,PC1,0,26,0.4018,1.86516,-0.11736,0.0012094948906451464
1773144496.122734,PC1,0,27,0.55818,2.31042,0.09934,0.00025882868794724345
1773144496.122734,PC1,0,28,0.40365,2.30909,0.00643,8.020201494218782e-05
1773144496.122734,PC1,0,29,0.55801,2.38347,0.10522,0.0002283314970554784
1773144496.122734,PC1,0,30,0.40007,2.38661,0.00876,0.00018161360640078783
1773144496.122734,PC1,0,31,0.54401,2.4522,-0.20333,0.0007140767411328852
1773144496.122734,PC1,0,32,0.42834,2.43646,-0.3325,0.0003850821522064507
1773144496.122734,PC1,0,Width_Shoulder,0.4264,,,
1773144496.162066,PC1,0,0,0.62437,0.50979,-0.62144,0.9966990351676941
1773144496.162066,PC1,0,1,0.62903,0.4511,-0.58231,0.9925028681755066
1773144496.162066,PC1,0,2,0.63496,0.45087,-0.58236,0.9927710294723511
1773144496.162066,PC1,0,3,0.6406,0.45063,-0.58237,0.9913251399993896
1773144496.162066,PC1,0,4,0.6011,0.44543,-0.62191,0.9950519800186157
1773144496.162066,PC1,0,5,0.58681,0.44229,-0.62185,0.9960429072380066
1773144496.162066,PC1,0,6,0.57158,0.43979,-0.62207,0.9953058362007141
1773144496.162066,PC1,0,7,0.62241,0.46634,-0.34603,0.9908840656280518
1773144496.162066,PC1,0,8,0.52688,0.45926,-0.52089,0.9966216683387756
1773144496.162066,PC1,0,9,0.62147,0.57444,-0.53148,0.9958168268203735
1773144496.162066,PC1,0,10,0.59298,0.57409,-0.58055,0.9981767535209656
1773144496.162066,PC1,0,11,0.68051,0.71108,-0.14923,0.9944469928741455
1773144496.162066,PC1,0,12,0.38727,0.76716,-0.44918,0.9886910915374756
1773144496.162066,PC1,0,13,0.84118,0.9262,0.04639,0.37713316082954407
1773144496.162066,PC1,0,14,0.32926,1.23404,-0.46554,0.1925967037677765
1773144496.162066,PC1,0,15,0.96203,1.15775,-0.23679,0.5083536505699158
1773144496.162066,PC1,0,16,0.24295,1.3772,-0.7064,0.09251490980386734
1773144496.162066,PC1,0,17,1.02395,1.21482,-0.28655,0.5075402855873108
1773144496.162066,PC1,0,18,0.56283,1.09398,-0.88691,0.12890814244747162
1773144496.162066,PC1,0,19,0.99817,1.21678,-0.34776,0.5788253545761108
1773144496.162066,PC1,0,20,0.57596,1.11423,-0.91894,0.17229941487312317
1773144496.162066,PC1,0,21,0.96497,1.21259,-0.27364,0.584669828414917
1773144496.162066,PC1,0,22,0.59509,0.98923,-0.89978,0.16591867804527283
1773144496.162066,PC1,0,23,0.56772,1.3717,-0.01291,0.0022213608026504517
1773144496.162066,PC1,0,24,0.394,1.38295,0.01593,0.0011621020967140794
1773144496.162066,PC1,0,25,0.5607,1.86368,-0.13913,0.001589789753779769
1773144496.162066,PC1,0,26,0.4018,1.86516,-0.11736,0.001118613756261766
1773144496.162066,PC1,0,27,0.55818,2.31042,0.09934,0.00023690855596214533
1773144496.162066,PC1,0,28,0.40365,2.30909,0.00643,7.298289710888639e-05
1773144496.162066,PC1,0,29,0.55801,2.38347,0.10522,0.000209730991628021
1773144496.162066,PC1,0,30,0.40007,2.38661,0.00876,0.00016453511489089578
1773144496.162066,PC1,0,31,0.54401,2.4522,-0.20333,0.0006665795808658004
1773144496.162066,PC1,0,32,0.42834,2.43646,-0.3325,0.0003542788908816874
1773144496.162066,PC1,0,Width_Shoulder,0.4232,,,
1773144496.282781,PC1,0,0,0.62607,0.5106,-0.57995,0.9974011778831482
1773144496.282781,PC1,0,1,0.6305,0.45176,-0.54154,0.9940165877342224
1773144496.282781,PC1,0,2,0.63637,0.45134,-0.54155,0.9942605495452881
1773144496.282781,PC1,0,3,0.64188,0.45101,-0.54151,0.993070662021637
1773144496.282781,PC1,0,4,0.6029,0.44635,-0.58008,0.9960619807243347
1773144496.282781,PC1,0,5,0.58858,0.44316,-0.57998,0.9968594908714294
1773144496.282781,PC1,0,6,0.57329,0.44067,-0.58018,0.9962597489356995
1773144496.282781,PC1,0,7,0.62345,0.46604,-0.31605,0.9927076697349548
1773144496.282781,PC1,0,8,0.52889,0.45933,-0.4851,0.997353196144104
1773144496.282781,PC1,0,9,0.62277,0.57453,-0.4935,0.9965840578079224
1773144496.282781,PC1,0,10,0.59438,0.5747,-0.54148,0.9985454678535461
1773144496.282781,PC1,0,11,0.68072,0.71015,-0.1285,0.9950161576271057
1773144496.282781,PC1,0,12,0.38729,0.76648,-0.42189,0.9905151724815369
1773144496.282781,PC1,0,13,0.84118,0.9262,0.04639,0.3459112346172333
1773144496.282781,PC1,0,14,0.32926,1.23404,-0.46554,0.18347252905368805
1773144496.282781,PC1,0,15,0.94379,1.13525,-0.26118,0.5181571245193481
1773144496.282781,PC1,0,16,0.24295,1.3772,-0.7064,0.09612194448709488
1773144496.282781,PC1,0,17,0.99853,1.18247,-0.32224,0.5271469950675964
1773144496.282781,PC1,0,18,0.56283,1.09398,-0.88691,0.13936415314674377
1773144496.282781,PC1,0,19,0.97208,1.18205,-0.36469,0.5983392000198364
1773144496.282781,PC1,0,20,0.57596,1.11423,-0.91894,0.18705150485038757
1773144496.282781,PC1,0,21,0.9407,1.18002,-0.29279,0.6020627617835999
1773144496.282781,PC1,0,22,0.59509,0.98923,-0.89978,0.17908473312854767
1773144496.282781,PC1,0,23,0.56772,1.3717,-0.01291,0.0018941201269626617
1773144496.282781,PC1,0,24,0.394,1.38295,0.01593,0.0009966212091967463
1773144496.282781,PC1,0,25,0.5607,1.86368,-0.13913,0.0013076120521873236
1773144496.282781,PC1,0,26,0.4018,1.86516,-0.11736,0.0009170645498670638
1773144496.282781,PC1,0,27,0.55818,2.31042,0.09934,0.00018729343719314784
1773144496.282781,PC1,0,28,0.40365,2.30909,0.00643,5.683605922968127e-05
1773144496.282781,PC1,0,29,0.55801,2.38347,0.10522,0.0001692065707175061
1773144496.282781,PC1,0,30,0.40007,2.38661,0.00876,0.0001261767465621233
1773144496.282781,PC1,0,31,0.54401,2.4522,-0.20333,0.0005694297142326832
1773144496.282781,PC1,0,32,0.42834,2.43646,-0.3325,0.0002850681485142559
1773144496.282781,PC1,0,Width_Shoulder,0.4188,,,
1773144496.3228328,PC1,0,0,0.62645,0.51085,-0.57073,0.9975430965423584
1773144496.3228328,PC1,0,1,0.63084,0.45202,-0.53271,0.9943031072616577
1773144496.3228328,PC1,0,2,0.6367,0.45152,-0.53272,0.9945427775382996
1773144496.3228328,PC1,0,3,0.64217,0.45111,-0.53267,0.9934172034263611
1773144496.3228328,PC1,0,4,0.60331,0.44669,-0.57095,0.996255099773407
1773144496.3228328,PC1,0,5,0.58899,0.44345,-0.57084,0.9970052242279053
1773144496.3228328,PC1,0,6,0.57368,0.44091,-0.57104,0.9964365363121033
1773144496.3228328,PC1,0,7,0.62372,0.46583,-0.30813,0.9930654168128967
1773144496.3228328,PC1,0,8,0.52935,0.45932,-0.4775,0.9974992275238037
1773144496.3228328,PC1,0,9,0.62308,0.57442,-0.48532,0.9967483282089233
1773144496.3228328,PC1,0,10,0.59476,0.57478,-0.53297,0.9986222386360168
1773144496.3228328,PC1,0,11,0.681,0.70966,-0.12809,0.9952800273895264
1773144496.3228328,PC1,0,12,0.38719,0.7666,-0.41401,0.9910809993743896
1773144496.3228328,PC1,0,13,0.84118,0.9262,0.04639,0.3499371409416199
1773144496.3228328,PC1,0,14,0.32926,1.23404,-0.46554,0.18310190737247467
1773144496.3228328,PC1,0,15,0.93364,1.13334,-0.2895,0.5072559714317322
1773144496.3228328,PC1,0,16,0.24295,1.3772,-0.7064,0.09405402094125748
1773144496.3228328,PC1,0,17,0.98587,1.18224,-0.35531,0.5159587860107422
1773144496.3228328,PC1,0,18,0.56283,1.09398,-0.88691,0.13676659762859344
1773144496.3228328,PC1,0,19,0.96005,1.18258,-0.39521,0.5882664918899536
1773144496.3228328,PC1,0,20,0.57596,1.11423,-0.91894,0.1838739812374115
1773144496.3228328,PC1,0,21,0.92907,1.17927,-0.31958,0.5929675102233887
1773144496.3228328,PC1,0,22,0.59509,0.98923,-0.89978,0.17676231265068054
1773144496.3228328,PC1,0,23,0.56772,1.3717,-0.01291,0.0018339372472837567
1773144496.3228328,PC1,0,24,0.394,1.38295,0.01593,0.0009726595017127693
1773144496.3228328,PC1,0,25,0.5607,1.86368,-0.13913,0.001224032137542963
1773144496.3228328,PC1,0,26,0.4018,1.86516,-0.11736,0.0008546080207452178
1773144496.3228328,PC1,0,27,0.55818,2.31042,0.09934,0.00017270789248868823
1773144496.3228328,PC1,0,28,0.40365,2.30909,0.00643,5.227064320934005e-05
1773144496.3228328,PC1,0,29,0.55801,2.38347,0.10522,0.0001567308499943465
1773144496.3228328,PC1,0,30,0.40007,2.38661,0.00876,0.00011539467232069
1773144496.3228328,PC1,0,31,0.54401,2.4522,-0.20333,0.0005338021437637508
1773144496.3228328,PC1,0,32,0.42834,2.43646,-0.3325,0.0002636770368553698
1773144496.3228328,PC1,0,Width_Shoulder,0.4139,,,
1773144496.442592,PC1,0,0,0.62701,0.51171,-0.59165,0.9974724650382996
1773144496.442592,PC1,0,1,0.63136,0.45259,-0.55335,0.9940557479858398
1773144496.442592,PC1,0,2,0.63722,0.45201,-0.55337,0.9942551255226135
1773144496.442592,PC1,0,3,0.64265,0.45153,-0.55334,0.9930455088615417
1773144496.442592,PC1,0,4,0.6039,0.44728,-0.59225,0.9961444735527039
1773144496.442592,PC1,0,5,0.58956,0.44391,-0.59217,0.9969302415847778
1773144496.442592,PC1,0,6,0.57419,0.44128,-0.59237,0.9963483810424805
1773144496.442592,PC1,0,7,0.62437,0.46566,-0.32387,0.9926389455795288
1773144496.442592,PC1,0,8,0.53002,0.45925,-0.49603,0.9974448084831238
1773144496.442592,PC1,0,9,0.62356,0.57471,-0.50465,0.9966252446174622
1773144496.442592,PC1,0,10,0.59528,0.57513,-0.55299,0.9986108541488647
1773144496.442592,PC1,0,11,0.68131,0.70937,-0.13804,0.9949203729629517
1773144496.442592,PC1,0,12,0.38699,0.76683,-0.42841,0.991571843624115
1773144496.442592,PC1,0,13,0.84118,0.9262,0.04639,0.34055402874946594
1773144496.442592,PC1,0,14,0.32926,1.23404,-0.46554,0.18364763259887695
1773144496.442592,PC1,0,15,0.93364,1.13334,-0.2895,0.4981056749820709
1773144496.442592,PC1,0,16,0.24295,1.3772,-0.7064,0.0958656594157219
1773144496.442592,PC1,0,17,0.97849,1.18069,-0.35848,0.5077005624771118
1773144496.442592,PC1,0,18,0.56283,1.09398,-0.88691,0.1385822743177414
1773144496.442592,PC1,0,19,0.95326,1.18223,-0.39716,0.5788245797157288
1773144496.442592,PC1,0,20,0.57596,1.11423,-0.91894,0.18590587377548218
1773144496.442592,PC1,0,21,0.92285,1.17909,-0.32336,0.5844764113426208
1773144496.442592,PC1,0,22,0.59509,0.98923,-0.89978,0.17848320305347443
1773144496.442592,PC1,0,23,0.56772,1.3717,-0.01291,0.0016931574791669846
1773144496.442592,PC1,0,24,0.394,1.38295,0.01593,0.000913705094717443
1773144496.442592,PC1,0,25,0.5607,1.86368,-0.13913,0.0010774260153993964
1773144496.442592,PC1,0,26,0.4018,1.86516,-0.11736,0.0007625498110428452
1773144496.442592,PC1,0,27,0.55818,2.31042,0.09934,0.00015293766045942903
1773144496.442592,PC1,0,28,0.40365,2.30909,0.00643,4.6741843107156456e-05
1773144496.442592,PC1,0,29,0.55801,2.38347,0.10522,0.0001400761102559045
1773144496.442592,PC1,0,30,0.40007,2.38661,0.00876,0.00010313960228813812
1773144496.442592,PC1,0,31,0.54401,2.4522,-0.20333,0.000509311503265053
1773144496.442592,PC1,0,32,0.42834,2.43646,-0.3325,0.0002457704395055771
1773144496.442592,PC1,0,Width_Shoulder,0.4174,,,
1773144496.483079,PC1,0,0,0.62724,0.51203,-0.59175,0.9975990056991577
1773144496.483079,PC1,0,1,0.63156,0.45285,-0.55411,0.9943059086799622
1773144496.483079,PC1,0,2,0.63744,0.45227,-0.55414,0.9945130944252014
1773144496.483079,PC1,0,3,0.64288,0.45181,-0.55412,0.9933230876922607
1773144496.483079,PC1,0,4,0.60411,0.44747,-0.59212,0.9963305592536926
1773144496.483079,PC1,0,5,0.58977,0.44401,-0.59205,0.997089684009552
1773144496.483079,PC1,0,6,0.57439,0.4413,-0.59226,0.9965370893478394
1773144496.483079,PC1,0,7,0.62469,0.4657,-0.32818,0.9929144382476807
1773144496.483079,PC1,0,8,0.53028,0.45916,-0.49613,0.9975913763046265
1773144496.483079,PC1,0,9,0.62377,0.57481,-0.50602,0.9967263340950012
1773144496.483079,PC1,0,10,0.59547,0.57518,-0.55322,0.9986768364906311
1773144496.483079,PC1,0,11,0.6815,0.70922,-0.14099,0.9948824048042297
1773144496.483079,PC1,0,12,0.38708,0.7671,-0.42979,0.9918065071105957
1773144496.483079,PC1,0,13,0.84118,0.9262,0.04639,0.32952067255973816
1773144496.483079,PC1,0,14,0.32926,1.23404,-0.46554,0.1789681315422058
1773144496.483079,PC1,0,15,0.93364,1.13334,-0.2895,0.4966146647930145
1773144496.483079,PC1,0,16,0.24295,1.3772,-0.7064,0.09512411803007126
1773144496.483079,PC1,0,17,0.98324,1.1856,-0.33523,0.5084275007247925
1773144496.483079,PC1,0,18,0.56283,1.09398,-0.88691,0.13793876767158508
1773144496.483079,PC1,0,19,0.95917,1.18854,-0.37514,0.5798031091690063
1773144496.483079,PC1,0,20,0.57596,1.11423,-0.91894,0.1851620078086853
1773144496.483079,PC1,0,21,0.9284,1.18535,-0.30173,0.5846405625343323
1773144496.483079,PC1,0,22,0.59509,0.98923,-0.89978,0.17770123481750488
1773144496.483079,PC1,0,23,0.56772,1.3717,-0.01291,0.0016573501052334905
1773144496.483079,PC1,0,24,0.394,1.38295,0.01593,0.0009015649557113647
1773144496.483079,PC1,0,25,0.5607,1.86368,-0.13913,0.0010574056068435311
1773144496.483079,PC1,0,26,0.4018,1.86516,-0.11736,0.0007467864779755473
1773144496.483079,PC1,0,27,0.55818,2.31042,0.09934,0.00015141587937250733
1773144496.483079,PC1,0,28,0.40365,2.30909,0.00643,4.507737685344182e-05
1773144496.483079,PC1,0,29,0.55801,2.38347,0.10522,0.00014062679838389158
1773144496.483079,PC1,0,30,0.40007,2.38661,0.00876,9.847115870798007e-05
1773144496.483079,PC1,0,31,0.54401,2.4522,-0.20333,0.0005187067436054349
1773144496.483079,PC1,0,32,0.42834,2.43646,-0.3325,0.00024255801690742373
1773144496.483079,PC1,0,Width_Shoulder,0.4165,,,
1773144496.697461,PC1,0,0,0.62824,0.5138,-0.6678,0.9959224462509155
1773144496.697461,PC1,0,1,0.63243,0.45447,-0.62448,0.9907585382461548
1773144496.697461,PC1,0,2,0.63821,0.45394,-0.62461,0.9907510280609131
1773144496.697461,PC1,0,3,0.6436,0.45357,-0.62467,0.9892497062683105
1773144496.697461,PC1,0,4,0.60552,0.44906,-0.66696,0.9939782619476318
1773144496.697461,PC1,0,5,0.59146,0.44549,-0.66698,0.9951131939888
1773144496.697461,PC1,0,6,0.57613,0.44266,-0.66726,0.9944254755973816
1773144496.697461,PC1,0,7,0.62521,0.46681,-0.36968,0.9880241751670837
1773144496.697461,PC1,0,8,0.5314,0.45969,-0.55508,0.9957298636436462
1773144496.697461,PC1,0,9,0.62446,0.57675,-0.56959,0.9947267174720764
1773144496.697461,PC1,0,10,0.5963,0.57722,-0.62269,0.9978087544441223
1773144496.697461,PC1,0,11,0.68173,0.71297,-0.15918,0.9936607480049133
1773144496.697461,PC1,0,12,0.388,0.76605,-0.47,0.988084614276886
1773144496.697461,PC1,0,13,0.84118,0.9262,0.04639,0.37496134638786316
1773144496.697461,PC1,0,14,0.32926,1.23404,-0.46554,0.20845478773117065
1773144496.697461,PC1,0,15,0.96173,1.16301,-0.23369,0.49259495735168457
1773144496.697461,PC1,0,16,0.24295,1.3772,-0.7064,0.09979739785194397
1773144496.697461,PC1,0,17,1.01434,1.21352,-0.28646,0.49814867973327637
1773144496.697461,PC1,0,18,0.56283,1.09398,-0.88691,0.1395663022994995
1773144496.697461,PC1,0,19,1.00097,1.20832,-0.42711,0.5718148350715637
1773144496.697461,PC1,0,20,0.57596,1.11423,-0.91894,0.18735624849796295
1773144496.697461,PC1,0,21,0.96929,1.20444,-0.34885,0.5768662691116333
1773144496.697461,PC1,0,22,0.59509,0.98923,-0.89978,0.17908737063407898
1773144496.697461,PC1,0,23,0.56772,1.3717,-0.01291,0.0018983090994879603
1773144496.697461,PC1,0,24,0.394,1.38295,0.01593,0.0010114322649315
1773144496.697461,PC1,0,25,0.5607,1.86368,-0.13913,0.0015636538155376911
1773144496.697461,PC1,0,26,0.4018,1.86516,-0.11736,0.001096470165066421
1773144496.697461,PC1,0,27,0.55818,2.31042,0.09934,0.00018993346020579338
1773144496.697461,PC1,0,28,0.40365,2.30909,0.00643,0.00010584795381873846
1773144496.697461,PC1,0,29,0.55801,2.38347,0.10522,0.0001633969513932243
1773144496.697461,PC1,0,30,0.40007,2.38661,0.00876,0.00017395477334503084
1773144496.697461,PC1,0,31,0.54401,2.4522,-0.20333,0.0006796078523620963
1773144496.697461,PC1,0,32,0.42834,2.43646,-0.3325,0.00048258708557114005
1773144496.697461,PC1,0,Width_Shoulder,0.4309,,,
1773144496.737534,PC1,0,0,0.62851,0.51445,-0.69736,0.9955134391784668
1773144496.737534,PC1,0,1,0.63267,0.45504,-0.65243,0.9898313283920288
1773144496.737534,PC1,0,2,0.6384,0.4545,-0.65262,0.989757776260376
1773144496.737534,PC1,0,3,0.64375,0.45414,-0.65271,0.9883397817611694
1773144496.737534,PC1,0,4,0.60595,0.44963,-0.69644,0.9932228922843933
1773144496.737534,PC1,0,5,0.59197,0.44605,-0.6965,0.9944645762443542
1773144496.737534,PC1,0,6,0.57666,0.44315,-0.69682,0.9937213063240051
1773144496.737534,PC1,0,7,0.62526,0.46699,-0.38522,0.9865949749946594
1773144496.737534,PC1,0,8,0.53174,0.45982,-0.57786,0.9946120977401733
1773144496.737534,PC1,0,9,0.62467,0.57739,-0.59415,0.9941204786300659
1773144496.737534,PC1,0,10,0.59655,0.57791,-0.64935,0.9974421858787537
1773144496.737534,PC1,0,11,0.68218,0.7138,-0.16428,0.9932674765586853
1773144496.737534,PC1,0,12,0.38875,0.76591,-0.4779,0.9858241081237793
1773144496.737534,PC1,0,13,0.84118,0.9262,0.04639,0.4020654857158661
1773144496.737534,PC1,0,14,0.32926,1.23404,-0.46554,0.21859481930732727
1773144496.737534,PC1,0,15,0.96173,1.16301,-0.23369,0.4985051155090332
1773144496.737534,PC1,0,16,0.24295,1.3772,-0.7064,0.09953969717025757
1773144496.737534,PC1,0,17,1.02757,1.21206,-0.3607,0.5005181431770325
1773144496.737534,PC1,0,18,0.56283,1.09398,-0.88691,0.13875712454319
1773144496.737534,PC1,0,19,1.00914,1.2073,-0.45607,0.574829638004303
1773144496.737534,PC1,0,20,0.57596,1.11423,-0.91894,0.18708837032318115
1773144496.737534,PC1,0,21,0.9776,1.20253,-0.37522,0.5800772905349731
1773144496.737534,PC1,0,22,0.59509,0.98923,-0.89978,0.17916527390480042
1773144496.737534,PC1,0,23,0.56772,1.3717,-0.01291,0.002091123489663005
1773144496.737534,PC1,0,24,0.394,1.38295,0.01593,0.001093139871954918
1773144496.737534,PC1,0,25,0.5607,1.86368,-0.13913,0.0024756062775850296
1773144496.737534,PC1,0,26,0.4018,1.86516,-0.11736,0.0016887146048247814
1773144496.737534,PC1,0,27,0.55818,2.31042,0.09934,0.0002669568348210305
1773144496.737534,PC1,0,28,0.40365,2.30909,0.00643,0.00016927150136325508
1773144496.737534,PC1,0,29,0.55801,2.38347,0.10522,0.00020729837706312537
1773144496.737534,PC1,0,30,0.40007,2.38661,0.00876,0.00028286001179367304
1773144496.737534,PC1,0,31,0.54401,2.4522,-0.20333,0.0009469276992604136
1773144496.737534,PC1,0,32,0.42834,2.43646,-0.3325,0.00073388556484133
1773144496.737534,PC1,0,Width_Shoulder,0.4326,,,
1773144496.7773051,PC1,0,0,0.62884,0.51505,-0.72266,0.9958035945892334
1773144496.7773051,PC1,0,1,0.63303,0.45553,-0.67712,0.9904823303222656
1773144496.7773051,PC1,0,2,0.63874,0.45502,-0.6773,0.9904412627220154
1773144496.7773051,PC1,0,3,0.64412,0.4547,-0.67738,0.9890311360359192
1773144496.7773051,PC1,0,4,0.60631,0.45008,-0.72152,0.9936787486076355
1773144496.7773051,PC1,0,5,0.59237,0.44647,-0.72158,0.994849443435669
1773144496.7773051,PC1,0,6,0.57707,0.44352,-0.72191,0.9941454529762268
1773144496.7773051,PC1,0,7,0.62566,0.46748,-0.40159,0.9874082207679749
1773144496.7773051,PC1,0,8,0.53194,0.45995,-0.59663,0.9950414299964905
1773144496.7773051,PC1,0,9,0.62495,0.57814,-0.61588,0.9944421052932739
1773144496.7773051,PC1,0,10,0.59683,0.57854,-0.67172,0.9976173639297485
1773144496.7773051,PC1,0,11,0.68236,0.71438,-0.17234,0.9931421875953674
1773144496.7773051,PC1,0,12,0.3886,0.76614,-0.4851,0.9860007166862488
1773144496.7773051,PC1,0,13,0.84118,0.9262,0.04639,0.39754393696784973
1773144496.7773051,PC1,0,14,0.32926,1.23404,-0.46554,0.22244463860988617
1773144496.7773051,PC1,0,15,0.93792,1.1143,-0.52099,0.5089858174324036
1773144496.7773051,PC1,0,16,0.24295,1.3772,-0.7064,0.10558746755123138
1773144496.7773051,PC1,0,17,1.01298,1.19085,-0.4718,0.5137789845466614
1773144496.7773051,PC1,0,18,0.56283,1.09398,-0.88691,0.14532046020030975
1773144496.7773051,PC1,0,19,0.99183,1.18473,-0.5533,0.586978554725647
1773144496.7773051,PC1,0,20,0.57596,1.11423,-0.91894,0.19631652534008026
1773144496.7773051,PC1,0,21,0.96147,1.18162,-0.46804,0.5902668237686157
1773144496.7773051,PC1,0,22,0.59509,0.98923,-0.89978,0.18736864626407623
1773144496.7773051,PC1,0,23,0.56772,1.3717,-0.01291,0.0019623509142547846
1773144496.7773051,PC1,0,24,0.394,1.38295,0.01593,0.0010245221201330423
1773144496.7773051,PC1,0,25,0.5607,1.86368,-0.13913,0.0023295022547245026
1773144496.7773051,PC1,0,26,0.4018,1.86516,-0.11736,0.001577685121446848
1773144496.7773051,PC1,0,27,0.55818,2.31042,0.09934,0.00024886929895728827
1773144496.7773051,PC1,0,28,0.40365,2.30909,0.00643,0.00015571647963952273
1773144496.7773051,PC1,0,29,0.55801,2.38347,0.10522,0.00019312489894218743
1773144496.7773051,PC1,0,30,0.40007,2.38661,0.00876,0.00025966065004467964
1773144496.7773051,PC1,0,31,0.54401,2.4522,-0.20333,0.0009031591471284628
1773144496.7773051,PC1,0,32,0.42834,2.43646,-0.3325,0.00069144502049312
1773144496.7773051,PC1,0,Width_Shoulder,0.4322,,,
1773144496.819145,PC1,0,0,0.63051,0.51722,-0.7216,0.9955998659133911
1773144496.819145,PC1,0,1,0.63448,0.4574,-0.67587,0.9899184107780457
1773144496.819145,PC1,0,2,0.64014,0.45682,-0.67581,0.9899131059646606
1773144496.819145,PC1,0,3,0.64559,0.45641,-0.6759,0.988404393196106
1773144496.819145,PC1,0,4,0.60769,0.45198,-0.71731,0.9933211803436279
1773144496.819145,PC1,0,5,0.59378,0.44828,-0.71724,0.9945621490478516
1773144496.819145,PC1,0,6,0.57842,0.44529,-0.71743,0.9938463568687439
1773144496.819145,PC1,0,7,0.62654,0.46868,-0.37554,0.9864264726638794
1773144496.819145,PC1,0,8,0.53268,0.4613,-0.58228,0.9948358535766602
1773144496.819145,PC1,0,9,0.62644,0.58069,-0.6042,0.9939146637916565
1773144496.819145,PC1,0,10,0.5986,0.58062,-0.66572,0.9974240064620972
1773144496.819145,PC1,0,11,0.68387,0.71394,-0.14453,0.9928064346313477
1773144496.819145,PC1,0,12,0.38938,0.76583,-0.4618,0.9854586720466614
1773144496.819145,PC1,0,13,0.84118,0.9262,0.04639,0.4055357575416565
1773144496.819145,PC1,0,14,0.32926,1.23404,-0.46554,0.23344510793685913
1773144496.819145,PC1,0,15,0.93689,1.09785,-0.49486,0.5295126438140869
1773144496.819145,PC1,0,16,0.24295,1.3772,-0.7064,0.11283445358276367
1773144496.819145,PC1,0,17,1.00012,1.1588,-0.51013,0.5342862606048584
1773144496.819145,PC1,0,18,0.56283,1.09398,-0.88691,0.154573455452919
1773144496.819145,PC1,0,19,0.97733,1.15296,-0.5762,0.6069132685661316
1773144496.819145,PC1,0,20,0.57596,1.11423,-0.91894,0.209651380777359
1773144496.819145,PC1,0,21,0.94755,1.15254,-0.48849,0.6097895503044128
1773144496.819145,PC1,0,22,0.59509,0.98923,-0.89978,0.20068924129009247
1773144496.819145,PC1,0,23,0.56772,1.3717,-0.01291,0.0018118126317858696
1773144496.819145,PC1,0,24,0.394,1.38295,0.01593,0.0009352258639410138
1773144496.819145,PC1,0,25,0.5607,1.86368,-0.13913,0.002245792653411627
1773144496.819145,PC1,0,26,0.4018,1.86516,-0.11736,0.0016054458683356643
1773144496.819145,PC1,0,27,0.55818,2.31042,0.09934,0.00023287127260118723
1773144496.819145,PC1,0,28,0.40365,2.30909,0.00643,0.00014519492106046528
1773144496.819145,PC1,0,29,0.55801,2.38347,0.10522,0.0001805407810024917
1773144496.819145,PC1,0,30,0.40007,2.38661,0.00876,0.00024649579427205026
1773144496.819145,PC1,0,31,0.54401,2.4522,-0.20333,0.0008998950361274183
1773144496.819145,PC1,0,32,0.42834,2.43646,-0.3325,0.0006705609266646206
1773144496.819145,PC1,0,Width_Shoulder,0.436,,,
1773144496.9777,PC1,0,0,0.63091,0.51479,-0.58087,0.9965869188308716
1773144496.9777,PC1,0,1,0.63483,0.45577,-0.53853,0.9922223687171936
1773144496.9777,PC1,0,2,0.64047,0.45534,-0.53852,0.9923452734947205
1773144496.9777,PC1,0,3,0.64599,0.455,-0.53858,0.9912041425704956
1773144496.9777,PC1,0,4,0.60786,0.44999,-0.57982,0.9947841167449951
1773144496.9777,PC1,0,5,0.59403,0.44628,-0.57971,0.9957510828971863
1773144496.9777,PC1,0,6,0.57891,0.44354,-0.57991,0.9951443672180176
1773144496.9777,PC1,0,7,0.62651,0.46787,-0.28339,0.989891767501831
1773144496.9777,PC1,0,8,0.53321,0.46083,-0.47456,0.9960625767707825
1773144496.9777,PC1,0,9,0.62711,0.57847,-0.48291,0.9952836036682129
1773144496.9777,PC1,0,10,0.59955,0.57798,-0.53837,0.9979700446128845
1773144496.9777,PC1,0,11,0.6836,0.71049,-0.09653,0.9943904876708984
1773144496.9777,PC1,0,12,0.39454,0.7616,-0.40848,0.9882030487060547
1773144496.9777,PC1,0,13,0.84118,0.9262,0.04639,0.40161433815956116
1773144496.9777,PC1,0,14,0.32926,1.23404,-0.46554,0.22813816368579865
1773144496.9777,PC1,0,15,0.94206,1.09602,-0.33147,0.5450537204742432
1773144496.9777,PC1,0,16,0.24295,1.3772,-0.7064,0.11420052498579025
1773144496.9777,PC1,0,17,1.00328,1.14964,-0.38733,0.5521045923233032
1773144496.9777,PC1,0,18,0.56283,1.09398,-0.88691,0.16036194562911987
1773144496.9777,PC1,0,19,0.97934,1.14846,-0.4332,0.6243897676467896
1773144496.9777,PC1,0,20,0.57596,1.11423,-0.91894,0.21465235948562622
1773144496.9777,PC1,0,21,0.94836,1.14658,-0.34841,0.6276658177375793
1773144496.9777,PC1,0,22,0.59509,0.98923,-0.89978,0.2058708816766739
1773144496.9777,PC1,0,23,0.56772,1.3717,-0.01291,0.0017356149619445205
1773144496.9777,PC1,0,24,0.394,1.38295,0.01593,0.0008842964889481664
1773144496.9777,PC1,0,25,0.5607,1.86368,-0.13913,0.0017781778005883098
1773144496.9777,PC1,0,26,0.4018,1.86516,-0.11736,0.0013227085582911968
1773144496.9777,PC1,0,27,0.55818,2.31042,0.09934,0.00018524547340348363
1773144496.9777,PC1,0,28,0.40365,2.30909,0.00643,0.00010409743117634207
1773144496.9777,PC1,0,29,0.55801,2.38347,0.10522,0.00015239430649671704
1773144496.9777,PC1,0,30,0.40007,2.38661,0.00876,0.0001778861042112112
1773144496.9777,PC1,0,31,0.54401,2.4522,-0.20333,0.0007231819909065962
1773144496.9777,PC1,0,32,0.42834,2.43646,-0.3325,0.0004914798773825169
1773144496.9777,PC1,0,Width_Shoulder,0.4283,,,
1773144497.033678,PC1,0,0,0.63076,0.5137,-0.5633,0.996608316898346
1773144497.033678,PC1,0,1,0.63466,0.45514,-0.52281,0.992392897605896
1773144497.033678,PC1,0,2,0.64029,0.45477,-0.52284,0.9925246238708496
1773144497.033678,PC1,0,3,0.64583,0.45446,-0.52288,0.9914114475250244
1773144497.033678,PC1,0,4,0.6077,0.4492,-0.56487,0.9949336647987366
1773144497.033678,PC1,0,5,0.59392,0.44547,-0.56479,0.995874285697937
1773144497.033678,PC1,0,6,0.57887,0.44275,-0.56499,0.995293140411377
1773144497.033678,PC1,0,7,0.62626,0.46755,-0.27734,0.9901611804962158
1773144497.033678,PC1,0,8,0.53327,0.46033,-0.46901,0.9962374567985535
1773144497.033678,PC1,0,9,0.62702,0.57741,-0.46928,0.9953573942184448
1773144497.033678,PC1,0,10,0.59954,0.57679,-0.52497,0.9980382323265076
1773144497.033678,PC1,0,11,0.68302,0.70989,-0.0989,0.9942124485969543
1773144497.033678,PC1,0,12,0.39477,0.76088,-0.40246,0.987842321395874
1773144497.033678,PC1,0,13,0.84118,0.9262,0.04639,0.3924383223056793
1773144497.033678,PC1,0,14,0.32926,1.23404,-0.46554,0.22270095348358154
1773144497.033678,PC1,0,15,0.93598,1.08993,-0.36248,0.5373157262802124
1773144497.033678,PC1,0,16,0.24295,1.3772,-0.7064,0.11056701093912125
1773144497.033678,PC1,0,17,0.99308,1.14104,-0.42427,0.5460270047187805
1773144497.033678,PC1,0,18,0.56283,1.09398,-0.88691,0.15560443699359894
1773144497.033678,PC1,0,19,0.96795,1.13854,-0.46464,0.6170463562011719
1773144497.033678,PC1,0,20,0.57596,1.11423,-0.91894,0.20883437991142273
1773144497.033678,PC1,0,21,0.93812,1.13703,-0.38079,0.6204959154129028
1773144497.033678,PC1,0,22,0.59509,0.98923,-0.89978,0.20021067559719086
1773144497.033678,PC1,0,23,0.56772,1.3717,-0.01291,0.0016920085763558745
1773144497.033678,PC1,0,24,0.394,1.38295,0.01593,0.0008596467669121921
1773144497.033678,PC1,0,25,0.5607,1.86368,-0.13913,0.0017197553534060717
1773144497.033678,PC1,0,26,0.4018,1.86516,-0.11736,0.0012722205137833953
1773144497.033678,PC1,0,27,0.55818,2.31042,0.09934,0.00018089548393618315
1773144497.033678,PC1,0,28,0.40365,2.30909,0.00643,9.879782737698406e-05
1773144497.033678,PC1,0,29,0.55801,2.38347,0.10522,0.0001480329519836232
1773144497.033678,PC1,0,30,0.40007,2.38661,0.00876,0.00016795797273516655
1773144497.033678,PC1,0,31,0.54401,2.4522,-0.20333,0.0007269620546139777
1773144497.033678,PC1,0,32,0.42834,2.43646,-0.3325,0.00048041774425655603
1773144497.033678,PC1,0,Width_Shoulder,0.4217,,,
1773144497.0732899,PC1,0,0,0.63036,0.51234,-0.5428,0.9968304634094238
1773144497.0732899,PC1,0,1,0.63426,0.45446,-0.50057,0.9929891228675842
1773144497.0732899,PC1,0,2,0.63982,0.45415,-0.50063,0.9930988550186157
1773144497.0732899,PC1,0,3,0.6453,0.45388,-0.50067,0.9920918345451355
1773144497.0732899,PC1,0,4,0.60749,0.44836,-0.54386,0.9953272938728333
1773144497.0732899,PC1,0,5,0.59379,0.4446,-0.54379,0.9961896538734436
1773144497.0732899,PC1,0,6,0.57884,0.44188,-0.54402,0.9956656694412231
1773144497.0732899,PC1,0,7,0.62588,0.46713,-0.24799,0.9909555315971375
1773144497.0732899,PC1,0,8,0.53337,0.4597,-0.44408,0.9965488910675049
1773144497.0732899,PC1,0,9,0.62642,0.57574,-0.44658,0.9956967234611511
1773144497.0732899,PC1,0,10,0.59931,0.57517,-0.50331,0.9981807470321655
1773144497.0732899,PC1,0,11,0.68217,0.70932,-0.07415,0.9944363236427307
1773144497.0732899,PC1,0,12,0.39515,0.75846,-0.38686,0.9884781241416931
1773144497.0732899,PC1,0,13,0.84118,0.9262,0.04639,0.40304750204086304
1773144497.0732899,PC1,0,14,0.32926,1.23404,-0.46554,0.2383769154548645
1773144497.0732899,PC1,0,15,0.92259,1.07369,-0.40645,0.555370569229126
1773144497.0732899,PC1,0,16,0.24295,1.3772,-0.7064,0.1251550018787384
1773144497.0732899,PC1,0,17,0.97397,1.12059,-0.47691,0.5635727643966675
1773144497.0732899,PC1,0,18,0.56283,1.09398,-0.88691,0.17235377430915833
1773144497.0732899,PC1,0,19,0.94782,1.11436,-0.51068,0.6320062279701233
1773144497.0732899,PC1,0,20,0.57596,1.11423,-0.91894,0.2282232940196991
1773144497.0732899,PC1,0,21,0.9196,1.11404,-0.42656,0.6345447301864624
1773144497.0732899,PC1,0,22,0.59509,0.98923,-0.89978,0.21731805801391602
1773144497.0732899,PC1,0,23,0.56772,1.3717,-0.01291,0.0018019082490354776
1773144497.0732899,PC1,0,24,0.394,1.38295,0.01593,0.0009167850948870182
1773144497.0732899,PC1,0,25,0.5607,1.86368,-0.13913,0.0017050362657755613
1773144497.0732899,PC1,0,26,0.4018,1.86516,-0.11736,0.0012817918322980404
1773144497.0732899,PC1,0,27,0.55818,2.31042,0.09934,0.0001791951945051551
1773144497.0732899,PC1,0,28,0.40365,2.30909,0.00643,9.518885053694248e-05
1773144497.0732899,PC1,0,29,0.55801,2.38347,0.10522,0.00014784157974645495
1773144497.0732899,PC1,0,30,0.40007,2.38661,0.00876,0.00016340214642696083
1773144497.0732899,PC1,0,31,0.54401,2.4522,-0.20333,0.000715456495527178
1773144497.0732899,PC1,0,32,0.42834,2.43646,-0.3325,0.0004653031937777996
1773144497.0732899,PC1,0,Width_Shoulder,0.4273,,,
1773144497.1537511,PC1,0,0,0.62852,0.50969,-0.51513,0.9973015785217285
1773144497.1537511,PC1,0,1,0.63223,0.45266,-0.47365,0.9939833879470825
1773144497.1537511,PC1,0,2,0.6377,0.45242,-0.4737,0.9941160678863525
1773144497.1537511,PC1,0,3,0.64312,0.4522,-0.47368,0.9932278394699097
1773144497.1537511,PC1,0,4,0.60565,0.44688,-0.51565,0.995986819267273
1773144497.1537511,PC1,0,5,0.59221,0.44333,-0.51557,0.996735155582428
1773144497.1537511,PC1,0,6,0.57758,0.44073,-0.51579,0.9962670803070068
1773144497.1537511,PC1,0,7,0.62379,0.46626,-0.23206,0.9922642707824707
1773144497.1537511,PC1,0,8,0.53258,0.45915,-0.42269,0.9970486164093018
1773144497.1537511,PC1,0,9,0.62504,0.57256,-0.42417,0.9962256550788879
1773144497.1537511,PC1,0,10,0.59829,0.57265,-0.47872,0.9984069466590881
1773144497.1537511,PC1,0,11,0.6807,0.71024,-0.06007,0.9948234558105469
1773144497.1537511,PC1,0,12,0.39458,0.75921,-0.37413,0.9894518256187439
1773144497.1537511,PC1,0,13,0.84118,0.9262,0.04639,0.380256325006485
1773144497.1537511,PC1,0,14,0.32926,1.23404,-0.46554,0.22104474902153015
1773144497.1537511,PC1,0,15,0.91617,1.05327,-0.4407,0.5794851183891296
1773144497.1537511,PC1,0,16,0.24295,1.3772,-0.7064,0.12530513107776642
1773144497.1537511,PC1,0,17,0.96948,1.10048,-0.51564,0.5914091467857361
1773144497.1537511,PC1,0,18,0.56283,1.09398,-0.88691,0.17900000512599945
1773144497.1537511,PC1,0,19,0.94373,1.08318,-0.54524,0.6575255393981934
1773144497.1537511,PC1,0,20,0.57596,1.11423,-0.91894,0.23719999194145203
1773144497.1537511,PC1,0,21,0.91488,1.07866,-0.45957,0.6593837738037109
1773144497.1537511,PC1,0,22,0.59509,0.98923,-0.89978,0.22588112950325012
1773144497.1537511,PC1,0,23,0.56772,1.3717,-0.01291,0.0016974699683487415
1773144497.1537511,PC1,0,24,0.394,1.38295,0.01593,0.0008788215345703065
1773144497.1537511,PC1,0,25,0.5607,1.86368,-0.13913,0.0014653365360572934
1773144497.1537511,PC1,0,26,0.4018,1.86516,-0.11736,0.0011060356628149748
1773144497.1537511,PC1,0,27,0.55818,2.31042,0.09934,0.0001515338954050094
1773144497.1537511,PC1,0,28,0.40365,2.30909,0.00643,7.898517651483417e-05
1773144497.1537511,PC1,0,29,0.55801,2.38347,0.10522,0.00012659031199291348
1773144497.1537511,PC1,0,30,0.40007,2.38661,0.00876,0.0001354307314613834
1773144497.1537511,PC1,0,31,0.54401,2.4522,-0.20333,0.0006252520252019167
1773144497.1537511,PC1,0,32,0.42834,2.43646,-0.3325,0.0003948024532292038
1773144497.1537511,PC1,0,Width_Shoulder,0.4277,,,
1773144497.251599,PC1,0,0,0.62729,0.50844,-0.50597,0.997560441493988
1773144497.251599,PC1,0,1,0.63089,0.45164,-0.46467,0.9945638179779053
1773144497.251599,PC1,0,2,0.63637,0.4514,-0.46471,0.9946865439414978
1773144497.251599,PC1,0,3,0.64176,0.45117,-0.46466,0.9938821196556091
1773144497.251599,PC1,0,4,0.60435,0.44612,-0.50652,0.9963715672492981
1773144497.251599,PC1,0,5,0.59101,0.4427,-0.50642,0.9970478415489197
1773144497.251599,PC1,0,6,0.57646,0.44017,-0.50664,0.9966217279434204
1773144497.251599,PC1,0,7,0.62253,0.46574,-0.22718,0.9930147528648376
1773144497.251599,PC1,0,8,0.5317,0.45893,-0.4165,0.99733567237854
1773144497.251599,PC1,0,9,0.62407,0.57115,-0.41653,0.9965835213661194
1773144497.251599,PC1,0,10,0.59742,0.57162,-0.47071,0.998558759689331
1773144497.251599,PC1,0,11,0.68007,0.71145,-0.05659,0.9952235817909241
1773144497.251599,PC1,0,12,0.39389,0.75972,-0.37031,0.9900955557823181
1773144497.251599,PC1,0,13,0.84118,0.9262,0.04639,0.39053863286972046
1773144497.251599,PC1,0,14,0.32926,1.23404,-0.46554,0.22111889719963074
1773144497.251599,PC1,0,15,0.9184,1.03459,-0.46464,0.6123126149177551
1773144497.251599,PC1,0,16,0.24295,1.3772,-0.7064,0.13061535358428955
1773144497.251599,PC1,0,17,0.96853,1.0646,-0.54364,0.6224026083946228
1773144497.251599,PC1,0,18,0.56283,1.09398,-0.88691,0.18735605478286743
1773144497.251599,PC1,0,19,0.94545,1.04579,-0.56823,0.6838669776916504
1773144497.251599,PC1,0,20,0.57596,1.11423,-0.91894,0.24790044128894806
1773144497.251599,PC1,0,21,0.91491,1.04432,-0.48448,0.6854163408279419
1773144497.251599,PC1,0,22,0.59509,0.98923,-0.89978,0.2357165664434433
1773144497.251599,PC1,0,23,0.56772,1.3717,-0.01291,0.001759365200996399
1773144497.251599,PC1,0,24,0.394,1.38295,0.01593,0.0009031406370922923
1773144497.251599,PC1,0,25,0.5607,1.86368,-0.13913,0.0013859450118616223
1773144497.251599,PC1,0,26,0.4018,1.86516,-0.11736,0.001031218678690493
1773144497.251599,PC1,0,27,0.55818,2.31042,0.09934,0.00014070849283598363
1773144497.251599,PC1,0,28,0.40365,2.30909,0.00643,7.194447971414775e-05
1773144497.251599,PC1,0,29,0.55801,2.38347,0.10522,0.00011811155127361417
1773144497.251599,PC1,0,30,0.40007,2.38661,0.00876,0.00012306898133829236
1773144497.251599,PC1,0,31,0.54401,2.4522,-0.20333,0.0005902100820094347
1773144497.251599,PC1,0,32,0.42834,2.43646,-0.3325,0.00036569571238942444
1773144497.251599,PC1,0,Width_Shoulder,0.4274,,,
1773144497.404421,PC1,0,0,0.61958,0.50655,-0.4988,0.9980224967002869
1773144497.404421,PC1,0,1,0.6232,0.44993,-0.45438,0.9955946803092957
1773144497.404421,PC1,0,2,0.62913,0.44976,-0.4544,0.9956943392753601
1773144497.404421,PC1,0,3,0.63472,0.44959,-0.45428,0.9950423240661621
1773144497.404421,PC1,0,4,0.59628,0.44503,-0.49167,0.9970589280128479
1773144497.404421,PC1,0,5,0.58306,0.44201,-0.49148,0.9976067543029785
1773144497.404421,PC1,0,6,0.56851,0.43994,-0.4916,0.9972608685493469
1773144497.404421,PC1,0,7,0.61766,0.46554,-0.2105,0.9943402409553528
1773144497.404421,PC1,0,8,0.52438,0.45964,-0.38265,0.9978402853012085
1773144497.404421,PC1,0,9,0.61938,0.56889,-0.40427,0.997230589389801
1773144497.404421,PC1,0,10,0.59254,0.57039,-0.45262,0.9988311529159546
1773144497.404421,PC1,0,11,0.67715,0.72011,-0.03459,0.9961088299751282
1773144497.404421,PC1,0,12,0.39148,0.7615,-0.32267,0.9915673732757568
1773144497.404421,PC1,0,13,0.84118,0.9262,0.04639,0.48922082781791687
1773144497.404421,PC1,0,14,0.32926,1.23404,-0.46554,0.31067004799842834
1773144497.404421,PC1,0,15,0.92557,0.97605,-0.49985,0.6856347918510437
1773144497.404421,PC1,0,16,0.24295,1.3772,-0.7064,0.28576603531837463
1773144497.404421,PC1,0,17,0.96831,0.94965,-0.5798,0.693480908870697
1773144497.404421,PC1,0,18,0.56283,1.09398,-0.88691,0.328031450510025
1773144497.404421,PC1,0,19,0.94623,0.92077,-0.59805,0.743366003036499
1773144497.404421,PC1,0,20,0.57596,1.11423,-0.91894,0.380013644695282
1773144497.404421,PC1,0,21,0.91575,0.93933,-0.51696,0.7444918155670166
1773144497.404421,PC1,0,22,0.59509,0.98923,-0.89978,0.36750781536102295
1773144497.404421,PC1,0,23,0.56772,1.3717,-0.01291,0.0027840479742735624
1773144497.404421,PC1,0,24,0.394,1.38295,0.01593,0.0013388121733441949
1773144497.404421,PC1,0,25,0.5607,1.86368,-0.13913,0.0018259326461702585
1773144497.404421,PC1,0,26,0.4018,1.86516,-0.11736,0.0009863261366263032
1773144497.404421,PC1,0,27,0.55818,2.31042,0.09934,0.00016156202764250338
1773144497.404421,PC1,0,28,0.40365,2.30909,0.00643,6.233582098502666e-05
1773144497.404421,PC1,0,29,0.55801,2.38347,0.10522,0.0001324936602031812
1773144497.404421,PC1,0,30,0.40007,2.38661,0.00876,0.00010514309542486444
1773144497.404421,PC1,0,31,0.54401,2.4522,-0.20333,0.000607251888141036
1773144497.404421,PC1,0,32,0.42834,2.43646,-0.3325,0.00034463152405805886
1773144497.404421,PC1,0,Width_Shoulder,0.4078,,,
1773144497.503603,PC1,0,0,0.60155,0.50578,-0.53077,0.9983943104743958
1773144497.503603,PC1,0,1,0.60768,0.44918,-0.4815,0.9964269995689392
1773144497.503603,PC1,0,2,0.61524,0.44929,-0.48156,0.9965075850486755
1773144497.503603,PC1,0,3,0.62211,0.44961,-0.48146,0.9959782361984253
1773144497.503603,PC1,0,4,0.57756,0.44432,-0.51358,0.9976131916046143
1773144497.503603,PC1,0,5,0.5631,0.44157,-0.51338,0.998056948184967
1773144497.503603,PC1,0,6,0.54748,0.44003,-0.51344,0.997775673866272
1773144497.503603,PC1,0,7,0.60956,0.4692,-0.21374,0.9954109787940979
1773144497.503603,PC1,0,8,0.50551,0.46276,-0.37042,0.9982470273971558
1773144497.503603,PC1,0,9,0.60491,0.56791,-0.4244,0.9977512955665588
1773144497.503603,PC1,0,10,0.5744,0.56961,-0.46805,0.9990496635437012
1773144497.503603,PC1,0,11,0.66651,0.73134,-0.0194,0.9967483878135681
1773144497.503603,PC1,0,12,0.38736,0.75975,-0.29442,0.9923772215843201
1773144497.503603,PC1,0,13,0.81129,0.97664,-0.20976,0.5575338006019592
1773144497.503603,PC1,0,14,0.32926,1.23404,-0.46554,0.38090991973876953
1773144497.503603,PC1,0,15,0.93144,0.9129,-0.5796,0.744425356388092
1773144497.503603,PC1,0,16,0.24295,1.3772,-0.7064,0.41265738010406494
1773144497.503603,PC1,0,17,0.97396,0.84491,-0.66113,0.7502614259719849
1773144497.503603,PC1,0,18,0.56283,1.09398,-0.88691,0.44412362575531006
1773144497.503603,PC1,0,19,0.95227,0.81066,-0.66545,0.7909807562828064
1773144497.503603,PC1,0,20,0.57596,1.11423,-0.91894,0.4887370467185974
1773144497.503603,PC1,0,21,0.92141,0.84305,-0.59503,0.7916550636291504
1773144497.503603,PC1,0,22,0.59509,0.98923,-0.89978,0.47590917348861694
1773144497.503603,PC1,0,23,0.56772,1.3717,-0.01291,0.003520298283547163
1773144497.503603,PC1,0,24,0.394,1.38295,0.01593,0.001661598333157599
1773144497.503603,PC1,0,25,0.5607,1.86368,-0.13913,0.0021802647970616817
1773144497.503603,PC1,0,26,0.4018,1.86516,-0.11736,0.0010068967239931226
1773144497.503603,PC1,0,27,0.55818,2.31042,0.09934,0.00018336808716412634
1773144497.503603,PC1,0,28,0.40365,2.30909,0.00643,6.097006189520471e-05
1773144497.503603,PC1,0,29,0.55801,2.38347,0.10522,0.0001429136173101142
1773144497.503603,PC1,0,30,0.40007,2.38661,0.00876,9.522507025394589e-05
1773144497.503603,PC1,0,31,0.54401,2.4522,-0.20333,0.0006718821241520345
1773144497.503603,PC1,0,32,0.42834,2.43646,-0.3325,0.0003727240255102515
1773144497.503603,PC1,0,Angle_Elbow_L,122.31,,,
1773144497.503603,PC1,0,Angle_Shoulder_L,121.88,,,
1773144497.503603,PC1,0,Length_UpperArm_L,0.3426,,,
1773144497.503603,PC1,0,Length_LowerArm_L,0.3941,,,
1773144497.503603,PC1,0,Width_Shoulder,0.3929,,,
1773144497.701516,PC1,0,0,0.56943,0.5076,-0.56197,0.9989415407180786
1773144497.701516,PC1,0,1,0.58052,0.45282,-0.51353,0.9976475834846497
1773144497.701516,PC1,0,2,0.58994,0.45342,-0.51354,0.997700572013855
1773144497.701516,PC1,0,3,0.59877,0.45453,-0.5134,0.9973517060279846
1773144497.701516,PC1,0,4,0.54614,0.4482,-0.53567,0.998425304889679
1773144497.701516,PC1,0,5,0.53022,0.44609,-0.53537,0.9987164735794067
1773144497.701516,PC1,0,6,0.51446,0.44542,-0.53546,0.998529314994812
1773144497.701516,PC1,0,7,0.5966,0.47566,-0.22446,0.9969813227653503
1773144497.701516,PC1,0,8,0.47891,0.47042,-0.33261,0.9988415241241455
1773144497.701516,PC1,0,9,0.57836,0.57092,-0.45099,0.9985114336013794
1773144497.701516,PC1,0,10,0.5407,0.57033,-0.47994,0.9993647336959839
1773144497.701516,PC1,0,11,0.65649,0.73631,0.00252,0.9975824356079102
1773144497.701516,PC1,0,12,0.3798,0.75363,-0.26594,0.9925152063369751
1773144497.701516,PC1,0,13,0.8118,0.97281,-0.205,0.6412316560745239
1773144497.701516,PC1,0,14,0.32926,1.23404,-0.46554,0.42162811756134033
1773144497.701516,PC1,0,15,0.94665,0.83982,-0.5867,0.8305886387825012
1773144497.701516,PC1,0,16,0.43198,0.9059,-1.16884,0.591420590877533
1773144497.701516,PC1,0,17,1.00035,0.74608,-0.65932,0.8334116339683533
1773144497.701516,PC1,0,18,0.45067,0.84176,-1.25937,0.6075753569602966
1773144497.701516,PC1,0,19,0.98286,0.71327,-0.65445,0.8606927990913391
1773144497.701516,PC1,0,20,0.44679,0.81866,-1.2156,0.6428616046905518
1773144497.701516,PC1,0,21,0.94108,0.75066,-0.60198,0.8608828783035278
1773144497.701516,PC1,0,22,0.44716,0.84403,-1.1587,0.6295589208602905
1773144497.701516,PC1,0,23,0.56772,1.3717,-0.01291,0.0034139342606067657
1773144497.701516,PC1,0,24,0.394,1.38295,0.01593,0.001625792239792645
1773144497.701516,PC1,0,25,0.5607,1.86368,-0.13913,0.0022035790607333183
1773144497.701516,PC1,0,26,0.4018,1.86516,-0.11736,0.0008548222249373794
1773144497.701516,PC1,0,27,0.55818,2.31042,0.09934,0.0001705523900454864
1773144497.701516,PC1,0,28,0.40365,2.30909,0.00643,4.621280822902918e-05
1773144497.701516,PC1,0,29,0.55801,2.38347,0.10522,0.00012700782099273056
1773144497.701516,PC1,0,30,0.40007,2.38661,0.00876,6.97192590450868e-05
1773144497.701516,PC1,0,31,0.54401,2.4522,-0.20333,0.0005819097859784961
1773144497.701516,PC1,0,32,0.42834,2.43646,-0.3325,0.0003120599139947444
1773144497.701516,PC1,0,Angle_Elbow_L,117.36,,,
1773144497.701516,PC1,0,Angle_Shoulder_L,120.75,,,
1773144497.701516,PC1,0,Length_UpperArm_L,0.3509,,,
1773144497.701516,PC1,0,Length_LowerArm_L,0.4261,,,
1773144497.701516,PC1,0,Width_Shoulder,0.3859,,,
1773144497.7512221,PC1,0,0,0.56171,0.50774,-0.54406,0.9990469813346863
1773144497.7512221,PC1,0,1,0.57359,0.45305,-0.49709,0.9978821277618408
1773144497.7512221,PC1,0,2,0.58323,0.45369,-0.49708,0.9979299306869507
1773144497.7512221,PC1,0,3,0.59232,0.45494,-0.49692,0.9976158738136292
1773144497.7512221,PC1,0,4,0.53829,0.44902,-0.5158,0.9985820651054382
1773144497.7512221,PC1,0,5,0.5224,0.44732,-0.51545,0.9988440871238708
1773144497.7512221,PC1,0,6,0.50702,0.44696,-0.51551,0.9986754059791565
1773144497.7512221,PC1,0,7,0.59281,0.47654,-0.2173,0.9972826242446899
1773144497.7512221,PC1,0,8,0.47369,0.47195,-0.30703,0.9989566206932068
1773144497.7512221,PC1,0,9,0.57225,0.57132,-0.43742,0.9986592531204224
1773144497.7512221,PC1,0,10,0.53277,0.57061,-0.46144,0.999427318572998
1773144497.7512221,PC1,0,11,0.65434,0.73579,0.00539,0.9978033900260925
1773144497.7512221,PC1,0,12,0.37887,0.75386,-0.24208,0.9930208921432495
1773144497.7512221,PC1,0,13,0.81413,0.97292,-0.20272,0.6636304259300232
1773144497.7512221,PC1,0,14,0.32926,1.23404,-0.46554,0.4304378628730774
1773144497.7512221,PC1,0,15,0.95063,0.83248,-0.58332,0.8470838069915771
1773144497.7512221,PC1,0,16,0.44181,0.91091,-1.14361,0.6239864230155945
1773144497.7512221,PC1,0,17,1.00468,0.73131,-0.65683,0.8493866920471191
1773144497.7512221,PC1,0,18,0.46055,0.84843,-1.23574,0.6379389762878418
1773144497.7512221,PC1,0,19,0.9834,0.69711,-0.64809,0.8740811347961426
1773144497.7512221,PC1,0,20,0.45899,0.8092,-1.19087,0.6716719269752502
1773144497.7512221,PC1,0,21,0.94489,0.73982,-0.59717,0.8741870522499084
1773144497.7512221,PC1,0,22,0.459,0.83972,-1.13519,0.6583447456359863
1773144497.7512221,PC1,0,23,0.56772,1.3717,-0.01291,0.003287497442215681
1773144497.7512221,PC1,0,24,0.394,1.38295,0.01593,0.0015618723118677735
1773144497.7512221,PC1,0,25,0.5607,1.86368,-0.13913,0.002100749872624874
1773144497.7512221,PC1,0,26,0.4018,1.86516,-0.11736,0.0007969721336849034
1773144497.7512221,PC1,0,27,0.55818,2.31042,0.09934,0.0001595588109921664
1773144497.7512221,PC1,0,28,0.40365,2.30909,0.00643,4.1867206164170057e-05
1773144497.7512221,PC1,0,29,0.55801,2.38347,0.10522,0.00011934313079109415
1773144497.7512221,PC1,0,30,0.40007,2.38661,0.00876,6.320262036751956e-05
1773144497.7512221,PC1,0,31,0.54401,2.4522,-0.20333,0.0005380535149015486
1773144497.7512221,PC1,0,32,0.42834,2.43646,-0.3325,0.0002843624970410019
1773144497.7512221,PC1,0,Angle_Elbow_L,116.57,,,
1773144497.7512221,PC1,0,Angle_Shoulder_L,121.56,,,
1773144497.7512221,PC1,0,Length_UpperArm_L,0.3537,,,
1773144497.7512221,PC1,0,Length_LowerArm_L,0.428,,,
1773144497.7512221,PC1,0,Width_Shoulder,0.3707,,,
1773144497.857811,PC1,0,0,0.55173,0.50654,-0.53893,0.999225378036499
1773144497.857811,PC1,0,1,0.5636,0.45262,-0.49196,0.9982807636260986
1773144497.857811,PC1,0,2,0.57331,0.45315,-0.49199,0.9983200430870056
1773144497.857811,PC1,0,3,0.58257,0.45429,-0.49185,0.998065173625946
1773144497.857811,PC1,0,4,0.52801,0.44914,-0.51268,0.9988469481468201
1773144497.857811,PC1,0,5,0.51221,0.4475,-0.51238,0.9990597367286682
1773144497.857811,PC1,0,6,0.49724,0.44686,-0.51251,0.9989211559295654
1773144497.857811,PC1,0,7,0.58471,0.47587,-0.21588,0.9977964162826538
1773144497.857811,PC1,0,8,0.46553,0.47241,-0.30748,0.999151885509491
1773144497.857811,PC1,0,9,0.5633,0.56924,-0.43321,0.9989110231399536
1773144497.857811,PC1,0,10,0.52275,0.56859,-0.45891,0.9995324611663818
1773144497.857811,PC1,0,11,0.65006,0.7324,0.02357,0.998195230960846
1773144497.857811,PC1,0,12,0.37984,0.74664,-0.27455,0.9941410422325134
1773144497.857811,PC1,0,13,0.8163,0.97529,-0.15091,0.7146617770195007
1773144497.857811,PC1,0,14,0.46605,1.09798,-0.59438,0.5073532462120056
1773144497.857811,PC1,0,15,0.95338,0.81811,-0.51498,0.8752636313438416
1773144497.857811,PC1,0,16,0.50158,0.91125,-1.0135,0.6892266273498535
1773144497.857811,PC1,0,17,0.9991,0.70504,-0.58643,0.876438319683075
1773144497.857811,PC1,0,18,0.53697,0.85385,-1.09859,0.696882963180542
1773144497.857811,PC1,0,19,0.97306,0.66221,-0.57951,0.8967716097831726
1773144497.857811,PC1,0,20,0.5329,0.80145,-1.06303,0.7259612679481506
1773144497.857811,PC1,0,21,0.9444,0.711,-0.52947,0.8966688513755798
1773144497.857811,PC1,0,22,0.52954,0.83451,-1.00766,0.7125458717346191
1773144497.857811,PC1,0,23,0.56772,1.3717,-0.01291,0.005795009434223175
1773144497.857811,PC1,0,24,0.394,1.38295,0.01593,0.0029754445422440767
1773144497.857811,PC1,0,25,0.5607,1.86368,-0.13913,0.0033183565828949213
1773144497.857811,PC1,0,26,0.4018,1.86516,-0.11736,0.001159506500698626
1773144497.857811,PC1,0,27,0.55818,2.31042,0.09934,0.00018950791854877025
1773144497.857811,PC1,0,28,0.40365,2.30909,0.00643,4.9661059165373445e-05
1773144497.857811,PC1,0,29,0.55801,2.38347,0.10522,0.00014668740914203227
1773144497.857811,PC1,0,30,0.40007,2.38661,0.00876,6.605099042644724e-05
1773144497.857811,PC1,0,31,0.54401,2.4522,-0.20333,0.0006332739721983671
1773144497.857811,PC1,0,32,0.42834,2.43646,-0.3325,0.00032752263359725475
1773144497.857811,PC1,0,Angle_Elbow_L,109.59,,,
1773144497.857811,PC1,0,Angle_Elbow_R,108.77,,,
1773144497.857811,PC1,0,Angle_Shoulder_L,124.78,,,
1773144497.857811,PC1,0,Angle_Shoulder_R,125.04,,,
1773144497.857811,PC1,0,Length_UpperArm_L,0.3422,,,
1773144497.857811,PC1,0,Length_LowerArm_L,0.4196,,,
1773144497.857811,PC1,0,Length_UpperArm_R,0.4829,,,
1773144497.857811,PC1,0,Length_LowerArm_R,0.4602,,,
1773144497.857811,PC1,0,Width_Shoulder,0.4026,,,
1773144497.9054,PC1,0,0,0.54669,0.5056,-0.55042,0.9993016123771667
1773144497.9054,PC1,0,1,0.55827,0.45204,-0.50306,0.998450756072998
1773144497.9054,PC1,0,2,0.56809,0.45238,-0.50307,0.9984865784645081
1773144497.9054,PC1,0,3,0.57755,0.45327,-0.5029,0.9982565641403198
1773144497.9054,PC1,0,4,0.52248,0.44905,-0.52463,0.9989598393440247
1773144497.9054,PC1,0,5,0.50669,0.44756,-0.52431,0.9991516470909119
1773144497.9054,PC1,0,6,0.49204,0.44697,-0.52447,0.9990254640579224
1773144497.9054,PC1,0,7,0.58087,0.47468,-0.22502,0.9980156421661377
1773144497.9054,PC1,0,8,0.46188,0.47307,-0.31858,0.9992355704307556
1773144497.9054,PC1,0,9,0.55917,0.56763,-0.444,0.9990178346633911
1773144497.9054,PC1,0,10,0.5176,0.56757,-0.47045,0.9995771646499634
1773144497.9054,PC1,0,11,0.64843,0.73006,0.02892,0.9983618259429932
1773144497.9054,PC1,0,12,0.3788,0.74568,-0.29516,0.9945963621139526
1773144497.9054,PC1,0,13,0.81625,0.97718,-0.14097,0.7309018969535828
1773144497.9054,PC1,0,14,0.4585,1.11695,-0.60886,0.5366005897521973
1773144497.9054,PC1,0,15,0.94801,0.81329,-0.5218,0.8869651556015015
1773144497.9054,PC1,0,16,0.52712,0.90999,-0.98072,0.7164518237113953
1773144497.9054,PC1,0,17,0.99052,0.69828,-0.59177,0.8875104188919067
1773144497.9054,PC1,0,18,0.56443,0.84649,-1.06969,0.7218183279037476
1773144497.9054,PC1,0,19,0.96417,0.65269,-0.57844,0.9060686826705933
1773144497.9054,PC1,0,20,0.56086,0.79315,-1.03725,0.7488223314285278
1773144497.9054,PC1,0,21,0.93958,0.70207,-0.53397,0.9058676362037659
1773144497.9054,PC1,0,22,0.55533,0.82601,-0.98137,0.7355671525001526
1773144497.9054,PC1,0,23,0.56772,1.3717,-0.01291,0.005464599467813969
1773144497.9054,PC1,0,24,0.394,1.38295,0.01593,0.00281206495128572
1773144497.9054,PC1,0,25,0.5607,1.86368,-0.13913,0.003018733114004135
1773144497.9054,PC1,0,26,0.4018,1.86516,-0.11736,0.0010550327133387327
1773144497.9054,PC1,0,27,0.55818,2.31042,0.09934,0.0001716756378300488
1773144497.9054,PC1,0,28,0.40365,2.30909,0.00643,4.4846517994301394e-05
1773144497.9054,PC1,0,29,0.55801,2.38347,0.10522,0.00013329414650797844
1773144497.9054,PC1,0,30,0.40007,2.38661,0.00876,5.966355820419267e-05
1773144497.9054,PC1,0,31,0.54401,2.4522,-0.20333,0.0005750255077145994
1773144497.9054,PC1,0,32,0.42834,2.43646,-0.3325,0.0002965550811495632
1773144497.9054,PC1,0,Angle_Elbow_L,108.05,,,
1773144497.9054,PC1,0,Angle_Elbow_R,102.31,,,
1773144497.9054,PC1,0,Angle_Shoulder_L,125.21,,,
1773144497.9054,PC1,0,Angle_Shoulder_R,126.69,,,
1773144497.9054,PC1,0,Length_UpperArm_L,0.3436,,,
1773144497.9054,PC1,0,Length_LowerArm_L,0.435,,,
1773144497.9054,PC1,0,Length_UpperArm_R,0.4925,,,
1773144497.9054,PC1,0,Length_LowerArm_R,0.4311,,,
1773144497.9054,PC1,0,Width_Shoulder,0.4219,,,
1773144498.0488262,PC1,0,0,0.53611,0.5042,-0.55314,0.9995371699333191
1773144498.0488262,PC1,0,1,0.5462,0.45137,-0.50613,0.9989773035049438
1773144498.0488262,PC1,0,2,0.55587,0.45119,-0.50617,0.9990027546882629
1773144498.0488262,PC1,0,3,0.56525,0.45133,-0.506,0.9988502860069275
1773144498.0488262,PC1,0,4,0.51012,0.44922,-0.52936,0.999309241771698
1773144498.0488262,PC1,0,5,0.49407,0.44812,-0.52886,0.9994363188743591
1773144498.0488262,PC1,0,6,0.47967,0.44795,-0.52905,0.9993489980697632
1773144498.0488262,PC1,0,7,0.57114,0.47269,-0.23258,0.9986950159072876
1773144498.0488262,PC1,0,8,0.453,0.4762,-0.31529,0.9994943141937256
1773144498.0488262,PC1,0,9,0.55157,0.56428,-0.44971,0.9993517398834229
1773144498.0488262,PC1,0,10,0.50894,0.56646,-0.46983,0.9997183084487915
1773144498.0488262,PC1,0,11,0.64281,0.72781,0.02691,0.9988880157470703
1773144498.0488262,PC1,0,12,0.37817,0.74172,-0.31888,0.9962859153747559
1773144498.0488262,PC1,0,13,0.80803,0.9989,-0.17822,0.7878640294075012
1773144498.0488262,PC1,0,14,0.46392,1.13421,-0.58032,0.665779173374176
1773144498.0488262,PC1,0,15,0.9139,0.78849,-0.59173,0.9219001531600952
1773144498.0488262,PC1,0,16,0.58552,0.88677,-0.85095,0.8101196885108948
1773144498.0488262,PC1,0,17,0.94611,0.67985,-0.66989,0.9201589822769165
1773144498.0488262,PC1,0,18,0.62087,0.79901,-0.92677,0.8105579018592834
1773144498.0488262,PC1,0,19,0.91998,0.62448,-0.6512,0.9334561824798584
1773144498.0488262,PC1,0,20,0.61088,0.73243,-0.89337,0.8293744921684265
1773144498.0488262,PC1,0,21,0.90046,0.67454,-0.60196,0.9330775141716003
1773144498.0488262,PC1,0,22,0.60242,0.77055,-0.84581,0.8187798261642456
1773144498.0488262,PC1,0,23,0.56772,1.3717,-0.01291,0.006811854429543018
1773144498.0488262,PC1,0,24,0.394,1.38295,0.01593,0.004188504070043564
1773144498.0488262,PC1,0,25,0.5607,1.86368,-0.13913,0.0032702090684324503
1773144498.0488262,PC1,0,26,0.4018,1.86516,-0.11736,0.0012389449402689934
1773144498.0488262,PC1,0,27,0.55818,2.31042,0.09934,0.00022669520694762468
1773144498.0488262,PC1,0,28,0.40365,2.30909,0.00643,4.9100955948233604e-05
1773144498.0488262,PC1,0,29,0.55801,2.38347,0.10522,0.00020328657410573214
1773144498.0488262,PC1,0,30,0.40007,2.38661,0.00876,5.4554031521547586e-05
1773144498.0488262,PC1,0,31,0.54401,2.4522,-0.20333,0.0009072904358617961
1773144498.0488262,PC1,0,32,0.42834,2.43646,-0.3325,0.00032560169347561896
1773144498.0488262,PC1,0,Angle_Elbow_L,104.58,,,
1773144498.0488262,PC1,0,Angle_Elbow_R,85.06,,,
1773144498.0488262,PC1,0,Angle_Shoulder_L,123.88,,,
1773144498.0488262,PC1,0,Angle_Shoulder_R,131.86,,,
1773144498.0488262,PC1,0,Length_UpperArm_L,0.378,,,
1773144498.0488262,PC1,0,Length_LowerArm_L,0.4759,,,
1773144498.0488262,PC1,0,Length_UpperArm_R,0.4793,,,
1773144498.0488262,PC1,0,Length_LowerArm_R,0.3863,,,
1773144498.0488262,PC1,0,Width_Shoulder,0.4357,,,
1773144498.120043,PC1,0,0,0.53446,0.50385,-0.55657,0.999578058719635
1773144498.120043,PC1,0,1,0.54428,0.45117,-0.51067,0.9990726709365845
1773144498.120043,PC1,0,2,0.5538,0.45091,-0.51071,0.9990974068641663
1773144498.120043,PC1,0,3,0.56314,0.45091,-0.51053,0.998958170413971
1773144498.120043,PC1,0,4,0.50831,0.44909,-0.53289,0.999370276927948
1773144498.120043,PC1,0,5,0.49229,0.44804,-0.53246,0.9994860887527466
1773144498.120043,PC1,0,6,0.478,0.44798,-0.53267,0.9994040727615356
1773144498.120043,PC1,0,7,0.56941,0.4724,-0.24137,0.998821496963501
1773144498.120043,PC1,0,8,0.45182,0.47657,-0.32134,0.9995408654212952
1773144498.120043,PC1,0,9,0.55014,0.56342,-0.45459,0.9994115829467773
1773144498.120043,PC1,0,10,0.50743,0.56598,-0.47456,0.999741792678833
1773144498.120043,PC1,0,11,0.64216,0.72745,0.01456,0.9989491105079651
1773144498.120043,PC1,0,12,0.37845,0.74116,-0.3241,0.9965154528617859
1773144498.120043,PC1,0,13,0.80264,1.00168,-0.2006,0.7923735976219177
1773144498.120043,PC1,0,14,0.46012,1.13528,-0.58824,0.68699049949646
1773144498.120043,PC1,0,15,0.90316,0.78808,-0.62211,0.9277932047843933
1773144498.120043,PC1,0,16,0.59121,0.88329,-0.84632,0.8271304965019226
1773144498.120043,PC1,0,17,0.9349,0.68039,-0.6998,0.9252853393554688
1773144498.120043,PC1,0,18,0.62547,0.79214,-0.91678,0.8258234262466431
1773144498.120043,PC1,0,19,0.90613,0.62447,-0.6791,0.9377195239067078
1773144498.120043,PC1,0,20,0.61499,0.72434,-0.87523,0.8432608842849731
1773144498.120043,PC1,0,21,0.88707,0.67376,-0.63133,0.9371244311332703
1773144498.120043,PC1,0,22,0.60645,0.76348,-0.83743,0.8325271606445312
1773144498.120043,PC1,0,23,0.56772,1.3717,-0.01291,0.006952465046197176
1773144498.120043,PC1,0,24,0.394,1.38295,0.01593,0.004396130796521902
1773144498.120043,PC1,0,25,0.5607,1.86368,-0.13913,0.003394711995497346
1773144498.120043,PC1,0,26,0.4018,1.86516,-0.11736,0.0013150643790140748
1773144498.120043,PC1,0,27,0.55818,2.31042,0.09934,0.00024997920263558626
1773144498.120043,PC1,0,28,0.40365,2.30909,0.00643,5.160878208698705e-05
1773144498.120043,PC1,0,29,0.55801,2.38347,0.10522,0.0002291635173605755
1773144498.120043,PC1,0,30,0.40007,2.38661,0.00876,5.691994374501519e-05
1773144498.120043,PC1,0,31,0.54401,2.4522,-0.20333,0.0009607832762412727
1773144498.120043,PC1,0,32,0.42834,2.43646,-0.3325,0.0003457875573076308
1773144498.120043,PC1,0,Angle_Elbow_L,105.09,,,
1773144498.120043,PC1,0,Angle_Elbow_R,83.65,,,
1773144498.120043,PC1,0,Angle_Shoulder_L,122.88,,,
1773144498.120043,PC1,0,Angle_Shoulder_R,131.13,,,
1773144498.120043,PC1,0,Length_UpperArm_L,0.3837,,,
1773144498.120043,PC1,0,Length_LowerArm_L,0.4831,,,
1773144498.120043,PC1,0,Length_UpperArm_R,0.4814,,,
1773144498.120043,PC1,0,Length_LowerArm_R,0.3838,,,
1773144498.120043,PC1,0,Width_Shoulder,0.4294,,,
1773144498.167726,PC1,0,0,0.5327,0.50306,-0.56757,0.9996145367622375
1773144498.167726,PC1,0,1,0.54228,0.45032,-0.5208,0.9991587400436401
1773144498.167726,PC1,0,2,0.55167,0.44988,-0.52085,0.999182403087616
1773144498.167726,PC1,0,3,0.56095,0.44957,-0.52068,0.9990555644035339
1773144498.167726,PC1,0,4,0.50632,0.44837,-0.54238,0.9994257688522339
1773144498.167726,PC1,0,5,0.49035,0.44736,-0.54206,0.9995310306549072
1773144498.167726,PC1,0,6,0.47621,0.4474,-0.54231,0.9994547367095947
1773144498.167726,PC1,0,7,0.56769,0.47153,-0.25039,0.9989355802536011
1773144498.167726,PC1,0,8,0.45065,0.47615,-0.32924,0.999582827091217
1773144498.167726,PC1,0,9,0.54849,0.56163,-0.46515,0.9994663596153259
1773144498.167726,PC1,0,10,0.50563,0.56418,-0.48574,0.9997633695602417
1773144498.167726,PC1,0,11,0.64199,0.72679,-0.00338,0.9990248084068298
1773144498.167726,PC1,0,12,0.3789,0.74004,-0.32883,0.9967566132545471
1773144498.167726,PC1,0,13,0.79774,1.00427,-0.2416,0.8079211711883545
1773144498.167726,PC1,0,14,0.45432,1.14464,-0.60715,0.7139537334442139
1773144498.167726,PC1,0,15,0.89217,0.78478,-0.68611,0.9337726831436157
1773144498.167726,PC1,0,16,0.59685,0.88088,-0.88423,0.8434954881668091
1773144498.167726,PC1,0,17,0.91671,0.67655,-0.76708,0.9302224516868591
1773144498.167726,PC1,0,18,0.62926,0.78704,-0.95801,0.8409929871559143
1773144498.167726,PC1,0,19,0.88899,0.62083,-0.74301,0.9418026804924011
1773144498.167726,PC1,0,20,0.61883,0.71776,-0.91338,0.8569557666778564
1773144498.167726,PC1,0,21,0.87208,0.67016,-0.69406,0.9410126805305481
1773144498.167726,PC1,0,22,0.60978,0.75757,-0.87361,0.8464708924293518
1773144498.167726,PC1,0,23,0.56772,1.3717,-0.01291,0.00821935199201107
1773144498.167726,PC1,0,24,0.394,1.38295,0.01593,0.00562684889882803
1773144498.167726,PC1,0,25,0.5607,1.86368,-0.13913,0.004066217690706253
1773144498.167726,PC1,0,26,0.4018,1.86516,-0.11736,0.0016047494718804955
1773144498.167726,PC1,0,27,0.55818,2.31042,0.09934,0.00031590083381161094
1773144498.167726,PC1,0,28,0.40365,2.30909,0.00643,6.852745718788356e-05
1773144498.167726,PC1,0,29,0.55801,2.38347,0.10522,0.0002946708118543029
1773144498.167726,PC1,0,30,0.40007,2.38661,0.00876,7.539015496149659e-05
1773144498.167726,PC1,0,31,0.54401,2.4522,-0.20333,0.0010734585812315345
1773144498.167726,PC1,0,32,0.42834,2.43646,-0.3325,0.00041029384010471404
1773144498.167726,PC1,0,Angle_Elbow_L,107.31,,,
1773144498.167726,PC1,0,Angle_Elbow_R,84.67,,,
1773144498.167726,PC1,0,Angle_Shoulder_L,120.44,,,
1773144498.167726,PC1,0,Angle_Shoulder_R,129.76,,,
1773144498.167726,PC1,0,Length_UpperArm_L,0.3975,,,
1773144498.167726,PC1,0,Length_LowerArm_L,0.5047,,,
1773144498.167726,PC1,0,Length_UpperArm_R,0.4968,,,
1773144498.167726,PC1,0,Length_LowerArm_R,0.4082,,,
1773144498.167726,PC1,0,Width_Shoulder,0.4187,,,
1773144498.2155972,PC1,0,0,0.53158,0.50257,-0.54673,0.9996529817581177
1773144498.2155972,PC1,0,1,0.54129,0.44973,-0.50111,0.9992426633834839
1773144498.2155972,PC1,0,2,0.55059,0.44927,-0.50112,0.9992640614509583
1773144498.2155972,PC1,0,3,0.55987,0.44886,-0.5009,0.9991498589515686
1773144498.2155972,PC1,0,4,0.50501,0.44775,-0.52151,0.9994829893112183
1773144498.2155972,PC1,0,5,0.489,0.44685,-0.52114,0.9995777606964111
1773144498.2155972,PC1,0,6,0.47487,0.44706,-0.52136,0.9995089769363403
1773144498.2155972,PC1,0,7,0.56713,0.47111,-0.23767,0.9990419149398804
1773144498.2155972,PC1,0,8,0.44977,0.47598,-0.31298,0.9996244311332703
1773144498.2155972,PC1,0,9,0.54757,0.56061,-0.4468,0.9995195269584656
1773144498.2155972,PC1,0,10,0.5038,0.56325,-0.46688,0.9997868537902832
1773144498.2155972,PC1,0,11,0.64214,0.72567,0.00752,0.9991174340248108
1773144498.2155972,PC1,0,12,0.37744,0.73843,-0.30818,0.9970506429672241
1773144498.2155972,PC1,0,13,0.79436,1.00519,-0.22323,0.8150033950805664
1773144498.2155972,PC1,0,14,0.44007,1.1525,-0.58613,0.728664755821228
1773144498.2155972,PC1,0,15,0.88314,0.77953,-0.66391,0.9399784803390503
1773144498.2155972,PC1,0,16,0.58799,0.87991,-0.87714,0.8584209680557251
1773144498.2155972,PC1,0,17,0.90211,0.66806,-0.74437,0.9366041421890259
1773144498.2155972,PC1,0,18,0.61748,0.78488,-0.95014,0.856002688407898
1773144498.2155972,PC1,0,19,0.87552,0.61367,-0.71552,0.9471480250358582
1773144498.2155972,PC1,0,20,0.60791,0.71504,-0.90467,0.8705329895019531
1773144498.2155972,PC1,0,21,0.85955,0.66135,-0.6703,0.9464067816734314
1773144498.2155972,PC1,0,22,0.59994,0.75529,-0.86636,0.8608971834182739
1773144498.2155972,PC1,0,23,0.56772,1.3717,-0.01291,0.00752252945676446
1773144498.2155972,PC1,0,24,0.394,1.38295,0.01593,0.005134774837642908
1773144498.2155972,PC1,0,25,0.5607,1.86368,-0.13913,0.003697682172060013
1773144498.2155972,PC1,0,26,0.4018,1.86516,-0.11736,0.0014615477994084358
1773144498.2155972,PC1,0,27,0.55818,2.31042,0.09934,0.0002853320329450071
1773144498.2155972,PC1,0,28,0.40365,2.30909,0.00643,6.173660221975297e-05
1773144498.2155972,PC1,0,29,0.55801,2.38347,0.10522,0.0002664877101778984
1773144498.2155972,PC1,0,30,0.40007,2.38661,0.00876,6.793058128096163e-05
1773144498.2155972,PC1,0,31,0.54401,2.4522,-0.20333,0.000970400869846344
1773144498.2155972,PC1,0,32,0.42834,2.43646,-0.3325,0.00037004175828769803
1773144498.2155972,PC1,0,Angle_Elbow_L,105.28,,,
1773144498.2155972,PC1,0,Angle_Elbow_R,83.9,,,
1773144498.2155972,PC1,0,Angle_Shoulder_L,122.7,,,
1773144498.2155972,PC1,0,Angle_Shoulder_R,132.0,,,
1773144498.2155972,PC1,0,Length_UpperArm_L,0.3931,,,
1773144498.2155972,PC1,0,Length_LowerArm_L,0.503,,,
1773144498.2155972,PC1,0,Length_UpperArm_R,0.5026,,,
1773144498.2155972,PC1,0,Length_LowerArm_R,0.4253,,,
1773144498.2155972,PC1,0,Width_Shoulder,0.4122,,,
1773144498.2639732,PC1,0,0,0.53071,0.50216,-0.53492,0.9996873736381531
1773144498.2639732,PC1,0,1,0.54055,0.44936,-0.48932,0.9993177056312561
1773144498.2639732,PC1,0,2,0.54979,0.44893,-0.4893,0.9993372559547424
1773144498.2639732,PC1,0,3,0.55908,0.44854,-0.48906,0.9992341995239258
1773144498.2639732,PC1,0,4,0.50404,0.44742,-0.50932,0.9995337724685669
1773144498.2639732,PC1,0,5,0.48799,0.44668,-0.50895,0.9996193647384644
1773144498.2639732,PC1,0,6,0.47388,0.44714,-0.50914,0.9995568990707397
1773144498.2639732,PC1,0,7,0.56673,0.47108,-0.22767,0.9991374015808105
1773144498.2639732,PC1,0,8,0.4491,0.47617,-0.30292,0.9996616244316101
1773144498.2639732,PC1,0,9,0.54672,0.55987,-0.43586,0.999566912651062
1773144498.2639732,PC1,0,10,0.50238,0.5626,-0.45618,0.9998074769973755
1773144498.2639732,PC1,0,11,0.64224,0.72642,0.01441,0.9991993308067322
1773144498.2639732,PC1,0,12,0.3761,0.73729,-0.29712,0.9973008632659912
1773144498.2639732,PC1,0,13,0.79143,1.00611,-0.21012,0.8257606625556946
1773144498.2639732,PC1,0,14,0.4307,1.14896,-0.57775,0.742743968963623
1773144498.2639732,PC1,0,15,0.87515,0.77213,-0.65103,0.9457564353942871
1773144498.2639732,PC1,0,16,0.57817,0.87444,-0.88197,0.8722201585769653
1773144498.2639732,PC1,0,17,0.89055,0.65976,-0.7313,0.9425534009933472
1773144498.2639732,PC1,0,18,0.60593,0.77609,-0.95552,0.8698826432228088
1773144498.2639732,PC1,0,19,0.86474,0.60687,-0.6999,0.9521165490150452
1773144498.2639732,PC1,0,20,0.59586,0.71128,-0.90887,0.8830481171607971
1773144498.2639732,PC1,0,21,0.84958,0.65316,-0.65694,0.9514217972755432
1773144498.2639732,PC1,0,22,0.58891,0.75044,-0.87132,0.8742325901985168
1773144498.2639732,PC1,0,23,0.56772,1.3717,-0.01291,0.006987286731600761
1773144498.2639732,PC1,0,24,0.394,1.38295,0.01593,0.00475274259224534
1773144498.2639732,PC1,0,25,0.5607,1.86368,-0.13913,0.0034049293026328087
1773144498.2639732,PC1,0,26,0.4018,1.86516,-0.11736,0.001334516447968781
1773144498.2639732,PC1,0,27,0.55818,2.31042,0.09934,0.0002594327670522034
1773144498.2639732,PC1,0,28,0.40365,2.30909,0.00643,5.573267480940558e-05
1773144498.2639732,PC1,0,29,0.55801,2.38347,0.10522,0.00024487762129865587
1773144498.2639732,PC1,0,30,0.40007,2.38661,0.00876,6.141568155726418e-05
1773144498.2639732,PC1,0,31,0.54401,2.4522,-0.20333,0.0008839874062687159
1773144498.2639732,PC1,0,32,0.42834,2.43646,-0.3325,0.00033501366851851344
1773144498.2639732,PC1,0,Angle_Elbow_L,103.54,,,
1773144498.2639732,PC1,0,Angle_Elbow_R,84.85,,,
1773144498.2639732,PC1,0,Angle_Shoulder_L,124.13,,,
1773144498.2639732,PC1,0,Angle_Shoulder_R,132.51,,,
1773144498.2639732,PC1,0,Length_UpperArm_L,0.3885,,,
1773144498.2639732,PC1,0,Length_LowerArm_L,0.5061,,,
1773144498.2639732,PC1,0,Length_UpperArm_R,0.5012,,,
1773144498.2639732,PC1,0,Length_LowerArm_R,0.4355,,,
1773144498.2639732,PC1,0,Width_Shoulder,0.4099,,,
1773144498.359303,PC1,0,0,0.53005,0.50182,-0.54629,0.9997168779373169
1773144498.359303,PC1,0,1,0.5401,0.44889,-0.50076,0.9993830323219299
1773144498.359303,PC1,0,2,0.5494,0.44855,-0.50073,0.9994012117385864
1773144498.359303,PC1,0,3,0.55881,0.44823,-0.50048,0.99930739402771
1773144498.359303,PC1,0,4,0.50346,0.44686,-0.52107,0.9995775818824768
1773144498.359303,PC1,0,5,0.48734,0.4462,-0.52072,0.9996550679206848
1773144498.359303,PC1,0,6,0.47318,0.44675,-0.52091,0.9995979070663452
1773144498.359303,PC1,0,7,0.56717,0.47118,-0.23763,0.9992214441299438
1773144498.359303,PC1,0,8,0.44855,0.47626,-0.31603,0.9996940493583679
1773144498.359303,PC1,0,9,0.54607,0.55929,-0.44667,0.999606728553772
1773144498.359303,PC1,0,10,0.50128,0.56173,-0.46817,0.9998242855072021
1773144498.359303,PC1,0,11,0.64239,0.72698,0.0031,0.9992178678512573
1773144498.359303,PC1,0,12,0.37471,0.73661,-0.29848,0.997403621673584
1773144498.359303,PC1,0,13,0.78865,1.00568,-0.21897,0.8253301978111267
1773144498.359303,PC1,0,14,0.41693,1.15637,-0.59143,0.7574893236160278
1773144498.359303,PC1,0,15,0.86843,0.77158,-0.65526,0.950136661529541
1773144498.359303,PC1,0,16,0.56389,0.8734,-0.91197,0.8840821981430054
1773144498.359303,PC1,0,17,0.88189,0.65528,-0.73299,0.9465256929397583
1773144498.359303,PC1,0,18,0.59152,0.76952,-0.98549,0.881316065788269
1773144498.359303,PC1,0,19,0.85727,0.6047,-0.69858,0.9553914666175842
1773144498.359303,PC1,0,20,0.58091,0.71061,-0.93642,0.8934040069580078
1773144498.359303,PC1,0,21,0.84291,0.65065,-0.66,0.9546986818313599
1773144498.359303,PC1,0,22,0.57501,0.7496,-0.90033,0.8850160837173462
1773144498.359303,PC1,0,23,0.56772,1.3717,-0.01291,0.006547989323735237
1773144498.359303,PC1,0,24,0.394,1.38295,0.01593,0.00446697324514389
1773144498.359303,PC1,0,25,0.5607,1.86368,-0.13913,0.0031857409048825502
1773144498.359303,PC1,0,26,0.4018,1.86516,-0.11736,0.0012343120761215687
1773144498.359303,PC1,0,27,0.55818,2.31042,0.09934,0.00024086228222586215
1773144498.359303,PC1,0,28,0.40365,2.30909,0.00643,5.078583490103483e-05
1773144498.359303,PC1,0,29,0.55801,2.38347,0.10522,0.00022876527509652078
1773144498.359303,PC1,0,30,0.40007,2.38661,0.00876,5.616869020741433e-05
1773144498.359303,PC1,0,31,0.54401,2.4522,-0.20333,0.0008177843410521746
1773144498.359303,PC1,0,32,0.42834,2.43646,-0.3325,0.0003079704474657774
1773144498.359303,PC1,0,Angle_Elbow_L,102.96,,,
1773144498.359303,PC1,0,Angle_Elbow_R,85.39,,,
1773144498.359303,PC1,0,Angle_Shoulder_L,123.97,,,
1773144498.359303,PC1,0,Angle_Shoulder_R,131.59,,,
1773144498.359303,PC1,0,Length_UpperArm_L,0.3852,,,
1773144498.359303,PC1,0,Length_LowerArm_L,0.5015,,,
1773144498.359303,PC1,0,Length_UpperArm_R,0.5136,,,
1773144498.359303,PC1,0,Length_LowerArm_R,0.4521,,,
1773144498.359303,PC1,0,Width_Shoulder,0.4034,,,
1773144498.609796,PC1,0,0,0.5267,0.49607,-0.488,0.9998137354850769
1773144498.609796,PC1,0,1,0.53829,0.44373,-0.44279,0.9995940327644348
1773144498.609796,PC1,0,2,0.54809,0.44458,-0.4427,0.9996063709259033
1773144498.609796,PC1,0,3,0.55782,0.4456,-0.44237,0.9995443820953369
1773144498.609796,PC1,0,4,0.50187,0.43982,-0.45858,0.9997211694717407
1773144498.609796,PC1,0,5,0.48578,0.43886,-0.45819,0.999772310256958
1773144498.609796,PC1,0,6,0.47142,0.43933,-0.45832,0.9997339248657227
1773144498.609796,PC1,0,7,0.56821,0.47127,-0.18566,0.9994884133338928
1773144498.609796,PC1,0,8,0.44636,0.47318,-0.24914,0.9997984170913696
1773144498.609796,PC1,0,9,0.5431,0.5542,-0.39233,0.9997403621673584
1773144498.609796,PC1,0,10,0.49696,0.5539,-0.41018,0.9998831152915955
1773144498.609796,PC1,0,11,0.64264,0.73549,0.03522,0.9994587898254395
1773144498.609796,PC1,0,12,0.3721,0.7369,-0.21774,0.9980688095092773
1773144498.609796,PC1,0,13,0.77257,1.01574,-0.20085,0.8417416214942932
1773144498.609796,PC1,0,14,0.3799,1.17652,-0.54324,0.7516926527023315
1773144498.609796,PC1,0,15,0.84048,0.78421,-0.65101,0.9666119813919067
1773144498.609796,PC1,0,16,0.51437,0.87055,-0.95484,0.9214980602264404
1773144498.609796,PC1,0,17,0.84875,0.67563,-0.7309,0.9638776183128357
1773144498.609796,PC1,0,18,0.5367,0.76344,-1.03071,0.9192872643470764
1773144498.609796,PC1,0,19,0.82593,0.62568,-0.68207,0.9698519706726074
1773144498.609796,PC1,0,20,0.52667,0.71152,-0.97731,0.9276382327079773
1773144498.609796,PC1,0,21,0.81396,0.66499,-0.65066,0.9693162441253662
1773144498.609796,PC1,0,22,0.52591,0.74874,-0.94202,0.9216744303703308
1773144498.609796,PC1,0,23,0.56772,1.3717,-0.01291,0.004741802345961332
1773144498.609796,PC1,0,24,0.394,1.38295,0.01593,0.0031964501831680536
1773144498.609796,PC1,0,25,0.5607,1.86368,-0.13913,0.0021476480178534985
1773144498.609796,PC1,0,26,0.4018,1.86516,-0.11736,0.0008285107905976474
1773144498.609796,PC1,0,27,0.55818,2.31042,0.09934,0.00016039592446759343
1773144498.609796,PC1,0,28,0.40365,2.30909,0.00643,3.347752499394119e-05
1773144498.609796,PC1,0,29,0.55801,2.38347,0.10522,0.0001531940943095833
1773144498.609796,PC1,0,30,0.40007,2.38661,0.00876,3.711502722580917e-05
1773144498.609796,PC1,0,31,0.54401,2.4522,-0.20333,0.0005436837673187256
1773144498.609796,PC1,0,32,0.42834,2.43646,-0.3325,0.00020403311646077782
1773144498.609796,PC1,0,Angle_Elbow_L,104.65,,,
1773144498.609796,PC1,0,Angle_Elbow_R,90.1,,,
1773144498.609796,PC1,0,Angle_Shoulder_L,127.75,,,
1773144498.609796,PC1,0,Angle_Shoulder_R,135.15,,,
1773144498.609796,PC1,0,Length_UpperArm_L,0.3888,,,
1773144498.609796,PC1,0,Length_LowerArm_L,0.5107,,,
1773144498.609796,PC1,0,Length_UpperArm_R,0.5471,,,
1773144498.609796,PC1,0,Length_LowerArm_R,0.5302,,,
1773144498.609796,PC1,0,Width_Shoulder,0.3704,,,
1773144498.755132,PC1,0,0,0.52394,0.49357,-0.47979,0.9998629689216614
1773144498.755132,PC1,0,1,0.53727,0.44137,-0.42987,0.9997014999389648
1773144498.755132,PC1,0,2,0.54716,0.44268,-0.42979,0.9997112154960632
1773144498.755132,PC1,0,3,0.55661,0.44425,-0.42939,0.9996652007102966
1773144498.755132,PC1,0,4,0.49977,0.43739,-0.44711,0.9997931718826294
1773144498.755132,PC1,0,5,0.48421,0.43657,-0.44678,0.9998310804367065
1773144498.755132,PC1,0,6,0.47052,0.43725,-0.44693,0.9998012781143188
1773144498.755132,PC1,0,7,0.56673,0.4722,-0.15756,0.9996252655982971
1773144498.755132,PC1,0,8,0.44645,0.47166,-0.22993,0.9998511075973511
1773144498.755132,PC1,0,9,0.54189,0.55069,-0.3812,0.9998074173927307
1773144498.755132,PC1,0,10,0.49527,0.54965,-0.40124,0.9999109506607056
1773144498.755132,PC1,0,11,0.6439,0.74475,0.05164,0.9995666742324829
1773144498.755132,PC1,0,12,0.37155,0.73591,-0.21101,0.9982379078865051
1773144498.755132,PC1,0,13,0.76468,1.02491,-0.24164,0.8644776940345764
1773144498.755132,PC1,0,14,0.3642,1.1869,-0.60275,0.7817825675010681
1773144498.755132,PC1,0,15,0.82101,0.7701,-0.73101,0.9753787517547607
1773144498.755132,PC1,0,16,0.49309,0.85581,-1.05971,0.9418853521347046
1773144498.755132,PC1,0,17,0.82454,0.66562,-0.81954,0.9731931686401367
1773144498.755132,PC1,0,18,0.51613,0.75219,-1.14646,0.9399794936180115
1773144498.755132,PC1,0,19,0.80456,0.61303,-0.76166,0.9776248931884766
1773144498.755132,PC1,0,20,0.50928,0.70754,-1.09492,0.9462540745735168
1773144498.755132,PC1,0,21,0.79384,0.65581,-0.72775,0.9771490097045898
1773144498.755132,PC1,0,22,0.5088,0.74069,-1.05017,0.9416542053222656
1773144498.755132,PC1,0,23,0.56772,1.3717,-0.01291,0.003789364593103528
1773144498.755132,PC1,0,24,0.394,1.38295,0.01593,0.002534899627789855
1773144498.755132,PC1,0,25,0.5607,1.86368,-0.13913,0.0016284511657431722
1773144498.755132,PC1,0,26,0.4018,1.86516,-0.11736,0.0006210946012288332
1773144498.755132,PC1,0,27,0.55818,2.31042,0.09934,0.00012037740816595033
1773144498.755132,PC1,0,28,0.40365,2.30909,0.00643,2.4650102204759605e-05
1773144498.755132,PC1,0,29,0.55801,2.38347,0.10522,0.00011539852857822552
1773144498.755132,PC1,0,30,0.40007,2.38661,0.00876,2.749665691226255e-05
1773144498.755132,PC1,0,31,0.54401,2.4522,-0.20333,0.0004064849636051804
1773144498.755132,PC1,0,32,0.42834,2.43646,-0.3325,0.00015194037405308336
1773144498.755132,PC1,0,Angle_Elbow_L,109.65,,,
1773144498.755132,PC1,0,Angle_Elbow_R,94.77,,,
1773144498.755132,PC1,0,Angle_Shoulder_L,123.82,,,
1773144498.755132,PC1,0,Angle_Shoulder_R,131.75,,,
1773144498.755132,PC1,0,Length_UpperArm_L,0.4232,,,
1773144498.755132,PC1,0,Length_LowerArm_L,0.5546,,,
1773144498.755132,PC1,0,Length_UpperArm_R,0.5974,,,
1773144498.755132,PC1,0,Length_LowerArm_R,0.5788,,,
1773144498.755132,PC1,0,Width_Shoulder,0.3785,,,
1773144498.802707,PC1,0,0,0.52711,0.49312,-0.48717,0.9998882412910461
1773144498.802707,PC1,0,1,0.53975,0.44026,-0.43816,0.999756932258606
1773144498.802707,PC1,0,2,0.54966,0.44151,-0.4381,0.9997650384902954
1773144498.802707,PC1,0,3,0.55922,0.44304,-0.43768,0.9997273683547974
1773144498.802707,PC1,0,4,0.50279,0.4365,-0.45583,0.9998309016227722
1773144498.802707,PC1,0,5,0.48704,0.43574,-0.45546,0.9998616576194763
1773144498.802707,PC1,0,6,0.47312,0.43647,-0.45561,0.9998371005058289
1773144498.802707,PC1,0,7,0.56925,0.47194,-0.16375,0.9996954202651978
1773144498.802707,PC1,0,8,0.44748,0.47096,-0.23826,0.999878466129303
1773144498.802707,PC1,0,9,0.5449,0.55085,-0.38789,0.9998420476913452
1773144498.802707,PC1,0,10,0.49836,0.54904,-0.40859,0.9999262690544128
1773144498.802707,PC1,0,11,0.64587,0.74752,0.04428,0.9996050596237183
1773144498.802707,PC1,0,12,0.37132,0.73696,-0.21333,0.9983804225921631
1773144498.802707,PC1,0,13,0.76264,1.02729,-0.27212,0.8448964953422546
1773144498.802707,PC1,0,14,0.35912,1.19901,-0.60156,0.7923420667648315
1773144498.802707,PC1,0,15,0.81652,0.78038,-0.76744,0.9790585041046143
1773144498.802707,PC1,0,16,0.48605,0.86726,-1.06182,0.9510809779167175
1773144498.802707,PC1,0,17,0.82092,0.67169,-0.86142,0.9768425822257996
1773144498.802707,PC1,0,18,0.51072,0.76803,-1.14869,0.9490092992782593
1773144498.802707,PC1,0,19,0.80053,0.61667,-0.80456,0.9806542992591858
1773144498.802707,PC1,0,20,0.50314,0.71372,-1.0966,0.954537034034729
1773144498.802707,PC1,0,21,0.7895,0.65913,-0.76383,0.9800914525985718
1773144498.802707,PC1,0,22,0.50367,0.74769,-1.05237,0.9503242373466492
1773144498.802707,PC1,0,23,0.56772,1.3717,-0.01291,0.003319025272503495
1773144498.802707,PC1,0,24,0.394,1.38295,0.01593,0.002220320515334606
1773144498.802707,PC1,0,25,0.5607,1.86368,-0.13913,0.0014032871695235372
1773144498.802707,PC1,0,26,0.4018,1.86516,-0.11736,0.0005325512611307204
1773144498.802707,PC1,0,27,0.55818,2.31042,0.09934,9.987288649426773e-05
1773144498.802707,PC1,0,28,0.40365,2.30909,0.00643,2.017141923715826e-05
1773144498.802707,PC1,0,29,0.55801,2.38347,0.10522,9.591329580871388e-05
1773144498.802707,PC1,0,30,0.40007,2.38661,0.00876,2.2616433852817863e-05
1773144498.802707,PC1,0,31,0.54401,2.4522,-0.20333,0.00033841468393802643
1773144498.802707,PC1,0,32,0.42834,2.43646,-0.3325,0.00012592601706273854
1773144498.802707,PC1,0,Angle_Elbow_L,112.67,,,
1773144498.802707,PC1,0,Angle_Elbow_R,93.9,,,
1773144498.802707,PC1,0,Angle_Shoulder_L,121.58,,,
1773144498.802707,PC1,0,Angle_Shoulder_R,132.26,,,
1773144498.802707,PC1,0,Length_UpperArm_L,0.4382,,,
1773144498.802707,PC1,0,Length_LowerArm_L,0.5561,,,
1773144498.802707,PC1,0,Length_UpperArm_R,0.6036,,,
1773144498.802707,PC1,0,Length_LowerArm_R,0.5814,,,
1773144498.802707,PC1,0,Width_Shoulder,0.3766,,,
1773144498.8994439,PC1,0,0,0.52925,0.49305,-0.48631,0.9998992085456848
1773144498.8994439,PC1,0,1,0.54173,0.43989,-0.43828,0.9997808933258057
1773144498.8994439,PC1,0,2,0.55175,0.44112,-0.43823,0.999788224697113
1773144498.8994439,PC1,0,3,0.56155,0.44264,-0.43785,0.9997542500495911
1773144498.8994439,PC1,0,4,0.50525,0.4361,-0.45546,0.9998473525047302
1773144498.8994439,PC1,0,5,0.48951,0.43531,-0.45507,0.9998750686645508
1773144498.8994439,PC1,0,6,0.47529,0.43599,-0.45521,0.9998528361320496
1773144498.8994439,PC1,0,7,0.57133,0.47186,-0.16497,0.9997255802154541
1773144498.8994439,PC1,0,8,0.44808,0.47014,-0.23784,0.9998903870582581
1773144498.8994439,PC1,0,9,0.5466,0.55139,-0.38686,0.9998573064804077
1773144498.8994439,PC1,0,10,0.50055,0.54897,-0.40716,0.9999332427978516
1773144498.8994439,PC1,0,11,0.64652,0.74887,0.04294,0.9996272921562195
1773144498.8994439,PC1,0,12,0.37093,0.73674,-0.20768,0.9984737038612366
1773144498.8994439,PC1,0,13,0.76185,1.02814,-0.27137,0.83584064245224
1773144498.8994439,PC1,0,14,0.3565,1.19963,-0.5956,0.7989261150360107
1773144498.8994439,PC1,0,15,0.81557,0.7857,-0.76355,0.9807817935943604
1773144498.8994439,PC1,0,16,0.48387,0.87226,-1.06358,0.9551728367805481
1773144498.8994439,PC1,0,17,0.82142,0.6774,-0.85826,0.9786157011985779
1773144498.8994439,PC1,0,18,0.50888,0.77429,-1.15135,0.9529370665550232
1773144498.8994439,PC1,0,19,0.80016,0.62135,-0.80402,0.9821121692657471
1773144498.8994439,PC1,0,20,0.50079,0.71723,-1.09912,0.958113431930542
1773144498.8994439,PC1,0,21,0.7894,0.6625,-0.7612,0.9815592765808105
1773144498.8994439,PC1,0,22,0.50177,0.7516,-1.05424,0.9541452527046204
1773144498.8994439,PC1,0,23,0.56772,1.3717,-0.01291,0.0032487015705555677
1773144498.8994439,PC1,0,24,0.394,1.38295,0.01593,0.0021538541186600924
1773144498.8994439,PC1,0,25,0.5607,1.86368,-0.13913,0.0013014011783525348
1773144498.8994439,PC1,0,26,0.4018,1.86516,-0.11736,0.0004890010459348559
1773144498.8994439,PC1,0,27,0.55818,2.31042,0.09934,9.127194061875343e-05
1773144498.8994439,PC1,0,28,0.40365,2.30909,0.00643,1.8222588550997898e-05
1773144498.8994439,PC1,0,29,0.55801,2.38347,0.10522,8.783181692706421e-05
1773144498.8994439,PC1,0,30,0.40007,2.38661,0.00876,2.0482826585066505e-05
1773144498.8994439,PC1,0,31,0.54401,2.4522,-0.20333,0.0003073820553254336
1773144498.8994439,PC1,0,32,0.42834,2.43646,-0.3325,0.00011426218406995758
1773144498.8994439,PC1,0,Angle_Elbow_L,112.81,,,
1773144498.8994439,PC1,0,Angle_Elbow_R,94.57,,,
1773144498.8994439,PC1,0,Angle_Shoulder_L,121.91,,,
1773144498.8994439,PC1,0,Angle_Shoulder_R,132.52,,,
1773144498.8994439,PC1,0,Length_UpperArm_L,0.436,,,
1773144498.8994439,PC1,0,Length_LowerArm_L,0.5513,,,
1773144498.8994439,PC1,0,Length_UpperArm_R,0.6041,,,
1773144498.8994439,PC1,0,Length_LowerArm_R,0.5851,,,
1773144498.8994439,PC1,0,Width_Shoulder,0.3727,,,
1773144499.092565,PC1,0,0,0.54779,0.49833,-0.5152,0.9999369382858276
1773144499.092565,PC1,0,1,0.55602,0.44367,-0.46974,0.9998645186424255
1773144499.092565,PC1,0,2,0.56532,0.44406,-0.46972,0.9998705387115479
1773144499.092565,PC1,0,3,0.57453,0.44456,-0.46936,0.9998483657836914
1773144499.092565,PC1,0,4,0.52372,0.44067,-0.49514,0.9999019503593445
1773144499.092565,PC1,0,5,0.5085,0.43996,-0.49477,0.9999197721481323
1773144499.092565,PC1,0,6,0.49297,0.44045,-0.49493,0.9999028444290161
1773144499.092565,PC1,0,7,0.57846,0.47132,-0.19416,0.9998337030410767
1773144499.092565,PC1,0,8,0.45669,0.47033,-0.30228,0.9999315738677979
1773144499.092565,PC1,0,9,0.56227,0.55906,-0.41114,0.9999102354049683
1773144499.092565,PC1,0,10,0.52211,0.55725,-0.44259,0.9999550580978394
1773144499.092565,PC1,0,11,0.64999,0.74355,0.02513,0.9997239708900452
1773144499.092565,PC1,0,12,0.37318,0.7349,-0.27992,0.9989063739776611
1773144499.092565,PC1,0,13,0.76876,1.09817,-0.27412,0.8194332718849182
1773144499.092565,PC1,0,14,0.39553,1.18727,-0.64188,0.8298758268356323
1773144499.092565,PC1,0,15,0.79343,0.83788,-0.80771,0.9862353205680847
1773144499.092565,PC1,0,16,0.52014,0.86108,-1.03653,0.9715592265129089
1773144499.092565,PC1,0,17,0.80512,0.73315,-0.90558,0.9841703772544861
1773144499.092565,PC1,0,18,0.5447,0.75898,-1.12089,0.9693925976753235
1773144499.092565,PC1,0,19,0.79027,0.67441,-0.85633,0.9868204593658447
1773144499.092565,PC1,0,20,0.53866,0.70272,-1.07637,0.9729325175285339
1773144499.092565,PC1,0,21,0.77857,0.70813,-0.80919,0.9860958456993103
1773144499.092565,PC1,0,22,0.5336,0.73003,-1.02792,0.9700087904930115
1773144499.092565,PC1,0,23,0.56772,1.3717,-0.01291,0.003206704743206501
1773144499.092565,PC1,0,24,0.394,1.38295,0.01593,0.002175374189391732
1773144499.092565,PC1,0,25,0.5607,1.86368,-0.13913,0.0011492300545796752
1773144499.092565,PC1,0,26,0.4018,1.86516,-0.11736,0.0004268859629519284
1773144499.092565,PC1,0,27,0.55818,2.31042,0.09934,7.643192657269537e-05
1773144499.092565,PC1,0,28,0.40365,2.30909,0.00643,1.2184636034362484e-05
1773144499.092565,PC1,0,29,0.55801,2.38347,0.10522,8.247596997534856e-05
1773144499.092565,PC1,0,30,0.40007,2.38661,0.00876,1.4550424566550646e-05
1773144499.092565,PC1,0,31,0.54401,2.4522,-0.20333,0.00023189355852082372
1773144499.092565,PC1,0,32,0.42834,2.43646,-0.3325,8.131001959554851e-05
1773144499.092565,PC1,0,Angle_Elbow_L,104.3,,,
1773144499.092565,PC1,0,Angle_Elbow_R,89.64,,,
1773144499.092565,PC1,0,Angle_Shoulder_L,126.13,,,
1773144499.092565,PC1,0,Angle_Shoulder_R,129.69,,,
1773144499.092565,PC1,0,Length_UpperArm_L,0.479,,,
1773144499.092565,PC1,0,Length_LowerArm_L,0.5942,,,
1773144499.092565,PC1,0,Length_UpperArm_R,0.5798,,,
1773144499.092565,PC1,0,Length_LowerArm_R,0.5269,,,
1773144499.092565,PC1,0,Width_Shoulder,0.412,,,
1773144499.0926878,PC1,0,0,0.55187,0.50067,-0.52911,0.9999425411224365
1773144499.0926878,PC1,0,1,0.55907,0.44523,-0.4836,0.9998769164085388
1773144499.0926878,PC1,0,2,0.56807,0.44548,-0.48356,0.9998827576637268
1773144499.0926878,PC1,0,3,0.57691,0.44572,-0.48319,0.9998623132705688
1773144499.0926878,PC1,0,4,0.52732,0.44198,-0.5105,0.9999104142189026
1773144499.0926878,PC1,0,5,0.5123,0.44107,-0.51014,0.9999268054962158
1773144499.0926878,PC1,0,6,0.49666,0.44139,-0.51031,0.9999107718467712
1773144499.0926878,PC1,0,7,0.57873,0.47146,-0.20805,0.9998496770858765
1773144499.0926878,PC1,0,8,0.45886,0.47056,-0.32408,0.9999379515647888
1773144499.0926878,PC1,0,9,0.56544,0.56077,-0.42463,0.9999185800552368
1773144499.0926878,PC1,0,10,0.5267,0.55921,-0.45788,0.9999589323997498
1773144499.0926878,PC1,0,11,0.65007,0.74277,0.01407,0.9997442364692688
1773144499.0926878,PC1,0,12,0.37358,0.73712,-0.30428,0.9989977478981018
1773144499.0926878,PC1,0,13,0.76373,1.0903,-0.2898,0.8136839270591736
1773144499.0926878,PC1,0,14,0.40258,1.19026,-0.657,0.8416014313697815
1773144499.0926878,PC1,0,15,0.78447,0.84783,-0.82696,0.9868260025978088
1773144499.0926878,PC1,0,16,0.53605,0.85921,-1.01545,0.9740193486213684
1773144499.0926878,PC1,0,17,0.79972,0.74603,-0.9258,0.9847127795219421
1773144499.0926878,PC1,0,18,0.56389,0.75662,-1.09531,0.9717391729354858
1773144499.0926878,PC1,0,19,0.78503,0.68654,-0.87536,0.987228512763977
1773144499.0926878,PC1,0,20,0.55754,0.70154,-1.05179,0.975009560585022
1773144499.0926878,PC1,0,21,0.7719,0.71952,-0.82861,0.9864841103553772
1773144499.0926878,PC1,0,22,0.54996,0.72857,-1.00551,0.9722099900245667
1773144499.0926878,PC1,0,23,0.56772,1.3717,-0.01291,0.0034762583673000336
1773144499.0926878,PC1,0,24,0.394,1.38295,0.01593,0.0023366643581539392
1773144499.0926878,PC1,0,25,0.5607,1.86368,-0.13913,0.0011371125001460314
1773144499.0926878,PC1,0,26,0.4018,1.86516,-0.11736,0.0004302844754420221
1773144499.0926878,PC1,0,27,0.55818,2.31042,0.09934,7.991313032107428e-05
1773144499.0926878,PC1,0,28,0.40365,2.30909,0.00643,1.155027530330699e-05
1773144499.0926878,PC1,0,29,0.55801,2.38347,0.10522,8.83710163179785e-05
1773144499.0926878,PC1,0,30,0.40007,2.38661,0.00876,1.4220646335161291e-05
1773144499.0926878,PC1,0,31,0.54401,2.4522,-0.20333,0.00022907406673766673
1773144499.0926878,PC1,0,32,0.42834,2.43646,-0.3325,7.870886474847794e-05
1773144499.0926878,PC1,0,Angle_Elbow_L,106.86,,,
1773144499.0926878,PC1,0,Angle_Elbow_R,86.11,,,
1773144499.0926878,PC1,0,Angle_Shoulder_L,123.86,,,
1773144499.0926878,PC1,0,Angle_Shoulder_R,128.86,,,
1773144499.0926878,PC1,0,Length_UpperArm_L,0.4754,,,
1773144499.0926878,PC1,0,Length_LowerArm_L,0.5897,,,
1773144499.0926878,PC1,0,Length_UpperArm_R,0.575,,,
1773144499.0926878,PC1,0,Length_LowerArm_R,0.5059,,,
1773144499.0926878,PC1,0,Width_Shoulder,0.4217,,,
1773144499.189781,PC1,0,0,0.55478,0.50213,-0.5118,0.9999454617500305
1773144499.189781,PC1,0,1,0.56147,0.44641,-0.46647,0.999884307384491
1773144499.189781,PC1,0,2,0.57017,0.44657,-0.46643,0.9998915195465088
1773144499.189781,PC1,0,3,0.57871,0.44667,-0.46606,0.9998706579208374
1773144499.189781,PC1,0,4,0.53034,0.4428,-0.49712,0.9999140501022339
1773144499.189781,PC1,0,5,0.51558,0.44158,-0.49682,0.9999310374259949
1773144499.189781,PC1,0,6,0.49999,0.44152,-0.49704,0.9999141693115234
1773144499.189781,PC1,0,7,0.57844,0.47163,-0.19338,0.9998605251312256
1773144499.189781,PC1,0,8,0.46089,0.47019,-0.32893,0.9999423623085022
1773144499.189781,PC1,0,9,0.56757,0.56129,-0.40805,0.999923586845398
1773144499.189781,PC1,0,10,0.5299,0.55991,-0.44627,0.9999605417251587
1773144499.189781,PC1,0,11,0.64447,0.7424,0.02769,0.9997360706329346
1773144499.189781,PC1,0,12,0.3743,0.73877,-0.32104,0.9990664124488831
1773144499.189781,PC1,0,13,0.75312,1.08325,-0.28141,0.8112239837646484
1773144499.189781,PC1,0,14,0.40757,1.19099,-0.62854,0.8531065583229065
1773144499.189781,PC1,0,15,0.76567,0.85778,-0.83361,0.9873058199882507
1773144499.189781,PC1,0,16,0.54841,0.86162,-0.92608,0.9762840270996094
1773144499.189781,PC1,0,17,0.77903,0.75914,-0.93211,0.9850029945373535
1773144499.189781,PC1,0,18,0.58131,0.76208,-0.99702,0.9738202095031738
1773144499.189781,PC1,0,19,0.76433,0.69858,-0.88156,0.9873530268669128
1773144499.189781,PC1,0,20,0.57245,0.70533,-0.95794,0.9768273234367371
1773144499.189781,PC1,0,21,0.75149,0.73088,-0.83539,0.9865906238555908
1773144499.189781,PC1,0,22,0.56321,0.73266,-0.91521,0.974144458770752
1773144499.189781,PC1,0,23,0.56772,1.3717,-0.01291,0.006564722862094641
1773144499.189781,PC1,0,24,0.394,1.38295,0.01593,0.004390167072415352
1773144499.189781,PC1,0,25,0.5607,1.86368,-0.13913,0.0014064732240512967
1773144499.189781,PC1,0,26,0.4018,1.86516,-0.11736,0.0005750160780735314
1773144499.189781,PC1,0,27,0.55818,2.31042,0.09934,0.00011972609354415908
1773144499.189781,PC1,0,28,0.40365,2.30909,0.00643,1.418213560100412e-05
1773144499.189781,PC1,0,29,0.55801,2.38347,0.10522,0.0001466441317461431
1773144499.189781,PC1,0,30,0.40007,2.38661,0.00876,2.0133915313635953e-05
1773144499.189781,PC1,0,31,0.54401,2.4522,-0.20333,0.00027266531833447516
1773144499.189781,PC1,0,32,0.42834,2.43646,-0.3325,9.61514888331294e-05
1773144499.189781,PC1,0,Angle_Elbow_L,109.73,,,
1773144499.189781,PC1,0,Angle_Elbow_R,78.06,,,
1773144499.189781,PC1,0,Angle_Shoulder_L,122.92,,,
1773144499.189781,PC1,0,Angle_Shoulder_R,132.33,,,
1773144499.189781,PC1,0,Length_UpperArm_L,0.4728,,,
1773144499.189781,PC1,0,Length_LowerArm_L,0.5966,,,
1773144499.189781,PC1,0,Length_UpperArm_R,0.5479,,,
1773144499.189781,PC1,0,Length_LowerArm_R,0.4657,,,
1773144499.189781,PC1,0,Width_Shoulder,0.4412,,,
1773144499.2890902,PC1,0,0,0.55964,0.50477,-0.48132,0.9999337196350098
1773144499.2890902,PC1,0,1,0.56598,0.44871,-0.43446,0.9998835325241089
1773144499.2890902,PC1,0,2,0.57419,0.44883,-0.43445,0.9998903274536133
1773144499.2890902,PC1,0,3,0.58205,0.44884,-0.43409,0.9998689889907837
1773144499.2890902,PC1,0,4,0.53576,0.44456,-0.47381,0.9999074935913086
1773144499.2890902,PC1,0,5,0.52152,0.44296,-0.47379,0.9999237060546875
1773144499.2890902,PC1,0,6,0.50579,0.44231,-0.47408,0.9999082088470459
1773144499.2890902,PC1,0,7,0.57808,0.47259,-0.15569,0.9998593330383301
1773144499.2890902,PC1,0,8,0.46521,0.46979,-0.32251,0.9999395608901978
1773144499.2890902,PC1,0,9,0.57033,0.56235,-0.37498,0.9999121427536011
1773144499.2890902,PC1,0,10,0.53482,0.56188,-0.42299,0.9999486207962036
1773144499.2890902,PC1,0,11,0.63273,0.74196,0.07537,0.9993830323219299
1773144499.2890902,PC1,0,12,0.37711,0.73744,-0.3171,0.9989140033721924
1773144499.2890902,PC1,0,13,0.73988,1.054,-0.25094,0.8095870018005371
1773144499.2890902,PC1,0,14,0.40757,1.184,-0.56476,0.8686687350273132
1773144499.2890902,PC1,0,15,0.72,0.86815,-0.82239,0.9796350598335266
1773144499.2890902,PC1,0,16,0.56962,0.88217,-0.74964,0.9756807684898376
1773144499.2890902,PC1,0,17,0.72389,0.77704,-0.92397,0.9748185276985168
1773144499.2890902,PC1,0,18,0.60851,0.78864,-0.80732,0.970126211643219
1773144499.2890902,PC1,0,19,0.71033,0.72115,-0.86529,0.9783095121383667
1773144499.2890902,PC1,0,20,0.59983,0.72976,-0.77509,0.973962664604187
1773144499.2890902,PC1,0,21,0.69777,0.74893,-0.82117,0.9738925695419312
1773144499.2890902,PC1,0,22,0.5857,0.76243,-0.73696,0.9679215550422668
1773144499.2890902,PC1,0,23,0.56772,1.3717,-0.01291,0.011216175742447376
1773144499.2890902,PC1,0,24,0.394,1.38295,0.01593,0.007187681272625923
1773144499.2890902,PC1,0,25,0.5607,1.86368,-0.13913,0.014012707397341728
1773144499.2890902,PC1,0,26,0.4018,1.86516,-0.11736,0.009432680904865265
1773144499.2890902,PC1,0,27,0.55818,2.31042,0.09934,0.0010040270863100886
1773144499.2890902,PC1,0,28,0.40365,2.30909,0.00643,0.0003572734713088721
1773144499.2890902,PC1,0,29,0.55801,2.38347,0.10522,0.0007362574688158929
1773144499.2890902,PC1,0,30,0.40007,2.38661,0.00876,0.00031931069679558277
1773144499.2890902,PC1,0,31,0.54401,2.4522,-0.20333,0.003920551855117083
1773144499.2890902,PC1,0,32,0.42834,2.43646,-0.3325,0.001822369871661067
1773144499.2890902,PC1,0,Angle_Elbow_L,116.93,,,
1773144499.2890902,PC1,0,Angle_Elbow_R,65.03,,,
1773144499.2890902,PC1,0,Angle_Shoulder_L,121.26,,,
1773144499.2890902,PC1,0,Angle_Shoulder_R,139.76,,,
1773144499.2890902,PC1,0,Length_UpperArm_L,0.464,,,
1773144499.2890902,PC1,0,Length_LowerArm_L,0.6012,,,
1773144499.2890902,PC1,0,Length_UpperArm_R,0.5115,,,
1773144499.2890902,PC1,0,Length_LowerArm_R,0.3893,,,
1773144499.2890902,PC1,0,Width_Shoulder,0.4684,,,
1773144499.4456599,PC1,0,0,0.56323,0.50818,-0.43706,0.9999365210533142
1773144499.4456599,PC1,0,1,0.56974,0.45208,-0.38603,0.9998939633369446
1773144499.4456599,PC1,0,2,0.57732,0.45236,-0.38604,0.9999006390571594
1773144499.4456599,PC1,0,3,0.58445,0.45252,-0.3857,0.9998801350593567
1773144499.4456599,PC1,0,4,0.54026,0.44769,-0.43485,0.9999141693115234
1773144499.4456599,PC1,0,5,0.52625,0.44591,-0.4349,0.999929666519165
1773144499.4456599,PC1,0,6,0.51081,0.44495,-0.43523,0.999914824962616
1773144499.4456599,PC1,0,7,0.57779,0.47574,-0.0991,0.9998727440834045
1773144499.4456599,PC1,0,8,0.46923,0.4708,-0.30883,0.9999461770057678
1773144499.4456599,PC1,0,9,0.5718,0.56562,-0.32708,0.999916136264801
1773144499.4456599,PC1,0,10,0.53815,0.56549,-0.38813,0.999950647354126
1773144499.4456599,PC1,0,11,0.61827,0.74603,0.13303,0.9992785453796387
1773144499.4456599,PC1,0,12,0.37839,0.73693,-0.31653,0.9987930059432983
1773144499.4456599,PC1,0,13,0.73924,1.04691,-0.2083,0.8073661923408508
1773144499.4456599,PC1,0,14,0.39883,1.17661,-0.51708,0.8634209036827087
1773144499.4456599,PC1,0,15,0.69519,0.87987,-0.78574,0.977286159992218
1773144499.4456599,PC1,0,16,0.57578,0.9107,-0.59632,0.9651000499725342
1773144499.4456599,PC1,0,17,0.68898,0.79451,-0.88832,0.971048891544342
1773144499.4456599,PC1,0,18,0.61566,0.84956,-0.64036,0.9549933671951294
1773144499.4456599,PC1,0,19,0.67112,0.74708,-0.82135,0.9748089909553528
1773144499.4456599,PC1,0,20,0.60503,0.78548,-0.61808,0.9621235132217407
1773144499.4456599,PC1,0,21,0.66199,0.77045,-0.78144,0.9690761566162109
1773144499.4456599,PC1,0,22,0.58977,0.81831,-0.58408,0.9520173668861389
1773144499.4456599,PC1,0,23,0.56772,1.3717,-0.01291,0.011728085577487946
1773144499.4456599,PC1,0,24,0.394,1.38295,0.01593,0.007262418512254953
1773144499.4456599,PC1,0,25,0.5607,1.86368,-0.13913,0.014678494073450565
1773144499.4456599,PC1,0,26,0.4018,1.86516,-0.11736,0.009939316660165787
1773144499.4456599,PC1,0,27,0.55818,2.31042,0.09934,0.0009960663737729192
1773144499.4456599,PC1,0,28,0.40365,2.30909,0.00643,0.00036955258110538125
1773144499.4456599,PC1,0,29,0.55801,2.38347,0.10522,0.0007425338262692094
1773144499.4456599,PC1,0,30,0.40007,2.38661,0.00876,0.00033966952469199896
1773144499.4456599,PC1,0,31,0.54401,2.4522,-0.20333,0.004221455659717321
1773144499.4456599,PC1,0,32,0.42834,2.43646,-0.3325,0.0020385931711643934
1773144499.4456599,PC1,0,Angle_Elbow_L,119.91,,,
1773144499.4456599,PC1,0,Angle_Elbow_R,52.27,,,
1773144499.4456599,PC1,0,Angle_Shoulder_L,121.33,,,
1773144499.4456599,PC1,0,Angle_Shoulder_R,146.9,,,
1773144499.4456599,PC1,0,Length_UpperArm_L,0.4708,,,
1773144499.4456599,PC1,0,Length_LowerArm_L,0.6027,,,
1773144499.4456599,PC1,0,Length_UpperArm_R,0.4837,,,
1773144499.4456599,PC1,0,Length_LowerArm_R,0.3291,,,
1773144499.4456599,PC1,0,Width_Shoulder,0.5096,,,
1773144499.4955509,PC1,0,0,0.56523,0.50977,-0.42787,0.9999301433563232
1773144499.4955509,PC1,0,1,0.57129,0.45361,-0.37618,0.9998872876167297
1773144499.4955509,PC1,0,2,0.57846,0.45388,-0.37619,0.9998975396156311
1773144499.4955509,PC1,0,3,0.58527,0.45401,-0.37586,0.9998726844787598
1773144499.4955509,PC1,0,4,0.54255,0.44949,-0.42636,0.9999071955680847
1773144499.4955509,PC1,0,5,0.52882,0.44775,-0.42641,0.9999258518218994
1773144499.4955509,PC1,0,6,0.51359,0.44662,-0.42674,0.999907910823822
1773144499.4955509,PC1,0,7,0.57757,0.47705,-0.08818,0.9998701214790344
1773144499.4955509,PC1,0,8,0.47134,0.47145,-0.30613,0.9999459981918335
1773144499.4955509,PC1,0,9,0.57266,0.56722,-0.31753,0.9999132752418518
1773144499.4955509,PC1,0,10,0.54017,0.56736,-0.38057,0.9999474883079529
1773144499.4955509,PC1,0,11,0.61454,0.74949,0.14468,0.9992536902427673
1773144499.4955509,PC1,0,12,0.37887,0.73715,-0.31783,0.9987816214561462
1773144499.4955509,PC1,0,13,0.74113,1.05137,-0.20407,0.8011667728424072
1773144499.4955509,PC1,0,14,0.39581,1.17898,-0.50859,0.8666659593582153
1773144499.4955509,PC1,0,15,0.68888,0.88678,-0.77975,0.9771587252616882
1773144499.4955509,PC1,0,16,0.57555,0.92065,-0.573,0.9660290479660034
1773144499.4955509,PC1,0,17,0.67843,0.80512,-0.88208,0.9702082872390747
1773144499.4955509,PC1,0,18,0.61613,0.86995,-0.61509,0.9545268416404724
1773144499.4955509,PC1,0,19,0.66002,0.75826,-0.80802,0.9738683700561523
1773144499.4955509,PC1,0,20,0.60499,0.80341,-0.59351,0.9616541266441345
1773144499.4955509,PC1,0,21,0.65193,0.77984,-0.77269,0.9679161906242371
1773144499.4955509,PC1,0,22,0.58865,0.83521,-0.56045,0.9511794447898865
1773144499.4955509,PC1,0,23,0.56772,1.3717,-0.01291,0.011259565129876137
1773144499.4955509,PC1,0,24,0.394,1.38295,0.01593,0.006962944287806749
1773144499.4955509,PC1,0,25,0.5607,1.86368,-0.13913,0.013605075888335705
1773144499.4955509,PC1,0,26,0.4018,1.86516,-0.11736,0.009150249883532524
1773144499.4955509,PC1,0,27,0.55818,2.31042,0.09934,0.0009242402156814933
1773144499.4955509,PC1,0,28,0.40365,2.30909,0.00643,0.00033692640135996044
1773144499.4955509,PC1,0,29,0.55801,2.38347,0.10522,0.0006915691192261875
1773144499.4955509,PC1,0,30,0.40007,2.38661,0.00876,0.0003134491853415966
1773144499.4955509,PC1,0,31,0.54401,2.4522,-0.20333,0.0038780553732067347
1773144499.4955509,PC1,0,32,0.42834,2.43646,-0.3325,0.00187510100658983
1773144499.4955509,PC1,0,Angle_Elbow_L,120.17,,,
1773144499.4955509,PC1,0,Angle_Elbow_R,50.3,,,
1773144499.4955509,PC1,0,Angle_Shoulder_L,121.2,,,
1773144499.4955509,PC1,0,Angle_Shoulder_R,148.56,,,
1773144499.4955509,PC1,0,Length_UpperArm_L,0.4783,,,
1773144499.4955509,PC1,0,Length_LowerArm_L,0.601,,,
1773144499.4955509,PC1,0,Length_UpperArm_R,0.4815,,,
1773144499.4955509,PC1,0,Length_LowerArm_R,0.3212,,,
1773144499.4955509,PC1,0,Width_Shoulder,0.5192,,,
1773144499.602985,PC1,0,0,0.57003,0.51284,-0.42906,0.9999188780784607
1773144499.602985,PC1,0,1,0.57641,0.45667,-0.37739,0.999881386756897
1773144499.602985,PC1,0,2,0.58312,0.45698,-0.37749,0.9998947381973267
1773144499.602985,PC1,0,3,0.58902,0.45712,-0.37725,0.9998660087585449
1773144499.602985,PC1,0,4,0.54857,0.45292,-0.42675,0.9998945593833923
1773144499.602985,PC1,0,5,0.53541,0.45104,-0.42683,0.9999164938926697
1773144499.602985,PC1,0,6,0.52095,0.4494,-0.42715,0.9998941421508789
1773144499.602985,PC1,0,7,0.57913,0.4797,-0.08821,0.9998704195022583
1773144499.602985,PC1,0,8,0.47737,0.47204,-0.3027,0.9999424815177917
1773144499.602985,PC1,0,9,0.57503,0.5697,-0.3172,0.9999100565910339
1773144499.602985,PC1,0,10,0.54477,0.57045,-0.37966,0.9999399781227112
1773144499.602985,PC1,0,11,0.6176,0.75177,0.14741,0.9992363452911377
1773144499.602985,PC1,0,12,0.38087,0.735,-0.29446,0.9987090229988098
1773144499.602985,PC1,0,13,0.74488,1.06135,-0.1931,0.8137139081954956
1773144499.602985,PC1,0,14,0.39407,1.18048,-0.51651,0.8791449666023254
1773144499.602985,PC1,0,15,0.69353,0.89659,-0.76009,0.9789071679115295
1773144499.602985,PC1,0,16,0.57138,0.91545,-0.6495,0.9720463752746582
1773144499.602985,PC1,0,17,0.67596,0.82524,-0.85964,0.971986711025238
1773144499.602985,PC1,0,18,0.61645,0.85315,-0.70056,0.961226761341095
1773144499.602985,PC1,0,19,0.65998,0.77839,-0.78273,0.9754339456558228
1773144499.602985,PC1,0,20,0.60201,0.79894,-0.67432,0.9673758745193481
1773144499.602985,PC1,0,21,0.65284,0.79528,-0.75285,0.9690577387809753
1773144499.602985,PC1,0,22,0.58676,0.82702,-0.63663,0.9572626948356628
1773144499.602985,PC1,0,23,0.56772,1.3717,-0.01291,0.013001580722630024
1773144499.602985,PC1,0,24,0.394,1.38295,0.01593,0.007922864519059658
1773144499.602985,PC1,0,25,0.5607,1.86368,-0.13913,0.017290210351347923
1773144499.602985,PC1,0,26,0.4018,1.86516,-0.11736,0.010526132769882679
1773144499.602985,PC1,0,27,0.55818,2.31042,0.09934,0.0010718662524595857
1773144499.602985,PC1,0,28,0.40365,2.30909,0.00643,0.00032945116981863976
1773144499.602985,PC1,0,29,0.55801,2.38347,0.10522,0.0007783332257531583
1773144499.602985,PC1,0,30,0.40007,2.38661,0.00876,0.0003167820686940104
1773144499.602985,PC1,0,31,0.54401,2.4522,-0.20333,0.004122654441744089
1773144499.602985,PC1,0,32,0.42834,2.43646,-0.3325,0.0018740036757662892
1773144499.602985,PC1,0,Angle_Elbow_L,118.61,,,
1773144499.602985,PC1,0,Angle_Elbow_R,59.93,,,
1773144499.602985,PC1,0,Angle_Shoulder_L,123.51,,,
1773144499.602985,PC1,0,Angle_Shoulder_R,146.61,,,
1773144499.602985,PC1,0,Length_UpperArm_L,0.4775,,,
1773144499.602985,PC1,0,Length_LowerArm_L,0.5927,,,
1773144499.602985,PC1,0,Length_UpperArm_R,0.4979,,,
1773144499.602985,PC1,0,Length_LowerArm_R,0.3455,,,
1773144499.602985,PC1,0,Width_Shoulder,0.5016,,,
1773144499.709067,PC1,0,0,0.57153,0.51329,-0.44503,0.999924898147583
1773144499.709067,PC1,0,1,0.57791,0.45696,-0.3946,0.9998900294303894
1773144499.709067,PC1,0,2,0.58454,0.45725,-0.39469,0.9999029040336609
1773144499.709067,PC1,0,3,0.59024,0.4574,-0.39443,0.9998754262924194
1773144499.709067,PC1,0,4,0.55026,0.45332,-0.44241,0.9999017715454102
1773144499.709067,PC1,0,5,0.53716,0.45138,-0.44245,0.9999224543571472
1773144499.709067,PC1,0,6,0.52284,0.44959,-0.44275,0.9999008774757385
1773144499.709067,PC1,0,7,0.58,0.4799,-0.10809,0.9998810291290283
1773144499.709067,PC1,0,8,0.4787,0.47154,-0.31651,0.9999470114707947
1773144499.709067,PC1,0,9,0.57661,0.56972,-0.33446,0.9999169111251831
1773144499.709067,PC1,0,10,0.54624,0.57071,-0.39506,0.9999443292617798
1773144499.709067,PC1,0,11,0.62207,0.75215,0.12342,0.999286949634552
1773144499.709067,PC1,0,12,0.38088,0.7346,-0.29988,0.9987753033638
1773144499.709067,PC1,0,13,0.74985,1.07144,-0.20259,0.8140211701393127
1773144499.709067,PC1,0,14,0.39368,1.18346,-0.54716,0.8824413418769836
1773144499.709067,PC1,0,15,0.70581,0.89792,-0.76379,0.980297327041626
1773144499.709067,PC1,0,16,0.56535,0.90767,-0.72778,0.9744277000427246
1773144499.709067,PC1,0,17,0.69039,0.82403,-0.86109,0.9736552238464355
1773144499.709067,PC1,0,18,0.60736,0.83866,-0.78353,0.9643656015396118
1773144499.709067,PC1,0,19,0.67598,0.77388,-0.7896,0.9768760800361633
1773144499.709067,PC1,0,20,0.59567,0.78794,-0.75476,0.9699838161468506
1773144499.709067,PC1,0,21,0.66937,0.79245,-0.75769,0.970941424369812
1773144499.709067,PC1,0,22,0.58335,0.81511,-0.71525,0.960655689239502
1773144499.709067,PC1,0,23,0.56772,1.3717,-0.01291,0.012281266041100025
1773144499.709067,PC1,0,24,0.394,1.38295,0.01593,0.007504670415073633
1773144499.709067,PC1,0,25,0.5607,1.86368,-0.13913,0.01573912426829338
1773144499.709067,PC1,0,26,0.4018,1.86516,-0.11736,0.009534323588013649
1773144499.709067,PC1,0,27,0.55818,2.31042,0.09934,0.0009798965184018016
1773144499.709067,PC1,0,28,0.40365,2.30909,0.00643,0.00029784245998598635
1773144499.709067,PC1,0,29,0.55801,2.38347,0.10522,0.0007145036943256855
1773144499.709067,PC1,0,30,0.40007,2.38661,0.00876,0.00028702159761451185
1773144499.709067,PC1,0,31,0.54401,2.4522,-0.20333,0.003741111373528838
1773144499.709067,PC1,0,32,0.42834,2.43646,-0.3325,0.001698054256848991
1773144499.709067,PC1,0,Angle_Elbow_L,115.9,,,
1773144499.709067,PC1,0,Angle_Elbow_R,66.19,,,
1773144499.709067,PC1,0,Angle_Shoulder_L,124.18,,,
1773144499.709067,PC1,0,Angle_Shoulder_R,142.95,,,
1773144499.709067,PC1,0,Length_UpperArm_L,0.4739,,,
1773144499.709067,PC1,0,Length_LowerArm_L,0.5891,,,
1773144499.709067,PC1,0,Length_UpperArm_R,0.5126,,,
1773144499.709067,PC1,0,Length_LowerArm_R,0.3717,,,
1773144499.709067,PC1,0,Width_Shoulder,0.4875,,,
1773144499.804262,PC1,0,0,0.57373,0.51365,-0.45421,0.9999314546585083
1773144499.804262,PC1,0,1,0.58032,0.45716,-0.40891,0.9998995065689087
1773144499.804262,PC1,0,2,0.58685,0.45741,-0.40891,0.9999116063117981
1773144499.804262,PC1,0,3,0.59239,0.45753,-0.4086,0.999886155128479
1773144499.804262,PC1,0,4,0.55281,0.45368,-0.44925,0.9999099969863892
1773144499.804262,PC1,0,5,0.53976,0.45163,-0.44911,0.9999290108680725
1773144499.804262,PC1,0,6,0.52567,0.44964,-0.44935,0.9999088048934937
1773144499.804262,PC1,0,7,0.58208,0.47986,-0.12711,0.9998919367790222
1773144499.804262,PC1,0,8,0.48087,0.47058,-0.31947,0.9999517202377319
1773144499.804262,PC1,0,9,0.57883,0.56927,-0.3527,0.9999241828918457
1773144499.804262,PC1,0,10,0.54832,0.57053,-0.40289,0.9999491572380066
1773144499.804262,PC1,0,11,0.62843,0.75072,0.09719,0.9993455410003662
1773144499.804262,PC1,0,12,0.38076,0.73382,-0.29289,0.9988556504249573
1773144499.804262,PC1,0,13,0.75593,1.05026,-0.20861,0.8212935328483582
1773144499.804262,PC1,0,14,0.39237,1.18305,-0.57444,0.8850324749946594
1773144499.804262,PC1,0,15,0.7306,0.88275,-0.7549,0.9819402694702148
1773144499.804262,PC1,0,16,0.55247,0.89337,-0.83058,0.9765774607658386
1773144499.804262,PC1,0,17,0.72338,0.80843,-0.84947,0.9757544994354248
1773144499.804262,PC1,0,18,0.58783,0.81912,-0.89308,0.9672793745994568
1773144499.804262,PC1,0,19,0.70583,0.75139,-0.78819,0.9787002801895142
1773144499.804262,PC1,0,20,0.58201,0.77124,-0.86135,0.972405195236206
1773144499.804262,PC1,0,21,0.69898,0.77069,-0.7511,0.9732849597930908
1773144499.804262,PC1,0,22,0.57469,0.79595,-0.8191,0.9638426303863525
1773144499.804262,PC1,0,23,0.56772,1.3717,-0.01291,0.011899094097316265
1773144499.804262,PC1,0,24,0.394,1.38295,0.01593,0.00723677733913064
1773144499.804262,PC1,0,25,0.5607,1.86368,-0.13913,0.014270073734223843
1773144499.804262,PC1,0,26,0.4018,1.86516,-0.11736,0.00862091314047575
1773144499.804262,PC1,0,27,0.55818,2.31042,0.09934,0.0008888428565114737
1773144499.804262,PC1,0,28,0.40365,2.30909,0.00643,0.0002686244552023709
1773144499.804262,PC1,0,29,0.55801,2.38347,0.10522,0.0006520937313325703
1773144499.804262,PC1,0,30,0.40007,2.38661,0.00876,0.0002591706288512796
1773144499.804262,PC1,0,31,0.54401,2.4522,-0.20333,0.0033838474191725254
1773144499.804262,PC1,0,32,0.42834,2.43646,-0.3325,0.0015329142333939672
1773144499.804262,PC1,0,Angle_Elbow_L,116.42,,,
1773144499.804262,PC1,0,Angle_Elbow_R,75.34,,,
1773144499.804262,PC1,0,Angle_Shoulder_L,123.08,,,
1773144499.804262,PC1,0,Angle_Shoulder_R,138.9,,,
1773144499.804262,PC1,0,Length_UpperArm_L,0.4466,,,
1773144499.804262,PC1,0,Length_LowerArm_L,0.572,,,
1773144499.804262,PC1,0,Length_UpperArm_R,0.5303,,,
1773144499.804262,PC1,0,Length_LowerArm_R,0.4185,,,
1773144499.804262,PC1,0,Width_Shoulder,0.4624,,,
1773144499.8527732,PC1,0,0,0.57464,0.51376,-0.4777,0.9999378323554993
1773144499.8527732,PC1,0,1,0.58128,0.45743,-0.43109,0.9999087452888489
1773144499.8527732,PC1,0,2,0.5878,0.45775,-0.43108,0.9999197721481323
1773144499.8527732,PC1,0,3,0.59328,0.45798,-0.43074,0.9998964667320251
1773144499.8527732,PC1,0,4,0.55381,0.45379,-0.47196,0.9999180436134338
1773144499.8527732,PC1,0,5,0.54084,0.45163,-0.47181,0.9999353885650635
1773144499.8527732,PC1,0,6,0.52679,0.44948,-0.47206,0.9999167323112488
1773144499.8527732,PC1,0,7,0.58315,0.48007,-0.14648,0.9999020099639893
1773144499.8527732,PC1,0,8,0.48174,0.47023,-0.33898,0.9999561309814453
1773144499.8527732,PC1,0,9,0.57971,0.56914,-0.37417,0.9999308586120605
1773144499.8527732,PC1,0,10,0.5493,0.57036,-0.42543,0.9999536275863647
1773144499.8527732,PC1,0,11,0.6314,0.75214,0.08583,0.9994011521339417
1773144499.8527732,PC1,0,12,0.38068,0.73433,-0.30941,0.9989282488822937
1773144499.8527732,PC1,0,13,0.76022,1.06749,-0.19785,0.8319457173347473
1773144499.8527732,PC1,0,14,0.3856,1.19246,-0.6088,0.8916834592819214
1773144499.8527732,PC1,0,15,0.74508,0.87672,-0.73141,0.9836634397506714
1773144499.8527732,PC1,0,16,0.54,0.88884,-0.89946,0.9787809252738953
1773144499.8527732,PC1,0,17,0.74274,0.79895,-0.82263,0.9780331254005432
1773144499.8527732,PC1,0,18,0.57517,0.81422,-0.96582,0.9703206419944763
1773144499.8527732,PC1,0,19,0.72402,0.74142,-0.76576,0.9807032346725464
1773144499.8527732,PC1,0,20,0.56945,0.76624,-0.93213,0.9749643802642822
1773144499.8527732,PC1,0,21,0.71657,0.76136,-0.7288,0.9757837057113647
1773144499.8527732,PC1,0,22,0.5631,0.78967,-0.88808,0.9671692252159119
1773144499.8527732,PC1,0,23,0.56772,1.3717,-0.01291,0.011143861338496208
1773144499.8527732,PC1,0,24,0.394,1.38295,0.01593,0.0067856162786483765
1773144499.8527732,PC1,0,25,0.5607,1.86368,-0.13913,0.012927130796015263
1773144499.8527732,PC1,0,26,0.4018,1.86516,-0.11736,0.007790763396769762
1773144499.8527732,PC1,0,27,0.55818,2.31042,0.09934,0.0008039138629101217
1773144499.8527732,PC1,0,28,0.40365,2.30909,0.00643,0.00024219640181399882
1773144499.8527732,PC1,0,29,0.55801,2.38347,0.10522,0.0005907384911552072
1773144499.8527732,PC1,0,30,0.40007,2.38661,0.00876,0.00023397733457386494
1773144499.8527732,PC1,0,31,0.54401,2.4522,-0.20333,0.0030627339147031307
1773144499.8527732,PC1,0,32,0.42834,2.43646,-0.3325,0.001385101000778377
1773144499.8527732,PC1,0,Angle_Elbow_L,110.8,,,
1773144499.8527732,PC1,0,Angle_Elbow_R,77.91,,,
1773144499.8527732,PC1,0,Angle_Shoulder_L,125.16,,,
1773144499.8527732,PC1,0,Angle_Shoulder_R,136.63,,,
1773144499.8527732,PC1,0,Length_UpperArm_L,0.4433,,,
1773144499.8527732,PC1,0,Length_LowerArm_L,0.5668,,,
1773144499.8527732,PC1,0,Length_UpperArm_R,0.5473,,,
1773144499.8527732,PC1,0,Length_LowerArm_R,0.4478,,,
1773144499.8527732,PC1,0,Width_Shoulder,0.4684,,,
1773144499.957988,PC1,0,0,0.5758,0.51449,-0.55329,0.9999474287033081
1773144499.957988,PC1,0,1,0.5826,0.45804,-0.50642,0.9999229311943054
1773144499.957988,PC1,0,2,0.58918,0.4584,-0.50642,0.9999323487281799
1773144499.957988,PC1,0,3,0.5948,0.45873,-0.50612,0.9999119639396667
1773144499.957988,PC1,0,4,0.55512,0.45419,-0.54689,0.9999300837516785
1773144499.957988,PC1,0,5,0.54225,0.4518,-0.54678,0.999944806098938
1773144499.957988,PC1,0,6,0.52826,0.4494,-0.54704,0.9999284148216248
1773144499.957988,PC1,0,7,0.586,0.48039,-0.20949,0.9999179244041443
1773144499.957988,PC1,0,8,0.48299,0.46975,-0.39725,0.9999632239341736
1773144499.957988,PC1,0,9,0.58087,0.56906,-0.44162,0.9999415278434753
1773144499.957988,PC1,0,10,0.55048,0.56984,-0.49301,0.9999608993530273
1773144499.957988,PC1,0,11,0.63722,0.7538,0.04935,0.9994964003562927
1773144499.957988,PC1,0,12,0.38082,0.73308,-0.35586,0.9990856051445007
1773144499.957988,PC1,0,13,0.76181,1.09407,-0.19649,0.8551200032234192
1773144499.957988,PC1,0,14,0.36997,1.2007,-0.67604,0.9092106223106384
1773144499.957988,PC1,0,15,0.7669,0.86905,-0.73505,0.9866120219230652
1773144499.957988,PC1,0,16,0.51457,0.88749,-1.03256,0.9826106429100037
1773144499.957988,PC1,0,17,0.77645,0.78737,-0.82179,0.9818823933601379
1773144499.957988,PC1,0,18,0.55252,0.81724,-1.10778,0.9754900336265564
1773144499.957988,PC1,0,19,0.75794,0.72783,-0.78316,0.9840845465660095
1773144499.957988,PC1,0,20,0.54431,0.76049,-1.07292,0.979301929473877
1773144499.957988,PC1,0,21,0.74695,0.74921,-0.73896,0.9799907803535461
1773144499.957988,PC1,0,22,0.53872,0.78191,-1.02195,0.972791850566864
1773144499.957988,PC1,0,23,0.56772,1.3717,-0.01291,0.012851003557443619
1773144499.957988,PC1,0,24,0.394,1.38295,0.01593,0.008169298060238361
1773144499.957988,PC1,0,25,0.5607,1.86368,-0.13913,0.011336463503539562
1773144499.957988,PC1,0,26,0.4018,1.86516,-0.11736,0.00668120663613081
1773144499.957988,PC1,0,27,0.55818,2.31042,0.09934,0.0006907712668180466
1773144499.957988,PC1,0,28,0.40365,2.30909,0.00643,0.0002030527248280123
1773144499.957988,PC1,0,29,0.55801,2.38347,0.10522,0.000517222739290446
1773144499.957988,PC1,0,30,0.40007,2.38661,0.00876,0.0002014492201851681
1773144499.957988,PC1,0,31,0.54401,2.4522,-0.20333,0.0025682419072836637
1773144499.957988,PC1,0,32,0.42834,2.43646,-0.3325,0.001163361594080925
1773144499.957988,PC1,0,Angle_Elbow_L,102.76,,,
1773144499.957988,PC1,0,Angle_Elbow_R,83.08,,,
1773144499.957988,PC1,0,Angle_Shoulder_L,127.51,,,
1773144499.957988,PC1,0,Angle_Shoulder_R,131.89,,,
1773144499.957988,PC1,0,Length_UpperArm_L,0.4379,,,
1773144499.957988,PC1,0,Length_LowerArm_L,0.5837,,,
1773144499.957988,PC1,0,Length_UpperArm_R,0.5668,,,
1773144499.957988,PC1,0,Length_LowerArm_R,0.4961,,,
1773144499.957988,PC1,0,Width_Shoulder,0.48,,,
1773144500.1595159,PC1,0,0,0.57826,0.51764,-0.51335,0.9999669790267944
1773144500.1595159,PC1,0,1,0.58559,0.46335,-0.46497,0.9999512434005737
1773144500.1595159,PC1,0,2,0.59221,0.46392,-0.465,0.9999573826789856
1773144500.1595159,PC1,0,3,0.59824,0.46465,-0.46468,0.999943733215332
1773144500.1595159,PC1,0,4,0.55783,0.45783,-0.502,0.9999555945396423
1773144500.1595159,PC1,0,5,0.54492,0.45417,-0.50178,0.9999648332595825
1773144500.1595159,PC1,0,6,0.53099,0.45067,-0.50198,0.9999539852142334
1773144500.1595159,PC1,0,7,0.59191,0.48354,-0.17378,0.9999481439590454
1773144500.1595159,PC1,0,8,0.4863,0.46992,-0.34396,0.9999771118164062
1773144500.1595159,PC1,0,9,0.58312,0.57265,-0.40345,0.9999619126319885
1773144500.1595159,PC1,0,10,0.55257,0.57177,-0.45218,0.9999750256538391
1773144500.1595159,PC1,0,11,0.6427,0.75522,0.08303,0.9996544122695923
1773144500.1595159,PC1,0,12,0.37537,0.72397,-0.30765,0.9993216395378113
1773144500.1595159,PC1,0,13,0.76774,1.12133,-0.12645,0.8645220994949341
1773144500.1595159,PC1,0,14,0.33922,1.19342,-0.66737,0.9280954003334045
1773144500.1595159,PC1,0,15,0.80782,0.84157,-0.63142,0.9915817975997925
1773144500.1595159,PC1,0,16,0.48295,0.88776,-1.10053,0.9887397885322571
1773144500.1595159,PC1,0,17,0.82119,0.75722,-0.7121,0.988533079624176
1773144500.1595159,PC1,0,18,0.5312,0.83038,-1.17982,0.9838926792144775
1773144500.1595159,PC1,0,19,0.80611,0.6963,-0.67656,0.9899202585220337
1773144500.1595159,PC1,0,20,0.52209,0.76196,-1.13753,0.9863878488540649
1773144500.1595159,PC1,0,21,0.79601,0.72038,-0.6361,0.9873130321502686
1773144500.1595159,PC1,0,22,0.51411,0.7744,-1.08926,0.9820814728736877
1773144500.1595159,PC1,0,23,0.56772,1.3717,-0.01291,0.010121706873178482
1773144500.1595159,PC1,0,24,0.394,1.38295,0.01593,0.006407286040484905
1773144500.1595159,PC1,0,25,0.5607,1.86368,-0.13913,0.0071690198965370655
1773144500.1595159,PC1,0,26,0.4018,1.86516,-0.11736,0.004122824873775244
1773144500.1595159,PC1,0,27,0.55818,2.31042,0.09934,0.0004359271260909736
1773144500.1595159,PC1,0,28,0.40365,2.30909,0.00643,0.00012236706970725209
1773144500.1595159,PC1,0,29,0.55801,2.38347,0.10522,0.00032861775252968073
1773144500.1595159,PC1,0,30,0.40007,2.38661,0.00876,0.00012414738012012094
1773144500.1595159,PC1,0,31,0.54401,2.4522,-0.20333,0.0015830742195248604
1773144500.1595159,PC1,0,32,0.42834,2.43646,-0.3325,0.0007119186921045184
1773144500.1595159,PC1,0,Angle_Elbow_L,91.88,,,
1773144500.1595159,PC1,0,Angle_Elbow_R,91.25,,,
1773144500.1595159,PC1,0,Angle_Shoulder_L,136.26,,,
1773144500.1595159,PC1,0,Angle_Shoulder_R,132.48,,,
1773144500.1595159,PC1,0,Length_UpperArm_L,0.4399,,,
1773144500.1595159,PC1,0,Length_LowerArm_L,0.5787,,,
1773144500.1595159,PC1,0,Length_UpperArm_R,0.5925,,,
1773144500.1595159,PC1,0,Length_LowerArm_R,0.5493,,,
1773144500.1595159,PC1,0,Width_Shoulder,0.4744,,,
1773144500.2073028,PC1,0,0,0.57846,0.51824,-0.53358,0.9999695420265198
1773144500.2073028,PC1,0,1,0.58621,0.46439,-0.48412,0.9999549984931946
1773144500.2073028,PC1,0,2,0.59294,0.46504,-0.48415,0.9999606013298035
1773144500.2073028,PC1,0,3,0.59907,0.46587,-0.48385,0.9999477863311768
1773144500.2073028,PC1,0,4,0.55817,0.4586,-0.52049,0.9999588131904602
1773144500.2073028,PC1,0,5,0.54524,0.45473,-0.52029,0.9999673366546631
1773144500.2073028,PC1,0,6,0.53126,0.45101,-0.52049,0.9999572038650513
1773144500.2073028,PC1,0,7,0.59316,0.48465,-0.18545,0.9999522566795349
1773144500.2073028,PC1,0,8,0.48697,0.46998,-0.35142,0.9999790191650391
1773144500.2073028,PC1,0,9,0.58333,0.57383,-0.42062,0.9999645948410034
1773144500.2073028,PC1,0,10,0.55255,0.57213,-0.46827,0.9999768733978271
1773144500.2073028,PC1,0,11,0.64289,0.75566,0.07628,0.9996722340583801
1773144500.2073028,PC1,0,12,0.37483,0.72188,-0.30951,0.9993571043014526
1773144500.2073028,PC1,0,13,0.7686,1.12257,-0.13338,0.87045818567276
1773144500.2073028,PC1,0,14,0.33737,1.18951,-0.67711,0.9324660897254944
1773144500.2073028,PC1,0,15,0.81269,0.83644,-0.64424,0.9923133254051208
1773144500.2073028,PC1,0,16,0.47933,0.88669,-1.12339,0.9897346496582031
1773144500.2073028,PC1,0,17,0.82522,0.75144,-0.72608,0.9894886612892151
1773144500.2073028,PC1,0,18,0.52776,0.83077,-1.20532,0.9852489829063416
1773144500.2073028,PC1,0,19,0.81073,0.69168,-0.69225,0.9907583594322205
1773144500.2073028,PC1,0,20,0.51921,0.76154,-1.16376,0.9875319004058838
1773144500.2073028,PC1,0,21,0.80127,0.71585,-0.6499,0.9883642196655273
1773144500.2073028,PC1,0,22,0.51112,0.77361,-1.11281,0.9835731983184814
1773144500.2073028,PC1,0,23,0.56772,1.3717,-0.01291,0.00995503831654787
1773144500.2073028,PC1,0,24,0.394,1.38295,0.01593,0.006336517166346312
1773144500.2073028,PC1,0,25,0.5607,1.86368,-0.13913,0.006580888759344816
1773144500.2073028,PC1,0,26,0.4018,1.86516,-0.11736,0.0037618086207658052
1773144500.2073028,PC1,0,27,0.55818,2.31042,0.09934,0.00040010042721405625
1773144500.2073028,PC1,0,28,0.40365,2.30909,0.00643,0.00011097285459982231
1773144500.2073028,PC1,0,29,0.55801,2.38347,0.10522,0.00030264482484199107
1773144500.2073028,PC1,0,30,0.40007,2.38661,0.00876,0.00011337523756083101
1773144500.2073028,PC1,0,31,0.54401,2.4522,-0.20333,0.0014421597588807344
1773144500.2073028,PC1,0,32,0.42834,2.43646,-0.3325,0.0006490095984190702
1773144500.2073028,PC1,0,Angle_Elbow_L,91.7,,,
1773144500.2073028,PC1,0,Angle_Elbow_R,92.95,,,
1773144500.2073028,PC1,0,Angle_Shoulder_L,135.96,,,
1773144500.2073028,PC1,0,Angle_Shoulder_R,131.41,,,
1773144500.2073028,PC1,0,Length_UpperArm_L,0.4409,,,
1773144500.2073028,PC1,0,Length_LowerArm_L,0.5872,,,
1773144500.2073028,PC1,0,Length_UpperArm_R,0.596,,,
1773144500.2073028,PC1,0,Length_LowerArm_R,0.5577,,,
1773144500.2073028,PC1,0,Width_Shoulder,0.471,,,
1773144500.2555048,PC1,0,0,0.57843,0.51872,-0.60459,0.9999720454216003
1773144500.2555048,PC1,0,1,0.58665,0.46522,-0.55458,0.9999585747718811
1773144500.2555048,PC1,0,2,0.5935,0.46591,-0.5546,0.9999638199806213
1773144500.2555048,PC1,0,3,0.59973,0.4668,-0.55429,0.9999517202377319
1773144500.2555048,PC1,0,4,0.55827,0.45921,-0.5907,0.9999619126319885
1773144500.2555048,PC1,0,5,0.54536,0.45524,-0.59054,0.9999697804450989
1773144500.2555048,PC1,0,6,0.53137,0.45144,-0.59076,0.9999602437019348
1773144500.2555048,PC1,0,7,0.5943,0.48566,-0.24473,0.9999561905860901
1773144500.2555048,PC1,0,8,0.48743,0.47026,-0.40857,0.9999807476997375
1773144500.2555048,PC1,0,9,0.58348,0.57468,-0.48635,0.9999669790267944
1773144500.2555048,PC1,0,10,0.55243,0.57243,-0.53347,0.9999784827232361
1773144500.2555048,PC1,0,11,0.64351,0.75679,0.03111,0.9996894598007202
1773144500.2555048,PC1,0,12,0.37441,0.72074,-0.348,0.9993792176246643
1773144500.2555048,PC1,0,13,0.76826,1.12421,-0.18355,0.8797945380210876
1773144500.2555048,PC1,0,14,0.33517,1.19297,-0.72168,0.9377943873405457
1773144500.2555048,PC1,0,15,0.81471,0.833,-0.71075,0.9930279850959778
1773144500.2555048,PC1,0,16,0.47692,0.8858,-1.17754,0.9907050728797913
1773144500.2555048,PC1,0,17,0.82886,0.7473,-0.79398,0.9904271364212036
1773144500.2555048,PC1,0,18,0.52493,0.83032,-1.26188,0.9865902662277222
1773144500.2555048,PC1,0,19,0.81412,0.68824,-0.76238,0.9915851950645447
1773144500.2555048,PC1,0,20,0.51641,0.75994,-1.2179,0.9886602163314819
1773144500.2555048,PC1,0,21,0.80489,0.71284,-0.71737,0.9893971085548401
1773144500.2555048,PC1,0,22,0.50859,0.77236,-1.16596,0.9850320219993591
1773144500.2555048,PC1,0,23,0.56772,1.3717,-0.01291,0.0101174833253026
1773144500.2555048,PC1,0,24,0.394,1.38295,0.01593,0.006430245470255613
1773144500.2555048,PC1,0,25,0.5607,1.86368,-0.13913,0.0062102824449539185
1773144500.2555048,PC1,0,26,0.4018,1.86516,-0.11736,0.00348610058426857
1773144500.2555048,PC1,0,27,0.55818,2.31042,0.09934,0.00037806492764502764
1773144500.2555048,PC1,0,28,0.40365,2.30909,0.00643,0.00010188329906668514
1773144500.2555048,PC1,0,29,0.55801,2.38347,0.10522,0.00028679691604338586
1773144500.2555048,PC1,0,30,0.40007,2.38661,0.00876,0.00010462445789016783
1773144500.2555048,PC1,0,31,0.54401,2.4522,-0.20333,0.0013494041049852967
1773144500.2555048,PC1,0,32,0.42834,2.43646,-0.3325,0.0006028905045241117
1773144500.2555048,PC1,0,Angle_Elbow_L,92.56,,,
1773144500.2555048,PC1,0,Angle_Elbow_R,93.3,,,
1773144500.2555048,PC1,0,Angle_Shoulder_L,132.34,,,
1773144500.2555048,PC1,0,Angle_Shoulder_R,127.65,,,
1773144500.2555048,PC1,0,Length_UpperArm_L,0.4434,,,
1773144500.2555048,PC1,0,Length_LowerArm_L,0.6041,,,
1773144500.2555048,PC1,0,Length_UpperArm_R,0.6035,,,
1773144500.2555048,PC1,0,Length_LowerArm_R,0.5677,,,
1773144500.2555048,PC1,0,Width_Shoulder,0.4663,,,
1773144500.3034618,PC1,0,0,0.5788,0.5191,-0.66145,0.9999744296073914
1773144500.3034618,PC1,0,1,0.5875,0.46569,-0.60921,0.9999620318412781
1773144500.3034618,PC1,0,2,0.59448,0.46637,-0.60922,0.9999668598175049
1773144500.3034618,PC1,0,3,0.60081,0.46726,-0.60889,0.9999555349349976
1773144500.3034618,PC1,0,4,0.55873,0.45965,-0.64736,0.9999650716781616
1773144500.3034618,PC1,0,5,0.54582,0.45561,-0.64722,0.9999722838401794
1773144500.3034618,PC1,0,6,0.53184,0.45176,-0.64747,0.9999634623527527
1773144500.3034618,PC1,0,7,0.59551,0.48642,-0.28305,0.9999598264694214
1773144500.3034618,PC1,0,8,0.48796,0.47043,-0.45443,0.999982476234436
1773144500.3034618,PC1,0,9,0.58435,0.57537,-0.53646,0.9999693036079407
1773144500.3034618,PC1,0,10,0.55269,0.57268,-0.5859,0.9999800324440002
1773144500.3034618,PC1,0,11,0.64421,0.75781,0.0074,0.9997012615203857
1773144500.3034618,PC1,0,12,0.37408,0.71985,-0.38591,0.9994055032730103
1773144500.3034618,PC1,0,13,0.76794,1.12962,-0.21262,0.8888362646102905
1773144500.3034618,PC1,0,14,0.33333,1.19652,-0.77864,0.9431273937225342
1773144500.3034618,PC1,0,15,0.81608,0.8302,-0.7599,0.993688702583313
1773144500.3034618,PC1,0,16,0.47597,0.88514,-1.2626,0.9916009902954102
1773144500.3034618,PC1,0,17,0.8325,0.74251,-0.8447,0.9913036823272705
1773144500.3034618,PC1,0,18,0.52292,0.82872,-1.35311,0.9878553152084351
1773144500.3034618,PC1,0,19,0.81711,0.68393,-0.81344,0.9923546314239502
1773144500.3034618,PC1,0,20,0.51529,0.75731,-1.30685,0.9897258877754211
1773144500.3034618,PC1,0,21,0.80713,0.71038,-0.76704,0.9903593063354492
1773144500.3034618,PC1,0,22,0.50732,0.77137,-1.2503,0.9864250421524048
1773144500.3034618,PC1,0,23,0.56772,1.3717,-0.01291,0.010597254149615765
1773144500.3034618,PC1,0,24,0.394,1.38295,0.01593,0.006865830160677433
1773144500.3034618,PC1,0,25,0.5607,1.86368,-0.13913,0.005779925733804703
1773144500.3034618,PC1,0,26,0.4018,1.86516,-0.11736,0.00319837243296206
1773144500.3034618,PC1,0,27,0.55818,2.31042,0.09934,0.00035557709634304047
1773144500.3034618,PC1,0,28,0.40365,2.30909,0.00643,9.349084575660527e-05
1773144500.3034618,PC1,0,29,0.55801,2.38347,0.10522,0.0002703568898141384
1773144500.3034618,PC1,0,30,0.40007,2.38661,0.00876,9.793892968446016e-05
1773144500.3034618,PC1,0,31,0.54401,2.4522,-0.20333,0.0012425718596205115
1773144500.3034618,PC1,0,32,0.42834,2.43646,-0.3325,0.0005560766439884901
1773144500.3034618,PC1,0,Angle_Elbow_L,93.07,,,
1773144500.3034618,PC1,0,Angle_Elbow_R,95.6,,,
1773144500.3034618,PC1,0,Angle_Shoulder_L,129.81,,,
1773144500.3034618,PC1,0,Angle_Shoulder_R,123.95,,,
1773144500.3034618,PC1,0,Length_UpperArm_L,0.4494,,,
1773144500.3034618,PC1,0,Length_LowerArm_L,0.6257,,,
1773144500.3034618,PC1,0,Length_UpperArm_R,0.619,,,
1773144500.3034618,PC1,0,Length_LowerArm_R,0.5929,,,
1773144500.3034618,PC1,0,Width_Shoulder,0.4786,,,
1773144500.351369,PC1,0,0,0.57934,0.52015,-0.68199,0.9999739527702332
1773144500.351369,PC1,0,1,0.58846,0.46728,-0.62907,0.9999629259109497
1773144500.351369,PC1,0,2,0.59545,0.46792,-0.62909,0.999967634677887
1773144500.351369,PC1,0,3,0.60174,0.46883,-0.62879,0.9999571442604065
1773144500.351369,PC1,0,4,0.55977,0.46101,-0.66904,0.9999645948410034
1773144500.351369,PC1,0,5,0.54694,0.45676,-0.66894,0.9999711513519287
1773144500.351369,PC1,0,6,0.53324,0.45271,-0.6692,0.9999619126319885
1773144500.351369,PC1,0,7,0.59638,0.48814,-0.29942,0.999961793422699
1773144500.351369,PC1,0,8,0.48965,0.47078,-0.481,0.9999812841415405
1773144500.351369,PC1,0,9,0.58504,0.57671,-0.5553,0.999970018863678
1773144500.351369,PC1,0,10,0.55332,0.5731,-0.60717,0.9999794363975525
1773144500.351369,PC1,0,11,0.64425,0.76206,-0.0063,0.9997170567512512
1773144500.351369,PC1,0,12,0.3745,0.72068,-0.40517,0.9993161559104919
1773144500.351369,PC1,0,13,0.76802,1.13351,-0.234,0.8979240655899048
1773144500.351369,PC1,0,14,0.33847,1.19895,-0.79924,0.9455865621566772
1773144500.351369,PC1,0,15,0.81673,0.82644,-0.79054,0.9941966533660889
1773144500.351369,PC1,0,16,0.47817,0.88281,-1.30564,0.9920613169670105
1773144500.351369,PC1,0,17,0.83297,0.73635,-0.87813,0.9918820261955261
1773144500.351369,PC1,0,18,0.52147,0.81701,-1.41208,0.9881622195243835
1773144500.351369,PC1,0,19,0.81719,0.67911,-0.84722,0.9928771257400513
1773144500.351369,PC1,0,20,0.51444,0.75002,-1.35275,0.9899641871452332
1773144500.351369,PC1,0,21,0.80722,0.70741,-0.79787,0.9909375905990601
1773144500.351369,PC1,0,22,0.50738,0.76666,-1.30492,0.9864060878753662
1773144500.351369,PC1,0,23,0.56772,1.3717,-0.01291,0.0161727424710989
1773144500.351369,PC1,0,24,0.394,1.38295,0.01593,0.009357798844575882
1773144500.351369,PC1,0,25,0.5607,1.86368,-0.13913,0.010913318954408169
1773144500.351369,PC1,0,26,0.4018,1.86516,-0.11736,0.005116645712405443
1773144500.351369,PC1,0,27,0.55818,2.31042,0.09934,0.0005919967079535127
1773144500.351369,PC1,0,28,0.40365,2.30909,0.00643,0.00017214262334164232
1773144500.351369,PC1,0,29,0.55801,2.38347,0.10522,0.00043730487232096493
1773144500.351369,PC1,0,30,0.40007,2.38661,0.00876,0.00018716175691224635
1773144500.351369,PC1,0,31,0.54401,2.4522,-0.20333,0.0017488589510321617
1773144500.351369,PC1,0,32,0.42834,2.43646,-0.3325,0.0008690479444339871
1773144500.351369,PC1,0,Angle_Elbow_L,93.71,,,
1773144500.351369,PC1,0,Angle_Elbow_R,96.54,,,
1773144500.351369,PC1,0,Angle_Shoulder_L,127.72,,,
1773144500.351369,PC1,0,Angle_Shoulder_R,122.54,,,
1773144500.351369,PC1,0,Length_UpperArm_L,0.4529,,,
1773144500.351369,PC1,0,Length_LowerArm_L,0.6375,,,
1773144500.351369,PC1,0,Length_UpperArm_R,0.6208,,,
1773144500.351369,PC1,0,Length_LowerArm_R,0.6131,,,
1773144500.351369,PC1,0,Width_Shoulder,0.4833,,,
1773144500.500232,PC1,0,0,0.58219,0.52441,-0.60689,0.999977171421051
1773144500.500232,PC1,0,1,0.59148,0.47138,-0.55103,0.9999673962593079
1773144500.500232,PC1,0,2,0.59815,0.47183,-0.55108,0.9999718070030212
1773144500.500232,PC1,0,3,0.6041,0.47268,-0.55079,0.9999623894691467
1773144500.500232,PC1,0,4,0.56372,0.4647,-0.59548,0.9999678730964661
1773144500.500232,PC1,0,5,0.55113,0.45985,-0.59542,0.9999736547470093
1773144500.500232,PC1,0,6,0.53804,0.45523,-0.59566,0.9999644756317139
1773144500.500232,PC1,0,7,0.59722,0.49181,-0.22701,0.9999675750732422
1773144500.500232,PC1,0,8,0.49464,0.47186,-0.42669,0.9999832510948181
1773144500.500232,PC1,0,9,0.58789,0.5786,-0.48391,0.9999726414680481
1773144500.500232,PC1,0,10,0.55686,0.57373,-0.54114,0.9999804496765137
1773144500.500232,PC1,0,11,0.64442,0.76975,0.04736,0.9997526407241821
1773144500.500232,PC1,0,12,0.37737,0.72303,-0.37026,0.9992865324020386
1773144500.500232,PC1,0,13,0.7693,1.13749,-0.19248,0.9163196086883545
1773144500.500232,PC1,0,14,0.34636,1.20313,-0.75909,0.952032744884491
1773144500.500232,PC1,0,15,0.81695,0.81267,-0.7362,0.995634913444519
1773144500.500232,PC1,0,16,0.48429,0.86807,-1.23757,0.9938182830810547
1773144500.500232,PC1,0,17,0.82778,0.71847,-0.82615,0.9938024282455444
1773144500.500232,PC1,0,18,0.51749,0.78226,-1.33688,0.990636944770813
1773144500.500232,PC1,0,19,0.81269,0.66577,-0.78945,0.9945568442344666
1773144500.500232,PC1,0,20,0.51188,0.7256,-1.28707,0.9920430183410645
1773144500.500232,PC1,0,21,0.80439,0.69838,-0.74165,0.9930450916290283
1773144500.500232,PC1,0,22,0.5076,0.75434,-1.23411,0.9891631007194519
1773144500.500232,PC1,0,23,0.56772,1.3717,-0.01291,0.015428395941853523
1773144500.500232,PC1,0,24,0.394,1.38295,0.01593,0.008821633644402027
1773144500.500232,PC1,0,25,0.5607,1.86368,-0.13913,0.008967792615294456
1773144500.500232,PC1,0,26,0.4018,1.86516,-0.11736,0.004086783621460199
1773144500.500232,PC1,0,27,0.55818,2.31042,0.09934,0.0005079814000055194
1773144500.500232,PC1,0,28,0.40365,2.30909,0.00643,0.00013612776820082217
1773144500.500232,PC1,0,29,0.55801,2.38347,0.10522,0.00038127266452647746
1773144500.500232,PC1,0,30,0.40007,2.38661,0.00876,0.0001538702636025846
1773144500.500232,PC1,0,31,0.54401,2.4522,-0.20333,0.0014894860796630383
1773144500.500232,PC1,0,32,0.42834,2.43646,-0.3325,0.0007138551445677876
1773144500.500232,PC1,0,Angle_Elbow_L,93.34,,,
1773144500.500232,PC1,0,Angle_Elbow_R,93.23,,,
1773144500.500232,PC1,0,Angle_Shoulder_L,129.45,,,
1773144500.500232,PC1,0,Angle_Shoulder_R,126.58,,,
1773144500.500232,PC1,0,Length_UpperArm_L,0.4565,,,
1773144500.500232,PC1,0,Length_LowerArm_L,0.6351,,,
1773144500.500232,PC1,0,Length_UpperArm_R,0.6186,,,
1773144500.500232,PC1,0,Length_LowerArm_R,0.6002,,,
1773144500.500232,PC1,0,Width_Shoulder,0.4979,,,
1773144500.710001,PC1,0,0,0.58322,0.52668,-0.58127,0.9999792575836182
1773144500.710001,PC1,0,1,0.59269,0.47343,-0.52592,0.9999703168869019
1773144500.710001,PC1,0,2,0.59925,0.47392,-0.526,0.9999744892120361
1773144500.710001,PC1,0,3,0.60508,0.47487,-0.52569,0.9999657869338989
1773144500.710001,PC1,0,4,0.56528,0.46668,-0.57051,0.9999701380729675
1773144500.710001,PC1,0,5,0.55294,0.46182,-0.57049,0.9999754428863525
1773144500.710001,PC1,0,6,0.53995,0.45707,-0.57073,0.9999664425849915
1773144500.710001,PC1,0,7,0.59726,0.49412,-0.20567,0.9999711513519287
1773144500.710001,PC1,0,8,0.49692,0.4732,-0.40476,0.9999844431877136
1773144500.710001,PC1,0,9,0.58987,0.57989,-0.45952,0.9999750256538391
1773144500.710001,PC1,0,10,0.55827,0.5745,-0.51687,0.999981701374054
1773144500.710001,PC1,0,11,0.64536,0.77488,0.06579,0.9997767806053162
1773144500.710001,PC1,0,12,0.37996,0.72615,-0.35368,0.9992983937263489
1773144500.710001,PC1,0,13,0.77219,1.14262,-0.16573,0.9282588958740234
1773144500.710001,PC1,0,14,0.35145,1.2061,-0.73468,0.9554140567779541
1773144500.710001,PC1,0,15,0.81569,0.80818,-0.69616,0.9963632225990295
1773144500.710001,PC1,0,16,0.4877,0.85745,-1.18833,0.9946885108947754
1773144500.710001,PC1,0,17,0.82217,0.71188,-0.78707,0.9947834014892578
1773144500.710001,PC1,0,18,0.515,0.7642,-1.28127,0.9918711185455322
1773144500.710001,PC1,0,19,0.80876,0.66131,-0.74449,0.995408833026886
1773144500.710001,PC1,0,20,0.50915,0.71253,-1.23904,0.993071436882019
1773144500.710001,PC1,0,21,0.80163,0.69591,-0.69691,0.9941110610961914
1773144500.710001,PC1,0,22,0.50737,0.74565,-1.18371,0.990547776222229
1773144500.710001,PC1,0,23,0.56772,1.3717,-0.01291,0.016023783013224602
1773144500.710001,PC1,0,24,0.394,1.38295,0.01593,0.009264807216823101
1773144500.710001,PC1,0,25,0.5607,1.86368,-0.13913,0.00868719071149826
1773144500.710001,PC1,0,26,0.4018,1.86516,-0.11736,0.003961622714996338
1773144500.710001,PC1,0,27,0.55818,2.31042,0.09934,0.0005175547557882965
1773144500.710001,PC1,0,28,0.40365,2.30909,0.00643,0.0001391391415381804
1773144500.710001,PC1,0,29,0.55801,2.38347,0.10522,0.00040105439256876707
1773144500.710001,PC1,0,30,0.40007,2.38661,0.00876,0.00016967080591712147
1773144500.710001,PC1,0,31,0.54401,2.4522,-0.20333,0.0015349428867921233
1773144500.710001,PC1,0,32,0.42834,2.43646,-0.3325,0.0007882714853622019
1773144500.710001,PC1,0,Angle_Elbow_L,91.07,,,
1773144500.710001,PC1,0,Angle_Elbow_R,90.26,,,
1773144500.710001,PC1,0,Angle_Shoulder_L,131.38,,,
1773144500.710001,PC1,0,Angle_Shoulder_R,128.55,,,
1773144500.710001,PC1,0,Length_UpperArm_L,0.4527,,,
1773144500.710001,PC1,0,Length_LowerArm_L,0.6286,,,
1773144500.710001,PC1,0,Length_UpperArm_R,0.6135,,,
1773144500.710001,PC1,0,Length_LowerArm_R,0.5881,,,
1773144500.710001,PC1,0,Width_Shoulder,0.4988,,,
1773144500.7584178,PC1,0,0,0.58244,0.52913,-0.54969,0.999980092048645
1773144500.7584178,PC1,0,1,0.59266,0.47567,-0.49232,0.9999711513519287
1773144500.7584178,PC1,0,2,0.59939,0.47628,-0.49241,0.9999752640724182
1773144500.7584178,PC1,0,3,0.6053,0.47728,-0.49208,0.9999667406082153
1773144500.7584178,PC1,0,4,0.56492,0.46878,-0.53599,0.9999706149101257
1773144500.7584178,PC1,0,5,0.5529,0.46387,-0.53598,0.999975860118866
1773144500.7584178,PC1,0,6,0.5399,0.45904,-0.5362,0.9999669194221497
1773144500.7584178,PC1,0,7,0.59632,0.49687,-0.17334,0.9999722838401794
1773144500.7584178,PC1,0,8,0.4982,0.47473,-0.37316,0.9999849200248718
1773144500.7584178,PC1,0,9,0.59062,0.58248,-0.42149,0.9999751448631287
1773144500.7584178,PC1,0,10,0.55787,0.57613,-0.47514,0.9999818205833435
1773144500.7584178,PC1,0,11,0.64541,0.78272,0.09802,0.9997797012329102
1773144500.7584178,PC1,0,12,0.38204,0.73059,-0.33322,0.9993045330047607
1773144500.7584178,PC1,0,13,0.77172,1.15286,-0.13987,0.93501216173172
1773144500.7584178,PC1,0,14,0.35417,1.20985,-0.71882,0.958065927028656
1773144500.7584178,PC1,0,15,0.81139,0.80578,-0.65722,0.9969189167022705
1773144500.7584178,PC1,0,16,0.48919,0.85016,-1.18415,0.9954516887664795
1773144500.7584178,PC1,0,17,0.81504,0.70785,-0.74983,0.9955062866210938
1773144500.7584178,PC1,0,18,0.50996,0.74919,-1.27731,0.9929618239402771
1773144500.7584178,PC1,0,19,0.80394,0.65862,-0.70308,0.9960241317749023
1773144500.7584178,PC1,0,20,0.50362,0.69982,-1.23848,0.9939785003662109
1773144500.7584178,PC1,0,21,0.79761,0.69465,-0.65843,0.9948884844779968
1773144500.7584178,PC1,0,22,0.50423,0.73623,-1.17859,0.9917839169502258
1773144500.7584178,PC1,0,23,0.56772,1.3717,-0.01291,0.014618663117289543
1773144500.7584178,PC1,0,24,0.394,1.38295,0.01593,0.008511293679475784
1773144500.7584178,PC1,0,25,0.5607,1.86368,-0.13913,0.007446853909641504
1773144500.7584178,PC1,0,26,0.4018,1.86516,-0.11736,0.0033884968142956495
1773144500.7584178,PC1,0,27,0.55818,2.31042,0.09934,0.0004533171304501593
1773144500.7584178,PC1,0,28,0.40365,2.30909,0.00643,0.00011817764607258141
1773144500.7584178,PC1,0,29,0.55801,2.38347,0.10522,0.00035133466008119285
1773144500.7584178,PC1,0,30,0.40007,2.38661,0.00876,0.0001474614255130291
1773144500.7584178,PC1,0,31,0.54401,2.4522,-0.20333,0.001356226857751608
1773144500.7584178,PC1,0,32,0.42834,2.43646,-0.3325,0.0006940749590285122
1773144500.7584178,PC1,0,Angle_Elbow_L,89.92,,,
1773144500.7584178,PC1,0,Angle_Elbow_R,90.51,,,
1773144500.7584178,PC1,0,Angle_Shoulder_L,132.91,,,
1773144500.7584178,PC1,0,Angle_Shoulder_R,130.38,,,
1773144500.7584178,PC1,0,Length_UpperArm_L,0.4578,,,
1773144500.7584178,PC1,0,Length_LowerArm_L,0.6243,,,
1773144500.7584178,PC1,0,Length_UpperArm_R,0.6158,,,
1773144500.7584178,PC1,0,Length_LowerArm_R,0.6034,,,
1773144500.7584178,PC1,0,Width_Shoulder,0.508,,,
1773144500.8546078,PC1,0,0,0.58231,0.52953,-0.54971,0.999981164932251
1773144500.8546078,PC1,0,1,0.59271,0.47599,-0.49123,0.9999730587005615
1773144500.8546078,PC1,0,2,0.59964,0.47664,-0.49135,0.9999768137931824
1773144500.8546078,PC1,0,3,0.60571,0.47768,-0.49106,0.999968945980072
1773144500.8546078,PC1,0,4,0.56474,0.46909,-0.5362,0.9999722838401794
1773144500.8546078,PC1,0,5,0.55277,0.4642,-0.53621,0.9999769926071167
1773144500.8546078,PC1,0,6,0.53977,0.45936,-0.53643,0.9999685883522034
1773144500.8546078,PC1,0,7,0.59695,0.49754,-0.1701,0.9999741315841675
1773144500.8546078,PC1,0,8,0.49837,0.47503,-0.37216,0.9999856352806091
1773144500.8546078,PC1,0,9,0.5909,0.58311,-0.41853,0.9999766945838928
1773144500.8546078,PC1,0,10,0.55787,0.57652,-0.47141,0.9999827146530151
1773144500.8546078,PC1,0,11,0.64561,0.78419,0.10748,0.9997889399528503
1773144500.8546078,PC1,0,12,0.38328,0.73179,-0.32959,0.9993044137954712
1773144500.8546078,PC1,0,13,0.77177,1.14979,-0.13681,0.9377956986427307
1773144500.8546078,PC1,0,14,0.36074,1.21014,-0.70943,0.9579299092292786
1773144500.8546078,PC1,0,15,0.81048,0.80426,-0.6811,0.9970098733901978
1773144500.8546078,PC1,0,16,0.48955,0.84868,-1.16739,0.9954684972763062
1773144500.8546078,PC1,0,17,0.81337,0.70531,-0.77582,0.9955496191978455
1773144500.8546078,PC1,0,18,0.50873,0.74652,-1.26055,0.9928749799728394
1773144500.8546078,PC1,0,19,0.80226,0.65684,-0.73135,0.9960830807685852
1773144500.8546078,PC1,0,20,0.50217,0.69717,-1.22555,0.9939195513725281
1773144500.8546078,PC1,0,21,0.79609,0.69332,-0.6839,0.9948687553405762
1773144500.8546078,PC1,0,22,0.50324,0.7341,-1.16261,0.9915194511413574
1773144500.8546078,PC1,0,23,0.56772,1.3717,-0.01291,0.018372755497694016
1773144500.8546078,PC1,0,24,0.394,1.38295,0.01593,0.01029110886156559
1773144500.8546078,PC1,0,25,0.5607,1.86368,-0.13913,0.012940171174705029
1773144500.8546078,PC1,0,26,0.4018,1.86516,-0.11736,0.006517484784126282
1773144500.8546078,PC1,0,27,0.55818,2.31042,0.09934,0.0006889126962050796
1773144500.8546078,PC1,0,28,0.40365,2.30909,0.00643,0.00021373212803155184
1773144500.8546078,PC1,0,29,0.55801,2.38347,0.10522,0.0005152415833435953
1773144500.8546078,PC1,0,30,0.40007,2.38661,0.00876,0.00025151227600872517
1773144500.8546078,PC1,0,31,0.54401,2.4522,-0.20333,0.0020275700371712446
1773144500.8546078,PC1,0,32,0.42834,2.43646,-0.3325,0.0010767230996862054
1773144500.8546078,PC1,0,Angle_Elbow_L,92.24,,,
1773144500.8546078,PC1,0,Angle_Elbow_R,89.71,,,
1773144500.8546078,PC1,0,Angle_Shoulder_L,132.47,,,
1773144500.8546078,PC1,0,Angle_Shoulder_R,131.29,,,
1773144500.8546078,PC1,0,Length_UpperArm_L,0.4574,,,
1773144500.8546078,PC1,0,Length_LowerArm_L,0.6459,,,
1773144500.8546078,PC1,0,Length_UpperArm_R,0.6112,,,
1773144500.8546078,PC1,0,Length_LowerArm_R,0.5975,,,
1773144500.8546078,PC1,0,Width_Shoulder,0.5124,,,
1773144501.001492,PC1,0,0,0.58053,0.53169,-0.59767,0.9999853372573853
1773144501.001492,PC1,0,1,0.59237,0.47794,-0.54475,0.9999792575836182
1773144501.001492,PC1,0,2,0.60007,0.47956,-0.54486,0.9999821782112122
1773144501.001492,PC1,0,3,0.6068,0.48161,-0.54467,0.9999760389328003
1773144501.001492,PC1,0,4,0.56282,0.46901,-0.586,0.9999780058860779
1773144501.001492,PC1,0,5,0.55007,0.46387,-0.58601,0.9999815821647644
1773144501.001492,PC1,0,6,0.53654,0.45893,-0.58626,0.9999747276306152
1773144501.001492,PC1,0,7,0.60035,0.50318,-0.22951,0.999980628490448
1773144501.001492,PC1,0,8,0.49531,0.4754,-0.41168,0.9999887347221375
1773144501.001492,PC1,0,9,0.59025,0.59028,-0.47118,0.9999820590019226
1773144501.001492,PC1,0,10,0.55372,0.578,-0.52229,0.9999863505363464
1773144501.001492,PC1,0,11,0.64261,0.78249,0.05603,0.9998275637626648
1773144501.001492,PC1,0,12,0.37992,0.74547,-0.35023,0.9994224309921265
1773144501.001492,PC1,0,13,0.77199,1.16278,-0.21958,0.9452947378158569
1773144501.001492,PC1,0,14,0.37353,1.23595,-0.70962,0.9564482569694519
1773144501.001492,PC1,0,15,0.80258,0.80649,-0.79344,0.9975181818008423
1773144501.001492,PC1,0,16,0.48863,0.86744,-1.13951,0.9961870908737183
1773144501.001492,PC1,0,17,0.80622,0.70363,-0.89006,0.996105432510376
1773144501.001492,PC1,0,18,0.50148,0.75377,-1.22616,0.9938470721244812
1773144501.001492,PC1,0,19,0.79525,0.65564,-0.84137,0.9965424537658691
1773144501.001492,PC1,0,20,0.49326,0.70726,-1.19287,0.9947404861450195
1773144501.001492,PC1,0,21,0.78761,0.69431,-0.79516,0.995448648929596
1773144501.001492,PC1,0,22,0.49553,0.74189,-1.13381,0.9926766753196716
1773144501.001492,PC1,0,23,0.56772,1.3717,-0.01291,0.021424507722258568
1773144501.001492,PC1,0,24,0.394,1.38295,0.01593,0.012203208170831203
1773144501.001492,PC1,0,25,0.5607,1.86368,-0.13913,0.012297251261770725
1773144501.001492,PC1,0,26,0.4018,1.86516,-0.11736,0.00583626376464963
1773144501.001492,PC1,0,27,0.55818,2.31042,0.09934,0.0006059189909137785
1773144501.001492,PC1,0,28,0.40365,2.30909,0.00643,0.00017759577895049006
1773144501.001492,PC1,0,29,0.55801,2.38347,0.10522,0.00047705983160994947
1773144501.001492,PC1,0,30,0.40007,2.38661,0.00876,0.00021243284572847188
1773144501.001492,PC1,0,31,0.54401,2.4522,-0.20333,0.0017873119795694947
1773144501.001492,PC1,0,32,0.42834,2.43646,-0.3325,0.0009698756621219218
1773144501.001492,PC1,0,Angle_Elbow_L,94.64,,,
1773144501.001492,PC1,0,Angle_Elbow_R,85.6,,,
1773144501.001492,PC1,0,Angle_Shoulder_L,127.73,,,
1773144501.001492,PC1,0,Angle_Shoulder_R,130.13,,,
1773144501.001492,PC1,0,Length_UpperArm_L,0.4872,,,
1773144501.001492,PC1,0,Length_LowerArm_L,0.6762,,,
1773144501.001492,PC1,0,Length_UpperArm_R,0.6081,,,
1773144501.001492,PC1,0,Length_LowerArm_R,0.5778,,,
1773144501.001492,PC1,0,Width_Shoulder,0.4852,,,
1773144501.103765,PC1,0,0,0.57948,0.53093,-0.57197,0.999986469745636
1773144501.103765,PC1,0,1,0.59199,0.47693,-0.52057,0.9999808073043823
1773144501.103765,PC1,0,2,0.59998,0.47858,-0.52065,0.999983549118042
1773144501.103765,PC1,0,3,0.60695,0.48066,-0.52041,0.9999778270721436
1773144501.103765,PC1,0,4,0.56192,0.46784,-0.5577,0.9999794960021973
1773144501.103765,PC1,0,5,0.54889,0.46271,-0.55762,0.9999827742576599
1773144501.103765,PC1,0,6,0.53517,0.45783,-0.55781,0.9999762177467346
1773144501.103765,PC1,0,7,0.60137,0.50278,-0.21512,0.9999821186065674
1773144501.103765,PC1,0,8,0.49411,0.4748,-0.37724,0.99998939037323
1773144501.103765,PC1,0,9,0.58992,0.59009,-0.45086,0.9999832510948181
1773144501.103765,PC1,0,10,0.55259,0.57711,-0.49667,0.9999870657920837
1773144501.103765,PC1,0,11,0.64359,0.78168,0.05178,0.9998379349708557
1773144501.103765,PC1,0,12,0.37943,0.74753,-0.31754,0.9994313716888428
1773144501.103765,PC1,0,13,0.77192,1.16834,-0.24053,0.9409592151641846
1773144501.103765,PC1,0,14,0.37557,1.24068,-0.68237,0.9504569172859192
1773144501.103765,PC1,0,15,0.80026,0.8092,-0.81364,0.9976577162742615
1773144501.103765,PC1,0,16,0.48866,0.87237,-1.12333,0.9962378144264221
1773144501.103765,PC1,0,17,0.80499,0.70502,-0.91185,0.9963279366493225
1773144501.103765,PC1,0,18,0.50034,0.75606,-1.21029,0.9940156936645508
1773144501.103765,PC1,0,19,0.79416,0.65657,-0.85907,0.996740996837616
1773144501.103765,PC1,0,20,0.4922,0.71032,-1.17593,0.9949023127555847
1773144501.103765,PC1,0,21,0.78627,0.69575,-0.81398,0.9957255721092224
1773144501.103765,PC1,0,22,0.4946,0.74491,-1.1179,0.9929749369621277
1773144501.103765,PC1,0,23,0.56772,1.3717,-0.01291,0.019556673243641853
1773144501.103765,PC1,0,24,0.394,1.38295,0.01593,0.011141403578221798
1773144501.103765,PC1,0,25,0.5607,1.86368,-0.13913,0.011172167025506496
1773144501.103765,PC1,0,26,0.4018,1.86516,-0.11736,0.005285282153636217
1773144501.103765,PC1,0,27,0.55818,2.31042,0.09934,0.0005544673185795546
1773144501.103765,PC1,0,28,0.40365,2.30909,0.00643,0.00016016159497667104
1773144501.103765,PC1,0,29,0.55801,2.38347,0.10522,0.00043705516145564616
1773144501.103765,PC1,0,30,0.40007,2.38661,0.00876,0.0001920785434776917
1773144501.103765,PC1,0,31,0.54401,2.4522,-0.20333,0.0016229826724156737
1773144501.103765,PC1,0,32,0.42834,2.43646,-0.3325,0.0008767466642893851
1773144501.103765,PC1,0,Angle_Elbow_L,95.46,,,
1773144501.103765,PC1,0,Angle_Elbow_R,86.62,,,
1773144501.103765,PC1,0,Angle_Shoulder_L,127.96,,,
1773144501.103765,PC1,0,Angle_Shoulder_R,131.1,,,
1773144501.103765,PC1,0,Length_UpperArm_L,0.5014,,,
1773144501.103765,PC1,0,Length_LowerArm_L,0.6769,,,
1773144501.103765,PC1,0,Length_UpperArm_R,0.6134,,,
1773144501.103765,PC1,0,Length_LowerArm_R,0.5856,,,
1773144501.103765,PC1,0,Width_Shoulder,0.4554,,,
1773144501.153385,PC1,0,0,0.5773,0.52995,-0.53779,0.9999881982803345
1773144501.153385,PC1,0,1,0.591,0.47614,-0.48757,0.9999832510948181
1773144501.153385,PC1,0,2,0.59949,0.47801,-0.48761,0.9999856352806091
1773144501.153385,PC1,0,3,0.60699,0.48036,-0.48731,0.999980628490448
1773144501.153385,PC1,0,4,0.56033,0.46647,-0.52119,0.9999820590019226
1773144501.153385,PC1,0,5,0.54701,0.4613,-0.52099,0.999984860420227
1773144501.153385,PC1,0,6,0.53312,0.45648,-0.52112,0.9999790787696838
1773144501.153385,PC1,0,7,0.6029,0.50278,-0.19123,0.9999844431877136
1773144501.153385,PC1,0,8,0.49197,0.47459,-0.34199,0.999990701675415
1773144501.153385,PC1,0,9,0.58862,0.59018,-0.42172,0.9999850392341614
1773144501.153385,PC1,0,10,0.55021,0.57598,-0.4621,0.9999884963035583
1773144501.153385,PC1,0,11,0.64499,0.78474,0.05107,0.9998359084129333
1773144501.153385,PC1,0,12,0.37664,0.75053,-0.29073,0.9994349479675293
1773144501.153385,PC1,0,13,0.77022,1.17779,-0.25663,0.927977442741394
1773144501.153385,PC1,0,14,0.37168,1.2457,-0.66037,0.9354788064956665
1773144501.153385,PC1,0,15,0.79522,0.81324,-0.80419,0.99773770570755
1773144501.153385,PC1,0,16,0.48837,0.87825,-1.10269,0.9960096478462219
1773144501.153385,PC1,0,17,0.80012,0.70598,-0.89856,0.996489405632019
1773144501.153385,PC1,0,18,0.49883,0.76051,-1.18665,0.9939439296722412
1773144501.153385,PC1,0,19,0.79083,0.66007,-0.83918,0.9968739748001099
1773144501.153385,PC1,0,20,0.49252,0.71422,-1.14423,0.9948700070381165
1773144501.153385,PC1,0,21,0.78137,0.69986,-0.80146,0.9959224462509155
1773144501.153385,PC1,0,22,0.4959,0.74909,-1.09596,0.9930281639099121
1773144501.153385,PC1,0,23,0.56772,1.3717,-0.01291,0.016623804345726967
1773144501.153385,PC1,0,24,0.394,1.38295,0.01593,0.00947722140699625
1773144501.153385,PC1,0,25,0.5607,1.86368,-0.13913,0.009319365955889225
1773144501.153385,PC1,0,26,0.4018,1.86516,-0.11736,0.004389726556837559
1773144501.153385,PC1,0,27,0.55818,2.31042,0.09934,0.0004732177476398647
1773144501.153385,PC1,0,28,0.40365,2.30909,0.00643,0.00013131056039128453
1773144501.153385,PC1,0,29,0.55801,2.38347,0.10522,0.00037501996848732233
1773144501.153385,PC1,0,30,0.40007,2.38661,0.00876,0.00015872067888267338
1773144501.153385,PC1,0,31,0.54401,2.4522,-0.20333,0.0013863989152014256
1773144501.153385,PC1,0,32,0.42834,2.43646,-0.3325,0.0007293552625924349
1773144501.153385,PC1,0,Angle_Elbow_L,94.8,,,
1773144501.153385,PC1,0,Angle_Elbow_R,86.99,,,
1773144501.153385,PC1,0,Angle_Shoulder_L,128.31,,,
1773144501.153385,PC1,0,Angle_Shoulder_R,131.97,,,
1773144501.153385,PC1,0,Length_UpperArm_L,0.5146,,,
1773144501.153385,PC1,0,Length_LowerArm_L,0.6583,,,
1773144501.153385,PC1,0,Length_UpperArm_R,0.6179,,,
1773144501.153385,PC1,0,Length_LowerArm_R,0.5868,,,
1773144501.153385,PC1,0,Width_Shoulder,0.4359,,,
1773144501.252257,PC1,0,0,0.57645,0.52984,-0.5555,0.9999884963035583
1773144501.252257,PC1,0,1,0.59041,0.4762,-0.50474,0.9999839663505554
1773144501.252257,PC1,0,2,0.59914,0.47814,-0.5048,0.9999861121177673
1773144501.252257,PC1,0,3,0.60688,0.48057,-0.50452,0.9999814033508301
1773144501.252257,PC1,0,4,0.55954,0.46631,-0.53894,0.9999825358390808
1773144501.252257,PC1,0,5,0.54611,0.46115,-0.53879,0.9999850392341614
1773144501.252257,PC1,0,6,0.53216,0.45644,-0.53895,0.999979555606842
1773144501.252257,PC1,0,7,0.60349,0.50314,-0.20176,0.9999850392341614
1773144501.252257,PC1,0,8,0.49116,0.47558,-0.35396,0.999990701675415
1773144501.252257,PC1,0,9,0.58818,0.59108,-0.437,0.9999854564666748
1773144501.252257,PC1,0,10,0.54946,0.57679,-0.47869,0.9999886751174927
1773144501.252257,PC1,0,11,0.6461,0.78903,0.04524,0.9998249411582947
1773144501.252257,PC1,0,12,0.37596,0.75386,-0.29177,0.9993936419487
1773144501.252257,PC1,0,13,0.7703,1.18015,-0.27212,0.9276677966117859
1773144501.252257,PC1,0,14,0.3719,1.24835,-0.65481,0.9317547082901001
1773144501.252257,PC1,0,15,0.79393,0.81472,-0.84205,0.9975147843360901
1773144501.252257,PC1,0,16,0.48748,0.88375,-1.09397,0.9955098628997803
1773144501.252257,PC1,0,17,0.79899,0.70577,-0.93935,0.9961340427398682
1773144501.252257,PC1,0,18,0.49787,0.7649,-1.1775,0.9931328296661377
1773144501.252257,PC1,0,19,0.78992,0.66087,-0.88158,0.9965797066688538
1773144501.252257,PC1,0,20,0.49192,0.72011,-1.13672,0.9942328333854675
1773144501.252257,PC1,0,21,0.78008,0.70101,-0.84027,0.9954426884651184
1773144501.252257,PC1,0,22,0.49552,0.75478,-1.08776,0.9920167922973633
1773144501.252257,PC1,0,23,0.56772,1.3717,-0.01291,0.01713620126247406
1773144501.252257,PC1,0,24,0.394,1.38295,0.01593,0.00975780375301838
1773144501.252257,PC1,0,25,0.5607,1.86368,-0.13913,0.010342520661652088
1773144501.252257,PC1,0,26,0.4018,1.86516,-0.11736,0.004670268390327692
1773144501.252257,PC1,0,27,0.55818,2.31042,0.09934,0.0005083188880234957
1773144501.252257,PC1,0,28,0.40365,2.30909,0.00643,0.0001401706540491432
1773144501.252257,PC1,0,29,0.55801,2.38347,0.10522,0.0003976088482886553
1773144501.252257,PC1,0,30,0.40007,2.38661,0.00876,0.00016917574976105243
1773144501.252257,PC1,0,31,0.54401,2.4522,-0.20333,0.0015179073670879006
1773144501.252257,PC1,0,32,0.42834,2.43646,-0.3325,0.000788357574492693
1773144501.252257,PC1,0,Angle_Elbow_L,96.68,,,
1773144501.252257,PC1,0,Angle_Elbow_R,86.58,,,
1773144501.252257,PC1,0,Angle_Shoulder_L,127.06,,,
1773144501.252257,PC1,0,Angle_Shoulder_R,132.04,,,
1773144501.252257,PC1,0,Length_UpperArm_L,0.5188,,,
1773144501.252257,PC1,0,Length_LowerArm_L,0.6774,,,
1773144501.252257,PC1,0,Length_UpperArm_R,0.6135,,,
1773144501.252257,PC1,0,Length_LowerArm_R,0.5824,,,
1773144501.252257,PC1,0,Width_Shoulder,0.4333,,,
1773144501.2998168,PC1,0,0,0.57475,0.53032,-0.60169,0.9999884366989136
1773144501.2998168,PC1,0,1,0.58867,0.47641,-0.55181,0.9999845623970032
1773144501.2998168,PC1,0,2,0.59782,0.47849,-0.55195,0.9999864101409912
1773144501.2998168,PC1,0,3,0.60606,0.4811,-0.55186,0.9999822378158569
1773144501.2998168,PC1,0,4,0.55741,0.46627,-0.58274,0.9999825954437256
1773144501.2998168,PC1,0,5,0.54386,0.46125,-0.58265,0.9999845623970032
1773144501.2998168,PC1,0,6,0.52948,0.45695,-0.58284,0.9999793171882629
1773144501.2998168,PC1,0,7,0.604,0.50447,-0.23299,0.9999858736991882
1773144501.2998168,PC1,0,8,0.48864,0.47725,-0.39489,0.9999903440475464
1773144501.2998168,PC1,0,9,0.58668,0.59276,-0.47463,0.9999862313270569
1773144501.2998168,PC1,0,10,0.54727,0.57873,-0.51921,0.9999887943267822
1773144501.2998168,PC1,0,11,0.64738,0.79129,0.0317,0.9998343586921692
1773144501.2998168,PC1,0,12,0.37535,0.75805,-0.32479,0.99940425157547
1773144501.2998168,PC1,0,13,0.77067,1.1795,-0.28787,0.9297871589660645
1773144501.2998168,PC1,0,14,0.38048,1.25189,-0.6718,0.9330210089683533
1773144501.2998168,PC1,0,15,0.7906,0.82461,-0.88379,0.9970241189002991
1773144501.2998168,PC1,0,16,0.48575,0.88696,-1.07653,0.9952702522277832
1773144501.2998168,PC1,0,17,0.79706,0.71533,-0.98578,0.9951404929161072
1773144501.2998168,PC1,0,18,0.49612,0.76852,-1.15878,0.9924333095550537
1773144501.2998168,PC1,0,19,0.78725,0.6712,-0.93182,0.9957234859466553
1773144501.2998168,PC1,0,20,0.48984,0.72567,-1.12711,0.9936341047286987
1773144501.2998168,PC1,0,21,0.77728,0.71031,-0.88418,0.9942218065261841
1773144501.2998168,PC1,0,22,0.49302,0.75979,-1.07214,0.9910901188850403
1773144501.2998168,PC1,0,23,0.56772,1.3717,-0.01291,0.019271308556199074
1773144501.2998168,PC1,0,24,0.394,1.38295,0.01593,0.010892974212765694
1773144501.2998168,PC1,0,25,0.5607,1.86368,-0.13913,0.011765330098569393
1773144501.2998168,PC1,0,26,0.4018,1.86516,-0.11736,0.004973604343831539
1773144501.2998168,PC1,0,27,0.55818,2.31042,0.09934,0.0005569008062593639
1773144501.2998168,PC1,0,28,0.40365,2.30909,0.00643,0.00015533268742728978
1773144501.2998168,PC1,0,29,0.55801,2.38347,0.10522,0.000426518265157938
1773144501.2998168,PC1,0,30,0.40007,2.38661,0.00876,0.00018407095922157168
1773144501.2998168,PC1,0,31,0.54401,2.4522,-0.20333,0.0016489658737555146
1773144501.2998168,PC1,0,32,0.42834,2.43646,-0.3325,0.000834998965729028
1773144501.2998168,PC1,0,Angle_Elbow_L,98.83,,,
1773144501.2998168,PC1,0,Angle_Elbow_R,83.27,,,
1773144501.2998168,PC1,0,Angle_Shoulder_L,124.65,,,
1773144501.2998168,PC1,0,Angle_Shoulder_R,131.01,,,
1773144501.2998168,PC1,0,Length_UpperArm_L,0.5177,,,
1773144501.2998168,PC1,0,Length_LowerArm_L,0.6939,,,
1773144501.2998168,PC1,0,Length_UpperArm_R,0.6036,,,
1773144501.2998168,PC1,0,Length_LowerArm_R,0.555,,,
1773144501.2998168,PC1,0,Width_Shoulder,0.4497,,,
1773144501.347722,PC1,0,0,0.57538,0.53035,-0.60886,0.9999889135360718
1773144501.347722,PC1,0,1,0.58864,0.47634,-0.55915,0.9999852776527405
1773144501.347722,PC1,0,2,0.5978,0.47841,-0.55929,0.999987006187439
1773144501.347722,PC1,0,3,0.60608,0.48105,-0.55922,0.9999830722808838
1773144501.347722,PC1,0,4,0.55746,0.46626,-0.59138,0.9999833106994629
1773144501.347722,PC1,0,5,0.54397,0.46133,-0.59129,0.9999851584434509
1773144501.347722,PC1,0,6,0.52934,0.45725,-0.59149,0.999980092048645
1773144501.347722,PC1,0,7,0.60405,0.50471,-0.23881,0.9999865889549255
1773144501.347722,PC1,0,8,0.48811,0.47783,-0.41104,0.999990701675415
1773144501.347722,PC1,0,9,0.58693,0.59278,-0.48084,0.9999868273735046
1773144501.347722,PC1,0,10,0.54821,0.57933,-0.52779,0.9999892115592957
1773144501.347722,PC1,0,11,0.64737,0.78982,0.02935,0.9998427033424377
1773144501.347722,PC1,0,12,0.37519,0.75934,-0.34191,0.9994282126426697
1773144501.347722,PC1,0,13,0.77043,1.1741,-0.27426,0.9292576909065247
1773144501.347722,PC1,0,14,0.38445,1.25392,-0.68508,0.9342626333236694
1773144501.347722,PC1,0,15,0.78912,0.82775,-0.85921,0.9970950484275818
1773144501.347722,PC1,0,16,0.48522,0.88451,-1.07289,0.9955394864082336
1773144501.347722,PC1,0,17,0.79856,0.71883,-0.95953,0.9952437877655029
1773144501.347722,PC1,0,18,0.49553,0.76721,-1.15283,0.9928171038627625
1773144501.347722,PC1,0,19,0.78638,0.67455,-0.90842,0.9958217740058899
1773144501.347722,PC1,0,20,0.48918,0.72444,-1.12508,0.9939618706703186
1773144501.347722,PC1,0,21,0.77642,0.71319,-0.86079,0.9943579435348511
1773144501.347722,PC1,0,22,0.49217,0.75816,-1.06888,0.991530179977417
1773144501.347722,PC1,0,23,0.56772,1.3717,-0.01291,0.018416907638311386
1773144501.347722,PC1,0,24,0.394,1.38295,0.01593,0.01034664735198021
1773144501.347722,PC1,0,25,0.5607,1.86368,-0.13913,0.011345685459673405
1773144501.347722,PC1,0,26,0.4018,1.86516,-0.11736,0.004742261953651905
1773144501.347722,PC1,0,27,0.55818,2.31042,0.09934,0.0005309133557602763
1773144501.347722,PC1,0,28,0.40365,2.30909,0.00643,0.00014403216482605785
1773144501.347722,PC1,0,29,0.55801,2.38347,0.10522,0.00040795261156745255
1773144501.347722,PC1,0,30,0.40007,2.38661,0.00876,0.0001709889038465917
1773144501.347722,PC1,0,31,0.54401,2.4522,-0.20333,0.0016232847701758146
1773144501.347722,PC1,0,32,0.42834,2.43646,-0.3325,0.0007843461353331804
1773144501.347722,PC1,0,Angle_Elbow_L,97.83,,,
1773144501.347722,PC1,0,Angle_Elbow_R,81.47,,,
1773144501.347722,PC1,0,Angle_Shoulder_L,124.84,,,
1773144501.347722,PC1,0,Angle_Shoulder_R,130.45,,,
1773144501.347722,PC1,0,Length_UpperArm_L,0.505,,,
1773144501.347722,PC1,0,Length_LowerArm_L,0.6801,,,
1773144501.347722,PC1,0,Length_UpperArm_R,0.602,,,
1773144501.347722,PC1,0,Length_LowerArm_R,0.545,,,
1773144501.347722,PC1,0,Width_Shoulder,0.4614,,,
1773144501.39593,PC1,0,0,0.57637,0.53012,-0.60281,0.9999890923500061
1773144501.39593,PC1,0,1,0.58907,0.47613,-0.55383,0.9999855160713196
1773144501.39593,PC1,0,2,0.59805,0.47813,-0.55395,0.9999873638153076
1773144501.39593,PC1,0,3,0.60624,0.48071,-0.55385,0.9999834895133972
1773144501.39593,PC1,0,4,0.55792,0.46612,-0.58718,0.9999832510948181
1773144501.39593,PC1,0,5,0.54443,0.46122,-0.58706,0.9999851584434509
1773144501.39593,PC1,0,6,0.52967,0.45719,-0.58725,0.9999797344207764
1773144501.39593,PC1,0,7,0.60409,0.50461,-0.23732,0.9999871253967285
1773144501.39593,PC1,0,8,0.48781,0.47766,-0.41163,0.999990701675415
1773144501.39593,PC1,0,9,0.58723,0.59219,-0.47693,0.999987006187439
1773144501.39593,PC1,0,10,0.54918,0.57945,-0.52469,0.9999890923500061
1773144501.39593,PC1,0,11,0.64696,0.7859,0.02728,0.999849796295166
1773144501.39593,PC1,0,12,0.37479,0.76028,-0.34743,0.9994377493858337
1773144501.39593,PC1,0,13,0.76844,1.17091,-0.26745,0.9214476943016052
1773144501.39593,PC1,0,14,0.38718,1.25215,-0.697,0.9256640076637268
1773144501.39593,PC1,0,15,0.78838,0.83013,-0.8472,0.9970775246620178
1773144501.39593,PC1,0,16,0.48382,0.88295,-1.09611,0.9954134225845337
1773144501.39593,PC1,0,17,0.79981,0.72299,-0.94687,0.9952877759933472
1773144501.39593,PC1,0,18,0.49364,0.76648,-1.17724,0.9927560687065125
1773144501.39593,PC1,0,19,0.78573,0.6775,-0.89689,0.9958815574645996
1773144501.39593,PC1,0,20,0.487,0.72379,-1.15041,0.9939315319061279
1773144501.39593,PC1,0,21,0.7758,0.7154,-0.84927,0.9944682717323303
1773144501.39593,PC1,0,22,0.4906,0.75769,-1.09315,0.991592288017273
1773144501.39593,PC1,0,23,0.56772,1.3717,-0.01291,0.017061268910765648
1773144501.39593,PC1,0,24,0.394,1.38295,0.01593,0.009586025029420853
1773144501.39593,PC1,0,25,0.5607,1.86368,-0.13913,0.01043058279901743
1773144501.39593,PC1,0,26,0.4018,1.86516,-0.11736,0.004348205868154764
1773144501.39593,PC1,0,27,0.55818,2.31042,0.09934,0.0004903882509097457
1773144501.39593,PC1,0,28,0.40365,2.30909,0.00643,0.00013052925351075828
1773144501.39593,PC1,0,29,0.55801,2.38347,0.10522,0.00038084055995568633
1773144501.39593,PC1,0,30,0.40007,2.38661,0.00876,0.00015541829634457827
1773144501.39593,PC1,0,31,0.54401,2.4522,-0.20333,0.0014969391049817204
1773144501.39593,PC1,0,32,0.42834,2.43646,-0.3325,0.0007133257458917797
1773144501.39593,PC1,0,Angle_Elbow_L,97.19,,,
1773144501.39593,PC1,0,Angle_Elbow_R,82.95,,,
1773144501.39593,PC1,0,Angle_Shoulder_L,125.41,,,
1773144501.39593,PC1,0,Angle_Shoulder_R,129.49,,,
1773144501.39593,PC1,0,Length_UpperArm_L,0.4999,,,
1773144501.39593,PC1,0,Length_LowerArm_L,0.6728,,,
1773144501.39593,PC1,0,Length_UpperArm_R,0.6036,,,
1773144501.39593,PC1,0,Length_LowerArm_R,0.5522,,,
1773144501.39593,PC1,0,Width_Shoulder,0.4638,,,
1773144501.543693,PC1,0,0,0.58046,0.52892,-0.56465,0.9999908208847046
1773144501.543693,PC1,0,1,0.59157,0.47502,-0.51772,0.9999877214431763
1773144501.543693,PC1,0,2,0.59956,0.47647,-0.51774,0.9999893307685852
1773144501.543693,PC1,0,3,0.60701,0.4784,-0.51751,0.9999856948852539
1773144501.543693,PC1,0,4,0.56119,0.4659,-0.55368,0.9999858736991882
1773144501.543693,PC1,0,5,0.5474,0.46108,-0.55346,0.9999876022338867
1773144501.543693,PC1,0,6,0.53251,0.45705,-0.55359,0.9999828338623047
1773144501.543693,PC1,0,7,0.60388,0.50218,-0.21708,0.9999891519546509
1773144501.543693,PC1,0,8,0.48959,0.47696,-0.38971,0.9999924302101135
1773144501.543693,PC1,0,9,0.5885,0.58971,-0.44721,0.9999887347221375
1773144501.543693,PC1,0,10,0.55302,0.57956,-0.49564,0.9999908208847046
1773144501.543693,PC1,0,11,0.64551,0.77079,0.02875,0.999860942363739
1773144501.543693,PC1,0,12,0.37234,0.75961,-0.33372,0.9995129704475403
1773144501.543693,PC1,0,13,0.76858,1.14686,-0.24089,0.8967698812484741
1773144501.543693,PC1,0,14,0.38466,1.24237,-0.70562,0.9230889678001404
1773144501.543693,PC1,0,15,0.78954,0.83493,-0.78971,0.9971432089805603
1773144501.543693,PC1,0,16,0.47654,0.88312,-1.14208,0.9959917068481445
1773144501.543693,PC1,0,17,0.80505,0.73403,-0.88147,0.9955794811248779
1773144501.543693,PC1,0,18,0.4879,0.77186,-1.22235,0.9937586188316345
1773144501.543693,PC1,0,19,0.78641,0.68534,-0.8313,0.9961269497871399
1773144501.543693,PC1,0,20,0.48099,0.72612,-1.18928,0.994759202003479
1773144501.543693,PC1,0,21,0.77573,0.72038,-0.79064,0.994928240776062
1773144501.543693,PC1,0,22,0.48367,0.75695,-1.13684,0.9928255677223206
1773144501.543693,PC1,0,23,0.56772,1.3717,-0.01291,0.013613705523312092
1773144501.543693,PC1,0,24,0.394,1.38295,0.01593,0.0076547530479729176
1773144501.543693,PC1,0,25,0.5607,1.86368,-0.13913,0.007911534048616886
1773144501.543693,PC1,0,26,0.4018,1.86516,-0.11736,0.0032890497241169214
1773144501.543693,PC1,0,27,0.55818,2.31042,0.09934,0.0003847612824756652
1773144501.543693,PC1,0,28,0.40365,2.30909,0.00643,9.663860691944137e-05
1773144501.543693,PC1,0,29,0.55801,2.38347,0.10522,0.0003029282670468092
1773144501.543693,PC1,0,30,0.40007,2.38661,0.00876,0.0001162516200565733
1773144501.543693,PC1,0,31,0.54401,2.4522,-0.20333,0.001162018277682364
1773144501.543693,PC1,0,32,0.42834,2.43646,-0.3325,0.0005354323657229543
1773144501.543693,PC1,0,Angle_Elbow_L,96.31,,,
1773144501.543693,PC1,0,Angle_Elbow_R,88.36,,,
1773144501.543693,PC1,0,Angle_Shoulder_L,127.75,,,
1773144501.543693,PC1,0,Angle_Shoulder_R,128.15,,,
1773144501.543693,PC1,0,Length_UpperArm_L,0.4788,,,
1773144501.543693,PC1,0,Length_LowerArm_L,0.6316,,,
1773144501.543693,PC1,0,Length_UpperArm_R,0.6095,,,
1773144501.543693,PC1,0,Length_LowerArm_R,0.5727,,,
1773144501.543693,PC1,0,Width_Shoulder,0.454,,,
1773144501.591666,PC1,0,0,0.58188,0.52839,-0.54458,0.9999914765357971
1773144501.591666,PC1,0,1,0.59232,0.47442,-0.49829,0.9999886751174927
1773144501.591666,PC1,0,2,0.59998,0.47562,-0.4983,0.9999901652336121
1773144501.591666,PC1,0,3,0.60721,0.47725,-0.49804,0.9999867677688599
1773144501.591666,PC1,0,4,0.56246,0.46589,-0.53552,0.9999869465827942
1773144501.591666,PC1,0,5,0.5486,0.46112,-0.53528,0.9999885559082031
1773144501.591666,PC1,0,6,0.53377,0.45705,-0.5354,0.999984085559845
1773144501.591666,PC1,0,7,0.60293,0.501,-0.20424,0.9999900460243225
1773144501.591666,PC1,0,8,0.49063,0.47672,-0.37981,0.9999930262565613
1773144501.591666,PC1,0,9,0.589,0.5887,-0.43024,0.9999896287918091
1773144501.591666,PC1,0,10,0.55447,0.57958,-0.47982,0.9999915361404419
1773144501.591666,PC1,0,11,0.6444,0.76438,0.03509,0.9998701810836792
1773144501.591666,PC1,0,12,0.37166,0.75868,-0.32669,0.9995400905609131
1773144501.591666,PC1,0,13,0.76831,1.13522,-0.22472,0.8921769857406616
1773144501.591666,PC1,0,14,0.38188,1.23183,-0.70436,0.920975923538208
1773144501.591666,PC1,0,15,0.79043,0.83386,-0.76355,0.9972828030586243
1773144501.591666,PC1,0,16,0.47467,0.88674,-1.15748,0.9958649277687073
1773144501.591666,PC1,0,17,0.80623,0.73613,-0.85338,0.9958138465881348
1773144501.591666,PC1,0,18,0.48657,0.783,-1.24131,0.9936670064926147
1773144501.591666,PC1,0,19,0.78662,0.68703,-0.8049,0.9963271617889404
1773144501.591666,PC1,0,20,0.47989,0.7346,-1.20304,0.9946902990341187
1773144501.591666,PC1,0,21,0.77605,0.72018,-0.76458,0.9951980710029602
1773144501.591666,PC1,0,22,0.48239,0.76279,-1.15087,0.9928002953529358
1773144501.591666,PC1,0,23,0.56772,1.3717,-0.01291,0.012919398956000805
1773144501.591666,PC1,0,24,0.394,1.38295,0.01593,0.007245062850415707
1773144501.591666,PC1,0,25,0.5607,1.86368,-0.13913,0.007283039856702089
1773144501.591666,PC1,0,26,0.4018,1.86516,-0.11736,0.0030471275094896555
1773144501.591666,PC1,0,27,0.55818,2.31042,0.09934,0.0003602004435379058
1773144501.591666,PC1,0,28,0.40365,2.30909,0.00643,8.78950668266043e-05
1773144501.591666,PC1,0,29,0.55801,2.38347,0.10522,0.0002850706223398447
1773144501.591666,PC1,0,30,0.40007,2.38661,0.00876,0.0001067444754880853
1773144501.591666,PC1,0,31,0.54401,2.4522,-0.20333,0.0010852921986952424
1773144501.591666,PC1,0,32,0.42834,2.43646,-0.3325,0.0004906751564703882
1773144501.591666,PC1,0,Angle_Elbow_L,96.13,,,
1773144501.591666,PC1,0,Angle_Elbow_R,91.44,,,
1773144501.591666,PC1,0,Angle_Shoulder_L,128.87,,,
1773144501.591666,PC1,0,Angle_Shoulder_R,127.85,,,
1773144501.591666,PC1,0,Length_UpperArm_L,0.4694,,,
1773144501.591666,PC1,0,Length_LowerArm_L,0.6178,,,
1773144501.591666,PC1,0,Length_UpperArm_R,0.6055,,,
1773144501.591666,PC1,0,Length_LowerArm_R,0.5771,,,
1773144501.591666,PC1,0,Width_Shoulder,0.4531,,,
1773144501.698892,PC1,0,0,0.58356,0.52722,-0.53956,0.9999915957450867
1773144501.698892,PC1,0,1,0.59296,0.47297,-0.49422,0.9999887347221375
1773144501.698892,PC1,0,2,0.60036,0.47369,-0.49421,0.9999902844429016
1773144501.698892,PC1,0,3,0.60742,0.47477,-0.49391,0.9999867677688599
1773144501.698892,PC1,0,4,0.56367,0.46563,-0.53197,0.999987006187439
1773144501.698892,PC1,0,5,0.54992,0.46107,-0.53171,0.9999885559082031
1773144501.698892,PC1,0,6,0.53524,0.45705,-0.53183,0.9999839067459106
1773144501.698892,PC1,0,7,0.60223,0.49851,-0.2054,0.9999901652336121
1773144501.698892,PC1,0,8,0.49202,0.47673,-0.38186,0.9999931454658508
1773144501.698892,PC1,0,9,0.58997,0.58716,-0.42782,0.99998939037323
1773144501.698892,PC1,0,10,0.55652,0.57959,-0.47787,0.9999914169311523
1773144501.698892,PC1,0,11,0.64425,0.75998,0.03104,0.9998688101768494
1773144501.698892,PC1,0,12,0.37218,0.75767,-0.32614,0.9995206594467163
1773144501.698892,PC1,0,13,0.76855,1.12825,-0.21844,0.8789671659469604
1773144501.698892,PC1,0,14,0.3789,1.22443,-0.70534,0.9100332260131836
1773144501.698892,PC1,0,15,0.79102,0.83361,-0.75252,0.9973264336585999
1773144501.698892,PC1,0,16,0.47303,0.88931,-1.16367,0.9957455992698669
1773144501.698892,PC1,0,17,0.80722,0.73793,-0.8414,0.995923638343811
1773144501.698892,PC1,0,18,0.48559,0.79005,-1.24829,0.9936258792877197
1773144501.698892,PC1,0,19,0.78686,0.68836,-0.79307,0.9964250326156616
1773144501.698892,PC1,0,20,0.4791,0.74077,-1.2097,0.9946601986885071
1773144501.698892,PC1,0,21,0.77625,0.72037,-0.75353,0.9953440427780151
1773144501.698892,PC1,0,22,0.48147,0.76672,-1.15675,0.9927923679351807
1773144501.698892,PC1,0,23,0.56772,1.3717,-0.01291,0.01176414079964161
1773144501.698892,PC1,0,24,0.394,1.38295,0.01593,0.006596831604838371
1773144501.698892,PC1,0,25,0.5607,1.86368,-0.13913,0.006584483198821545
1773144501.698892,PC1,0,26,0.4018,1.86516,-0.11736,0.002752459142357111
1773144501.698892,PC1,0,27,0.55818,2.31042,0.09934,0.0003261657548137009
1773144501.698892,PC1,0,28,0.40365,2.30909,0.00643,7.923228986328468e-05
1773144501.698892,PC1,0,29,0.55801,2.38347,0.10522,0.00025841922615654767
1773144501.698892,PC1,0,30,0.40007,2.38661,0.00876,9.629264968680218e-05
1773144501.698892,PC1,0,31,0.54401,2.4522,-0.20333,0.0009853149531409144
1773144501.698892,PC1,0,32,0.42834,2.43646,-0.3325,0.00044361368054524064
1773144501.698892,PC1,0,Angle_Elbow_L,95.6,,,
1773144501.698892,PC1,0,Angle_Elbow_R,92.98,,,
1773144501.698892,PC1,0,Angle_Shoulder_L,129.53,,,
1773144501.698892,PC1,0,Angle_Shoulder_R,127.28,,,
1773144501.698892,PC1,0,Length_UpperArm_L,0.4619,,,
1773144501.698892,PC1,0,Length_LowerArm_L,0.6104,,,
1773144501.698892,PC1,0,Length_UpperArm_R,0.6014,,,
1773144501.698892,PC1,0,Length_LowerArm_R,0.5755,,,
1773144501.698892,PC1,0,Width_Shoulder,0.449,,,
1773144501.748419,PC1,0,0,0.58502,0.5263,-0.53398,0.9999921917915344
1773144501.748419,PC1,0,1,0.59359,0.47186,-0.48812,0.9999895691871643
1773144501.748419,PC1,0,2,0.60073,0.47219,-0.48809,0.9999909996986389
1773144501.748419,PC1,0,3,0.60761,0.4728,-0.48777,0.9999877214431763
1773144501.748419,PC1,0,4,0.5648,0.46554,-0.52727,0.9999879598617554
1773144501.748419,PC1,0,5,0.55106,0.46125,-0.52701,0.99998939037323
1773144501.748419,PC1,0,6,0.53646,0.45734,-0.52712,0.9999850392341614
1773144501.748419,PC1,0,7,0.60154,0.4964,-0.20054,0.9999909400939941
1773144501.748419,PC1,0,8,0.49308,0.47689,-0.38255,0.9999936819076538
1773144501.748419,PC1,0,9,0.59079,0.5859,-0.42334,0.9999901652336121
1773144501.748419,PC1,0,10,0.55826,0.57969,-0.47499,0.9999920725822449
1773144501.748419,PC1,0,11,0.6438,0.75681,0.03268,0.9998779892921448
1773144501.748419,PC1,0,12,0.37258,0.75675,-0.32766,0.9995417594909668
1773144501.748419,PC1,0,13,0.77146,1.11903,-0.2152,0.8814862966537476
1773144501.748419,PC1,0,14,0.37619,1.2177,-0.71193,0.9087578058242798
1773144501.748419,PC1,0,15,0.79185,0.8314,-0.74704,0.9974806904792786
1773144501.748419,PC1,0,16,0.47173,0.89315,-1.17071,0.9955658316612244
1773144501.748419,PC1,0,17,0.80889,0.73771,-0.83526,0.9961446523666382
1773144501.748419,PC1,0,18,0.4849,0.79672,-1.25518,0.993436872959137
1773144501.748419,PC1,0,19,0.78691,0.68886,-0.78701,0.9966170191764832
1773144501.748419,PC1,0,20,0.47882,0.74551,-1.21759,0.994519829750061
1773144501.748419,PC1,0,21,0.77627,0.71986,-0.74796,0.9955961108207703
1773144501.748419,PC1,0,22,0.48109,0.77271,-1.16411,0.9926431775093079
1773144501.748419,PC1,0,23,0.56772,1.3717,-0.01291,0.011100482195615768
1773144501.748419,PC1,0,24,0.394,1.38295,0.01593,0.006199689581990242
1773144501.748419,PC1,0,25,0.5607,1.86368,-0.13913,0.006035966798663139
1773144501.748419,PC1,0,26,0.4018,1.86516,-0.11736,0.0025379431899636984
1773144501.748419,PC1,0,27,0.55818,2.31042,0.09934,0.00030092752422206104
1773144501.748419,PC1,0,28,0.40365,2.30909,0.00643,7.185443973867223e-05
1773144501.748419,PC1,0,29,0.55801,2.38347,0.10522,0.0002404068218311295
1773144501.748419,PC1,0,30,0.40007,2.38661,0.00876,8.785560930846259e-05
1773144501.748419,PC1,0,31,0.54401,2.4522,-0.20333,0.0009159900364466012
1773144501.748419,PC1,0,32,0.42834,2.43646,-0.3325,0.0004054824239574373
1773144501.748419,PC1,0,Angle_Elbow_L,96.28,,,
1773144501.748419,PC1,0,Angle_Elbow_R,94.53,,,
1773144501.748419,PC1,0,Angle_Shoulder_L,129.15,,,
1773144501.748419,PC1,0,Angle_Shoulder_R,126.62,,,
1773144501.748419,PC1,0,Length_UpperArm_L,0.4571,,,
1773144501.748419,PC1,0,Length_LowerArm_L,0.605,,,
1773144501.748419,PC1,0,Length_UpperArm_R,0.6001,,,
1773144501.748419,PC1,0,Length_LowerArm_R,0.57,,,
1773144501.748419,PC1,0,Width_Shoulder,0.451,,,
1773144501.748543,PC1,0,0,0.58697,0.52496,-0.52755,0.9999927282333374
1773144501.748543,PC1,0,1,0.59445,0.47034,-0.48707,0.9999902248382568
1773144501.748543,PC1,0,2,0.60124,0.47015,-0.48699,0.9999916553497314
1773144501.748543,PC1,0,3,0.60786,0.47015,-0.4866,0.9999884963035583
1773144501.748543,PC1,0,4,0.56633,0.46534,-0.52514,0.9999887347221375
1773144501.748543,PC1,0,5,0.55259,0.46138,-0.52481,0.9999901056289673
1773144501.748543,PC1,0,6,0.5381,0.45758,-0.5249,0.9999858736991882
1773144501.748543,PC1,0,7,0.60027,0.49355,-0.21274,0.9999915957450867
1773144501.748543,PC1,0,8,0.4945,0.47669,-0.39044,0.9999940991401672
1773144501.748543,PC1,0,9,0.59191,0.58326,-0.42329,0.9999907612800598
1773144501.748543,PC1,0,10,0.56054,0.57907,-0.474,0.9999925494194031
1773144501.748543,PC1,0,11,0.64315,0.75297,0.02204,0.9998852014541626
1773144501.748543,PC1,0,12,0.37231,0.75547,-0.32982,0.9995616674423218
1773144501.748543,PC1,0,13,0.76707,1.12464,-0.20432,0.8738077878952026
1773144501.748543,PC1,0,14,0.37168,1.21033,-0.70734,0.9024901986122131
1773144501.748543,PC1,0,15,0.79259,0.8351,-0.70751,0.9975866675376892
1773144501.748543,PC1,0,16,0.46904,0.89757,-1.15744,0.9954894781112671
1773144501.748543,PC1,0,17,0.81106,0.74642,-0.78814,0.9963347911834717
1773144501.748543,PC1,0,18,0.4823,0.80033,-1.23487,0.9934489727020264
1773144501.748543,PC1,0,19,0.78795,0.69165,-0.74189,0.9967828392982483
1773144501.748543,PC1,0,20,0.47678,0.74575,-1.19666,0.994523286819458
1773144501.748543,PC1,0,21,0.77718,0.72132,-0.70797,0.9958233833312988
1773144501.748543,PC1,0,22,0.47922,0.77472,-1.15045,0.9927058219909668
1773144501.748543,PC1,0,23,0.56772,1.3717,-0.01291,0.010278169997036457
1773144501.748543,PC1,0,24,0.394,1.38295,0.01593,0.0057401228696107864
1773144501.748543,PC1,0,25,0.5607,1.86368,-0.13913,0.0055114771239459515
1773144501.748543,PC1,0,26,0.4018,1.86516,-0.11736,0.0023162986617535353
1773144501.748543,PC1,0,27,0.55818,2.31042,0.09934,0.0002762594376690686
1773144501.748543,PC1,0,28,0.40365,2.30909,0.00643,6.496289279311895e-05
1773144501.748543,PC1,0,29,0.55801,2.38347,0.10522,0.0002217650762759149
1773144501.748543,PC1,0,30,0.40007,2.38661,0.00876,7.960856601130217e-05
1773144501.748543,PC1,0,31,0.54401,2.4522,-0.20333,0.0008445869898423553
1773144501.748543,PC1,0,32,0.42834,2.43646,-0.3325,0.00036853691563010216
1773144501.748543,PC1,0,Angle_Elbow_L,92.06,,,
1773144501.748543,PC1,0,Angle_Elbow_R,94.81,,,
1773144501.748543,PC1,0,Angle_Shoulder_L,131.6,,,
1773144501.748543,PC1,0,Angle_Shoulder_R,126.27,,,
1773144501.748543,PC1,0,Length_UpperArm_L,0.4525,,,
1773144501.748543,PC1,0,Length_LowerArm_L,0.5811,,,
1773144501.748543,PC1,0,Length_UpperArm_R,0.5911,,,
1773144501.748543,PC1,0,Length_LowerArm_R,0.5567,,,
1773144501.748543,PC1,0,Width_Shoulder,0.444,,,
1773144501.84465,PC1,0,0,0.58734,0.52452,-0.53651,0.9999931454658508
1773144501.84465,PC1,0,1,0.59456,0.46983,-0.49544,0.9999907612800598
1773144501.84465,PC1,0,2,0.60131,0.46946,-0.49536,0.9999921321868896
1773144501.84465,PC1,0,3,0.60788,0.46926,-0.49495,0.9999890923500061
1773144501.84465,PC1,0,4,0.56648,0.46529,-0.53233,0.99998939037323
1773144501.84465,PC1,0,5,0.55276,0.46144,-0.532,0.999990701675415
1773144501.84465,PC1,0,6,0.53829,0.45771,-0.5321,0.9999866485595703
1773144501.84465,PC1,0,7,0.59984,0.49259,-0.21887,0.9999920725822449
1773144501.84465,PC1,0,8,0.49473,0.47686,-0.39306,0.9999944567680359
1773144501.84465,PC1,0,9,0.59225,0.58242,-0.43128,0.9999911785125732
1773144501.84465,PC1,0,10,0.56112,0.57902,-0.48016,0.9999929070472717
1773144501.84465,PC1,0,11,0.6432,0.7521,0.0174,0.9998863339424133
1773144501.84465,PC1,0,12,0.37219,0.75502,-0.33026,0.999571681022644
1773144501.84465,PC1,0,13,0.7655,1.12801,-0.20524,0.8685745596885681
1773144501.84465,PC1,0,14,0.37025,1.20811,-0.70996,0.9016618728637695
1773144501.84465,PC1,0,15,0.79222,0.83661,-0.69841,0.9976170659065247
1773144501.84465,PC1,0,16,0.46817,0.89858,-1.16901,0.9955741167068481
1773144501.84465,PC1,0,17,0.81128,0.74921,-0.77279,0.9964154362678528
1773144501.84465,PC1,0,18,0.48143,0.80079,-1.24647,0.9936070442199707
1773144501.84465,PC1,0,19,0.78816,0.69277,-0.72823,0.9968523979187012
1773144501.84465,PC1,0,20,0.47619,0.74571,-1.20788,0.9946502447128296
1773144501.84465,PC1,0,21,0.77725,0.72205,-0.69767,0.9959280490875244
1773144501.84465,PC1,0,22,0.47876,0.77552,-1.16199,0.992907702922821
1773144501.84465,PC1,0,23,0.56772,1.3717,-0.01291,0.009594404138624668
1773144501.84465,PC1,0,24,0.394,1.38295,0.01593,0.005364047829061747
1773144501.84465,PC1,0,25,0.5607,1.86368,-0.13913,0.005061059258878231
1773144501.84465,PC1,0,26,0.4018,1.86516,-0.11736,0.002116524614393711
1773144501.84465,PC1,0,27,0.55818,2.31042,0.09934,0.000256882281973958
1773144501.84465,PC1,0,28,0.40365,2.30909,0.00643,5.886580402147956e-05
1773144501.84465,PC1,0,29,0.55801,2.38347,0.10522,0.00020625643082894385
1773144501.84465,PC1,0,30,0.40007,2.38661,0.00876,7.252149953274056e-05
1773144501.84465,PC1,0,31,0.54401,2.4522,-0.20333,0.0007803532644174993
1773144501.84465,PC1,0,32,0.42834,2.43646,-0.3325,0.0003360119881108403
1773144501.84465,PC1,0,Angle_Elbow_L,90.78,,,
1773144501.84465,PC1,0,Angle_Elbow_R,95.85,,,
1773144501.84465,PC1,0,Angle_Shoulder_L,132.14,,,
1773144501.84465,PC1,0,Angle_Shoulder_R,125.8,,,
1773144501.84465,PC1,0,Length_UpperArm_L,0.4537,,,
1773144501.84465,PC1,0,Length_LowerArm_L,0.5734,,,
1773144501.84465,PC1,0,Length_UpperArm_R,0.5912,,,
1773144501.84465,PC1,0,Length_LowerArm_R,0.5622,,,
1773144501.84465,PC1,0,Width_Shoulder,0.4408,,,
1773144501.892928,PC1,0,0,0.5874,0.52474,-0.56862,0.9999931454658508
1773144501.892928,PC1,0,1,0.59459,0.47018,-0.52708,0.999990701675415
1773144501.892928,PC1,0,2,0.60133,0.46968,-0.52699,0.9999920725822449
1773144501.892928,PC1,0,3,0.60787,0.46935,-0.52658,0.9999887943267822
1773144501.892928,PC1,0,4,0.56649,0.4659,-0.56449,0.9999892711639404
1773144501.892928,PC1,0,5,0.55275,0.46206,-0.5642,0.9999906420707703
1773144501.892928,PC1,0,6,0.53832,0.4583,-0.56431,0.9999864101409912
1773144501.892928,PC1,0,7,0.59954,0.49244,-0.2445,0.9999918937683105
1773144501.892928,PC1,0,8,0.49489,0.4773,-0.41969,0.9999944567680359
1773144501.892928,PC1,0,9,0.59222,0.58287,-0.46017,0.9999905824661255
1773144501.892928,PC1,0,10,0.56137,0.57996,-0.50958,0.9999926090240479
1773144501.892928,PC1,0,11,0.64342,0.75329,0.00214,0.9998826384544373
1773144501.892928,PC1,0,12,0.37214,0.75476,-0.34819,0.9995750784873962
1773144501.892928,PC1,0,13,0.76278,1.1384,-0.2154,0.8607898354530334
1773144501.892928,PC1,0,14,0.36747,1.20741,-0.72603,0.9032901525497437
1773144501.892928,PC1,0,15,0.79137,0.84147,-0.71066,0.9976620078086853
1773144501.892928,PC1,0,16,0.46746,0.89913,-1.18709,0.9957126975059509
1773144501.892928,PC1,0,17,0.81133,0.75309,-0.78314,0.9964905381202698
1773144501.892928,PC1,0,18,0.4808,0.80077,-1.26427,0.993800938129425
1773144501.892928,PC1,0,19,0.78876,0.69606,-0.73885,0.9969165325164795
1773144501.892928,PC1,0,20,0.47547,0.74557,-1.22417,0.9948061108589172
1773144501.892928,PC1,0,21,0.77757,0.72535,-0.70991,0.9960149526596069
1773144501.892928,PC1,0,22,0.47839,0.77607,-1.17913,0.993087112903595
1773144501.892928,PC1,0,23,0.56772,1.3717,-0.01291,0.00889028050005436
1773144501.892928,PC1,0,24,0.394,1.38295,0.01593,0.004990920890122652
1773144501.892928,PC1,0,25,0.5607,1.86368,-0.13913,0.004630940034985542
1773144501.892928,PC1,0,26,0.4018,1.86516,-0.11736,0.001932597835548222
1773144501.892928,PC1,0,27,0.55818,2.31042,0.09934,0.00023540931579191238
1773144501.892928,PC1,0,28,0.40365,2.30909,0.00643,5.331169813871384e-05
1773144501.892928,PC1,0,29,0.55801,2.38347,0.10522,0.0001894339657155797
1773144501.892928,PC1,0,30,0.40007,2.38661,0.00876,6.589589611394331e-05
1773144501.892928,PC1,0,31,0.54401,2.4522,-0.20333,0.0007190612377598882
1773144501.892928,PC1,0,32,0.42834,2.43646,-0.3325,0.0003068240184802562
1773144501.892928,PC1,0,Angle_Elbow_L,89.31,,,
1773144501.892928,PC1,0,Angle_Elbow_R,95.91,,,
1773144501.892928,PC1,0,Angle_Shoulder_L,132.07,,,
1773144501.892928,PC1,0,Angle_Shoulder_R,124.49,,,
1773144501.892928,PC1,0,Length_UpperArm_L,0.4581,,,
1773144501.892928,PC1,0,Length_LowerArm_L,0.5782,,,
1773144501.892928,PC1,0,Length_UpperArm_R,0.5896,,,
1773144501.892928,PC1,0,Length_LowerArm_R,0.5636,,,
1773144501.892928,PC1,0,Width_Shoulder,0.4431,,,
1773144502.036361,PC1,0,0,0.58674,0.52542,-0.60168,0.9999937415122986
1773144502.036361,PC1,0,1,0.59425,0.4709,-0.55737,0.9999914765357971
1773144502.036361,PC1,0,2,0.60126,0.4702,-0.5573,0.9999927282333374
1773144502.036361,PC1,0,3,0.60775,0.46971,-0.55694,0.9999894499778748
1773144502.036361,PC1,0,4,0.56535,0.46704,-0.59443,0.9999902844429016
1773144502.036361,PC1,0,5,0.55178,0.46327,-0.59415,0.9999914765357971
1773144502.036361,PC1,0,6,0.53749,0.45959,-0.59426,0.9999876022338867
1773144502.036361,PC1,0,7,0.60011,0.49228,-0.2603,0.9999926090240479
1773144502.036361,PC1,0,8,0.49455,0.47836,-0.42617,0.9999951720237732
1773144502.036361,PC1,0,9,0.59203,0.58345,-0.4872,0.9999911785125732
1773144502.036361,PC1,0,10,0.56142,0.58173,-0.5349,0.9999932050704956
1773144502.036361,PC1,0,11,0.64509,0.75474,-0.01005,0.9998825788497925
1773144502.036361,PC1,0,12,0.37583,0.7523,-0.36135,0.9995959401130676
1773144502.036361,PC1,0,13,0.76837,1.12216,-0.24511,0.8615598678588867
1773144502.036361,PC1,0,14,0.36009,1.19891,-0.77615,0.9125894904136658
1773144502.036361,PC1,0,15,0.79114,0.84738,-0.75444,0.9977758526802063
1773144502.036361,PC1,0,16,0.46479,0.89793,-1.28736,0.9959430694580078
1773144502.036361,PC1,0,17,0.81157,0.75624,-0.8322,0.9966121912002563
1773144502.036361,PC1,0,18,0.47922,0.80138,-1.37533,0.9939901828765869
1773144502.036361,PC1,0,19,0.78912,0.70014,-0.78608,0.9970213174819946
1773144502.036361,PC1,0,20,0.4746,0.74592,-1.31119,0.9949541091918945
1773144502.036361,PC1,0,21,0.7779,0.72888,-0.75402,0.9961831569671631
1773144502.036361,PC1,0,22,0.47729,0.7758,-1.28086,0.9933387637138367
1773144502.036361,PC1,0,23,0.56772,1.3717,-0.01291,0.007533561903983355
1773144502.036361,PC1,0,24,0.394,1.38295,0.01593,0.004261012654751539
1773144502.036361,PC1,0,25,0.5607,1.86368,-0.13913,0.003636671230196953
1773144502.036361,PC1,0,26,0.4018,1.86516,-0.11736,0.0015158767346292734
1773144502.036361,PC1,0,27,0.55818,2.31042,0.09934,0.00019490472914185375
1773144502.036361,PC1,0,28,0.40365,2.30909,0.00643,4.0437254938296974e-05
1773144502.036361,PC1,0,29,0.55801,2.38347,0.10522,0.00016025629884097725
1773144502.036361,PC1,0,30,0.40007,2.38661,0.00876,5.135796163813211e-05
1773144502.036361,PC1,0,31,0.54401,2.4522,-0.20333,0.0005817218916490674
1773144502.036361,PC1,0,32,0.42834,2.43646,-0.3325,0.00023839909408707172
1773144502.036361,PC1,0,Angle_Elbow_L,94.71,,,
1773144502.036361,PC1,0,Angle_Elbow_R,101.94,,,
1773144502.036361,PC1,0,Angle_Shoulder_L,127.9,,,
1773144502.036361,PC1,0,Angle_Shoulder_R,120.44,,,
1773144502.036361,PC1,0,Length_UpperArm_L,0.4533,,,
1773144502.036361,PC1,0,Length_LowerArm_L,0.5792,,,
1773144502.036361,PC1,0,Length_UpperArm_R,0.6097,,,
1773144502.036361,PC1,0,Length_LowerArm_R,0.6024,,,
1773144502.036361,PC1,0,Width_Shoulder,0.4426,,,
1773144502.084942,PC1,0,0,0.58672,0.52565,-0.59535,0.9999940395355225
1773144502.084942,PC1,0,1,0.59425,0.47143,-0.55042,0.9999918341636658
1773144502.084942,PC1,0,2,0.60125,0.47068,-0.55036,0.9999930262565613
1773144502.084942,PC1,0,3,0.60771,0.47016,-0.55003,0.9999898076057434
1773144502.084942,PC1,0,4,0.56533,0.46783,-0.5888,0.999990701675415
1773144502.084942,PC1,0,5,0.55177,0.46419,-0.58853,0.999991774559021
1773144502.084942,PC1,0,6,0.53753,0.46063,-0.58866,0.9999880194664001
1773144502.084942,PC1,0,7,0.59996,0.49241,-0.25447,0.9999929070472717
1773144502.084942,PC1,0,8,0.49456,0.47905,-0.42747,0.9999953508377075
1773144502.084942,PC1,0,9,0.59203,0.58371,-0.48102,0.9999911785125732
1773144502.084942,PC1,0,10,0.56153,0.58227,-0.5322,0.9999932646751404
1773144502.084942,PC1,0,11,0.64453,0.75491,-0.00558,0.9998760223388672
1773144502.084942,PC1,0,12,0.37661,0.75188,-0.36956,0.9995492696762085
1773144502.084942,PC1,0,13,0.76855,1.12068,-0.23518,0.851315438747406
1773144502.084942,PC1,0,14,0.35732,1.19519,-0.79003,0.9068933129310608
1773144502.084942,PC1,0,15,0.79085,0.84765,-0.73335,0.9978763461112976
1773144502.084942,PC1,0,16,0.46314,0.89637,-1.29646,0.9959068894386292
1773144502.084942,PC1,0,17,0.81106,0.75563,-0.80919,0.9967745542526245
1773144502.084942,PC1,0,18,0.47809,0.80178,-1.38368,0.9940094947814941
1773144502.084942,PC1,0,19,0.78853,0.70062,-0.76274,0.9971649646759033
1773144502.084942,PC1,0,20,0.47419,0.74542,-1.32164,0.994978129863739
1773144502.084942,PC1,0,21,0.77705,0.72894,-0.73278,0.9963685274124146
1773144502.084942,PC1,0,22,0.4764,0.77509,-1.28917,0.9933486580848694
1773144502.084942,PC1,0,23,0.56772,1.3717,-0.01291,0.0069464449770748615
1773144502.084942,PC1,0,24,0.394,1.38295,0.01593,0.003917246125638485
1773144502.084942,PC1,0,25,0.5607,1.86368,-0.13913,0.003313037334010005
1773144502.084942,PC1,0,26,0.4018,1.86516,-0.11736,0.001377704320475459
1773144502.084942,PC1,0,27,0.55818,2.31042,0.09934,0.00017733374261297286
1773144502.084942,PC1,0,28,0.40365,2.30909,0.00643,3.652537634479813e-05
1773144502.084942,PC1,0,29,0.55801,2.38347,0.10522,0.00014604051830247045
1773144502.084942,PC1,0,30,0.40007,2.38661,0.00876,4.646094748750329e-05
1773144502.084942,PC1,0,31,0.54401,2.4522,-0.20333,0.0005339233321137726
1773144502.084942,PC1,0,32,0.42834,2.43646,-0.3325,0.0002169204381061718
1773144502.084942,PC1,0,Angle_Elbow_L,93.88,,,
1773144502.084942,PC1,0,Angle_Elbow_R,102.4,,,
1773144502.084942,PC1,0,Angle_Shoulder_L,128.14,,,
1773144502.084942,PC1,0,Angle_Shoulder_R,119.7,,,
1773144502.084942,PC1,0,Length_UpperArm_L,0.4493,,,
1773144502.084942,PC1,0,Length_LowerArm_L,0.5685,,,
1773144502.084942,PC1,0,Length_UpperArm_R,0.6113,,,
1773144502.084942,PC1,0,Length_LowerArm_R,0.5975,,,
1773144502.084942,PC1,0,Width_Shoulder,0.452,,,
1773144502.1344352,PC1,0,0,0.58634,0.52574,-0.59201,0.9999942183494568
1773144502.1344352,PC1,0,1,0.59406,0.47172,-0.54656,0.9999920129776001
1773144502.1344352,PC1,0,2,0.60111,0.47099,-0.54651,0.9999932050704956
1773144502.1344352,PC1,0,3,0.60759,0.4705,-0.54618,0.9999899864196777
1773144502.1344352,PC1,0,4,0.56494,0.46819,-0.58578,0.9999909996986389
1773144502.1344352,PC1,0,5,0.5513,0.46461,-0.58552,0.9999920129776001
1773144502.1344352,PC1,0,6,0.5371,0.46108,-0.58567,0.999988317489624
1773144502.1344352,PC1,0,7,0.59983,0.49252,-0.25067,0.999993085861206
1773144502.1344352,PC1,0,8,0.49398,0.47936,-0.4283,0.9999955296516418
1773144502.1344352,PC1,0,9,0.59157,0.58369,-0.47762,0.9999913573265076
1773144502.1344352,PC1,0,10,0.56065,0.58223,-0.53038,0.9999934434890747
1773144502.1344352,PC1,0,11,0.64372,0.75516,-0.00043,0.9998784065246582
1773144502.1344352,PC1,0,12,0.37643,0.75124,-0.37494,0.9995627403259277
1773144502.1344352,PC1,0,13,0.76833,1.12074,-0.22586,0.8540212512016296
1773144502.1344352,PC1,0,14,0.3553,1.1939,-0.79836,0.9111738204956055
1773144502.1344352,PC1,0,15,0.79106,0.84726,-0.7224,0.9979722499847412
1773144502.1344352,PC1,0,16,0.46068,0.89286,-1.3004,0.9961159229278564
1773144502.1344352,PC1,0,17,0.81105,0.75476,-0.79822,0.9969049096107483
1773144502.1344352,PC1,0,18,0.47545,0.80076,-1.38777,0.9942776560783386
1773144502.1344352,PC1,0,19,0.78829,0.70076,-0.75223,0.9972769618034363
1773144502.1344352,PC1,0,20,0.47191,0.74426,-1.33002,0.9951896071434021
1773144502.1344352,PC1,0,21,0.77666,0.72879,-0.72227,0.9965161681175232
1773144502.1344352,PC1,0,22,0.47367,0.77305,-1.29289,0.9936309456825256
1773144502.1344352,PC1,0,23,0.56772,1.3717,-0.01291,0.006976660806685686
1773144502.1344352,PC1,0,24,0.394,1.38295,0.01593,0.003936829976737499
1773144502.1344352,PC1,0,25,0.5607,1.86368,-0.13913,0.003108793869614601
1773144502.1344352,PC1,0,26,0.4018,1.86516,-0.11736,0.0012856465764343739
1773144502.1344352,PC1,0,27,0.55818,2.31042,0.09934,0.00016664426948409528
1773144502.1344352,PC1,0,28,0.40365,2.30909,0.00643,3.3443204301875085e-05
1773144502.1344352,PC1,0,29,0.55801,2.38347,0.10522,0.0001384986680932343
1773144502.1344352,PC1,0,30,0.40007,2.38661,0.00876,4.286790863261558e-05
1773144502.1344352,PC1,0,31,0.54401,2.4522,-0.20333,0.000501314178109169
1773144502.1344352,PC1,0,32,0.42834,2.43646,-0.3325,0.0002005082496907562
1773144502.1344352,PC1,0,Angle_Elbow_L,93.34,,,
1773144502.1344352,PC1,0,Angle_Elbow_R,102.21,,,
1773144502.1344352,PC1,0,Angle_Shoulder_L,128.53,,,
1773144502.1344352,PC1,0,Angle_Shoulder_R,119.46,,,
1773144502.1344352,PC1,0,Length_UpperArm_L,0.4472,,,
1773144502.1344352,PC1,0,Length_LowerArm_L,0.5673,,,
1773144502.1344352,PC1,0,Length_UpperArm_R,0.6129,,,
1773144502.1344352,PC1,0,Length_LowerArm_R,0.5948,,,
1773144502.1344352,PC1,0,Width_Shoulder,0.4601,,,
1773144502.182745,PC1,0,0,0.58604,0.52581,-0.58907,0.9999940395355225
1773144502.182745,PC1,0,1,0.59389,0.47195,-0.54347,0.9999917149543762
1773144502.182745,PC1,0,2,0.60095,0.47125,-0.54342,0.9999929666519165
1773144502.182745,PC1,0,3,0.60744,0.4708,-0.5431,0.9999896287918091
1773144502.182745,PC1,0,4,0.56464,0.46845,-0.58337,0.999990701675415
1773144502.182745,PC1,0,5,0.55094,0.4649,-0.58313,0.9999917149543762
1773144502.182745,PC1,0,6,0.53678,0.46138,-0.58329,0.999987781047821
1773144502.182745,PC1,0,7,0.59946,0.49262,-0.24797,0.9999927878379822
1773144502.182745,PC1,0,8,0.49351,0.47938,-0.429,0.9999954104423523
1773144502.182745,PC1,0,9,0.59117,0.58365,-0.4748,0.9999910593032837
1773144502.182745,PC1,0,10,0.5599,0.58204,-0.52847,0.9999933242797852
1773144502.182745,PC1,0,11,0.64241,0.75556,0.00274,0.9998795390129089
1773144502.182745,PC1,0,12,0.37471,0.75073,-0.37723,0.9995688199996948
1773144502.182745,PC1,0,13,0.76383,1.12655,-0.22037,0.8572481274604797
1773144502.182745,PC1,0,14,0.3535,1.19446,-0.80333,0.9155812859535217
1773144502.182745,PC1,0,15,0.79131,0.84694,-0.71441,0.998089075088501
1773144502.182745,PC1,0,16,0.45775,0.89038,-1.30022,0.9963237047195435
1773144502.182745,PC1,0,17,0.81124,0.75412,-0.79031,0.9970743060112
1773144502.182745,PC1,0,18,0.47233,0.79997,-1.3872,0.9945379495620728
1773144502.182745,PC1,0,19,0.78849,0.70053,-0.7491,0.9974226951599121
1773144502.182745,PC1,0,20,0.46872,0.74365,-1.33307,0.9953964352607727
1773144502.182745,PC1,0,21,0.77698,0.72843,-0.71612,0.9966982007026672
1773144502.182745,PC1,0,22,0.46996,0.77125,-1.29255,0.9939064383506775
1773144502.182745,PC1,0,23,0.56772,1.3717,-0.01291,0.007248088251799345
1773144502.182745,PC1,0,24,0.394,1.38295,0.01593,0.004096849821507931
1773144502.182745,PC1,0,25,0.5607,1.86368,-0.13913,0.0029924067202955484
1773144502.182745,PC1,0,26,0.4018,1.86516,-0.11736,0.0012208163971081376
1773144502.182745,PC1,0,27,0.55818,2.31042,0.09934,0.00016167649300768971
1773144502.182745,PC1,0,28,0.40365,2.30909,0.00643,3.1017843866720796e-05
1773144502.182745,PC1,0,29,0.55801,2.38347,0.10522,0.00013608543667942286
1773144502.182745,PC1,0,30,0.40007,2.38661,0.00876,4.046431422466412e-05
1773144502.182745,PC1,0,31,0.54401,2.4522,-0.20333,0.00047964658006094396
1773144502.182745,PC1,0,32,0.42834,2.43646,-0.3325,0.00018817372620105743
1773144502.182745,PC1,0,Angle_Elbow_L,92.2,,,
1773144502.182745,PC1,0,Angle_Elbow_R,101.81,,,
1773144502.182745,PC1,0,Angle_Shoulder_L,129.36,,,
1773144502.182745,PC1,0,Angle_Shoulder_R,119.38,,,
1773144502.182745,PC1,0,Length_UpperArm_L,0.4496,,,
1773144502.182745,PC1,0,Length_LowerArm_L,0.5683,,,
1773144502.182745,PC1,0,Length_UpperArm_R,0.6156,,,
1773144502.182745,PC1,0,Length_LowerArm_R,0.5918,,,
1773144502.182745,PC1,0,Width_Shoulder,0.4648,,,
1773144502.230954,PC1,0,0,0.58581,0.52588,-0.55769,0.9999942779541016
1773144502.230954,PC1,0,1,0.59371,0.47214,-0.51267,0.9999920725822449
1773144502.230954,PC1,0,2,0.60068,0.47146,-0.51263,0.9999932646751404
1773144502.230954,PC1,0,3,0.60712,0.47104,-0.51229,0.9999901056289673
1773144502.230954,PC1,0,4,0.56446,0.46866,-0.55261,0.9999909996986389
1773144502.230954,PC1,0,5,0.55076,0.46513,-0.55236,0.9999919533729553
1773144502.230954,PC1,0,6,0.53665,0.4616,-0.55252,0.9999880790710449
1773144502.230954,PC1,0,7,0.59842,0.4927,-0.22338,0.9999931454658508
1773144502.230954,PC1,0,8,0.49314,0.47935,-0.40479,0.9999955296516418
1773144502.230954,PC1,0,9,0.59084,0.58362,-0.44592,0.9999913573265076
1773144502.230954,PC1,0,10,0.55937,0.58188,-0.49927,0.9999935030937195
1773144502.230954,PC1,0,11,0.64033,0.75588,0.0199,0.9998850226402283
1773144502.230954,PC1,0,12,0.37339,0.74947,-0.35602,0.999561071395874
1773144502.230954,PC1,0,13,0.75736,1.13312,-0.19461,0.8514788746833801
1773144502.230954,PC1,0,14,0.35206,1.19499,-0.77514,0.9082331657409668
1773144502.230954,PC1,0,15,0.79154,0.84684,-0.67838,0.9981837868690491
1773144502.230954,PC1,0,16,0.45469,0.88832,-1.26387,0.9960424900054932
1773144502.230954,PC1,0,17,0.81153,0.75388,-0.75387,0.9972448945045471
1773144502.230954,PC1,0,18,0.46877,0.79926,-1.34774,0.9943529367446899
1773144502.230954,PC1,0,19,0.7889,0.70035,-0.71407,0.9975734353065491
1773144502.230954,PC1,0,20,0.46507,0.74343,-1.29874,0.9952578544616699
1773144502.230954,PC1,0,21,0.77765,0.72816,-0.68067,0.9968891739845276
1773144502.230954,PC1,0,22,0.46604,0.7697,-1.25726,0.9938042163848877
1773144502.230954,PC1,0,23,0.56772,1.3717,-0.01291,0.006826599594205618
1773144502.230954,PC1,0,24,0.394,1.38295,0.01593,0.00384638924151659
1773144502.230954,PC1,0,25,0.5607,1.86368,-0.13913,0.0027759820222854614
1773144502.230954,PC1,0,26,0.4018,1.86516,-0.11736,0.0011310023255646229
1773144502.230954,PC1,0,27,0.55818,2.31042,0.09934,0.00015147293743211776
1773144502.230954,PC1,0,28,0.40365,2.30909,0.00643,2.8243834094610065e-05
1773144502.230954,PC1,0,29,0.55801,2.38347,0.10522,0.0001276808325201273
1773144502.230954,PC1,0,30,0.40007,2.38661,0.00876,3.714744161698036e-05
1773144502.230954,PC1,0,31,0.54401,2.4522,-0.20333,0.0004526122647803277
1773144502.230954,PC1,0,32,0.42834,2.43646,-0.3325,0.0001731583324726671
1773144502.230954,PC1,0,Angle_Elbow_L,89.95,,,
1773144502.230954,PC1,0,Angle_Elbow_R,100.61,,,
1773144502.230954,PC1,0,Angle_Shoulder_L,132.37,,,
1773144502.230954,PC1,0,Angle_Shoulder_R,121.61,,,
1773144502.230954,PC1,0,Length_UpperArm_L,0.4495,,,
1773144502.230954,PC1,0,Length_LowerArm_L,0.5632,,,
1773144502.230954,PC1,0,Length_UpperArm_R,0.612,,,
1773144502.230954,PC1,0,Length_LowerArm_R,0.586,,,
1773144502.230954,PC1,0,Width_Shoulder,0.4611,,,
1773144502.2791512,PC1,0,0,0.58561,0.52591,-0.53338,0.9999944567680359
1773144502.2791512,PC1,0,1,0.59354,0.47221,-0.48956,0.9999923706054688
1773144502.2791512,PC1,0,2,0.60045,0.47152,-0.48953,0.9999935626983643
1773144502.2791512,PC1,0,3,0.60687,0.47111,-0.4892,0.9999905228614807
1773144502.2791512,PC1,0,4,0.56424,0.46877,-0.5281,0.999991238117218
1773144502.2791512,PC1,0,5,0.55047,0.46529,-0.52783,0.9999921321868896
1773144502.2791512,PC1,0,6,0.53635,0.46177,-0.52797,0.9999882578849792
1773144502.2791512,PC1,0,7,0.59767,0.49261,-0.20646,0.9999935030937195
1773144502.2791512,PC1,0,8,0.49283,0.47962,-0.38141,0.9999956488609314
1773144502.2791512,PC1,0,9,0.59056,0.58363,-0.42392,0.9999917149543762
1773144502.2791512,PC1,0,10,0.55896,0.58189,-0.47503,0.9999937415122986
1773144502.2791512,PC1,0,11,0.63885,0.75605,0.02897,0.9998912811279297
1773144502.2791512,PC1,0,12,0.3725,0.74756,-0.32967,0.9995554089546204
1773144502.2791512,PC1,0,13,0.75321,1.13775,-0.18345,0.852508008480072
1773144502.2791512,PC1,0,14,0.35073,1.19395,-0.74589,0.9035042524337769
1773144502.2791512,PC1,0,15,0.79174,0.84681,-0.66564,0.9982919096946716
1773144502.2791512,PC1,0,16,0.45116,0.88666,-1.23796,0.9959142804145813
1773144502.2791512,PC1,0,17,0.81243,0.75369,-0.74142,0.997410774230957
1773144502.2791512,PC1,0,18,0.464,0.79873,-1.31976,0.9942237734794617
1773144502.2791512,PC1,0,19,0.78957,0.70008,-0.70159,0.9977188110351562
1773144502.2791512,PC1,0,20,0.46066,0.74354,-1.27388,0.9951493144035339
1773144502.2791512,PC1,0,21,0.77819,0.72794,-0.66789,0.9970746040344238
1773144502.2791512,PC1,0,22,0.46206,0.76862,-1.23194,0.9937272071838379
1773144502.2791512,PC1,0,23,0.56772,1.3717,-0.01291,0.006550151854753494
1773144502.2791512,PC1,0,24,0.394,1.38295,0.01593,0.0036602169275283813
1773144502.2791512,PC1,0,25,0.5607,1.86368,-0.13913,0.0026000284124165773
1773144502.2791512,PC1,0,26,0.4018,1.86516,-0.11736,0.0010428044479340315
1773144502.2791512,PC1,0,27,0.55818,2.31042,0.09934,0.0001426398375770077
1773144502.2791512,PC1,0,28,0.40365,2.30909,0.00643,2.568324089224916e-05
1773144502.2791512,PC1,0,29,0.55801,2.38347,0.10522,0.00012028159835608676
1773144502.2791512,PC1,0,30,0.40007,2.38661,0.00876,3.399343404453248e-05
1773144502.2791512,PC1,0,31,0.54401,2.4522,-0.20333,0.00042293741717003286
1773144502.2791512,PC1,0,32,0.42834,2.43646,-0.3325,0.00015867312322370708
1773144502.2791512,PC1,0,Angle_Elbow_L,89.05,,,
1773144502.2791512,PC1,0,Angle_Elbow_R,100.49,,,
1773144502.2791512,PC1,0,Angle_Shoulder_L,134.44,,,
1773144502.2791512,PC1,0,Angle_Shoulder_R,123.4,,,
1773144502.2791512,PC1,0,Length_UpperArm_L,0.4515,,,
1773144502.2791512,PC1,0,Length_LowerArm_L,0.5645,,,
1773144502.2791512,PC1,0,Length_UpperArm_R,0.6107,,,
1773144502.2791512,PC1,0,Length_LowerArm_R,0.5888,,,
1773144502.2791512,PC1,0,Width_Shoulder,0.4468,,,
1773144502.327811,PC1,0,0,0.58545,0.52639,-0.5104,0.9999944567680359
1773144502.327811,PC1,0,1,0.5934,0.47258,-0.46755,0.9999923706054688
1773144502.327811,PC1,0,2,0.60027,0.47185,-0.46753,0.9999936819076538
1773144502.327811,PC1,0,3,0.60667,0.4714,-0.46721,0.9999905824661255
1773144502.327811,PC1,0,4,0.56407,0.4693,-0.50638,0.999991238117218
1773144502.327811,PC1,0,5,0.55024,0.46591,-0.50611,0.9999921321868896
1773144502.327811,PC1,0,6,0.53608,0.46254,-0.50626,0.9999881386756897
1773144502.327811,PC1,0,7,0.59705,0.49258,-0.19032,0.999993622303009
1773144502.327811,PC1,0,8,0.49262,0.48039,-0.36632,0.9999956488609314
1773144502.327811,PC1,0,9,0.59032,0.58432,-0.40314,0.999991774559021
1773144502.327811,PC1,0,10,0.55866,0.5826,-0.45434,0.9999938607215881
1773144502.327811,PC1,0,11,0.63718,0.756,0.03906,0.999893069267273
1773144502.327811,PC1,0,12,0.37183,0.74502,-0.31377,0.9995597004890442
1773144502.327811,PC1,0,13,0.74661,1.1418,-0.16864,0.8515334129333496
1773144502.327811,PC1,0,14,0.34926,1.19286,-0.72193,0.9018566012382507
1773144502.327811,PC1,0,15,0.79175,0.84777,-0.64638,0.9983506798744202
1773144502.327811,PC1,0,16,0.44742,0.88504,-1.20585,0.9958018064498901
1773144502.327811,PC1,0,17,0.81333,0.75474,-0.72169,0.9975165724754333
1773144502.327811,PC1,0,18,0.4588,0.79821,-1.28394,0.9941174387931824
1773144502.327811,PC1,0,19,0.79043,0.70138,-0.68353,0.9978037476539612
1773144502.327811,PC1,0,20,0.45603,0.7437,-1.2425,0.9950352311134338
1773144502.327811,PC1,0,21,0.77878,0.72916,-0.64906,0.9971874952316284
1773144502.327811,PC1,0,22,0.45745,0.7678,-1.20056,0.9936515688896179
1773144502.327811,PC1,0,23,0.56772,1.3717,-0.01291,0.0066501484252512455
1773144502.327811,PC1,0,24,0.394,1.38295,0.01593,0.0037016093265265226
1773144502.327811,PC1,0,25,0.5607,1.86368,-0.13913,0.00252889865078032
1773144502.327811,PC1,0,26,0.4018,1.86516,-0.11736,0.0010321367299184203
1773144502.327811,PC1,0,27,0.55818,2.31042,0.09934,0.00015537689614575356
1773144502.327811,PC1,0,28,0.40365,2.30909,0.00643,2.5096209355979227e-05
1773144502.327811,PC1,0,29,0.55801,2.38347,0.10522,0.00013107653649058193
1773144502.327811,PC1,0,30,0.40007,2.38661,0.00876,3.472838216111995e-05
1773144502.327811,PC1,0,31,0.54401,2.4522,-0.20333,0.00045590350055135787
1773144502.327811,PC1,0,32,0.42834,2.43646,-0.3325,0.00015797853120602667
1773144502.327811,PC1,0,Angle_Elbow_L,87.91,,,
1773144502.327811,PC1,0,Angle_Elbow_R,99.37,,,
1773144502.327811,PC1,0,Angle_Shoulder_L,136.48,,,
1773144502.327811,PC1,0,Angle_Shoulder_R,125.2,,,
1773144502.327811,PC1,0,Length_UpperArm_L,0.4516,,,
1773144502.327811,PC1,0,Length_LowerArm_L,0.5628,,,
1773144502.327811,PC1,0,Length_UpperArm_R,0.6064,,,
1773144502.327811,PC1,0,Length_LowerArm_R,0.5819,,,
1773144502.327811,PC1,0,Width_Shoulder,0.4416,,,
1773144502.423254,PC1,0,0,0.58526,0.52647,-0.50368,0.9999926686286926
1773144502.423254,PC1,0,1,0.59314,0.47254,-0.46068,0.9999902844429016
1773144502.423254,PC1,0,2,0.59993,0.47171,-0.46068,0.9999918937683105
1773144502.423254,PC1,0,3,0.60632,0.47121,-0.46045,0.999988317489624
1773144502.423254,PC1,0,4,0.56389,0.46944,-0.50267,0.9999886751174927
1773144502.423254,PC1,0,5,0.55003,0.46613,-0.50245,0.9999896883964539
1773144502.423254,PC1,0,6,0.53584,0.4629,-0.50263,0.999984860420227
1773144502.423254,PC1,0,7,0.59647,0.49226,-0.1803,0.9999920129776001
1773144502.423254,PC1,0,8,0.49248,0.481,-0.36644,0.9999945163726807
1773144502.423254,PC1,0,9,0.58989,0.58481,-0.39185,0.9999898672103882
1773144502.423254,PC1,0,10,0.55841,0.5831,-0.44797,0.9999924898147583
1773144502.423254,PC1,0,11,0.63562,0.75601,0.04787,0.999893307685852
1773144502.423254,PC1,0,12,0.37197,0.74234,-0.31614,0.999552845954895
1773144502.423254,PC1,0,13,0.74198,1.14487,-0.15753,0.855600118637085
1773144502.423254,PC1,0,14,0.34793,1.19273,-0.72286,0.9047137498855591
1773144502.423254,PC1,0,15,0.79207,0.84654,-0.63698,0.9984203577041626
1773144502.423254,PC1,0,16,0.44399,0.88378,-1.20194,0.9959043264389038
1773144502.423254,PC1,0,17,0.81422,0.75392,-0.71296,0.9976155161857605
1773144502.423254,PC1,0,18,0.45459,0.79781,-1.28159,0.9942233562469482
1773144502.423254,PC1,0,19,0.79167,0.70101,-0.67538,0.9978923201560974
1773144502.423254,PC1,0,20,0.45177,0.74398,-1.24456,0.9951208829879761
1773144502.423254,PC1,0,21,0.77981,0.72851,-0.64011,0.9972811937332153
1773144502.423254,PC1,0,22,0.45343,0.76723,-1.19779,0.9937168955802917
1773144502.423254,PC1,0,23,0.56772,1.3717,-0.01291,0.00648466544225812
1773144502.423254,PC1,0,24,0.394,1.38295,0.01593,0.003603522200137377
1773144502.423254,PC1,0,25,0.5607,1.86368,-0.13913,0.002431282075121999
1773144502.423254,PC1,0,26,0.4018,1.86516,-0.11736,0.0009980496251955628
1773144502.423254,PC1,0,27,0.55818,2.31042,0.09934,0.00015124781930353492
1773144502.423254,PC1,0,28,0.40365,2.30909,0.00643,2.3923214030219242e-05
1773144502.423254,PC1,0,29,0.55801,2.38347,0.10522,0.0001264455495402217
1773144502.423254,PC1,0,30,0.40007,2.38661,0.00876,3.370752892806195e-05
1773144502.423254,PC1,0,31,0.54401,2.4522,-0.20333,0.00045642952318303287
1773144502.423254,PC1,0,32,0.42834,2.43646,-0.3325,0.00015465110482182354
1773144502.423254,PC1,0,Angle_Elbow_L,87.27,,,
1773144502.423254,PC1,0,Angle_Elbow_R,98.75,,,
1773144502.423254,PC1,0,Angle_Shoulder_L,137.34,,,
1773144502.423254,PC1,0,Angle_Shoulder_R,125.77,,,
1773144502.423254,PC1,0,Length_UpperArm_L,0.4525,,,
1773144502.423254,PC1,0,Length_LowerArm_L,0.5669,,,
1773144502.423254,PC1,0,Length_UpperArm_R,0.6073,,,
1773144502.423254,PC1,0,Length_LowerArm_R,0.5781,,,
1773144502.423254,PC1,0,Width_Shoulder,0.4497,,,
1773144502.568773,PC1,0,0,0.58384,0.52878,-0.48354,0.999990701675415
1773144502.568773,PC1,0,1,0.59196,0.47428,-0.4429,0.9999878406524658
1773144502.568773,PC1,0,2,0.59869,0.47329,-0.44289,0.9999898076057434
1773144502.568773,PC1,0,3,0.60494,0.47259,-0.44268,0.9999857544898987
1773144502.568773,PC1,0,4,0.56266,0.47165,-0.48292,0.9999852180480957
1773144502.568773,PC1,0,5,0.54867,0.4688,-0.48266,0.9999862909317017
1773144502.568773,PC1,0,6,0.53421,0.46635,-0.48281,0.9999799132347107
1773144502.568773,PC1,0,7,0.59457,0.49241,-0.16579,0.9999904036521912
1773144502.568773,PC1,0,8,0.49183,0.4852,-0.35607,0.9999924898147583
1773144502.568773,PC1,0,9,0.58784,0.58799,-0.37497,0.9999877214431763
1773144502.568773,PC1,0,10,0.55742,0.58627,-0.42843,0.9999903440475464
1773144502.568773,PC1,0,11,0.63441,0.75762,0.06829,0.9999018311500549
1773144502.568773,PC1,0,12,0.37553,0.74005,-0.31692,0.9995443820953369
1773144502.568773,PC1,0,13,0.73929,1.15121,-0.14363,0.8726754188537598
1773144502.568773,PC1,0,14,0.35026,1.19382,-0.73196,0.9113703370094299
1773144502.568773,PC1,0,15,0.7932,0.85249,-0.63464,0.9987098574638367
1773144502.568773,PC1,0,16,0.43576,0.88931,-1.21869,0.9960238933563232
1773144502.568773,PC1,0,17,0.81775,0.75983,-0.71613,0.9980297684669495
1773144502.568773,PC1,0,18,0.44268,0.80835,-1.30251,0.9943690299987793
1773144502.568773,PC1,0,19,0.79533,0.70344,-0.67911,0.9982561469078064
1773144502.568773,PC1,0,20,0.43913,0.75543,-1.27579,0.9952306151390076
1773144502.568773,PC1,0,21,0.7831,0.73191,-0.63873,0.9977210164070129
1773144502.568773,PC1,0,22,0.44263,0.77465,-1.21804,0.9938662648200989
1773144502.568773,PC1,0,23,0.56772,1.3717,-0.01291,0.00678851967677474
1773144502.568773,PC1,0,24,0.394,1.38295,0.01593,0.0037738140672445297
1773144502.568773,PC1,0,25,0.5607,1.86368,-0.13913,0.0021473478991538286
1773144502.568773,PC1,0,26,0.4018,1.86516,-0.11736,0.0009319023229181767
1773144502.568773,PC1,0,27,0.55818,2.31042,0.09934,0.0001472305302741006
1773144502.568773,PC1,0,28,0.40365,2.30909,0.00643,2.107205000356771e-05
1773144502.568773,PC1,0,29,0.55801,2.38347,0.10522,0.0001267556071979925
1773144502.568773,PC1,0,30,0.40007,2.38661,0.00876,3.3826618164312094e-05
1773144502.568773,PC1,0,31,0.54401,2.4522,-0.20333,0.0004542228125501424
1773144502.568773,PC1,0,32,0.42834,2.43646,-0.3325,0.00014273151464294642
1773144502.568773,PC1,0,Angle_Elbow_L,88.3,,,
1773144502.568773,PC1,0,Angle_Elbow_R,99.94,,,
1773144502.568773,PC1,0,Angle_Shoulder_L,137.8,,,
1773144502.568773,PC1,0,Angle_Shoulder_R,126.28,,,
1773144502.568773,PC1,0,Length_UpperArm_L,0.4592,,,
1773144502.568773,PC1,0,Length_LowerArm_L,0.5773,,,
1773144502.568773,PC1,0,Length_UpperArm_R,0.6155,,,
1773144502.568773,PC1,0,Length_LowerArm_R,0.5805,,,
1773144502.568773,PC1,0,Width_Shoulder,0.4645,,,
1773144502.617748,PC1,0,0,0.58348,0.52924,-0.49742,0.9999895691871643
1773144502.617748,PC1,0,1,0.59158,0.47459,-0.45783,0.9999865293502808
1773144502.617748,PC1,0,2,0.59832,0.47358,-0.45782,0.999988853931427
1773144502.617748,PC1,0,3,0.6045,0.47284,-0.45761,0.9999842047691345
1773144502.617748,PC1,0,4,0.56238,0.47198,-0.49771,0.9999836087226868
1773144502.617748,PC1,0,5,0.54841,0.46917,-0.49742,0.9999848008155823
1773144502.617748,PC1,0,6,0.53392,0.46679,-0.49757,0.9999773502349854
1773144502.617748,PC1,0,7,0.5937,0.49246,-0.18115,0.9999895691871643
1773144502.617748,PC1,0,8,0.49166,0.48579,-0.3711,0.9999915957450867
1773144502.617748,PC1,0,9,0.5873,0.58833,-0.38886,0.9999860525131226
1773144502.617748,PC1,0,10,0.55718,0.58667,-0.44214,0.9999890327453613
1773144502.617748,PC1,0,11,0.63433,0.75854,0.05898,0.9998964667320251
1773144502.617748,PC1,0,12,0.376,0.74174,-0.32635,0.999498188495636
1773144502.617748,PC1,0,13,0.73761,1.15457,-0.13776,0.8545703887939453
1773144502.617748,PC1,0,14,0.34958,1.19367,-0.74373,0.9033564329147339
1773144502.617748,PC1,0,15,0.79352,0.85822,-0.62285,0.9986620545387268
1773144502.617748,PC1,0,16,0.43467,0.89244,-1.23575,0.9955211281776428
1773144502.617748,PC1,0,17,0.8192,0.76704,-0.70109,0.9979923963546753
1773144502.617748,PC1,0,18,0.44115,0.812,-1.31971,0.9937505125999451
1773144502.617748,PC1,0,19,0.79759,0.70869,-0.66621,0.9982291460037231
1773144502.617748,PC1,0,20,0.43754,0.75909,-1.29184,0.99473637342453
1773144502.617748,PC1,0,21,0.7847,0.73714,-0.62747,0.9976761937141418
1773144502.617748,PC1,0,22,0.44123,0.77766,-1.23479,0.9931877851486206
1773144502.617748,PC1,0,23,0.56772,1.3717,-0.01291,0.006423297803848982
1773144502.617748,PC1,0,24,0.394,1.38295,0.01593,0.0035690637305378914
1773144502.617748,PC1,0,25,0.5607,1.86368,-0.13913,0.002073069103062153
1773144502.617748,PC1,0,26,0.4018,1.86516,-0.11736,0.0008954087388701737
1773144502.617748,PC1,0,27,0.55818,2.31042,0.09934,0.0001441585918655619
1773144502.617748,PC1,0,28,0.40365,2.30909,0.00643,1.9851910110446624e-05
1773144502.617748,PC1,0,29,0.55801,2.38347,0.10522,0.00012447070912458003
1773144502.617748,PC1,0,30,0.40007,2.38661,0.00876,3.2304022170137614e-05
1773144502.617748,PC1,0,31,0.54401,2.4522,-0.20333,0.00044400396291166544
1773144502.617748,PC1,0,32,0.42834,2.43646,-0.3325,0.00013737173867411911
1773144502.617748,PC1,0,Angle_Elbow_L,86.43,,,
1773144502.617748,PC1,0,Angle_Elbow_R,100.75,,,
1773144502.617748,PC1,0,Angle_Shoulder_L,138.77,,,
1773144502.617748,PC1,0,Angle_Shoulder_R,125.16,,,
1773144502.617748,PC1,0,Length_UpperArm_L,0.4541,,,
1773144502.617748,PC1,0,Length_LowerArm_L,0.5712,,,
1773144502.617748,PC1,0,Length_UpperArm_R,0.6157,,,
1773144502.617748,PC1,0,Length_LowerArm_R,0.5831,,,
1773144502.617748,PC1,0,Width_Shoulder,0.4642,,,
1773144502.665559,PC1,0,0,0.58297,0.52925,-0.53811,0.9999890327453613
1773144502.665559,PC1,0,1,0.59112,0.47459,-0.49751,0.9999856948852539
1773144502.665559,PC1,0,2,0.59789,0.47358,-0.4975,0.9999880194664001
1773144502.665559,PC1,0,3,0.60404,0.47285,-0.49728,0.9999828338623047
1773144502.665559,PC1,0,4,0.56203,0.47184,-0.53808,0.9999828934669495
1773144502.665559,PC1,0,5,0.54812,0.46899,-0.53785,0.9999841451644897
1773144502.665559,PC1,0,6,0.53361,0.46659,-0.53802,0.9999765753746033
1773144502.665559,PC1,0,7,0.59305,0.49247,-0.21116,0.9999883770942688
1773144502.665559,PC1,0,8,0.49137,0.48589,-0.40265,0.9999911785125732
1773144502.665559,PC1,0,9,0.58662,0.58841,-0.42531,0.9999842047691345
1773144502.665559,PC1,0,10,0.55671,0.58659,-0.47928,0.9999881386756897
1773144502.665559,PC1,0,11,0.6343,0.75921,0.04592,0.9998800754547119
1773144502.665559,PC1,0,12,0.3764,0.74274,-0.34486,0.9994765520095825
1773144502.665559,PC1,0,13,0.73287,1.15753,-0.1336,0.8404089212417603
1773144502.665559,PC1,0,14,0.34902,1.19473,-0.7569,0.9011052846908569
1773144502.665559,PC1,0,15,0.79364,0.86516,-0.61592,0.998595654964447
1773144502.665559,PC1,0,16,0.43397,0.90126,-1.25922,0.9954096674919128
1773144502.665559,PC1,0,17,0.82121,0.77561,-0.69221,0.9979363083839417
1773144502.665559,PC1,0,18,0.44202,0.81938,-1.34361,0.9936054348945618
1773144502.665559,PC1,0,19,0.80269,0.71611,-0.65965,0.9981856942176819
1773144502.665559,PC1,0,20,0.4379,0.76542,-1.31697,0.9946278929710388
1773144502.665559,PC1,0,21,0.78829,0.74373,-0.62146,0.9976064562797546
1773144502.665559,PC1,0,22,0.4415,0.78532,-1.25851,0.9930002093315125
1773144502.665559,PC1,0,23,0.56772,1.3717,-0.01291,0.006068287417292595
1773144502.665559,PC1,0,24,0.394,1.38295,0.01593,0.0033905424643307924
1773144502.665559,PC1,0,25,0.5607,1.86368,-0.13913,0.001969665987417102
1773144502.665559,PC1,0,26,0.4018,1.86516,-0.11736,0.0008549974882043898
1773144502.665559,PC1,0,27,0.55818,2.31042,0.09934,0.0001390456745866686
1773144502.665559,PC1,0,28,0.40365,2.30909,0.00643,1.9171207895851694e-05
1773144502.665559,PC1,0,29,0.55801,2.38347,0.10522,0.00011852622264996171
1773144502.665559,PC1,0,30,0.40007,2.38661,0.00876,3.1738276447867975e-05
1773144502.665559,PC1,0,31,0.54401,2.4522,-0.20333,0.00043697640649043024
1773144502.665559,PC1,0,32,0.42834,2.43646,-0.3325,0.00013819702144246548
1773144502.665559,PC1,0,Angle_Elbow_L,84.61,,,
1773144502.665559,PC1,0,Angle_Elbow_R,101.54,,,
1773144502.665559,PC1,0,Angle_Shoulder_L,139.62,,,
1773144502.665559,PC1,0,Angle_Shoulder_R,124.15,,,
1773144502.665559,PC1,0,Length_UpperArm_L,0.4479,,,
1773144502.665559,PC1,0,Length_LowerArm_L,0.5673,,,
1773144502.665559,PC1,0,Length_UpperArm_R,0.6122,,,
1773144502.665559,PC1,0,Length_LowerArm_R,0.5879,,,
1773144502.665559,PC1,0,Width_Shoulder,0.4685,,,
1773144502.816352,PC1,0,0,0.58146,0.52951,-0.53742,0.9999893307685852
1773144502.816352,PC1,0,1,0.58948,0.47485,-0.49718,0.9999859929084778
1773144502.816352,PC1,0,2,0.5964,0.47377,-0.49714,0.9999882578849792
1773144502.816352,PC1,0,3,0.60255,0.47297,-0.49684,0.9999827742576599
1773144502.816352,PC1,0,4,0.56078,0.47194,-0.53078,0.9999838471412659
1773144502.816352,PC1,0,5,0.54715,0.46902,-0.5305,0.9999852180480957
1773144502.816352,PC1,0,6,0.53277,0.46664,-0.53064,0.999978244304657
1773144502.816352,PC1,0,7,0.59181,0.49245,-0.22433,0.9999880194664001
1773144502.816352,PC1,0,8,0.49084,0.48626,-0.38208,0.999991774559021
1773144502.816352,PC1,0,9,0.58511,0.58895,-0.43098,0.9999828338623047
1773144502.816352,PC1,0,10,0.55551,0.58668,-0.47437,0.9999882578849792
1773144502.816352,PC1,0,11,0.63524,0.76059,0.03964,0.9998270869255066
1773144502.816352,PC1,0,12,0.37362,0.74595,-0.31559,0.9994706511497498
1773144502.816352,PC1,0,13,0.71682,1.15565,-0.09585,0.7687458992004395
1773144502.816352,PC1,0,14,0.34177,1.19301,-0.70653,0.8929445743560791
1773144502.816352,PC1,0,15,0.79317,0.87733,-0.53262,0.9969422221183777
1773144502.816352,PC1,0,16,0.43338,0.91763,-1.19877,0.994120717048645
1773144502.816352,PC1,0,17,0.82894,0.78846,-0.59791,0.9964246153831482
1773144502.816352,PC1,0,18,0.45066,0.83343,-1.27381,0.9919641613960266
1773144502.816352,PC1,0,19,0.81808,0.72973,-0.5708,0.996913731098175
1773144502.816352,PC1,0,20,0.44427,0.77693,-1.24162,0.9933348298072815
1773144502.816352,PC1,0,21,0.80137,0.75492,-0.53954,0.9961341619491577
1773144502.816352,PC1,0,22,0.44487,0.79693,-1.19481,0.9914544820785522
1773144502.816352,PC1,0,23,0.56772,1.3717,-0.01291,0.00556892529129982
1773144502.816352,PC1,0,24,0.394,1.38295,0.01593,0.0031640424858778715
1773144502.816352,PC1,0,25,0.5607,1.86368,-0.13913,0.0018942346796393394
1773144502.816352,PC1,0,26,0.4018,1.86516,-0.11736,0.0007972711464390159
1773144502.816352,PC1,0,27,0.55818,2.31042,0.09934,0.00015420357522089034
1773144502.816352,PC1,0,28,0.40365,2.30909,0.00643,1.774445263436064e-05
1773144502.816352,PC1,0,29,0.55801,2.38347,0.10522,0.00013161831884644926
1773144502.816352,PC1,0,30,0.40007,2.38661,0.00876,3.02623648167355e-05
1773144502.816352,PC1,0,31,0.54401,2.4522,-0.20333,0.00045714195584878325
1773144502.816352,PC1,0,32,0.42834,2.43646,-0.3325,0.00013356644194573164
1773144502.816352,PC1,0,Angle_Elbow_L,78.47,,,
1773144502.816352,PC1,0,Angle_Elbow_R,101.27,,,
1773144502.816352,PC1,0,Angle_Shoulder_L,145.99,,,
1773144502.816352,PC1,0,Angle_Shoulder_R,126.28,,,
1773144502.816352,PC1,0,Length_UpperArm_L,0.4255,,,
1773144502.816352,PC1,0,Length_LowerArm_L,0.5235,,,
1773144502.816352,PC1,0,Length_UpperArm_R,0.5947,,,
1773144502.816352,PC1,0,Length_LowerArm_R,0.5714,,,
1773144502.816352,PC1,0,Width_Shoulder,0.4414,,,
1773144502.9134378,PC1,0,0,0.58101,0.52859,-0.52202,0.9999899864196777
1773144502.9134378,PC1,0,1,0.58908,0.4737,-0.48277,0.9999868273735046
1773144502.9134378,PC1,0,2,0.59605,0.47267,-0.48273,0.9999889731407166
1773144502.9134378,PC1,0,3,0.60223,0.47192,-0.48242,0.9999837875366211
1773144502.9134378,PC1,0,4,0.56036,0.47074,-0.51521,0.999984860420227
1773144502.9134378,PC1,0,5,0.54682,0.46778,-0.51491,0.9999861121177673
1773144502.9134378,PC1,0,6,0.53252,0.46521,-0.51505,0.9999796152114868
1773144502.9134378,PC1,0,7,0.59159,0.49184,-0.21536,0.9999886751174927
1773144502.9134378,PC1,0,8,0.49052,0.48389,-0.36641,0.999992311000824
1773144502.9134378,PC1,0,9,0.58475,0.58741,-0.41738,0.9999837279319763
1773144502.9134378,PC1,0,10,0.55456,0.58495,-0.4593,0.9999890327453613
1773144502.9134378,PC1,0,11,0.63621,0.75981,0.04287,0.9998276829719543
1773144502.9134378,PC1,0,12,0.3719,0.74463,-0.29933,0.9994811415672302
1773144502.9134378,PC1,0,13,0.71716,1.15464,-0.09104,0.7448830008506775
1773144502.9134378,PC1,0,14,0.33778,1.19303,-0.68757,0.8885927796363831
1773144502.9134378,PC1,0,15,0.79545,0.88007,-0.52596,0.996613085269928
1773144502.9134378,PC1,0,16,0.43753,0.92109,-1.17658,0.9931345582008362
1773144502.9134378,PC1,0,17,0.83497,0.79084,-0.59111,0.9960474967956543
1773144502.9134378,PC1,0,18,0.46108,0.83764,-1.25049,0.9906182885169983
1773144502.9134378,PC1,0,19,0.82572,0.73221,-0.56489,0.996573805809021
1773144502.9134378,PC1,0,20,0.45336,0.77933,-1.21595,0.9921979308128357
1773144502.9134378,PC1,0,21,0.80746,0.75717,-0.53329,0.9957832098007202
1773144502.9134378,PC1,0,22,0.45281,0.79906,-1.17153,0.9901893734931946
1773144502.9134378,PC1,0,23,0.56772,1.3717,-0.01291,0.005549618974328041
1773144502.9134378,PC1,0,24,0.394,1.38295,0.01593,0.0031623521354049444
1773144502.9134378,PC1,0,25,0.5607,1.86368,-0.13913,0.001845438382588327
1773144502.9134378,PC1,0,26,0.4018,1.86516,-0.11736,0.0007562823011539876
1773144502.9134378,PC1,0,27,0.55818,2.31042,0.09934,0.00014458475925493985
1773144502.9134378,PC1,0,28,0.40365,2.30909,0.00643,1.626877929084003e-05
1773144502.9134378,PC1,0,29,0.55801,2.38347,0.10522,0.00012338730448391289
1773144502.9134378,PC1,0,30,0.40007,2.38661,0.00876,2.7877995307790115e-05
1773144502.9134378,PC1,0,31,0.54401,2.4522,-0.20333,0.00042533918167464435
1773144502.9134378,PC1,0,32,0.42834,2.43646,-0.3325,0.00012346544826868922
1773144502.9134378,PC1,0,Angle_Elbow_L,78.56,,,
1773144502.9134378,PC1,0,Angle_Elbow_R,101.01,,,
1773144502.9134378,PC1,0,Angle_Shoulder_L,147.0,,,
1773144502.9134378,PC1,0,Angle_Shoulder_R,127.44,,,
1773144502.9134378,PC1,0,Length_UpperArm_L,0.4247,,,
1773144502.9134378,PC1,0,Length_LowerArm_L,0.5203,,,
1773144502.9134378,PC1,0,Length_UpperArm_R,0.5941,,,
1773144502.9134378,PC1,0,Length_LowerArm_R,0.5684,,,
1773144502.9134378,PC1,0,Width_Shoulder,0.4327,,,
1773144502.961615,PC1,0,0,0.58035,0.52603,-0.53515,0.9999909996986389
1773144502.961615,PC1,0,1,0.58857,0.47061,-0.49553,0.9999879598617554
1773144502.961615,PC1,0,2,0.59565,0.46969,-0.4955,0.9999899864196777
1773144502.961615,PC1,0,3,0.60204,0.46913,-0.49516,0.9999850392341614
1773144502.961615,PC1,0,4,0.55964,0.46753,-0.52685,0.9999862909317017
1773144502.961615,PC1,0,5,0.54618,0.46451,-0.52655,0.9999874234199524
1773144502.961615,PC1,0,6,0.53191,0.46181,-0.52667,0.9999815225601196
1773144502.961615,PC1,0,7,0.59265,0.49044,-0.22613,0.9999895691871643
1773144502.961615,PC1,0,8,0.48965,0.47987,-0.36904,0.999993085861206
1773144502.961615,PC1,0,9,0.58449,0.58464,-0.42992,0.9999850988388062
1773144502.961615,PC1,0,10,0.55323,0.58212,-0.47013,0.9999900460243225
1773144502.961615,PC1,0,11,0.64275,0.75997,0.02479,0.9998295903205872
1773144502.961615,PC1,0,12,0.37032,0.74412,-0.29107,0.9994823932647705
1773144502.961615,PC1,0,13,0.72934,1.15167,-0.12594,0.7365486025810242
1773144502.961615,PC1,0,14,0.3365,1.20214,-0.66555,0.892270028591156
1773144502.961615,PC1,0,15,0.80192,0.8827,-0.57528,0.9964147806167603
1773144502.961615,PC1,0,16,0.44617,0.9246,-1.15543,0.9931411147117615
1773144502.961615,PC1,0,17,0.84562,0.79072,-0.64196,0.9956580400466919
1773144502.961615,PC1,0,18,0.47678,0.83615,-1.2296,0.9903546571731567
1773144502.961615,PC1,0,19,0.83827,0.73345,-0.61465,0.9962503910064697
1773144502.961615,PC1,0,20,0.46716,0.77379,-1.19447,0.9919874668121338
1773144502.961615,PC1,0,21,0.81791,0.75995,-0.58245,0.9954837560653687
1773144502.961615,PC1,0,22,0.46576,0.79728,-1.15064,0.9899430871009827
1773144502.961615,PC1,0,23,0.56772,1.3717,-0.01291,0.005268189124763012
1773144502.961615,PC1,0,24,0.394,1.38295,0.01593,0.0030124993063509464
1773144502.961615,PC1,0,25,0.5607,1.86368,-0.13913,0.0017085893778130412
1773144502.961615,PC1,0,26,0.4018,1.86516,-0.11736,0.0006774981156922877
1773144502.961615,PC1,0,27,0.55818,2.31042,0.09934,0.00012822836288250983
1773144502.961615,PC1,0,28,0.40365,2.30909,0.00643,1.3863827007298823e-05
1773144502.961615,PC1,0,29,0.55801,2.38347,0.10522,0.00010891697456827387
1773144502.961615,PC1,0,30,0.40007,2.38661,0.00876,2.407996726105921e-05
1773144502.961615,PC1,0,31,0.54401,2.4522,-0.20333,0.00037057261215522885
1773144502.961615,PC1,0,32,0.42834,2.43646,-0.3325,0.00010764250328065827
1773144502.961615,PC1,0,Angle_Elbow_L,82.05,,,
1773144502.961615,PC1,0,Angle_Elbow_R,98.91,,,
1773144502.961615,PC1,0,Angle_Shoulder_L,144.17,,,
1773144502.961615,PC1,0,Angle_Shoulder_R,128.63,,,
1773144502.961615,PC1,0,Length_UpperArm_L,0.4285,,,
1773144502.961615,PC1,0,Length_LowerArm_L,0.5287,,,
1773144502.961615,PC1,0,Length_UpperArm_R,0.5926,,,
1773144502.961615,PC1,0,Length_LowerArm_R,0.5736,,,
1773144502.961615,PC1,0,Width_Shoulder,0.4174,,,
1773144503.009289,PC1,0,0,0.58004,0.52481,-0.52324,0.9999915361404419
1773144503.009289,PC1,0,1,0.58829,0.46928,-0.48329,0.9999886155128479
1773144503.009289,PC1,0,2,0.59544,0.46836,-0.48327,0.9999905824661255
1773144503.009289,PC1,0,3,0.60194,0.46777,-0.48292,0.9999858736991882
1773144503.009289,PC1,0,4,0.55924,0.46603,-0.51441,0.9999871253967285
1773144503.009289,PC1,0,5,0.54583,0.4629,-0.5141,0.9999881982803345
1773144503.009289,PC1,0,6,0.53159,0.46005,-0.51423,0.9999826550483704
1773144503.009289,PC1,0,7,0.59281,0.48897,-0.21424,0.9999901056289673
1773144503.009289,PC1,0,8,0.48915,0.47779,-0.35553,0.9999935626983643
1773144503.009289,PC1,0,9,0.58433,0.58282,-0.4185,0.999985933303833
1773144503.009289,PC1,0,10,0.55262,0.58054,-0.45837,0.999990701675415
1773144503.009289,PC1,0,11,0.64472,0.75948,0.0339,0.9998362064361572
1773144503.009289,PC1,0,12,0.36947,0.74403,-0.28058,0.9995063543319702
1773144503.009289,PC1,0,13,0.73346,1.15139,-0.11568,0.7393972277641296
1773144503.009289,PC1,0,14,0.33736,1.2064,-0.65802,0.8948192596435547
1773144503.009289,PC1,0,15,0.80453,0.88324,-0.56617,0.9964815974235535
1773144503.009289,PC1,0,16,0.44935,0.92738,-1.15079,0.9931003451347351
1773144503.009289,PC1,0,17,0.84926,0.7899,-0.63307,0.9956945776939392
1773144503.009289,PC1,0,18,0.48186,0.84211,-1.22473,0.9902003407478333
1773144503.009289,PC1,0,19,0.84207,0.7334,-0.60712,0.9962724447250366
1773144503.009289,PC1,0,20,0.4717,0.77679,-1.188,0.9918249845504761
1773144503.009289,PC1,0,21,0.82141,0.76079,-0.57382,0.9955139756202698
1773144503.009289,PC1,0,22,0.47006,0.80118,-1.14535,0.9898070096969604
1773144503.009289,PC1,0,23,0.56772,1.3717,-0.01291,0.005910561885684729
1773144503.009289,PC1,0,24,0.394,1.38295,0.01593,0.0034080164041370153
1773144503.009289,PC1,0,25,0.5607,1.86368,-0.13913,0.0017209708457812667
1773144503.009289,PC1,0,26,0.4018,1.86516,-0.11736,0.0006566863739863038
1773144503.009289,PC1,0,27,0.55818,2.31042,0.09934,0.00012847348989453167
1773144503.009289,PC1,0,28,0.40365,2.30909,0.00643,1.3176912034396082e-05
1773144503.009289,PC1,0,29,0.55801,2.38347,0.10522,0.0001081220616470091
1773144503.009289,PC1,0,30,0.40007,2.38661,0.00876,2.332922667847015e-05
1773144503.009289,PC1,0,31,0.54401,2.4522,-0.20333,0.00035619857953861356
1773144503.009289,PC1,0,32,0.42834,2.43646,-0.3325,0.00010300473513780162
1773144503.009289,PC1,0,Angle_Elbow_L,82.04,,,
1773144503.009289,PC1,0,Angle_Elbow_R,98.9,,,
1773144503.009289,PC1,0,Angle_Shoulder_L,144.97,,,
1773144503.009289,PC1,0,Angle_Shoulder_R,129.54,,,
1773144503.009289,PC1,0,Length_UpperArm_L,0.4288,,,
1773144503.009289,PC1,0,Length_LowerArm_L,0.5291,,,
1773144503.009289,PC1,0,Length_UpperArm_R,0.5977,,,
1773144503.009289,PC1,0,Length_LowerArm_R,0.5772,,,
1773144503.009289,PC1,0,Width_Shoulder,0.4182,,,
1773144503.105289,PC1,0,0,0.5798,0.52415,-0.51564,0.9999921321868896
1773144503.105289,PC1,0,1,0.5881,0.46852,-0.4758,0.9999893307685852
1773144503.105289,PC1,0,2,0.59531,0.46754,-0.47578,0.999991238117218
1773144503.105289,PC1,0,3,0.60188,0.46689,-0.47544,0.9999867677688599
1773144503.105289,PC1,0,4,0.55896,0.46522,-0.50686,0.9999880194664001
1773144503.105289,PC1,0,5,0.5456,0.46198,-0.50655,0.9999890327453613
1773144503.105289,PC1,0,6,0.5314,0.45905,-0.50668,0.9999838471412659
1773144503.105289,PC1,0,7,0.59306,0.48787,-0.20806,0.999990701675415
1773144503.105289,PC1,0,8,0.48888,0.47669,-0.34711,0.9999940395355225
1773144503.105289,PC1,0,9,0.58422,0.58191,-0.41133,0.9999868273735046
1773144503.105289,PC1,0,10,0.55223,0.57983,-0.45111,0.9999913573265076
1773144503.105289,PC1,0,11,0.64637,0.75887,0.04041,0.9998397827148438
1773144503.105289,PC1,0,12,0.36856,0.74396,-0.27348,0.9995297193527222
1773144503.105289,PC1,0,13,0.73629,1.15206,-0.10599,0.7218796014785767
1773144503.105289,PC1,0,14,0.33786,1.21093,-0.64161,0.8915206789970398
1773144503.105289,PC1,0,15,0.80642,0.88362,-0.55158,0.9962875843048096
1773144503.105289,PC1,0,16,0.45183,0.93001,-1.12533,0.9930145144462585
1773144503.105289,PC1,0,17,0.8519,0.78917,-0.61687,0.9955522418022156
1773144503.105289,PC1,0,18,0.48588,0.84777,-1.19654,0.9902034997940063
1773144503.105289,PC1,0,19,0.84465,0.73332,-0.59048,0.9961548447608948
1773144503.105289,PC1,0,20,0.47503,0.77985,-1.15759,0.9918347597122192
1773144503.105289,PC1,0,21,0.82384,0.76151,-0.559,0.9954051971435547
1773144503.105289,PC1,0,22,0.47317,0.805,-1.11853,0.9898189902305603
1773144503.105289,PC1,0,23,0.56772,1.3717,-0.01291,0.005547817330807447
1773144503.105289,PC1,0,24,0.394,1.38295,0.01593,0.0032046600244939327
1773144503.105289,PC1,0,25,0.5607,1.86368,-0.13913,0.0016239238902926445
1773144503.105289,PC1,0,26,0.4018,1.86516,-0.11736,0.0006058624130673707
1773144503.105289,PC1,0,27,0.55818,2.31042,0.09934,0.00011964110308326781
1773144503.105289,PC1,0,28,0.40365,2.30909,0.00643,1.1987027392024174e-05
1773144503.105289,PC1,0,29,0.55801,2.38347,0.10522,0.00010029447003034875
1773144503.105289,PC1,0,30,0.40007,2.38661,0.00876,2.126149774994701e-05
1773144503.105289,PC1,0,31,0.54401,2.4522,-0.20333,0.0003328853927087039
1773144503.105289,PC1,0,32,0.42834,2.43646,-0.3325,9.470769145991653e-05
1773144503.105289,PC1,0,Angle_Elbow_L,81.32,,,
1773144503.105289,PC1,0,Angle_Elbow_R,97.33,,,
1773144503.105289,PC1,0,Angle_Shoulder_L,145.87,,,
1773144503.105289,PC1,0,Angle_Shoulder_R,131.12,,,
1773144503.105289,PC1,0,Length_UpperArm_L,0.4291,,,
1773144503.105289,PC1,0,Length_LowerArm_L,0.5249,,,
1773144503.105289,PC1,0,Length_UpperArm_R,0.5954,,,
1773144503.105289,PC1,0,Length_LowerArm_R,0.5709,,,
1773144503.105289,PC1,0,Width_Shoulder,0.4194,,,
1773144503.154143,PC1,0,0,0.57962,0.52348,-0.53121,0.9999926090240479
1773144503.154143,PC1,0,1,0.58801,0.4676,-0.4898,0.999989926815033
1773144503.154143,PC1,0,2,0.59532,0.46648,-0.48976,0.9999917149543762
1773144503.154143,PC1,0,3,0.60203,0.46573,-0.48939,0.9999874234199524
1773144503.154143,PC1,0,4,0.55874,0.46452,-0.52098,0.9999887943267822
1773144503.154143,PC1,0,5,0.54539,0.46124,-0.52068,0.9999897480010986
1773144503.154143,PC1,0,6,0.53124,0.45828,-0.5208,0.9999849200248718
1773144503.154143,PC1,0,7,0.59377,0.48688,-0.21765,0.9999911189079285
1773144503.154143,PC1,0,8,0.48867,0.47619,-0.35691,0.9999944567680359
1773144503.154143,PC1,0,9,0.58442,0.58122,-0.42566,0.9999874234199524
1773144503.154143,PC1,0,10,0.55201,0.57939,-0.46561,0.9999918937683105
1773144503.154143,PC1,0,11,0.64793,0.75957,0.03608,0.9998186826705933
1773144503.154143,PC1,0,12,0.36785,0.74521,-0.28348,0.9995278120040894
1773144503.154143,PC1,0,13,0.74087,1.15388,-0.11095,0.6966623663902283
1773144503.154143,PC1,0,14,0.33677,1.21498,-0.65356,0.8898987174034119
1773144503.154143,PC1,0,15,0.80784,0.88418,-0.55684,0.99599689245224
1773144503.154143,PC1,0,16,0.45383,0.93192,-1.14104,0.9930815696716309
1773144503.154143,PC1,0,17,0.85367,0.78791,-0.62073,0.9952982068061829
1773144503.154143,PC1,0,18,0.48929,0.85184,-1.21247,0.9903388619422913
1773144503.154143,PC1,0,19,0.84645,0.73249,-0.59131,0.9959440231323242
1773144503.154143,PC1,0,20,0.47816,0.78203,-1.16963,0.9919751882553101
1773144503.154143,PC1,0,21,0.82564,0.76178,-0.56322,0.995164692401886
1773144503.154143,PC1,0,22,0.47592,0.8079,-1.13246,0.989952027797699
1773144503.154143,PC1,0,23,0.56772,1.3717,-0.01291,0.005135569255799055
1773144503.154143,PC1,0,24,0.394,1.38295,0.01593,0.002980732824653387
1773144503.154143,PC1,0,25,0.5607,1.86368,-0.13913,0.0015099465381354094
1773144503.154143,PC1,0,26,0.4018,1.86516,-0.11736,0.0005579579155892134
1773144503.154143,PC1,0,27,0.55818,2.31042,0.09934,0.00011062871635658666
1773144503.154143,PC1,0,28,0.40365,2.30909,0.00643,1.089978377422085e-05
1773144503.154143,PC1,0,29,0.55801,2.38347,0.10522,9.229116403730586e-05
1773144503.154143,PC1,0,30,0.40007,2.38661,0.00876,1.9409832020755857e-05
1773144503.154143,PC1,0,31,0.54401,2.4522,-0.20333,0.0003077918372582644
1773144503.154143,PC1,0,32,0.42834,2.43646,-0.3325,8.723919017938897e-05
1773144503.154143,PC1,0,Angle_Elbow_L,81.22,,,
1773144503.154143,PC1,0,Angle_Elbow_R,97.3,,,
1773144503.154143,PC1,0,Angle_Shoulder_L,145.1,,,
1773144503.154143,PC1,0,Angle_Shoulder_R,130.5,,,
1773144503.154143,PC1,0,Length_UpperArm_L,0.431,,,
1773144503.154143,PC1,0,Length_LowerArm_L,0.5254,,,
1773144503.154143,PC1,0,Length_UpperArm_R,0.5988,,,
1773144503.154143,PC1,0,Length_LowerArm_R,0.5757,,,
1773144503.154143,PC1,0,Width_Shoulder,0.4252,,,
1773144503.257117,PC1,0,0,0.57911,0.52295,-0.56666,0.9999913573265076
1773144503.257117,PC1,0,1,0.58773,0.46716,-0.52258,0.9999873638153076
1773144503.257117,PC1,0,2,0.59518,0.46619,-0.52255,0.9999892115592957
1773144503.257117,PC1,0,3,0.602,0.46562,-0.52221,0.9999828934669495
1773144503.257117,PC1,0,4,0.55831,0.46379,-0.55402,0.9999868869781494
1773144503.257117,PC1,0,5,0.54501,0.46035,-0.55375,0.9999883770942688
1773144503.257117,PC1,0,6,0.53094,0.45727,-0.5539,0.9999833703041077
1773144503.257117,PC1,0,7,0.5947,0.48647,-0.23474,0.9999872446060181
1773144503.257117,PC1,0,8,0.48837,0.47543,-0.37501,0.9999939799308777
1773144503.257117,PC1,0,9,0.58438,0.58019,-0.45563,0.999983012676239
1773144503.257117,PC1,0,10,0.55158,0.5786,-0.49565,0.9999902248382568
1773144503.257117,PC1,0,11,0.64986,0.76041,0.02898,0.999752938747406
1773144503.257117,PC1,0,12,0.36808,0.74392,-0.3035,0.9995291233062744
1773144503.257117,PC1,0,13,0.74006,1.1301,-0.12906,0.685657262802124
1773144503.257117,PC1,0,14,0.33698,1.21905,-0.68245,0.8982070684432983
1773144503.257117,PC1,0,15,0.80783,0.885,-0.58883,0.9957713484764099
1773144503.257117,PC1,0,16,0.45757,0.93411,-1.18592,0.993796169757843
1773144503.257117,PC1,0,17,0.8535,0.79048,-0.65295,0.9950663447380066
1773144503.257117,PC1,0,18,0.49498,0.85701,-1.26683,0.991298496723175
1773144503.257117,PC1,0,19,0.84713,0.73186,-0.62403,0.9957396984100342
1773144503.257117,PC1,0,20,0.48277,0.78473,-1.22243,0.992764413356781
1773144503.257117,PC1,0,21,0.82625,0.7626,-0.59583,0.994920551776886
1773144503.257117,PC1,0,22,0.47981,0.81012,-1.17674,0.9909160137176514
1773144503.257117,PC1,0,23,0.56772,1.3717,-0.01291,0.004524142947047949
1773144503.257117,PC1,0,24,0.394,1.38295,0.01593,0.0027036741375923157
1773144503.257117,PC1,0,25,0.5607,1.86368,-0.13913,0.0013258648104965687
1773144503.257117,PC1,0,26,0.4018,1.86516,-0.11736,0.0004910561256110668
1773144503.257117,PC1,0,27,0.55818,2.31042,0.09934,9.919256990542635e-05
1773144503.257117,PC1,0,28,0.40365,2.30909,0.00643,9.408236110175494e-06
1773144503.257117,PC1,0,29,0.55801,2.38347,0.10522,8.189398795366287e-05
1773144503.257117,PC1,0,30,0.40007,2.38661,0.00876,1.7202899471158162e-05
1773144503.257117,PC1,0,31,0.54401,2.4522,-0.20333,0.0002690443070605397
1773144503.257117,PC1,0,32,0.42834,2.43646,-0.3325,7.757372077321634e-05
1773144503.257117,PC1,0,Angle_Elbow_L,86.87,,,
1773144503.257117,PC1,0,Angle_Elbow_R,98.26,,,
1773144503.257117,PC1,0,Angle_Shoulder_L,141.48,,,
1773144503.257117,PC1,0,Angle_Shoulder_R,128.97,,,
1773144503.257117,PC1,0,Length_UpperArm_L,0.412,,,
1773144503.257117,PC1,0,Length_LowerArm_L,0.5254,,,
1773144503.257117,PC1,0,Length_UpperArm_R,0.6085,,,
1773144503.257117,PC1,0,Length_LowerArm_R,0.5909,,,
1773144503.257117,PC1,0,Width_Shoulder,0.4361,,,
1773144503.305886,PC1,0,0,0.57881,0.52299,-0.60186,0.9999910593032837
1773144503.305886,PC1,0,1,0.58757,0.46728,-0.5576,0.9999868869781494
1773144503.305886,PC1,0,2,0.59508,0.46634,-0.55757,0.9999886751174927
1773144503.305886,PC1,0,3,0.60191,0.4658,-0.55723,0.9999817609786987
1773144503.305886,PC1,0,4,0.55811,0.46369,-0.5893,0.9999866485595703
1773144503.305886,PC1,0,5,0.54483,0.46013,-0.58906,0.9999882578849792
1773144503.305886,PC1,0,6,0.53079,0.45697,-0.58922,0.9999833106994629
1773144503.305886,PC1,0,7,0.59499,0.48637,-0.26304,0.9999862909317017
1773144503.305886,PC1,0,8,0.48825,0.47516,-0.40439,0.9999940395355225
1773144503.305886,PC1,0,9,0.58414,0.58016,-0.48781,0.9999821186065674
1773144503.305886,PC1,0,10,0.55135,0.57869,-0.52815,0.9999901056289673
1773144503.305886,PC1,0,11,0.65044,0.76025,0.01197,0.9997261762619019
1773144503.305886,PC1,0,12,0.36835,0.74251,-0.32509,0.9995366334915161
1773144503.305886,PC1,0,13,0.74061,1.13086,-0.14667,0.6790636777877808
1773144503.305886,PC1,0,14,0.33723,1.22036,-0.70211,0.9036164283752441
1773144503.305886,PC1,0,15,0.80697,0.88555,-0.61408,0.9956216216087341
1773144503.305886,PC1,0,16,0.4588,0.93419,-1.20657,0.9941835403442383
1773144503.305886,PC1,0,17,0.85195,0.79247,-0.67883,0.9947941303253174
1773144503.305886,PC1,0,18,0.49696,0.85736,-1.28777,0.9917501211166382
1773144503.305886,PC1,0,19,0.84651,0.73183,-0.64965,0.9954915642738342
1773144503.305886,PC1,0,20,0.48438,0.78551,-1.24306,0.9931346774101257
1773144503.305886,PC1,0,21,0.82553,0.76301,-0.62107,0.9946265816688538
1773144503.305886,PC1,0,22,0.48107,0.81048,-1.19676,0.9913344383239746
1773144503.305886,PC1,0,23,0.56772,1.3717,-0.01291,0.0042589642107486725
1773144503.305886,PC1,0,24,0.394,1.38295,0.01593,0.0025918392930179834
1773144503.305886,PC1,0,25,0.5607,1.86368,-0.13913,0.001252685789950192
1773144503.305886,PC1,0,26,0.4018,1.86516,-0.11736,0.00046850956277921796
1773144503.305886,PC1,0,27,0.55818,2.31042,0.09934,9.388706530444324e-05
1773144503.305886,PC1,0,28,0.40365,2.30909,0.00643,8.840485861583147e-06
1773144503.305886,PC1,0,29,0.55801,2.38347,0.10522,7.709621422691271e-05
1773144503.305886,PC1,0,30,0.40007,2.38661,0.00876,1.6296458852593787e-05
1773144503.305886,PC1,0,31,0.54401,2.4522,-0.20333,0.0002541468129493296
1773144503.305886,PC1,0,32,0.42834,2.43646,-0.3325,7.451174315065145e-05
1773144503.305886,PC1,0,Angle_Elbow_L,87.19,,,
1773144503.305886,PC1,0,Angle_Elbow_R,97.9,,,
1773144503.305886,PC1,0,Angle_Shoulder_L,139.94,,,
1773144503.305886,PC1,0,Angle_Shoulder_R,127.62,,,
1773144503.305886,PC1,0,Length_UpperArm_L,0.4131,,,
1773144503.305886,PC1,0,Length_LowerArm_L,0.532,,,
1773144503.305886,PC1,0,Length_UpperArm_R,0.6095,,,
1773144503.305886,PC1,0,Length_LowerArm_R,0.5926,,,
1773144503.305886,PC1,0,Width_Shoulder,0.4399,,,
1773144503.3542452,PC1,0,0,0.57842,0.52354,-0.58,0.9999916553497314
1773144503.3542452,PC1,0,1,0.58746,0.46786,-0.53593,0.9999876618385315
1773144503.3542452,PC1,0,2,0.59505,0.46689,-0.53589,0.99998939037323
1773144503.3542452,PC1,0,3,0.60191,0.46631,-0.53553,0.9999828338623047
1773144503.3542452,PC1,0,4,0.55784,0.46387,-0.56737,0.9999874830245972
1773144503.3542452,PC1,0,5,0.54456,0.46003,-0.5671,0.9999889731407166
1773144503.3542452,PC1,0,6,0.53056,0.4567,-0.56725,0.9999843835830688
1773144503.3542452,PC1,0,7,0.59572,0.48632,-0.24603,0.9999870657920837
1773144503.3542452,PC1,0,8,0.4881,0.47511,-0.38568,0.9999944567680359
1773144503.3542452,PC1,0,9,0.58382,0.58094,-0.46801,0.9999831914901733
1773144503.3542452,PC1,0,10,0.55107,0.5797,-0.50784,0.9999907612800598
1773144503.3542452,PC1,0,11,0.65115,0.75995,0.02301,0.9997374415397644
1773144503.3542452,PC1,0,12,0.36727,0.74258,-0.30578,0.9995497465133667
1773144503.3542452,PC1,0,13,0.74486,1.14021,-0.1402,0.6862134337425232
1773144503.3542452,PC1,0,14,0.3364,1.22798,-0.68172,0.9071962237358093
1773144503.3542452,PC1,0,15,0.80712,0.88501,-0.60866,0.9957586526870728
1773144503.3542452,PC1,0,16,0.46104,0.93421,-1.18654,0.9944201707839966
1773144503.3542452,PC1,0,17,0.84897,0.79226,-0.67372,0.994918942451477
1773144503.3542452,PC1,0,18,0.50085,0.85961,-1.26511,0.9920347929000854
1773144503.3542452,PC1,0,19,0.84394,0.73062,-0.63956,0.9955897927284241
1773144503.3542452,PC1,0,20,0.48764,0.78691,-1.217,0.9933611750602722
1773144503.3542452,PC1,0,21,0.82408,0.76185,-0.61307,0.9947410821914673
1773144503.3542452,PC1,0,22,0.48371,0.81137,-1.17487,0.9916128516197205
1773144503.3542452,PC1,0,23,0.56772,1.3717,-0.01291,0.004161838907748461
1773144503.3542452,PC1,0,24,0.394,1.38295,0.01593,0.002539984416216612
1773144503.3542452,PC1,0,25,0.5607,1.86368,-0.13913,0.0012164004147052765
1773144503.3542452,PC1,0,26,0.4018,1.86516,-0.11736,0.00044172798516228795
1773144503.3542452,PC1,0,27,0.55818,2.31042,0.09934,9.011330257635564e-05
1773144503.3542452,PC1,0,28,0.40365,2.30909,0.00643,8.189504114852753e-06
1773144503.3542452,PC1,0,29,0.55801,2.38347,0.10522,7.31359759811312e-05
1773144503.3542452,PC1,0,30,0.40007,2.38661,0.00876,1.5247658666339703e-05
1773144503.3542452,PC1,0,31,0.54401,2.4522,-0.20333,0.00024037668481469154
1773144503.3542452,PC1,0,32,0.42834,2.43646,-0.3325,6.986530206631869e-05
1773144503.3542452,PC1,0,Angle_Elbow_L,86.29,,,
1773144503.3542452,PC1,0,Angle_Elbow_R,96.78,,,
1773144503.3542452,PC1,0,Angle_Shoulder_L,141.05,,,
1773144503.3542452,PC1,0,Angle_Shoulder_R,129.44,,,
1773144503.3542452,PC1,0,Length_UpperArm_L,0.4243,,,
1773144503.3542452,PC1,0,Length_LowerArm_L,0.5371,,,
1773144503.3542452,PC1,0,Length_UpperArm_R,0.6147,,,
1773144503.3542452,PC1,0,Length_LowerArm_R,0.5972,,,
1773144503.3542452,PC1,0,Width_Shoulder,0.4347,,,
1773144503.402833,PC1,0,0,0.57827,0.52359,-0.5598,0.999992311000824
1773144503.402833,PC1,0,1,0.58743,0.46805,-0.51614,0.9999886155128479
1773144503.402833,PC1,0,2,0.59504,0.46709,-0.51609,0.9999902248382568
1773144503.402833,PC1,0,3,0.60191,0.46651,-0.51571,0.9999842047691345
1773144503.402833,PC1,0,4,0.55774,0.4638,-0.54751,0.9999884366989136
1773144503.402833,PC1,0,5,0.54446,0.45982,-0.5472,0.9999898076057434
1773144503.402833,PC1,0,6,0.53047,0.45639,-0.54733,0.9999855160713196
1773144503.402833,PC1,0,7,0.59598,0.48641,-0.23178,0.9999881386756897
1773144503.402833,PC1,0,8,0.48803,0.47493,-0.37183,0.9999948740005493
1773144503.402833,PC1,0,9,0.5837,0.58101,-0.44999,0.9999845027923584
1773144503.402833,PC1,0,10,0.55096,0.57955,-0.48997,0.9999914765357971
1773144503.402833,PC1,0,11,0.6512,0.75995,0.03089,0.9997550249099731
1773144503.402833,PC1,0,12,0.36658,0.74251,-0.29427,0.9995547533035278
1773144503.402833,PC1,0,13,0.74669,1.14408,-0.13433,0.6881956458091736
1773144503.402833,PC1,0,14,0.33622,1.22714,-0.66814,0.8998104333877563
1773144503.402833,PC1,0,15,0.80779,0.88285,-0.60122,0.9959735870361328
1773144503.402833,PC1,0,16,0.46216,0.93318,-1.16742,0.9942359924316406
1773144503.402833,PC1,0,17,0.84788,0.78987,-0.66735,0.9951736330986023
1773144503.402833,PC1,0,18,0.50186,0.85824,-1.24466,0.9919403791427612
1773144503.402833,PC1,0,19,0.84253,0.72829,-0.63173,0.9958122968673706
1773144503.402833,PC1,0,20,0.48849,0.7846,-1.19703,0.9933168292045593
1773144503.402833,PC1,0,21,0.82352,0.75914,-0.60508,0.9950026273727417
1773144503.402833,PC1,0,22,0.48464,0.81012,-1.1562,0.9915561079978943
1773144503.402833,PC1,0,23,0.56772,1.3717,-0.01291,0.003998745232820511
1773144503.402833,PC1,0,24,0.394,1.38295,0.01593,0.0024129943922162056
1773144503.402833,PC1,0,25,0.5607,1.86368,-0.13913,0.0011765665840357542
1773144503.402833,PC1,0,26,0.4018,1.86516,-0.11736,0.00041468077688477933
1773144503.402833,PC1,0,27,0.55818,2.31042,0.09934,8.427829743595794e-05
1773144503.402833,PC1,0,28,0.40365,2.30909,0.00643,7.473628102161456e-06
1773144503.402833,PC1,0,29,0.55801,2.38347,0.10522,6.848773773526773e-05
1773144503.402833,PC1,0,30,0.40007,2.38661,0.00876,1.397014784743078e-05
1773144503.402833,PC1,0,31,0.54401,2.4522,-0.20333,0.00022509857080876827
1773144503.402833,PC1,0,32,0.42834,2.43646,-0.3325,6.458000279963017e-05
1773144503.402833,PC1,0,Angle_Elbow_L,85.69,,,
1773144503.402833,PC1,0,Angle_Elbow_R,96.38,,,
1773144503.402833,PC1,0,Angle_Shoulder_L,141.75,,,
1773144503.402833,PC1,0,Angle_Shoulder_R,130.4,,,
1773144503.402833,PC1,0,Length_UpperArm_L,0.4289,,,
1773144503.402833,PC1,0,Length_LowerArm_L,0.5385,,,
1773144503.402833,PC1,0,Length_UpperArm_R,0.6128,,,
1773144503.402833,PC1,0,Length_LowerArm_R,0.5929,,,
1773144503.402833,PC1,0,Width_Shoulder,0.4325,,,
1773144503.451007,PC1,0,0,0.57813,0.52364,-0.59031,0.9999924302101135
1773144503.451007,PC1,0,1,0.58741,0.46819,-0.5473,0.9999887943267822
1773144503.451007,PC1,0,2,0.59505,0.46725,-0.54724,0.9999904036521912
1773144503.451007,PC1,0,3,0.60193,0.46666,-0.54686,0.9999845027923584
1773144503.451007,PC1,0,4,0.55765,0.46375,-0.57852,0.9999884963035583
1773144503.451007,PC1,0,5,0.54434,0.45967,-0.57822,0.9999898076057434
1773144503.451007,PC1,0,6,0.53031,0.45618,-0.57834,0.9999855160713196
1773144503.451007,PC1,0,7,0.59622,0.48665,-0.25957,0.9999884366989136
1773144503.451007,PC1,0,8,0.48791,0.47493,-0.39917,0.9999948740005493
1773144503.451007,PC1,0,9,0.58361,0.58169,-0.47866,0.9999849200248718
1773144503.451007,PC1,0,10,0.55086,0.57981,-0.51856,0.9999916553497314
1773144503.451007,PC1,0,11,0.65156,0.76001,0.00528,0.9997676610946655
1773144503.451007,PC1,0,12,0.36615,0.74369,-0.31106,0.9995611310005188
1773144503.451007,PC1,0,13,0.74912,1.14833,-0.16579,0.6975857019424438
1773144503.451007,PC1,0,14,0.33578,1.22887,-0.68377,0.9037306308746338
1773144503.451007,PC1,0,15,0.80828,0.88242,-0.64043,0.9961295127868652
1773144503.451007,PC1,0,16,0.46224,0.93243,-1.18494,0.9944541454315186
1773144503.451007,PC1,0,17,0.84662,0.78892,-0.70864,0.9952742457389832
1773144503.451007,PC1,0,18,0.50135,0.85661,-1.26269,0.9921251535415649
1773144503.451007,PC1,0,19,0.84132,0.72734,-0.67284,0.9959068298339844
1773144503.451007,PC1,0,20,0.48839,0.78291,-1.2149,0.9934714436531067
1773144503.451007,PC1,0,21,0.82267,0.75827,-0.64428,0.9950992465019226
1773144503.451007,PC1,0,22,0.48481,0.80923,-1.17368,0.9917056560516357
1773144503.451007,PC1,0,23,0.56772,1.3717,-0.01291,0.0037880430463701487
1773144503.451007,PC1,0,24,0.394,1.38295,0.01593,0.0023027120623737574
1773144503.451007,PC1,0,25,0.5607,1.86368,-0.13913,0.001119293854571879
1773144503.451007,PC1,0,26,0.4018,1.86516,-0.11736,0.0003931652754545212
1773144503.451007,PC1,0,27,0.55818,2.31042,0.09934,7.872087735449895e-05
1773144503.451007,PC1,0,28,0.40365,2.30909,0.00643,6.937034413567744e-06
1773144503.451007,PC1,0,29,0.55801,2.38347,0.10522,6.399847188731655e-05
1773144503.451007,PC1,0,30,0.40007,2.38661,0.00876,1.3002582818444353e-05
1773144503.451007,PC1,0,31,0.54401,2.4522,-0.20333,0.00021131295943632722
1773144503.451007,PC1,0,32,0.42834,2.43646,-0.3325,6.100513564888388e-05
1773144503.451007,PC1,0,Angle_Elbow_L,86.08,,,
1773144503.451007,PC1,0,Angle_Elbow_R,96.15,,,
1773144503.451007,PC1,0,Angle_Shoulder_L,139.58,,,
1773144503.451007,PC1,0,Angle_Shoulder_R,128.66,,,
1773144503.451007,PC1,0,Length_UpperArm_L,0.4354,,,
1773144503.451007,PC1,0,Length_LowerArm_L,0.5473,,,
1773144503.451007,PC1,0,Length_UpperArm_R,0.6126,,,
1773144503.451007,PC1,0,Length_LowerArm_R,0.5959,,,
1773144503.451007,PC1,0,Width_Shoulder,0.4264,,,
1773144503.499157,PC1,0,0,0.578,0.52407,-0.58547,0.9999921917915344
1773144503.499157,PC1,0,1,0.58737,0.46887,-0.54378,0.9999884366989136
1773144503.499157,PC1,0,2,0.59503,0.46796,-0.54372,0.9999899864196777
1773144503.499157,PC1,0,3,0.60191,0.46738,-0.54336,0.9999839067459106
1773144503.499157,PC1,0,4,0.55759,0.46418,-0.57464,0.9999884366989136
1773144503.499157,PC1,0,5,0.54426,0.45997,-0.57431,0.9999896883964539
1773144503.499157,PC1,0,6,0.5302,0.4564,-0.57441,0.9999855160713196
1773144503.499157,PC1,0,7,0.59637,0.48727,-0.25799,0.999987781047821
1773144503.499157,PC1,0,8,0.4878,0.47519,-0.39507,0.9999948143959045
1773144503.499157,PC1,0,9,0.58343,0.58261,-0.47433,0.999984860420227
1773144503.499157,PC1,0,10,0.55077,0.58026,-0.51344,0.999991774559021
1773144503.499157,PC1,0,11,0.65184,0.76009,-0.0088,0.9997409582138062
1773144503.499157,PC1,0,12,0.36555,0.74491,-0.30842,0.9995678067207336
1773144503.499157,PC1,0,13,0.75096,1.14145,-0.1807,0.6665521860122681
1773144503.499157,PC1,0,14,0.33278,1.22577,-0.68322,0.9021782279014587
1773144503.499157,PC1,0,15,0.8062,0.88788,-0.66556,0.9943240880966187
1773144503.499157,PC1,0,16,0.46039,0.93184,-1.17819,0.9942339062690735
1773144503.499157,PC1,0,17,0.8444,0.79316,-0.73767,0.9935768246650696
1773144503.499157,PC1,0,18,0.50012,0.85511,-1.2558,0.9917331337928772
1773144503.499157,PC1,0,19,0.83842,0.73301,-0.70246,0.9944217801094055
1773144503.499157,PC1,0,20,0.48823,0.7814,-1.20809,0.9931399822235107
1773144503.499157,PC1,0,21,0.8194,0.76722,-0.67017,0.9935353994369507
1773144503.499157,PC1,0,22,0.48441,0.80852,-1.1666,0.9912894368171692
1773144503.499157,PC1,0,23,0.56772,1.3717,-0.01291,0.0036596166901290417
1773144503.499157,PC1,0,24,0.394,1.38295,0.01593,0.002251734957098961
1773144503.499157,PC1,0,25,0.5607,1.86368,-0.13913,0.0010901333298534155
1773144503.499157,PC1,0,26,0.4018,1.86516,-0.11736,0.00037681529647670686
1773144503.499157,PC1,0,27,0.55818,2.31042,0.09934,7.995839405339211e-05
1773144503.499157,PC1,0,28,0.40365,2.30909,0.00643,6.545966698467964e-06
1773144503.499157,PC1,0,29,0.55801,2.38347,0.10522,6.397342804120854e-05
1773144503.499157,PC1,0,30,0.40007,2.38661,0.00876,1.2448987035895698e-05
1773144503.499157,PC1,0,31,0.54401,2.4522,-0.20333,0.00020570505876094103
1773144503.499157,PC1,0,32,0.42834,2.43646,-0.3325,5.847026841365732e-05
1773144503.499157,PC1,0,Angle_Elbow_L,88.09,,,
1773144503.499157,PC1,0,Angle_Elbow_R,96.38,,,
1773144503.499157,PC1,0,Angle_Shoulder_L,138.54,,,
1773144503.499157,PC1,0,Angle_Shoulder_R,127.75,,,
1773144503.499157,PC1,0,Length_UpperArm_L,0.4299,,,
1773144503.499157,PC1,0,Length_LowerArm_L,0.5499,,,
1773144503.499157,PC1,0,Length_UpperArm_R,0.6106,,,
1773144503.499157,PC1,0,Length_LowerArm_R,0.5896,,,
1773144503.499157,PC1,0,Width_Shoulder,0.4147,,,
1773144503.643317,PC1,0,0,0.57842,0.52569,-0.54237,0.9999935626983643
1773144503.643317,PC1,0,1,0.58777,0.47095,-0.50256,0.9999905228614807
1773144503.643317,PC1,0,2,0.59532,0.47015,-0.5025,0.9999918937683105
1773144503.643317,PC1,0,3,0.60213,0.46963,-0.50214,0.9999869465827942
1773144503.643317,PC1,0,4,0.55811,0.46618,-0.53214,0.9999904036521912
1773144503.643317,PC1,0,5,0.54476,0.46197,-0.53177,0.9999913573265076
1773144503.643317,PC1,0,6,0.53063,0.45835,-0.53186,0.9999877214431763
1773144503.643317,PC1,0,7,0.5966,0.48975,-0.22722,0.9999900460243225
1773144503.643317,PC1,0,8,0.48832,0.47695,-0.3603,0.9999955296516418
1773144503.643317,PC1,0,9,0.58356,0.58507,-0.43523,0.9999876022338867
1773144503.643317,PC1,0,10,0.55131,0.58209,-0.47315,0.9999931454658508
1773144503.643317,PC1,0,11,0.65234,0.76354,0.00334,0.9997857213020325
1773144503.643317,PC1,0,12,0.36652,0.74976,-0.2739,0.9995869398117065
1773144503.643317,PC1,0,13,0.7467,1.16184,-0.16179,0.6696065664291382
1773144503.643317,PC1,0,14,0.32988,1.2233,-0.65477,0.8930765390396118
1773144503.643317,PC1,0,15,0.80296,0.9003,-0.63371,0.9951210618019104
1773144503.643317,PC1,0,16,0.45398,0.93653,-1.15966,0.9938426613807678
1773144503.643317,PC1,0,17,0.84471,0.80995,-0.70534,0.9944617748260498
1773144503.643317,PC1,0,18,0.48958,0.85464,-1.23577,0.9913526177406311
1773144503.643317,PC1,0,19,0.83476,0.74832,-0.67339,0.9952048659324646
1773144503.643317,PC1,0,20,0.48232,0.78522,-1.19056,0.9928459525108337
1773144503.643317,PC1,0,21,0.81496,0.78321,-0.63903,0.9943917989730835
1773144503.643317,PC1,0,22,0.48024,0.81404,-1.15023,0.990956723690033
1773144503.643317,PC1,0,23,0.56772,1.3717,-0.01291,0.003556000767275691
1773144503.643317,PC1,0,24,0.394,1.38295,0.01593,0.0021215372253209352
1773144503.643317,PC1,0,25,0.5607,1.86368,-0.13913,0.001072107581421733
1773144503.643317,PC1,0,26,0.4018,1.86516,-0.11736,0.0003375672677066177
1773144503.643317,PC1,0,27,0.55818,2.31042,0.09934,7.585375715279952e-05
1773144503.643317,PC1,0,28,0.40365,2.30909,0.00643,5.461565706355032e-06
1773144503.643317,PC1,0,29,0.55801,2.38347,0.10522,6.0094640502939e-05
1773144503.643317,PC1,0,30,0.40007,2.38661,0.00876,1.0729406312748324e-05
1773144503.643317,PC1,0,31,0.54401,2.4522,-0.20333,0.00018839607946574688
1773144503.643317,PC1,0,32,0.42834,2.43646,-0.3325,5.087966565042734e-05
1773144503.643317,PC1,0,Angle_Elbow_L,84.98,,,
1773144503.643317,PC1,0,Angle_Elbow_R,98.26,,,
1773144503.643317,PC1,0,Angle_Shoulder_L,142.22,,,
1773144503.643317,PC1,0,Angle_Shoulder_R,128.83,,,
1773144503.643317,PC1,0,Length_UpperArm_L,0.4414,,,
1773144503.643317,PC1,0,Length_LowerArm_L,0.5425,,,
1773144503.643317,PC1,0,Length_UpperArm_R,0.6088,,,
1773144503.643317,PC1,0,Length_LowerArm_R,0.5938,,,
1773144503.643317,PC1,0,Width_Shoulder,0.3984,,,
1773144503.692229,PC1,0,0,0.57911,0.52632,-0.55386,0.999993622303009
1773144503.692229,PC1,0,1,0.58849,0.4717,-0.51263,0.999990701675415
1773144503.692229,PC1,0,2,0.59598,0.47091,-0.51258,0.9999919533729553
1773144503.692229,PC1,0,3,0.60262,0.4704,-0.51224,0.9999871850013733
1773144503.692229,PC1,0,4,0.55887,0.46697,-0.54465,0.9999905824661255
1773144503.692229,PC1,0,5,0.54549,0.46278,-0.54432,0.9999914169311523
1773144503.692229,PC1,0,6,0.53124,0.45913,-0.54443,0.9999878406524658
1773144503.692229,PC1,0,7,0.59669,0.49058,-0.22914,0.9999901652336121
1773144503.692229,PC1,0,8,0.48858,0.47743,-0.37425,0.9999955296516418
1773144503.692229,PC1,0,9,0.5839,0.58587,-0.44369,0.9999879002571106
1773144503.692229,PC1,0,10,0.55204,0.58281,-0.48504,0.9999932646751404
1773144503.692229,PC1,0,11,0.65197,0.76484,0.00966,0.9997929930686951
1773144503.692229,PC1,0,12,0.3673,0.74989,-0.29315,0.9995882511138916
1773144503.692229,PC1,0,13,0.74453,1.16836,-0.15601,0.6855171918869019
1773144503.692229,PC1,0,14,0.33044,1.22027,-0.69264,0.8989217281341553
1773144503.692229,PC1,0,15,0.80401,0.90322,-0.62478,0.9954743385314941
1773144503.692229,PC1,0,16,0.45191,0.93695,-1.20402,0.9940688014030457
1773144503.692229,PC1,0,17,0.84557,0.81412,-0.69554,0.9947975277900696
1773144503.692229,PC1,0,18,0.48552,0.85434,-1.28188,0.9915127754211426
1773144503.692229,PC1,0,19,0.83477,0.75144,-0.66432,0.9954863786697388
1773144503.692229,PC1,0,20,0.47963,0.78568,-1.23807,0.9929446578025818
1773144503.692229,PC1,0,21,0.81546,0.78633,-0.63014,0.9946900606155396
1773144503.692229,PC1,0,22,0.47815,0.81435,-1.19505,0.9910656809806824
1773144503.692229,PC1,0,23,0.56772,1.3717,-0.01291,0.003979670815169811
1773144503.692229,PC1,0,24,0.394,1.38295,0.01593,0.00236447318457067
1773144503.692229,PC1,0,25,0.5607,1.86368,-0.13913,0.0011267128866165876
1773144503.692229,PC1,0,26,0.4018,1.86516,-0.11736,0.0003616946341935545
1773144503.692229,PC1,0,27,0.55818,2.31042,0.09934,8.070030162343755e-05
1773144503.692229,PC1,0,28,0.40365,2.30909,0.00643,6.012882749928394e-06
1773144503.692229,PC1,0,29,0.55801,2.38347,0.10522,6.329386087600142e-05
1773144503.692229,PC1,0,30,0.40007,2.38661,0.00876,1.2311544196563773e-05
1773144503.692229,PC1,0,31,0.54401,2.4522,-0.20333,0.00019640174286905676
1773144503.692229,PC1,0,32,0.42834,2.43646,-0.3325,5.5281579989241436e-05
1773144503.692229,PC1,0,Angle_Elbow_L,84.34,,,
1773144503.692229,PC1,0,Angle_Elbow_R,100.39,,,
1773144503.692229,PC1,0,Angle_Shoulder_L,141.99,,,
1773144503.692229,PC1,0,Angle_Shoulder_R,126.72,,,
1773144503.692229,PC1,0,Length_UpperArm_L,0.4459,,,
1773144503.692229,PC1,0,Length_LowerArm_L,0.5418,,,
1773144503.692229,PC1,0,Length_UpperArm_R,0.6182,,,
1773144503.692229,PC1,0,Length_LowerArm_R,0.5971,,,
1773144503.692229,PC1,0,Width_Shoulder,0.4159,,,
1773144503.739815,PC1,0,0,0.57963,0.52674,-0.56014,0.9999936819076538
1773144503.739815,PC1,0,1,0.58906,0.47213,-0.51847,0.9999907612800598
1773144503.739815,PC1,0,2,0.59651,0.47133,-0.51842,0.9999920129776001
1773144503.739815,PC1,0,3,0.60305,0.47083,-0.51808,0.9999873638153076
1773144503.739815,PC1,0,4,0.55945,0.46744,-0.55123,0.9999905824661255
1773144503.739815,PC1,0,5,0.54605,0.46325,-0.55092,0.9999913573265076
1773144503.739815,PC1,0,6,0.53172,0.45957,-0.55104,0.9999877214431763
1773144503.739815,PC1,0,7,0.5968,0.49108,-0.23131,0.9999902248382568
1773144503.739815,PC1,0,8,0.48872,0.47776,-0.38319,0.9999953508377075
1773144503.739815,PC1,0,9,0.58421,0.58626,-0.4487,0.9999879002571106
1773144503.739815,PC1,0,10,0.5526,0.58322,-0.49148,0.999993085861206
1773144503.739815,PC1,0,11,0.65185,0.76464,0.00986,0.9997991919517517
1773144503.739815,PC1,0,12,0.36814,0.75026,-0.30726,0.9995709657669067
1773144503.739815,PC1,0,13,0.74293,1.17195,-0.16023,0.6927970051765442
1773144503.739815,PC1,0,14,0.33296,1.218,-0.70915,0.8967966437339783
1773144503.739815,PC1,0,15,0.80492,0.90485,-0.62379,0.9956734776496887
1773144503.739815,PC1,0,16,0.4522,0.93676,-1.22796,0.9938441514968872
1773144503.739815,PC1,0,17,0.84722,0.81622,-0.69416,0.9949769973754883
1773144503.739815,PC1,0,18,0.48415,0.85403,-1.30666,0.991138219833374
1773144503.739815,PC1,0,19,0.83551,0.7524,-0.66349,0.9956473112106323
1773144503.739815,PC1,0,20,0.47889,0.78486,-1.26293,0.992606520652771
1773144503.739815,PC1,0,21,0.81628,0.78647,-0.6291,0.9948525428771973
1773144503.739815,PC1,0,22,0.47775,0.81352,-1.21922,0.9906940460205078
1773144503.739815,PC1,0,23,0.56772,1.3717,-0.01291,0.0040267459116876125
1773144503.739815,PC1,0,24,0.394,1.38295,0.01593,0.00238904170691967
1773144503.739815,PC1,0,25,0.5607,1.86368,-0.13913,0.0011317617027089
1773144503.739815,PC1,0,26,0.4018,1.86516,-0.11736,0.0003503966436255723
1773144503.739815,PC1,0,27,0.55818,2.31042,0.09934,8.496297959936783e-05
1773144503.739815,PC1,0,28,0.40365,2.30909,0.00643,5.9727967709477525e-06
1773144503.739815,PC1,0,29,0.55801,2.38347,0.10522,6.63349055685103e-05
1773144503.739815,PC1,0,30,0.40007,2.38661,0.00876,1.2443631021596957e-05
1773144503.739815,PC1,0,31,0.54401,2.4522,-0.20333,0.00019851791148539633
1773144503.739815,PC1,0,32,0.42834,2.43646,-0.3325,5.4894626373425126e-05
1773144503.739815,PC1,0,Angle_Elbow_L,84.25,,,
1773144503.739815,PC1,0,Angle_Elbow_R,101.28,,,
1773144503.739815,PC1,0,Angle_Shoulder_L,141.2,,,
1773144503.739815,PC1,0,Angle_Shoulder_R,125.78,,,
1773144503.739815,PC1,0,Length_UpperArm_L,0.4507,,,
1773144503.739815,PC1,0,Length_LowerArm_L,0.5386,,,
1773144503.739815,PC1,0,Length_UpperArm_R,0.6177,,,
1773144503.739815,PC1,0,Length_LowerArm_R,0.6021,,,
1773144503.739815,PC1,0,Width_Shoulder,0.4258,,,
1773144503.78866,PC1,0,0,0.58011,0.52724,-0.55926,0.9999939799308777
1773144503.78866,PC1,0,1,0.58954,0.47267,-0.51893,0.999991238117218
1773144503.78866,PC1,0,2,0.59695,0.47187,-0.51887,0.9999924302101135
1773144503.78866,PC1,0,3,0.6034,0.47135,-0.51852,0.9999879598617554
1773144503.78866,PC1,0,4,0.56002,0.46811,-0.55119,0.9999910593032837
1773144503.78866,PC1,0,5,0.5466,0.46393,-0.55086,0.999991774559021
1773144503.78866,PC1,0,6,0.53219,0.46023,-0.55098,0.9999881982803345
1773144503.78866,PC1,0,7,0.5968,0.49145,-0.2329,0.999990701675415
1773144503.78866,PC1,0,8,0.48912,0.47807,-0.38603,0.9999955296516418
1773144503.78866,PC1,0,9,0.58446,0.5868,-0.44831,0.9999884366989136
1773144503.78866,PC1,0,10,0.55321,0.58378,-0.49062,0.9999933838844299
1773144503.78866,PC1,0,11,0.65193,0.76335,0.01034,0.9998109936714172
1773144503.78866,PC1,0,12,0.36879,0.75154,-0.30343,0.999588668346405
1773144503.78866,PC1,0,13,0.74153,1.1744,-0.14885,0.6949301362037659
1773144503.78866,PC1,0,14,0.33479,1.21878,-0.70039,0.8913464546203613
1773144503.78866,PC1,0,15,0.80658,0.90376,-0.6005,0.9958069920539856
1773144503.78866,PC1,0,16,0.45207,0.93921,-1.22392,0.9935902953147888
1773144503.78866,PC1,0,17,0.84982,0.81468,-0.6685,0.9951147437095642
1773144503.78866,PC1,0,18,0.48282,0.85877,-1.30118,0.9909001588821411
1773144503.78866,PC1,0,19,0.83794,0.75096,-0.63979,0.9957695603370667
1773144503.78866,PC1,0,20,0.47773,0.78907,-1.25807,0.9923865795135498
1773144503.78866,PC1,0,21,0.81856,0.78446,-0.60616,0.9949780702590942
1773144503.78866,PC1,0,22,0.47656,0.81754,-1.2156,0.9904558658599854
1773144503.78866,PC1,0,23,0.56772,1.3717,-0.01291,0.004003284499049187
1773144503.78866,PC1,0,24,0.394,1.38295,0.01593,0.0023940110113471746
1773144503.78866,PC1,0,25,0.5607,1.86368,-0.13913,0.0011073043569922447
1773144503.78866,PC1,0,26,0.4018,1.86516,-0.11736,0.0003363069845363498
1773144503.78866,PC1,0,27,0.55818,2.31042,0.09934,8.249507664004341e-05
1773144503.78866,PC1,0,28,0.40365,2.30909,0.00643,5.673884515999816e-06
1773144503.78866,PC1,0,29,0.55801,2.38347,0.10522,6.388890324160457e-05
1773144503.78866,PC1,0,30,0.40007,2.38661,0.00876,1.1857226127176546e-05
1773144503.78866,PC1,0,31,0.54401,2.4522,-0.20333,0.00019657200027722865
1773144503.78866,PC1,0,32,0.42834,2.43646,-0.3325,5.265976142254658e-05
1773144503.78866,PC1,0,Angle_Elbow_L,81.93,,,
1773144503.78866,PC1,0,Angle_Elbow_R,101.37,,,
1773144503.78866,PC1,0,Angle_Shoulder_L,142.8,,,
1773144503.78866,PC1,0,Angle_Shoulder_R,126.29,,,
1773144503.78866,PC1,0,Length_UpperArm_L,0.4498,,,
1773144503.78866,PC1,0,Length_LowerArm_L,0.5305,,,
1773144503.78866,PC1,0,Length_UpperArm_R,0.614,,,
1773144503.78866,PC1,0,Length_LowerArm_R,0.605,,,
1773144503.78866,PC1,0,Width_Shoulder,0.4228,,,
1773144503.788779,PC1,0,0,0.5807,0.52761,-0.58235,0.9999942779541016
1773144503.788779,PC1,0,1,0.59014,0.47308,-0.54153,0.9999915957450867
1773144503.788779,PC1,0,2,0.59751,0.47227,-0.54146,0.9999927878379822
1773144503.788779,PC1,0,3,0.60395,0.47175,-0.5411,0.9999884366989136
1773144503.788779,PC1,0,4,0.56053,0.46862,-0.57352,0.9999914765357971
1773144503.788779,PC1,0,5,0.54704,0.46447,-0.5732,0.9999921321868896
1773144503.788779,PC1,0,6,0.53256,0.46076,-0.57334,0.9999886155128479
1773144503.788779,PC1,0,7,0.59715,0.49172,-0.25077,0.9999910593032837
1773144503.788779,PC1,0,8,0.48985,0.47836,-0.40252,0.9999957084655762
1773144503.788779,PC1,0,9,0.585,0.58765,-0.46935,0.9999887943267822
1773144503.788779,PC1,0,10,0.5538,0.58445,-0.51142,0.999993622303009
1773144503.788779,PC1,0,11,0.65289,0.76306,0.00409,0.9998129606246948
1773144503.788779,PC1,0,12,0.36932,0.75329,-0.31279,0.9995906352996826
1773144503.788779,PC1,0,13,0.74109,1.17815,-0.14667,0.6948444247245789
1773144503.788779,PC1,0,14,0.33577,1.21963,-0.71094,0.890140175819397
1773144503.788779,PC1,0,15,0.8078,0.90324,-0.6027,0.9959823489189148
1773144503.788779,PC1,0,16,0.45111,0.94116,-1.24464,0.9936103820800781
1773144503.788779,PC1,0,17,0.8517,0.81382,-0.66959,0.9952844977378845
1773144503.788779,PC1,0,18,0.48183,0.86309,-1.32262,0.990905225276947
1773144503.788779,PC1,0,19,0.8399,0.75036,-0.64236,0.9959142208099365
1773144503.788779,PC1,0,20,0.47589,0.79252,-1.27927,0.9923788905143738
1773144503.788779,PC1,0,21,0.82027,0.78358,-0.60881,0.9951329827308655
1773144503.788779,PC1,0,22,0.47479,0.82105,-1.23618,0.990423858165741
1773144503.788779,PC1,0,23,0.56772,1.3717,-0.01291,0.0040899645537137985
1773144503.788779,PC1,0,24,0.394,1.38295,0.01593,0.0024357906077057123
1773144503.788779,PC1,0,25,0.5607,1.86368,-0.13913,0.0010729427449405193
1773144503.788779,PC1,0,26,0.4018,1.86516,-0.11736,0.000321487634209916
1773144503.788779,PC1,0,27,0.55818,2.31042,0.09934,7.922441000118852e-05
1773144503.788779,PC1,0,28,0.40365,2.30909,0.00643,5.373656676965766e-06
1773144503.788779,PC1,0,29,0.55801,2.38347,0.10522,6.222838419489563e-05
1773144503.788779,PC1,0,30,0.40007,2.38661,0.00876,1.1297149285383057e-05
1773144503.788779,PC1,0,31,0.54401,2.4522,-0.20333,0.0001908073027152568
1773144503.788779,PC1,0,32,0.42834,2.43646,-0.3325,5.09870660607703e-05
1773144503.788779,PC1,0,Angle_Elbow_L,80.6,,,
1773144503.788779,PC1,0,Angle_Elbow_R,102.08,,,
1773144503.788779,PC1,0,Angle_Shoulder_L,143.32,,,
1773144503.788779,PC1,0,Angle_Shoulder_R,125.46,,,
1773144503.788779,PC1,0,Length_UpperArm_L,0.4503,,,
1773144503.788779,PC1,0,Length_LowerArm_L,0.5366,,,
1773144503.788779,PC1,0,Length_UpperArm_R,0.6141,,,
1773144503.788779,PC1,0,Length_LowerArm_R,0.6129,,,
1773144503.788779,PC1,0,Width_Shoulder,0.4253,,,
1773144503.932361,PC1,0,0,0.58218,0.52827,-0.58534,0.9999945759773254
1773144503.932361,PC1,0,1,0.59169,0.47383,-0.54395,0.9999918341636658
1773144503.932361,PC1,0,2,0.59896,0.47301,-0.54388,0.9999929666519165
1773144503.932361,PC1,0,3,0.60532,0.47249,-0.54351,0.9999886751174927
1773144503.932361,PC1,0,4,0.562,0.46956,-0.57618,0.9999918937683105
1773144503.932361,PC1,0,5,0.54834,0.46552,-0.57587,0.9999924898147583
1773144503.932361,PC1,0,6,0.53365,0.46185,-0.57599,0.9999891519546509
1773144503.932361,PC1,0,7,0.59805,0.49214,-0.25168,0.9999911785125732
1773144503.932361,PC1,0,8,0.49121,0.47918,-0.40188,0.9999958872795105
1773144503.932361,PC1,0,9,0.58645,0.58899,-0.47147,0.9999886751174927
1773144503.932361,PC1,0,10,0.55523,0.58572,-0.51351,0.9999937415122986
1773144503.932361,PC1,0,11,0.65481,0.76182,0.00978,0.9998103380203247
1773144503.932361,PC1,0,12,0.37025,0.75606,-0.30941,0.999601423740387
1773144503.932361,PC1,0,13,0.74008,1.17551,-0.12519,0.6883490085601807
1773144503.932361,PC1,0,14,0.33737,1.22382,-0.70426,0.8912515044212341
1773144503.932361,PC1,0,15,0.81073,0.89828,-0.57246,0.9960978627204895
1773144503.932361,PC1,0,16,0.44979,0.9442,-1.23625,0.9938880205154419
1773144503.932361,PC1,0,17,0.85708,0.80774,-0.63707,0.9954204559326172
1773144503.932361,PC1,0,18,0.48064,0.86891,-1.31308,0.9913334250450134
1773144503.932361,PC1,0,19,0.8463,0.74759,-0.61216,0.9960209727287292
1773144503.932361,PC1,0,20,0.47276,0.79774,-1.27097,0.992710530757904
1773144503.932361,PC1,0,21,0.82547,0.7793,-0.57964,0.9952518343925476
1773144503.932361,PC1,0,22,0.47175,0.82593,-1.228,0.9908601641654968
1773144503.932361,PC1,0,23,0.56772,1.3717,-0.01291,0.003905031131580472
1773144503.932361,PC1,0,24,0.394,1.38295,0.01593,0.002371149370446801
1773144503.932361,PC1,0,25,0.5607,1.86368,-0.13913,0.0010322569869458675
1773144503.932361,PC1,0,26,0.4018,1.86516,-0.11736,0.00030735571635887027
1773144503.932361,PC1,0,27,0.55818,2.31042,0.09934,7.773669494781643e-05
1773144503.932361,PC1,0,28,0.40365,2.30909,0.00643,5.0518219723016955e-06
1773144503.932361,PC1,0,29,0.55801,2.38347,0.10522,5.947679892415181e-05
1773144503.932361,PC1,0,30,0.40007,2.38661,0.00876,1.0820717761816923e-05
1773144503.932361,PC1,0,31,0.54401,2.4522,-0.20333,0.00019130345026496798
1773144503.932361,PC1,0,32,0.42834,2.43646,-0.3325,4.876168895862065e-05
1773144503.932361,PC1,0,Angle_Elbow_L,78.16,,,
1773144503.932361,PC1,0,Angle_Elbow_R,101.63,,,
1773144503.932361,PC1,0,Angle_Shoulder_L,145.41,,,
1773144503.932361,PC1,0,Angle_Shoulder_R,126.16,,,
1773144503.932361,PC1,0,Length_UpperArm_L,0.4434,,,
1773144503.932361,PC1,0,Length_LowerArm_L,0.5309,,,
1773144503.932361,PC1,0,Length_UpperArm_R,0.613,,,
1773144503.932361,PC1,0,Length_LowerArm_R,0.6114,,,
1773144503.932361,PC1,0,Width_Shoulder,0.4277,,,
1773144504.0282729,PC1,0,0,0.58279,0.5285,-0.57529,0.9999946355819702
1773144504.0282729,PC1,0,1,0.59241,0.47403,-0.53286,0.9999918937683105
1773144504.0282729,PC1,0,2,0.59964,0.47319,-0.53278,0.9999929666519165
1773144504.0282729,PC1,0,3,0.60601,0.47266,-0.53242,0.9999886155128479
1773144504.0282729,PC1,0,4,0.56268,0.4699,-0.56462,0.9999920725822449
1773144504.0282729,PC1,0,5,0.54893,0.46593,-0.56429,0.9999926090240479
1773144504.0282729,PC1,0,6,0.53413,0.46229,-0.56442,0.99998939037323
1773144504.0282729,PC1,0,7,0.59862,0.49226,-0.23859,0.9999909400939941
1773144504.0282729,PC1,0,8,0.49191,0.47963,-0.38527,0.9999959468841553
1773144504.0282729,PC1,0,9,0.58704,0.5896,-0.46123,0.9999879598617554
1773144504.0282729,PC1,0,10,0.55581,0.58629,-0.50243,0.9999935626983643
1773144504.0282729,PC1,0,11,0.65547,0.76121,0.02301,0.9997828006744385
1773144504.0282729,PC1,0,12,0.37072,0.75712,-0.29716,0.9995880126953125
1773144504.0282729,PC1,0,13,0.73885,1.1739,-0.10965,0.671467661857605
1773144504.0282729,PC1,0,14,0.3377,1.2262,-0.69515,0.889878511428833
1773144504.0282729,PC1,0,15,0.81191,0.89534,-0.55016,0.9958748817443848
1773144504.0282729,PC1,0,16,0.44928,0.94578,-1.21858,0.9937940239906311
1773144504.0282729,PC1,0,17,0.85995,0.80422,-0.61322,0.9952119588851929
1773144504.0282729,PC1,0,18,0.48035,0.87095,-1.29347,0.9912446737289429
1773144504.0282729,PC1,0,19,0.849,0.74566,-0.58873,0.9958288669586182
1773144504.0282729,PC1,0,20,0.47158,0.79969,-1.25103,0.9926161170005798
1773144504.0282729,PC1,0,21,0.82768,0.77669,-0.5576,0.9950265288352966
1773144504.0282729,PC1,0,22,0.4705,0.82777,-1.21006,0.9907647371292114
1773144504.0282729,PC1,0,23,0.56772,1.3717,-0.01291,0.0038433035369962454
1773144504.0282729,PC1,0,24,0.394,1.38295,0.01593,0.0023605823516845703
1773144504.0282729,PC1,0,25,0.5607,1.86368,-0.13913,0.000999743351712823
1773144504.0282729,PC1,0,26,0.4018,1.86516,-0.11736,0.0002950183697976172
1773144504.0282729,PC1,0,27,0.55818,2.31042,0.09934,7.790353993186727e-05
1773144504.0282729,PC1,0,28,0.40365,2.30909,0.00643,4.906101366941584e-06
1773144504.0282729,PC1,0,29,0.55801,2.38347,0.10522,5.8988662203773856e-05
1773144504.0282729,PC1,0,30,0.40007,2.38661,0.00876,1.0647341696312651e-05
1773144504.0282729,PC1,0,31,0.54401,2.4522,-0.20333,0.00019095260358881205
1773144504.0282729,PC1,0,32,0.42834,2.43646,-0.3325,4.766746860696003e-05
1773144504.0282729,PC1,0,Angle_Elbow_L,77.46,,,
1773144504.0282729,PC1,0,Angle_Elbow_R,101.33,,,
1773144504.0282729,PC1,0,Angle_Shoulder_L,146.7,,,
1773144504.0282729,PC1,0,Angle_Shoulder_R,127.13,,,
1773144504.0282729,PC1,0,Length_UpperArm_L,0.4414,,,
1773144504.0282729,PC1,0,Length_LowerArm_L,0.5263,,,
1773144504.0282729,PC1,0,Length_UpperArm_R,0.6161,,,
1773144504.0282729,PC1,0,Length_LowerArm_R,0.6042,,,
1773144504.0282729,PC1,0,Width_Shoulder,0.4285,,,
1773144504.1726542,PC1,0,0,0.58446,0.52942,-0.5765,0.9999949932098389
1773144504.1726542,PC1,0,1,0.5944,0.47503,-0.53257,0.9999922513961792
1773144504.1726542,PC1,0,2,0.60163,0.4742,-0.53249,0.9999932050704956
1773144504.1726542,PC1,0,3,0.60799,0.47367,-0.53218,0.9999891519546509
1773144504.1726542,PC1,0,4,0.56419,0.47062,-0.56127,0.9999921917915344
1773144504.1726542,PC1,0,5,0.55012,0.46651,-0.56089,0.9999926090240479
1773144504.1726542,PC1,0,6,0.53488,0.46273,-0.56103,0.9999895095825195
1773144504.1726542,PC1,0,7,0.60129,0.4924,-0.2259,0.999991238117218
1773144504.1726542,PC1,0,8,0.49342,0.48013,-0.36151,0.9999958872795105
1773144504.1726542,PC1,0,9,0.58871,0.58976,-0.45844,0.9999881982803345
1773144504.1726542,PC1,0,10,0.55745,0.58668,-0.49583,0.9999935626983643
1773144504.1726542,PC1,0,11,0.65973,0.75714,0.03826,0.9998055100440979
1773144504.1726542,PC1,0,12,0.37503,0.75947,-0.27309,0.999610424041748
1773144504.1726542,PC1,0,13,0.74039,1.18254,-0.11123,0.6968679428100586
1773144504.1726542,PC1,0,14,0.34222,1.23224,-0.68955,0.8921071290969849
1773144504.1726542,PC1,0,15,0.81435,0.89329,-0.56291,0.9965066909790039
1773144504.1726542,PC1,0,16,0.44831,0.9471,-1.23122,0.9943264126777649
1773144504.1726542,PC1,0,17,0.86304,0.80067,-0.62766,0.9958823323249817
1773144504.1726542,PC1,0,18,0.47788,0.8702,-1.30935,0.9920589327812195
1773144504.1726542,PC1,0,19,0.85155,0.74269,-0.59925,0.9964107871055603
1773144504.1726542,PC1,0,20,0.46811,0.79905,-1.27129,0.9932687282562256
1773144504.1726542,PC1,0,21,0.83061,0.77316,-0.56912,0.9956634640693665
1773144504.1726542,PC1,0,22,0.46662,0.82567,-1.2255,0.9916385412216187
1773144504.1726542,PC1,0,23,0.56772,1.3717,-0.01291,0.0035927309654653072
1773144504.1726542,PC1,0,24,0.394,1.38295,0.01593,0.002229243516921997
1773144504.1726542,PC1,0,25,0.5607,1.86368,-0.13913,0.0009209640556946397
1773144504.1726542,PC1,0,26,0.4018,1.86516,-0.11736,0.0002678183082025498
1773144504.1726542,PC1,0,27,0.55818,2.31042,0.09934,7.72334897192195e-05
1773144504.1726542,PC1,0,28,0.40365,2.30909,0.00643,4.540905592875788e-06
1773144504.1726542,PC1,0,29,0.55801,2.38347,0.10522,5.712921847589314e-05
1773144504.1726542,PC1,0,30,0.40007,2.38661,0.00876,1.0098013262904715e-05
1773144504.1726542,PC1,0,31,0.54401,2.4522,-0.20333,0.0001888311526272446
1773144504.1726542,PC1,0,32,0.42834,2.43646,-0.3325,4.464579251362011e-05
1773144504.1726542,PC1,0,Angle_Elbow_L,78.47,,,
1773144504.1726542,PC1,0,Angle_Elbow_R,102.87,,,
1773144504.1726542,PC1,0,Angle_Shoulder_L,147.02,,,
1773144504.1726542,PC1,0,Angle_Shoulder_R,127.83,,,
1773144504.1726542,PC1,0,Length_UpperArm_L,0.4581,,,
1773144504.1726542,PC1,0,Length_LowerArm_L,0.5414,,,
1773144504.1726542,PC1,0,Length_UpperArm_R,0.6309,,,
1773144504.1726542,PC1,0,Length_LowerArm_R,0.6213,,,
1773144504.1726542,PC1,0,Width_Shoulder,0.4219,,,
1773144504.2741919,PC1,0,0,0.58466,0.52979,-0.57818,0.9999950528144836
1773144504.2741919,PC1,0,1,0.59463,0.47545,-0.53283,0.9999923706054688
1773144504.2741919,PC1,0,2,0.60188,0.47469,-0.53275,0.9999933242797852
1773144504.2741919,PC1,0,3,0.60825,0.4742,-0.53245,0.99998939037323
1773144504.2741919,PC1,0,4,0.56433,0.47097,-0.56218,0.9999921917915344
1773144504.2741919,PC1,0,5,0.55024,0.46681,-0.5618,0.9999926090240479
1773144504.2741919,PC1,0,6,0.53495,0.46299,-0.56195,0.9999895095825195
1773144504.2741919,PC1,0,7,0.60164,0.49262,-0.22095,0.9999912977218628
1773144504.2741919,PC1,0,8,0.49368,0.48037,-0.35903,0.9999958872795105
1773144504.2741919,PC1,0,9,0.58889,0.59017,-0.45885,0.9999884366989136
1773144504.2741919,PC1,0,10,0.55767,0.5869,-0.49704,0.9999935626983643
1773144504.2741919,PC1,0,11,0.6604,0.75729,0.04399,0.9998149275779724
1773144504.2741919,PC1,0,12,0.37566,0.76018,-0.27309,0.9996201992034912
1773144504.2741919,PC1,0,13,0.74163,1.18907,-0.11935,0.711978018283844
1773144504.2741919,PC1,0,14,0.34314,1.23408,-0.69237,0.8964802622795105
1773144504.2741919,PC1,0,15,0.81466,0.89353,-0.58926,0.9967195391654968
1773144504.2741919,PC1,0,16,0.44814,0.9472,-1.24223,0.9945399761199951
1773144504.2741919,PC1,0,17,0.86281,0.80074,-0.65763,0.9960994720458984
1773144504.2741919,PC1,0,18,0.47726,0.87006,-1.32359,0.9923025369644165
1773144504.2741919,PC1,0,19,0.85044,0.74264,-0.62834,0.9966006875038147
1773144504.2741919,PC1,0,20,0.46767,0.79941,-1.28456,0.9934640526771545
1773144504.2741919,PC1,0,21,0.83024,0.77307,-0.59548,0.9958622455596924
1773144504.2741919,PC1,0,22,0.46611,0.82583,-1.23614,0.9918637275695801
1773144504.2741919,PC1,0,23,0.56772,1.3717,-0.01291,0.0035667158663272858
1773144504.2741919,PC1,0,24,0.394,1.38295,0.01593,0.002223315881565213
1773144504.2741919,PC1,0,25,0.5607,1.86368,-0.13913,0.0008892165496945381
1773144504.2741919,PC1,0,26,0.4018,1.86516,-0.11736,0.00026157550746575
1773144504.2741919,PC1,0,27,0.55818,2.31042,0.09934,7.519177597714588e-05
1773144504.2741919,PC1,0,28,0.40365,2.30909,0.00643,4.3954464672424365e-06
1773144504.2741919,PC1,0,29,0.55801,2.38347,0.10522,5.555877578444779e-05
1773144504.2741919,PC1,0,30,0.40007,2.38661,0.00876,9.941325515683275e-06
1773144504.2741919,PC1,0,31,0.54401,2.4522,-0.20333,0.00018149736570194364
1773144504.2741919,PC1,0,32,0.42834,2.43646,-0.3325,4.338833605288528e-05
1773144504.2741919,PC1,0,Angle_Elbow_L,80.14,,,
1773144504.2741919,PC1,0,Angle_Elbow_R,103.23,,,
1773144504.2741919,PC1,0,Angle_Shoulder_L,146.04,,,
1773144504.2741919,PC1,0,Angle_Shoulder_R,127.96,,,
1773144504.2741919,PC1,0,Length_UpperArm_L,0.4687,,,
1773144504.2741919,PC1,0,Length_LowerArm_L,0.5599,,,
1773144504.2741919,PC1,0,Length_UpperArm_R,0.6336,,,
1773144504.2741919,PC1,0,Length_LowerArm_R,0.629,,,
1773144504.2741919,PC1,0,Width_Shoulder,0.4262,,,
1773144504.323614,PC1,0,0,0.58505,0.53005,-0.56967,0.9999949336051941
1773144504.323614,PC1,0,1,0.59503,0.47576,-0.52291,0.9999921917915344
1773144504.323614,PC1,0,2,0.60231,0.47505,-0.52285,0.9999932050704956
1773144504.323614,PC1,0,3,0.60866,0.4746,-0.52257,0.9999892115592957
1773144504.323614,PC1,0,4,0.5647,0.47102,-0.55352,0.9999919533729553
1773144504.323614,PC1,0,5,0.55061,0.46666,-0.55315,0.9999924302101135
1773144504.323614,PC1,0,6,0.53535,0.46271,-0.5533,0.9999892711639404
1773144504.323614,PC1,0,7,0.60201,0.49274,-0.20913,0.9999909996986389
1773144504.323614,PC1,0,8,0.49407,0.48014,-0.35124,0.999995768070221
1773144504.323614,PC1,0,9,0.58925,0.59048,-0.44989,0.999988317489624
1773144504.323614,PC1,0,10,0.55805,0.58699,-0.48951,0.9999934434890747
1773144504.323614,PC1,0,11,0.6602,0.75833,0.05302,0.9998190402984619
1773144504.323614,PC1,0,12,0.37554,0.7602,-0.27192,0.9996197819709778
1773144504.323614,PC1,0,13,0.74295,1.19347,-0.12456,0.7200693488121033
1773144504.323614,PC1,0,14,0.3415,1.23577,-0.6963,0.9010114073753357
1773144504.323614,PC1,0,15,0.81508,0.89371,-0.60184,0.9968488216400146
1773144504.323614,PC1,0,16,0.44782,0.94687,-1.25009,0.9947372078895569
1773144504.323614,PC1,0,17,0.86262,0.8008,-0.67228,0.9962175488471985
1773144504.323614,PC1,0,18,0.47672,0.86984,-1.3334,0.9924935102462769
1773144504.323614,PC1,0,19,0.84913,0.74249,-0.64199,0.9966986775398254
1773144504.323614,PC1,0,20,0.4673,0.79848,-1.29332,0.9936034083366394
1773144504.323614,PC1,0,21,0.82966,0.77253,-0.60791,0.9959509372711182
1773144504.323614,PC1,0,22,0.46563,0.82486,-1.2435,0.9920220375061035
1773144504.323614,PC1,0,23,0.56772,1.3717,-0.01291,0.003668055171146989
1773144504.323614,PC1,0,24,0.394,1.38295,0.01593,0.002275063656270504
1773144504.323614,PC1,0,25,0.5607,1.86368,-0.13913,0.000933573639485985
1773144504.323614,PC1,0,26,0.4018,1.86516,-0.11736,0.000282373366644606
1773144504.323614,PC1,0,27,0.55818,2.31042,0.09934,8.29312193673104e-05
1773144504.323614,PC1,0,28,0.40365,2.30909,0.00643,4.726116912934231e-06
1773144504.323614,PC1,0,29,0.55801,2.38347,0.10522,5.981325011816807e-05
1773144504.323614,PC1,0,30,0.40007,2.38661,0.00876,1.0978940736094955e-05
1773144504.323614,PC1,0,31,0.54401,2.4522,-0.20333,0.00018649379489943385
1773144504.323614,PC1,0,32,0.42834,2.43646,-0.3325,4.5234897697810084e-05
1773144504.323614,PC1,0,Angle_Elbow_L,81.58,,,
1773144504.323614,PC1,0,Angle_Elbow_R,103.44,,,
1773144504.323614,PC1,0,Angle_Shoulder_L,145.09,,,
1773144504.323614,PC1,0,Angle_Shoulder_R,128.16,,,
1773144504.323614,PC1,0,Length_UpperArm_L,0.4772,,,
1773144504.323614,PC1,0,Length_LowerArm_L,0.5682,,,
1773144504.323614,PC1,0,Length_UpperArm_R,0.6383,,,
1773144504.323614,PC1,0,Length_LowerArm_R,0.6336,,,
1773144504.323614,PC1,0,Width_Shoulder,0.432,,,
1773144504.4194822,PC1,0,0,0.58635,0.53163,-0.592,0.9999953508377075
1773144504.4194822,PC1,0,1,0.59596,0.47653,-0.54904,0.999992847442627
1773144504.4194822,PC1,0,2,0.60329,0.47586,-0.54897,0.9999938607215881
1773144504.4194822,PC1,0,3,0.60967,0.47547,-0.54864,0.9999902844429016
1773144504.4194822,PC1,0,4,0.56568,0.47158,-0.57831,0.9999924302101135
1773144504.4194822,PC1,0,5,0.55151,0.46702,-0.5779,0.9999927282333374
1773144504.4194822,PC1,0,6,0.53626,0.46303,-0.578,0.9999894499778748
1773144504.4194822,PC1,0,7,0.60306,0.49377,-0.24473,0.9999920129776001
1773144504.4194822,PC1,0,8,0.49461,0.4812,-0.37709,0.9999958872795105
1773144504.4194822,PC1,0,9,0.59076,0.59381,-0.47413,0.9999896883964539
1773144504.4194822,PC1,0,10,0.55955,0.59047,-0.51146,0.9999939203262329
1773144504.4194822,PC1,0,11,0.6617,0.76018,-0.00017,0.9998452663421631
1773144504.4194822,PC1,0,12,0.37434,0.76506,-0.28446,0.9996142983436584
1773144504.4194822,PC1,0,13,0.75885,1.20467,-0.22871,0.7468646168708801
1773144504.4194822,PC1,0,14,0.33861,1.24537,-0.70949,0.8887680172920227
1773144504.4194822,PC1,0,15,0.81546,0.90211,-0.75739,0.9972622990608215
1773144504.4194822,PC1,0,16,0.44939,0.94627,-1.27151,0.9946330189704895
1773144504.4194822,PC1,0,17,0.85504,0.80668,-0.84078,0.9966726303100586
1773144504.4194822,PC1,0,18,0.47387,0.86645,-1.35745,0.9924408197402954
1773144504.4194822,PC1,0,19,0.83765,0.7424,-0.80018,0.9971065521240234
1773144504.4194822,PC1,0,20,0.46686,0.79532,-1.31219,0.993585467338562
1773144504.4194822,PC1,0,21,0.82142,0.77168,-0.75967,0.9964185953140259
1773144504.4194822,PC1,0,22,0.46726,0.81944,-1.26349,0.991999089717865
1773144504.4194822,PC1,0,23,0.56772,1.3717,-0.01291,0.003436124185100198
1773144504.4194822,PC1,0,24,0.394,1.38295,0.01593,0.0020945181604474783
1773144504.4194822,PC1,0,25,0.5607,1.86368,-0.13913,0.0009028926724568009
1773144504.4194822,PC1,0,26,0.4018,1.86516,-0.11736,0.0002618462312966585
1773144504.4194822,PC1,0,27,0.55818,2.31042,0.09934,7.733341044513509e-05
1773144504.4194822,PC1,0,28,0.40365,2.30909,0.00643,4.209686267131474e-06
1773144504.4194822,PC1,0,29,0.55801,2.38347,0.10522,5.646458885166794e-05
1773144504.4194822,PC1,0,30,0.40007,2.38661,0.00876,9.747993317432702e-06
1773144504.4194822,PC1,0,31,0.54401,2.4522,-0.20333,0.00017259205924347043
1773144504.4194822,PC1,0,32,0.42834,2.43646,-0.3325,4.101810191059485e-05
1773144504.4194822,PC1,0,Angle_Elbow_L,88.5,,,
1773144504.4194822,PC1,0,Angle_Elbow_R,102.7,,,
1773144504.4194822,PC1,0,Angle_Shoulder_L,137.33,,,
1773144504.4194822,PC1,0,Angle_Shoulder_R,125.42,,,
1773144504.4194822,PC1,0,Length_UpperArm_L,0.5092,,,
1773144504.4194822,PC1,0,Length_LowerArm_L,0.6118,,,
1773144504.4194822,PC1,0,Length_UpperArm_R,0.6424,,,
1773144504.4194822,PC1,0,Length_LowerArm_R,0.6462,,,
1773144504.4194822,PC1,0,Width_Shoulder,0.4043,,,
1773144504.516222,PC1,0,0,0.58699,0.53202,-0.56851,0.9999954700469971
1773144504.516222,PC1,0,1,0.59622,0.47674,-0.52465,0.999993085861206
1773144504.516222,PC1,0,2,0.60356,0.47605,-0.52458,0.9999940991401672
1773144504.516222,PC1,0,3,0.60994,0.47565,-0.52426,0.9999907612800598
1773144504.516222,PC1,0,4,0.56595,0.47181,-0.55494,0.9999925494194031
1773144504.516222,PC1,0,5,0.55172,0.46724,-0.55452,0.999992847442627
1773144504.516222,PC1,0,6,0.53639,0.46327,-0.55462,0.9999895095825195
1773144504.516222,PC1,0,7,0.60224,0.49396,-0.2217,0.9999924898147583
1773144504.516222,PC1,0,8,0.49455,0.48163,-0.35767,0.9999958872795105
1773144504.516222,PC1,0,9,0.59139,0.59453,-0.45161,0.9999901056289673
1773144504.516222,PC1,0,10,0.56023,0.59135,-0.49009,0.9999938607215881
1773144504.516222,PC1,0,11,0.66015,0.76052,0.01583,0.9998541474342346
1773144504.516222,PC1,0,12,0.37475,0.7663,-0.27898,0.9995813965797424
1773144504.516222,PC1,0,13,0.76641,1.20245,-0.22755,0.7603927254676819
1773144504.516222,PC1,0,14,0.34074,1.24625,-0.71542,0.8770075440406799
1773144504.516222,PC1,0,15,0.8181,0.90308,-0.75238,0.9974300265312195
1773144504.516222,PC1,0,16,0.44913,0.94654,-1.28335,0.9941155314445496
1773144504.516222,PC1,0,17,0.85358,0.80739,-0.83698,0.9968491196632385
1773144504.516222,PC1,0,18,0.46858,0.86498,-1.37177,0.9921061396598816
1773144504.516222,PC1,0,19,0.83482,0.74065,-0.79345,0.9972622990608215
1773144504.516222,PC1,0,20,0.46339,0.7949,-1.32925,0.9933239817619324
1773144504.516222,PC1,0,21,0.81936,0.76926,-0.75371,0.9966011643409729
1773144504.516222,PC1,0,22,0.4652,0.81892,-1.27744,0.9917589426040649
1773144504.516222,PC1,0,23,0.56772,1.3717,-0.01291,0.003410553326830268
1773144504.516222,PC1,0,24,0.394,1.38295,0.01593,0.0020558855030685663
1773144504.516222,PC1,0,25,0.5607,1.86368,-0.13913,0.0008599989814683795
1773144504.516222,PC1,0,26,0.4018,1.86516,-0.11736,0.0002543776936363429
1773144504.516222,PC1,0,27,0.55818,2.31042,0.09934,7.373396510956809e-05
1773144504.516222,PC1,0,28,0.40365,2.30909,0.00643,4.0455256566929165e-06
1773144504.516222,PC1,0,29,0.55801,2.38347,0.10522,5.496266749105416e-05
1773144504.516222,PC1,0,30,0.40007,2.38661,0.00876,9.370520274387673e-06
1773144504.516222,PC1,0,31,0.54401,2.4522,-0.20333,0.00016866139776539057
1773144504.516222,PC1,0,32,0.42834,2.43646,-0.3325,3.9361890230793506e-05
1773144504.516222,PC1,0,Angle_Elbow_L,90.17,,,
1773144504.516222,PC1,0,Angle_Elbow_R,103.72,,,
1773144504.516222,PC1,0,Angle_Shoulder_L,136.42,,,
1773144504.516222,PC1,0,Angle_Shoulder_R,125.58,,,
1773144504.516222,PC1,0,Length_UpperArm_L,0.5156,,,
1773144504.516222,PC1,0,Length_LowerArm_L,0.6064,,,
1773144504.516222,PC1,0,Length_UpperArm_R,0.6496,,,
1773144504.516222,PC1,0,Length_LowerArm_R,0.6512,,,
1773144504.516222,PC1,0,Width_Shoulder,0.4104,,,
1773144504.660502,PC1,0,0,0.58631,0.532,-0.57787,0.9999960660934448
1773144504.660502,PC1,0,1,0.59577,0.47613,-0.53179,0.9999940395355225
1773144504.660502,PC1,0,2,0.60354,0.47567,-0.53172,0.9999948740005493
1773144504.660502,PC1,0,3,0.61018,0.47549,-0.53144,0.9999921917915344
1773144504.660502,PC1,0,4,0.56449,0.4705,-0.56123,0.9999933838844299
1773144504.660502,PC1,0,5,0.5503,0.46584,-0.56083,0.9999935030937195
1773144504.660502,PC1,0,6,0.53519,0.46176,-0.5609,0.9999903440475464
1773144504.660502,PC1,0,7,0.60147,0.49494,-0.22175,0.9999938011169434
1773144504.660502,PC1,0,8,0.49379,0.48153,-0.3527,0.9999960660934448
1773144504.660502,PC1,0,9,0.5911,0.59406,-0.45925,0.9999917149543762
1773144504.660502,PC1,0,10,0.55907,0.5903,-0.49674,0.9999943375587463
1773144504.660502,PC1,0,11,0.65548,0.76307,0.01096,0.9998793005943298
1773144504.660502,PC1,0,12,0.37619,0.76614,-0.26807,0.9995549917221069
1773144504.660502,PC1,0,13,0.77897,1.18974,-0.25154,0.8021360635757446
1773144504.660502,PC1,0,14,0.34286,1.2437,-0.71931,0.8724116683006287
1773144504.660502,PC1,0,15,0.82693,0.89953,-0.77891,0.9979491829872131
1773144504.660502,PC1,0,16,0.43686,0.95054,-1.31417,0.9942505359649658
1773144504.660502,PC1,0,17,0.85786,0.79706,-0.86453,0.9974213242530823
1773144504.660502,PC1,0,18,0.44663,0.85866,-1.40728,0.9923010468482971
1773144504.660502,PC1,0,19,0.83796,0.73161,-0.82119,0.9977676272392273
1773144504.660502,PC1,0,20,0.44373,0.79186,-1.36704,0.9935338497161865
1773144504.660502,PC1,0,21,0.82074,0.7615,-0.78019,0.9971978068351746
1773144504.660502,PC1,0,22,0.44892,0.81919,-1.31076,0.9919949173927307
1773144504.660502,PC1,0,23,0.56772,1.3717,-0.01291,0.003572949906811118
1773144504.660502,PC1,0,24,0.394,1.38295,0.01593,0.002089572371914983
1773144504.660502,PC1,0,25,0.5607,1.86368,-0.13913,0.0008594298851676285
1773144504.660502,PC1,0,26,0.4018,1.86516,-0.11736,0.0002452940971124917
1773144504.660502,PC1,0,27,0.55818,2.31042,0.09934,7.369695231318474e-05
1773144504.660502,PC1,0,28,0.40365,2.30909,0.00643,3.821719474217389e-06
1773144504.660502,PC1,0,29,0.55801,2.38347,0.10522,5.4725944210076705e-05
1773144504.660502,PC1,0,30,0.40007,2.38661,0.00876,8.895687642507255e-06
1773144504.660502,PC1,0,31,0.54401,2.4522,-0.20333,0.0001608959719305858
1773144504.660502,PC1,0,32,0.42834,2.43646,-0.3325,3.8124951970530674e-05
1773144504.660502,PC1,0,Angle_Elbow_L,93.78,,,
1773144504.660502,PC1,0,Angle_Elbow_R,106.52,,,
1773144504.660502,PC1,0,Angle_Shoulder_L,133.54,,,
1773144504.660502,PC1,0,Angle_Shoulder_R,124.72,,,
1773144504.660502,PC1,0,Length_UpperArm_L,0.5159,,,
1773144504.660502,PC1,0,Length_LowerArm_L,0.6039,,,
1773144504.660502,PC1,0,Length_UpperArm_R,0.6579,,,
1773144504.660502,PC1,0,Length_LowerArm_R,0.6698,,,
1773144504.660502,PC1,0,Width_Shoulder,0.3948,,,
1773144504.709179,PC1,0,0,0.58558,0.5316,-0.53486,0.9999962449073792
1773144504.709179,PC1,0,1,0.59523,0.47589,-0.49039,0.9999943971633911
1773144504.709179,PC1,0,2,0.60322,0.47553,-0.49032,0.9999951720237732
1773144504.709179,PC1,0,3,0.61004,0.47538,-0.4901,0.9999927282333374
1773144504.709179,PC1,0,4,0.56349,0.46991,-0.51723,0.9999937415122986
1773144504.709179,PC1,0,5,0.54934,0.46517,-0.51681,0.9999938011169434
1773144504.709179,PC1,0,6,0.53437,0.46106,-0.51688,0.9999908804893494
1773144504.709179,PC1,0,7,0.60142,0.49543,-0.19327,0.9999942183494568
1773144504.709179,PC1,0,8,0.49344,0.48137,-0.3125,0.9999961853027344
1773144504.709179,PC1,0,9,0.59042,0.59332,-0.42142,0.9999922513961792
1773144504.709179,PC1,0,10,0.55771,0.58934,-0.45558,0.9999945759773254
1773144504.709179,PC1,0,11,0.65425,0.76436,0.02253,0.999887228012085
1773144504.709179,PC1,0,12,0.3776,0.76615,-0.23336,0.9995579719543457
1773144504.709179,PC1,0,13,0.78179,1.17714,-0.22112,0.8162122368812561
1773144504.709179,PC1,0,14,0.34629,1.2157,-0.68378,0.8731732368469238
1773144504.709179,PC1,0,15,0.83109,0.89634,-0.70389,0.9979828596115112
1773144504.709179,PC1,0,16,0.43087,0.95104,-1.27754,0.9930554628372192
1773144504.709179,PC1,0,17,0.86296,0.79208,-0.78324,0.9973561763763428
1773144504.709179,PC1,0,18,0.44032,0.85695,-1.37011,0.9905880689620972
1773144504.709179,PC1,0,19,0.84273,0.72789,-0.74421,0.9977089762687683
1773144504.709179,PC1,0,20,0.4386,0.79118,-1.33076,0.9919843077659607
1773144504.709179,PC1,0,21,0.82429,0.75872,-0.70552,0.9971227049827576
1773144504.709179,PC1,0,22,0.44473,0.82016,-1.27522,0.9903519153594971
1773144504.709179,PC1,0,23,0.56772,1.3717,-0.01291,0.004472439177334309
1773144504.709179,PC1,0,24,0.394,1.38295,0.01593,0.002637222409248352
1773144504.709179,PC1,0,25,0.5607,1.86368,-0.13913,0.0011153402738273144
1773144504.709179,PC1,0,26,0.4018,1.86516,-0.11736,0.0003328350721858442
1773144504.709179,PC1,0,27,0.55818,2.31042,0.09934,8.183257887139916e-05
1773144504.709179,PC1,0,28,0.40365,2.30909,0.00643,4.981208803656045e-06
1773144504.709179,PC1,0,29,0.55801,2.38347,0.10522,5.7361256040167063e-05
1773144504.709179,PC1,0,30,0.40007,2.38661,0.00876,1.038018581311917e-05
1773144504.709179,PC1,0,31,0.54401,2.4522,-0.20333,0.00016797780699562281
1773144504.709179,PC1,0,32,0.42834,2.43646,-0.3325,4.0952963900053874e-05
1773144504.709179,PC1,0,Angle_Elbow_L,91.65,,,
1773144504.709179,PC1,0,Angle_Elbow_R,110.43,,,
1773144504.709179,PC1,0,Angle_Shoulder_L,136.02,,,
1773144504.709179,PC1,0,Angle_Shoulder_R,125.12,,,
1773144504.709179,PC1,0,Length_UpperArm_L,0.496,,,
1773144504.709179,PC1,0,Length_LowerArm_L,0.5607,,,
1773144504.709179,PC1,0,Length_UpperArm_R,0.6371,,,
1773144504.709179,PC1,0,Length_LowerArm_R,0.6556,,,
1773144504.709179,PC1,0,Width_Shoulder,0.3769,,,
1773144504.757714,PC1,0,0,0.58452,0.53169,-0.55238,0.9999961853027344
1773144504.757714,PC1,0,1,0.59448,0.47619,-0.50682,0.9999945759773254
1773144504.757714,PC1,0,2,0.60278,0.47594,-0.50677,0.9999951720237732
1773144504.757714,PC1,0,3,0.60982,0.47582,-0.50655,0.9999929666519165
1773144504.757714,PC1,0,4,0.56212,0.46984,-0.53463,0.9999938011169434
1773144504.757714,PC1,0,5,0.54799,0.46508,-0.53425,0.9999936819076538
1773144504.757714,PC1,0,6,0.53322,0.46103,-0.53434,0.9999909400939941
1773144504.757714,PC1,0,7,0.60144,0.49659,-0.20664,0.9999943971633911
1773144504.757714,PC1,0,8,0.49298,0.48248,-0.32962,0.9999959468841553
1773144504.757714,PC1,0,9,0.58919,0.5939,-0.43804,0.999992847442627
1773144504.757714,PC1,0,10,0.55589,0.58976,-0.47391,0.9999947547912598
1773144504.757714,PC1,0,11,0.6526,0.76854,0.00826,0.9998965859413147
1773144504.757714,PC1,0,12,0.37951,0.76984,-0.23783,0.9995256066322327
1773144504.757714,PC1,0,13,0.78723,1.1591,-0.24577,0.8380395770072937
1773144504.757714,PC1,0,14,0.34473,1.20439,-0.67694,0.8798422813415527
1773144504.757714,PC1,0,15,0.83831,0.89102,-0.75005,0.9982253909111023
1773144504.757714,PC1,0,16,0.42008,0.95418,-1.27561,0.9929472804069519
1773144504.757714,PC1,0,17,0.87243,0.78541,-0.83215,0.9975444078445435
1773144504.757714,PC1,0,18,0.42845,0.85846,-1.36948,0.9900434613227844
1773144504.757714,PC1,0,19,0.85168,0.72304,-0.79254,0.9978634119033813
1773144504.757714,PC1,0,20,0.42862,0.79374,-1.33276,0.9915896654129028
1773144504.757714,PC1,0,21,0.83084,0.75523,-0.75208,0.9973006248474121
1773144504.757714,PC1,0,22,0.43536,0.82529,-1.27435,0.9897833466529846
1773144504.757714,PC1,0,23,0.56772,1.3717,-0.01291,0.0055083935149014
1773144504.757714,PC1,0,24,0.394,1.38295,0.01593,0.003142775036394596
1773144504.757714,PC1,0,25,0.5607,1.86368,-0.13913,0.0012721974635496736
1773144504.757714,PC1,0,26,0.4018,1.86516,-0.11736,0.00038157610106281936
1773144504.757714,PC1,0,27,0.55818,2.31042,0.09934,7.951114093884826e-05
1773144504.757714,PC1,0,28,0.40365,2.30909,0.00643,5.296232302498538e-06
1773144504.757714,PC1,0,29,0.55801,2.38347,0.10522,5.617046190309338e-05
1773144504.757714,PC1,0,30,0.40007,2.38661,0.00876,1.1366162652848288e-05
1773144504.757714,PC1,0,31,0.54401,2.4522,-0.20333,0.00016287311154883355
1773144504.757714,PC1,0,32,0.42834,2.43646,-0.3325,4.75066844956018e-05
1773144504.757714,PC1,0,Angle_Elbow_L,96.25,,,
1773144504.757714,PC1,0,Angle_Elbow_R,112.02,,,
1773144504.757714,PC1,0,Angle_Shoulder_L,132.51,,,
1773144504.757714,PC1,0,Angle_Shoulder_R,123.97,,,
1773144504.757714,PC1,0,Length_UpperArm_L,0.485,,,
1773144504.757714,PC1,0,Length_LowerArm_L,0.5734,,,
1773144504.757714,PC1,0,Length_UpperArm_R,0.6188,,,
1773144504.757714,PC1,0,Length_LowerArm_R,0.6532,,,
1773144504.757714,PC1,0,Width_Shoulder,0.3676,,,
1773144504.8070982,PC1,0,0,0.58378,0.53093,-0.51699,0.9999958872795105
1773144504.8070982,PC1,0,1,0.59378,0.47585,-0.47296,0.9999942779541016
1773144504.8070982,PC1,0,2,0.60226,0.47567,-0.47292,0.9999949336051941
1773144504.8070982,PC1,0,3,0.60947,0.47557,-0.47276,0.999992847442627
1773144504.8070982,PC1,0,4,0.56115,0.4694,-0.49912,0.9999933242797852
1773144504.8070982,PC1,0,5,0.54704,0.46469,-0.49873,0.999993085861206
1773144504.8070982,PC1,0,6,0.53237,0.46072,-0.49882,0.9999902844429016
1773144504.8070982,PC1,0,7,0.60143,0.49698,-0.18058,0.9999943375587463
1773144504.8070982,PC1,0,8,0.49249,0.48272,-0.29659,0.9999954104423523
1773144504.8070982,PC1,0,9,0.58855,0.59268,-0.40534,0.9999926090240479
1773144504.8070982,PC1,0,10,0.55521,0.58869,-0.43904,0.999994158744812
1773144504.8070982,PC1,0,11,0.65215,0.76946,0.02511,0.999900758266449
1773144504.8070982,PC1,0,12,0.38027,0.77089,-0.21504,0.9995127320289612
1773144504.8070982,PC1,0,13,0.78967,1.14834,-0.23085,0.8455085158348083
1773144504.8070982,PC1,0,14,0.34951,1.18586,-0.66205,0.8772815465927124
1773144504.8070982,PC1,0,15,0.84086,0.88911,-0.7239,0.9982479214668274
1773144504.8070982,PC1,0,16,0.41622,0.95566,-1.26715,0.9922745823860168
1773144504.8070982,PC1,0,17,0.87619,0.78254,-0.80545,0.9975080490112305
1773144504.8070982,PC1,0,18,0.42392,0.85985,-1.36237,0.9890572428703308
1773144504.8070982,PC1,0,19,0.85505,0.72147,-0.7689,0.9978376626968384
1773144504.8070982,PC1,0,20,0.42485,0.79466,-1.32785,0.9907593727111816
1773144504.8070982,PC1,0,21,0.83338,0.75415,-0.72688,0.9972594380378723
1773144504.8070982,PC1,0,22,0.432,0.82574,-1.26732,0.9888198971748352
1773144504.8070982,PC1,0,23,0.56772,1.3717,-0.01291,0.006121052894741297
1773144504.8070982,PC1,0,24,0.394,1.38295,0.01593,0.0035132209304720163
1773144504.8070982,PC1,0,25,0.5607,1.86368,-0.13913,0.0013625638093799353
1773144504.8070982,PC1,0,26,0.4018,1.86516,-0.11736,0.00041753266123123467
1773144504.8070982,PC1,0,27,0.55818,2.31042,0.09934,8.277292363345623e-05
1773144504.8070982,PC1,0,28,0.40365,2.30909,0.00643,5.723512458644109e-06
1773144504.8070982,PC1,0,29,0.55801,2.38347,0.10522,5.959923146292567e-05
1773144504.8070982,PC1,0,30,0.40007,2.38661,0.00876,1.1975930647167843e-05
1773144504.8070982,PC1,0,31,0.54401,2.4522,-0.20333,0.00016346399206668139
1773144504.8070982,PC1,0,32,0.42834,2.43646,-0.3325,4.837036249227822e-05
1773144504.8070982,PC1,0,Angle_Elbow_L,97.53,,,
1773144504.8070982,PC1,0,Angle_Elbow_R,115.79,,,
1773144504.8070982,PC1,0,Angle_Shoulder_L,132.99,,,
1773144504.8070982,PC1,0,Angle_Shoulder_R,123.93,,,
1773144504.8070982,PC1,0,Length_UpperArm_L,0.4775,,,
1773144504.8070982,PC1,0,Length_LowerArm_L,0.5594,,,
1773144504.8070982,PC1,0,Length_UpperArm_R,0.6107,,,
1773144504.8070982,PC1,0,Length_LowerArm_R,0.6508,,,
1773144504.8070982,PC1,0,Width_Shoulder,0.3628,,,
1773144504.878573,PC1,0,0,0.58324,0.53217,-0.54658,0.9999960064888
1773144504.878573,PC1,0,1,0.59326,0.47724,-0.49901,0.9999945163726807
1773144504.878573,PC1,0,2,0.60187,0.47719,-0.49899,0.9999951124191284
1773144504.878573,PC1,0,3,0.6092,0.47718,-0.4988,0.9999931454658508
1773144504.878573,PC1,0,4,0.56047,0.47029,-0.52787,0.9999935626983643
1773144504.878573,PC1,0,5,0.54636,0.46554,-0.52752,0.9999933242797852
1773144504.878573,PC1,0,6,0.53175,0.46159,-0.52763,0.9999906420707703
1773144504.878573,PC1,0,7,0.601,0.49793,-0.19217,0.9999945759773254
1773144504.878573,PC1,0,8,0.49213,0.48325,-0.32124,0.9999955296516418
1773144504.878573,PC1,0,9,0.58802,0.59422,-0.43008,0.9999929666519165
1773144504.878573,PC1,0,10,0.55479,0.58963,-0.46747,0.9999943375587463
1773144504.878573,PC1,0,11,0.6516,0.77188,0.02395,0.9999028444290161
1773144504.878573,PC1,0,12,0.38059,0.77598,-0.2363,0.9994508624076843
1773144504.878573,PC1,0,13,0.79232,1.14634,-0.24697,0.8558254241943359
1773144504.878573,PC1,0,14,0.34896,1.19429,-0.68994,0.8806119561195374
1773144504.878573,PC1,0,15,0.84307,0.88751,-0.7682,0.9983801245689392
1773144504.878573,PC1,0,16,0.41357,0.95676,-1.30048,0.9924523830413818
1773144504.878573,PC1,0,17,0.87925,0.78046,-0.8534,0.9976610541343689
1773144504.878573,PC1,0,18,0.42078,0.86058,-1.39797,0.989185094833374
1773144504.878573,PC1,0,19,0.8574,0.72032,-0.81571,0.9979693293571472
1773144504.878573,PC1,0,20,0.4223,0.79546,-1.36246,0.9908959269523621
1773144504.878573,PC1,0,21,0.83521,0.75338,-0.77157,0.9974111318588257
1773144504.878573,PC1,0,22,0.43001,0.82731,-1.30017,0.9889014363288879
1773144504.878573,PC1,0,23,0.56772,1.3717,-0.01291,0.006174413487315178
1773144504.878573,PC1,0,24,0.394,1.38295,0.01593,0.003512162249535322
1773144504.878573,PC1,0,25,0.5607,1.86368,-0.13913,0.00142198009416461
1773144504.878573,PC1,0,26,0.4018,1.86516,-0.11736,0.00042763957753777504
1773144504.878573,PC1,0,27,0.55818,2.31042,0.09934,8.205157791962847e-05
1773144504.878573,PC1,0,28,0.40365,2.30909,0.00643,5.883120138605591e-06
1773144504.878573,PC1,0,29,0.55801,2.38347,0.10522,5.8544279454508796e-05
1773144504.878573,PC1,0,30,0.40007,2.38661,0.00876,1.2415086530381814e-05
1773144504.878573,PC1,0,31,0.54401,2.4522,-0.20333,0.0001641002163523808
1773144504.878573,PC1,0,32,0.42834,2.43646,-0.3325,5.101432543597184e-05
1773144504.878573,PC1,0,Angle_Elbow_L,100.5,,,
1773144504.878573,PC1,0,Angle_Elbow_R,115.57,,,
1773144504.878573,PC1,0,Angle_Shoulder_L,130.29,,,
1773144504.878573,PC1,0,Angle_Shoulder_R,122.65,,,
1773144504.878573,PC1,0,Length_UpperArm_L,0.4831,,,
1773144504.878573,PC1,0,Length_LowerArm_L,0.5842,,,
1773144504.878573,PC1,0,Length_UpperArm_R,0.6179,,,
1773144504.878573,PC1,0,Length_LowerArm_R,0.6583,,,
1773144504.878573,PC1,0,Width_Shoulder,0.3758,,,
1773144504.9757829,PC1,0,0,0.58237,0.53463,-0.51864,0.9999955892562866
1773144504.9757829,PC1,0,1,0.59271,0.48012,-0.47197,0.9999942183494568
1773144504.9757829,PC1,0,2,0.60152,0.4803,-0.47196,0.9999947547912598
1773144504.9757829,PC1,0,3,0.60895,0.48051,-0.47185,0.9999930262565613
1773144504.9757829,PC1,0,4,0.5597,0.47254,-0.50183,0.9999930262565613
1773144504.9757829,PC1,0,5,0.54565,0.46778,-0.50148,0.9999924898147583
1773144504.9757829,PC1,0,6,0.53113,0.46381,-0.5016,0.9999897480010986
1773144504.9757829,PC1,0,7,0.60063,0.50084,-0.16781,0.9999944567680359
1773144504.9757829,PC1,0,8,0.4921,0.48498,-0.30305,0.9999949336051941
1773144504.9757829,PC1,0,9,0.58714,0.59734,-0.40211,0.999992847442627
1773144504.9757829,PC1,0,10,0.55414,0.59167,-0.44124,0.9999938607215881
1773144504.9757829,PC1,0,11,0.65071,0.77604,0.04629,0.9999053478240967
1773144504.9757829,PC1,0,12,0.38148,0.77587,-0.23508,0.9993323087692261
1773144504.9757829,PC1,0,13,0.79395,1.13885,-0.21002,0.866112470626831
1773144504.9757829,PC1,0,14,0.34858,1.15809,-0.69496,0.8624361753463745
1773144504.9757829,PC1,0,15,0.84819,0.88498,-0.69275,0.9985079169273376
1773144504.9757829,PC1,0,16,0.41304,0.94643,-1.2699,0.9900074601173401
1773144504.9757829,PC1,0,17,0.88394,0.77796,-0.77067,0.9977736473083496
1773144504.9757829,PC1,0,18,0.42058,0.85785,-1.36366,0.9855611324310303
1773144504.9757829,PC1,0,19,0.86184,0.72054,-0.73459,0.9980711936950684
1773144504.9757829,PC1,0,20,0.42538,0.79323,-1.32847,0.9879939556121826
1773144504.9757829,PC1,0,21,0.83906,0.75393,-0.69628,0.9975064992904663
1773144504.9757829,PC1,0,22,0.43403,0.82126,-1.2695,0.9852638840675354
1773144504.9757829,PC1,0,23,0.56772,1.3717,-0.01291,0.006676495540887117
1773144504.9757829,PC1,0,24,0.394,1.38295,0.01593,0.003659366862848401
1773144504.9757829,PC1,0,25,0.5607,1.86368,-0.13913,0.0015743204858154058
1773144504.9757829,PC1,0,26,0.4018,1.86516,-0.11736,0.000453690008725971
1773144504.9757829,PC1,0,27,0.55818,2.31042,0.09934,8.428614091826603e-05
1773144504.9757829,PC1,0,28,0.40365,2.30909,0.00643,6.506766567326849e-06
1773144504.9757829,PC1,0,29,0.55801,2.38347,0.10522,5.9752990637207404e-05
1773144504.9757829,PC1,0,30,0.40007,2.38661,0.00876,1.2658283594646491e-05
1773144504.9757829,PC1,0,31,0.54401,2.4522,-0.20333,0.00017675012350082397
1773144504.9757829,PC1,0,32,0.42834,2.43646,-0.3325,5.878778392798267e-05
1773144504.9757829,PC1,0,Angle_Elbow_L,98.86,,,
1773144504.9757829,PC1,0,Angle_Elbow_R,119.45,,,
1773144504.9757829,PC1,0,Angle_Shoulder_L,131.47,,,
1773144504.9757829,PC1,0,Angle_Shoulder_R,120.77,,,
1773144504.9757829,PC1,0,Length_UpperArm_L,0.4667,,,
1773144504.9757829,PC1,0,Length_LowerArm_L,0.5481,,,
1773144504.9757829,PC1,0,Length_UpperArm_R,0.5989,,,
1773144504.9757829,PC1,0,Length_LowerArm_R,0.616,,,
1773144504.9757829,PC1,0,Width_Shoulder,0.3894,,,
1773144505.0241458,PC1,0,0,0.58203,0.53688,-0.51095,0.9999926090240479
1773144505.0241458,PC1,0,1,0.59273,0.48294,-0.46705,0.9999914169311523
1773144505.0241458,PC1,0,2,0.60157,0.48333,-0.46712,0.9999921917915344
1773144505.0241458,PC1,0,3,0.60899,0.48377,-0.4671,0.9999904036521912
1773144505.0241458,PC1,0,4,0.5598,0.47471,-0.50058,0.99998939037323
1773144505.0241458,PC1,0,5,0.5458,0.46963,-0.50032,0.9999881982803345
1773144505.0241458,PC1,0,6,0.53127,0.46526,-0.50046,0.9999839067459106
1773144505.0241458,PC1,0,7,0.60046,0.50285,-0.16535,0.9999929070472717
1773144505.0241458,PC1,0,8,0.49234,0.48566,-0.31501,0.9999920129776001
1773144505.0241458,PC1,0,9,0.58621,0.59972,-0.39096,0.9999909996986389
1773144505.0241458,PC1,0,10,0.55333,0.59313,-0.43715,0.9999918937683105
1773144505.0241458,PC1,0,11,0.65003,0.77637,0.05459,0.9999078512191772
1773144505.0241458,PC1,0,12,0.38189,0.75925,-0.24296,0.9993075132369995
1773144505.0241458,PC1,0,13,0.79217,1.13254,-0.18194,0.8745729327201843
1773144505.0241458,PC1,0,14,0.34963,1.12146,-0.68563,0.8627342581748962
1773144505.0241458,PC1,0,15,0.85195,0.88387,-0.65805,0.9984796047210693
1773144505.0241458,PC1,0,16,0.41899,0.93458,-1.23255,0.9885140657424927
1773144505.0241458,PC1,0,17,0.88647,0.77769,-0.73562,0.9976522922515869
1773144505.0241458,PC1,0,18,0.43259,0.85121,-1.32247,0.9827322363853455
1773144505.0241458,PC1,0,19,0.86629,0.7204,-0.70559,0.9979761838912964
1773144505.0241458,PC1,0,20,0.43632,0.78916,-1.28968,0.9854100346565247
1773144505.0241458,PC1,0,21,0.84503,0.75396,-0.66366,0.9973177313804626
1773144505.0241458,PC1,0,22,0.44258,0.81753,-1.23196,0.9815072417259216
1773144505.0241458,PC1,0,23,0.56772,1.3717,-0.01291,0.008573004975914955
1773144505.0241458,PC1,0,24,0.394,1.38295,0.01593,0.004370770417153835
1773144505.0241458,PC1,0,25,0.5607,1.86368,-0.13913,0.002703436417505145
1773144505.0241458,PC1,0,26,0.4018,1.86516,-0.11736,0.001296236296184361
1773144505.0241458,PC1,0,27,0.55818,2.31042,0.09934,0.00014916167128831148
1773144505.0241458,PC1,0,28,0.40365,2.30909,0.00643,5.1153368985978886e-05
1773144505.0241458,PC1,0,29,0.55801,2.38347,0.10522,0.00010157683573197573
1773144505.0241458,PC1,0,30,0.40007,2.38661,0.00876,5.1328821427887306e-05
1773144505.0241458,PC1,0,31,0.54401,2.4522,-0.20333,0.0005014997441321611
1773144505.0241458,PC1,0,32,0.42834,2.43646,-0.3325,0.000246648007305339
1773144505.0241458,PC1,0,Angle_Elbow_L,97.68,,,
1773144505.0241458,PC1,0,Angle_Elbow_R,121.08,,,
1773144505.0241458,PC1,0,Angle_Shoulder_L,132.88,,,
1773144505.0241458,PC1,0,Angle_Shoulder_R,120.47,,,
1773144505.0241458,PC1,0,Length_UpperArm_L,0.4506,,,
1773144505.0241458,PC1,0,Length_LowerArm_L,0.5405,,,
1773144505.0241458,PC1,0,Length_UpperArm_R,0.5729,,,
1773144505.0241458,PC1,0,Length_LowerArm_R,0.5821,,,
1773144505.0241458,PC1,0,Width_Shoulder,0.4009,,,
1773144505.0718179,PC1,0,0,0.58165,0.53856,-0.49771,0.9999930262565613
1773144505.0718179,PC1,0,1,0.59264,0.48505,-0.454,0.9999918341636658
1773144505.0718179,PC1,0,2,0.6015,0.48558,-0.45407,0.9999925494194031
1773144505.0718179,PC1,0,3,0.60896,0.48619,-0.45402,0.9999908804893494
1773144505.0718179,PC1,0,4,0.55981,0.47634,-0.48635,0.9999898672103882
1773144505.0718179,PC1,0,5,0.54585,0.4711,-0.4861,0.9999887347221375
1773144505.0718179,PC1,0,6,0.5313,0.4666,-0.48624,0.9999847412109375
1773144505.0718179,PC1,0,7,0.60034,0.50431,-0.15902,0.9999932050704956
1773144505.0718179,PC1,0,8,0.49253,0.48653,-0.30375,0.9999922513961792
1773144505.0718179,PC1,0,9,0.58551,0.60152,-0.38036,0.999991238117218
1773144505.0718179,PC1,0,10,0.55272,0.59445,-0.42531,0.9999921321868896
1773144505.0718179,PC1,0,11,0.65181,0.77656,0.05981,0.9999121427536011
1773144505.0718179,PC1,0,12,0.38221,0.74706,-0.23081,0.9993122220039368
1773144505.0718179,PC1,0,13,0.79118,1.12808,-0.16991,0.8823443055152893
1773144505.0718179,PC1,0,14,0.35191,1.10229,-0.65281,0.8654919266700745
1773144505.0718179,PC1,0,15,0.85495,0.88299,-0.64104,0.9985390305519104
1773144505.0718179,PC1,0,16,0.423,0.93105,-1.19113,0.9879859685897827
1773144505.0718179,PC1,0,17,0.88924,0.77729,-0.71975,0.9976894855499268
1773144505.0718179,PC1,0,18,0.44039,0.85757,-1.28129,0.9817534685134888
1773144505.0718179,PC1,0,19,0.87021,0.72022,-0.69259,0.9980071783065796
1773144505.0718179,PC1,0,20,0.44313,0.79662,-1.24975,0.984736442565918
1773144505.0718179,PC1,0,21,0.84951,0.75399,-0.64779,0.9973616003990173
1773144505.0718179,PC1,0,22,0.44801,0.82036,-1.19121,0.9807137846946716
1773144505.0718179,PC1,0,23,0.56772,1.3717,-0.01291,0.009063361212611198
1773144505.0718179,PC1,0,24,0.394,1.38295,0.01593,0.004683416802436113
1773144505.0718179,PC1,0,25,0.5607,1.86368,-0.13913,0.0030459186527878046
1773144505.0718179,PC1,0,26,0.4018,1.86516,-0.11736,0.0013785301707684994
1773144505.0718179,PC1,0,27,0.55818,2.31042,0.09934,0.00015241390792652965
1773144505.0718179,PC1,0,28,0.40365,2.30909,0.00643,4.8760699428385124e-05
1773144505.0718179,PC1,0,29,0.55801,2.38347,0.10522,0.00010421885963296518
1773144505.0718179,PC1,0,30,0.40007,2.38661,0.00876,5.0993781769648194e-05
1773144505.0718179,PC1,0,31,0.54401,2.4522,-0.20333,0.0005074930377304554
1773144505.0718179,PC1,0,32,0.42834,2.43646,-0.3325,0.0002476340450812131
1773144505.0718179,PC1,0,Angle_Elbow_L,97.52,,,
1773144505.0718179,PC1,0,Angle_Elbow_R,121.47,,,
1773144505.0718179,PC1,0,Angle_Shoulder_L,133.99,,,
1773144505.0718179,PC1,0,Angle_Shoulder_R,122.14,,,
1773144505.0718179,PC1,0,Length_UpperArm_L,0.4424,,,
1773144505.0718179,PC1,0,Length_LowerArm_L,0.5349,,,
1773144505.0718179,PC1,0,Length_UpperArm_R,0.5524,,,
1773144505.0718179,PC1,0,Length_LowerArm_R,0.5694,,,
1773144505.0718179,PC1,0,Width_Shoulder,0.3975,,,
1773144505.2152,PC1,0,0,0.5809,0.5433,-0.49317,0.9999917149543762
1773144505.2152,PC1,0,1,0.59362,0.4894,-0.44971,0.999990701675415
1773144505.2152,PC1,0,2,0.60224,0.49052,-0.4498,0.9999915957450867
1773144505.2152,PC1,0,3,0.60955,0.49182,-0.44973,0.9999902844429016
1773144505.2152,PC1,0,4,0.56121,0.47895,-0.48412,0.9999881386756897
1773144505.2152,PC1,0,5,0.54698,0.47284,-0.48391,0.9999863505363464
1773144505.2152,PC1,0,6,0.53206,0.46757,-0.48403,0.9999817609786987
1773144505.2152,PC1,0,7,0.6011,0.50899,-0.1595,0.9999929070472717
1773144505.2152,PC1,0,8,0.4922,0.48493,-0.31515,0.9999890923500061
1773144505.2152,PC1,0,9,0.58264,0.60848,-0.37752,0.99998939037323
1773144505.2152,PC1,0,10,0.55025,0.59708,-0.42482,0.9999895691871643
1773144505.2152,PC1,0,11,0.65191,0.77643,0.06146,0.9999130964279175
1773144505.2152,PC1,0,12,0.36998,0.71699,-0.21744,0.9989598989486694
1773144505.2152,PC1,0,13,0.78045,1.08173,-0.15524,0.8942476511001587
1773144505.2152,PC1,0,14,0.32672,1.10201,-0.58516,0.7931744456291199
1773144505.2152,PC1,0,15,0.86502,0.87603,-0.61431,0.9981198906898499
1773144505.2152,PC1,0,16,0.39904,0.91842,-1.05009,0.9691739678382874
1773144505.2152,PC1,0,17,0.89809,0.76895,-0.69301,0.9969574809074402
1773144505.2152,PC1,0,18,0.41602,0.85782,-1.13481,0.9618502855300903
1773144505.2152,PC1,0,19,0.87996,0.71186,-0.66479,0.9974601864814758
1773144505.2152,PC1,0,20,0.41781,0.80481,-1.1239,0.9687831997871399
1773144505.2152,PC1,0,21,0.85926,0.74904,-0.6199,0.9965347051620483
1773144505.2152,PC1,0,22,0.42266,0.83015,-1.05437,0.961310863494873
1773144505.2152,PC1,0,23,0.56772,1.3717,-0.01291,0.010490051470696926
1773144505.2152,PC1,0,24,0.394,1.38295,0.01593,0.00535421259701252
1773144505.2152,PC1,0,25,0.5607,1.86368,-0.13913,0.006764260586351156
1773144505.2152,PC1,0,26,0.4018,1.86516,-0.11736,0.0033422831911593676
1773144505.2152,PC1,0,27,0.55818,2.31042,0.09934,0.00026440981309860945
1773144505.2152,PC1,0,28,0.40365,2.30909,0.00643,0.0001297510607400909
1773144505.2152,PC1,0,29,0.55801,2.38347,0.10522,0.00017815653700381517
1773144505.2152,PC1,0,30,0.40007,2.38661,0.00876,9.757022053236142e-05
1773144505.2152,PC1,0,31,0.54401,2.4522,-0.20333,0.0011750739067792892
1773144505.2152,PC1,0,32,0.42834,2.43646,-0.3325,0.000536531675606966
1773144505.2152,PC1,0,Angle_Elbow_L,103.62,,,
1773144505.2152,PC1,0,Angle_Elbow_R,111.11,,,
1773144505.2152,PC1,0,Angle_Shoulder_L,132.89,,,
1773144505.2152,PC1,0,Angle_Shoulder_R,129.21,,,
1773144505.2152,PC1,0,Length_UpperArm_L,0.3958,,,
1773144505.2152,PC1,0,Length_LowerArm_L,0.5101,,,
1773144505.2152,PC1,0,Length_UpperArm_R,0.5342,,,
1773144505.2152,PC1,0,Length_LowerArm_R,0.5051,,,
1773144505.2152,PC1,0,Width_Shoulder,0.401,,,
1773144505.262694,PC1,0,0,0.58209,0.54403,-0.48171,0.9999924898147583
1773144505.262694,PC1,0,1,0.59503,0.49009,-0.43998,0.9999915361404419
1773144505.262694,PC1,0,2,0.60348,0.49128,-0.44001,0.9999923706054688
1773144505.262694,PC1,0,3,0.6106,0.49259,-0.43996,0.9999911785125732
1773144505.262694,PC1,0,4,0.56269,0.4793,-0.47234,0.9999891519546509
1773144505.262694,PC1,0,5,0.54833,0.473,-0.47202,0.9999875426292419
1773144505.262694,PC1,0,6,0.53327,0.46753,-0.47209,0.9999833106994629
1773144505.262694,PC1,0,7,0.60252,0.50939,-0.15962,0.9999935626983643
1773144505.262694,PC1,0,8,0.49277,0.4842,-0.30723,0.9999901056289673
1773144505.262694,PC1,0,9,0.58357,0.60952,-0.37026,0.9999903440475464
1773144505.262694,PC1,0,10,0.55133,0.59772,-0.41467,0.9999905228614807
1773144505.262694,PC1,0,11,0.65324,0.77691,0.05639,0.9999211430549622
1773144505.262694,PC1,0,12,0.36738,0.71343,-0.20707,0.9990394711494446
1773144505.262694,PC1,0,13,0.77836,1.07167,-0.159,0.8994339108467102
1773144505.262694,PC1,0,14,0.3176,1.09476,-0.56502,0.7796517014503479
1773144505.262694,PC1,0,15,0.86864,0.87458,-0.59601,0.9981536269187927
1773144505.262694,PC1,0,16,0.39163,0.92389,-1.03133,0.9583061933517456
1773144505.262694,PC1,0,17,0.90032,0.76671,-0.67554,0.9969353675842285
1773144505.262694,PC1,0,18,0.40897,0.8794,-1.11489,0.9509816765785217
1773144505.262694,PC1,0,19,0.88224,0.70832,-0.64555,0.9974308013916016
1773144505.262694,PC1,0,20,0.41309,0.82647,-1.10336,0.9598252177238464
1773144505.262694,PC1,0,21,0.86198,0.74696,-0.60057,0.99654620885849
1773144505.262694,PC1,0,22,0.4185,0.84054,-1.0365,0.9525388479232788
1773144505.262694,PC1,0,23,0.56772,1.3717,-0.01291,0.011312982998788357
1773144505.262694,PC1,0,24,0.394,1.38295,0.01593,0.005658627953380346
1773144505.262694,PC1,0,25,0.5607,1.86368,-0.13913,0.006708138156682253
1773144505.262694,PC1,0,26,0.4018,1.86516,-0.11736,0.003228552872315049
1773144505.262694,PC1,0,27,0.55818,2.31042,0.09934,0.00025023045600391924
1773144505.262694,PC1,0,28,0.40365,2.30909,0.00643,0.0001178561506094411
1773144505.262694,PC1,0,29,0.55801,2.38347,0.10522,0.00016879246686585248
1773144505.262694,PC1,0,30,0.40007,2.38661,0.00876,8.868728764355183e-05
1773144505.262694,PC1,0,31,0.54401,2.4522,-0.20333,0.0010934736346825957
1773144505.262694,PC1,0,32,0.42834,2.43646,-0.3325,0.0004896853934042156
1773144505.262694,PC1,0,Angle_Elbow_L,104.56,,,
1773144505.262694,PC1,0,Angle_Elbow_R,111.82,,,
1773144505.262694,PC1,0,Angle_Shoulder_L,132.47,,,
1773144505.262694,PC1,0,Angle_Shoulder_R,129.94,,,
1773144505.262694,PC1,0,Length_UpperArm_L,0.3859,,,
1773144505.262694,PC1,0,Length_LowerArm_L,0.4878,,,
1773144505.262694,PC1,0,Length_UpperArm_R,0.5254,,,
1773144505.262694,PC1,0,Length_LowerArm_R,0.5021,,,
1773144505.262694,PC1,0,Width_Shoulder,0.3939,,,
1773144505.317194,PC1,0,0,0.58317,0.54426,-0.47387,0.9999921917915344
1773144505.317194,PC1,0,1,0.59617,0.49005,-0.43296,0.9999909400939941
1773144505.317194,PC1,0,2,0.60456,0.49131,-0.43297,0.9999919533729553
1773144505.317194,PC1,0,3,0.61162,0.49264,-0.43291,0.9999907612800598
1773144505.317194,PC1,0,4,0.56383,0.47933,-0.46304,0.9999883770942688
1773144505.317194,PC1,0,5,0.54937,0.47307,-0.46267,0.9999867677688599
1773144505.317194,PC1,0,6,0.5342,0.46752,-0.46275,0.9999822974205017
1773144505.317194,PC1,0,7,0.60421,0.50951,-0.15856,0.9999932646751404
1773144505.317194,PC1,0,8,0.49323,0.48372,-0.29472,0.99998939037323
1773144505.317194,PC1,0,9,0.58501,0.60968,-0.3649,0.9999895691871643
1773144505.317194,PC1,0,10,0.55245,0.59816,-0.40608,0.9999895691871643
1773144505.317194,PC1,0,11,0.65499,0.77743,0.0522,0.9999196529388428
1773144505.317194,PC1,0,12,0.36606,0.71092,-0.19446,0.9989294409751892
1773144505.317194,PC1,0,13,0.77805,1.0627,-0.16865,0.9039556980133057
1773144505.317194,PC1,0,14,0.31113,1.08958,-0.55211,0.7610740065574646
1773144505.317194,PC1,0,15,0.87142,0.87181,-0.59158,0.9981603026390076
1773144505.317194,PC1,0,16,0.3833,0.9147,-1.02673,0.9554604291915894
1773144505.317194,PC1,0,17,0.90196,0.76231,-0.6702,0.9968575239181519
1773144505.317194,PC1,0,18,0.39886,0.86948,-1.1098,0.9473326802253723
1773144505.317194,PC1,0,19,0.88397,0.70472,-0.63201,0.9973444938659668
1773144505.317194,PC1,0,20,0.40438,0.81697,-1.09606,0.9569740891456604
1773144505.317194,PC1,0,21,0.86356,0.74363,-0.59271,0.9964666962623596
1773144505.317194,PC1,0,22,0.41041,0.83297,-1.03195,0.9498549103736877
1773144505.317194,PC1,0,23,0.56772,1.3717,-0.01291,0.010840674862265587
1773144505.317194,PC1,0,24,0.394,1.38295,0.01593,0.005439550615847111
1773144505.317194,PC1,0,25,0.5607,1.86368,-0.13913,0.006485502701252699
1773144505.317194,PC1,0,26,0.4018,1.86516,-0.11736,0.002996117575094104
1773144505.317194,PC1,0,27,0.55818,2.31042,0.09934,0.00023920384410303086
1773144505.317194,PC1,0,28,0.40365,2.30909,0.00643,0.00010721815488068387
1773144505.317194,PC1,0,29,0.55801,2.38347,0.10522,0.00016203940322156996
1773144505.317194,PC1,0,30,0.40007,2.38661,0.00876,8.14539598650299e-05
1773144505.317194,PC1,0,31,0.54401,2.4522,-0.20333,0.00101519376039505
1773144505.317194,PC1,0,32,0.42834,2.43646,-0.3325,0.00044997030636295676
1773144505.317194,PC1,0,Angle_Elbow_L,106.23,,,
1773144505.317194,PC1,0,Angle_Elbow_R,111.84,,,
1773144505.317194,PC1,0,Angle_Shoulder_L,131.43,,,
1773144505.317194,PC1,0,Angle_Shoulder_R,130.14,,,
1773144505.317194,PC1,0,Length_UpperArm_L,0.3812,,,
1773144505.317194,PC1,0,Length_LowerArm_L,0.4733,,,
1773144505.317194,PC1,0,Length_UpperArm_R,0.5238,,,
1773144505.317194,PC1,0,Length_LowerArm_R,0.5109,,,
1773144505.317194,PC1,0,Width_Shoulder,0.3857,,,
1773144505.36708,PC1,0,0,0.58518,0.54441,-0.46556,0.999992847442627
1773144505.36708,PC1,0,1,0.59795,0.49,-0.42547,0.9999917149543762
1773144505.36708,PC1,0,2,0.60626,0.4913,-0.42545,0.9999926686286926
1773144505.36708,PC1,0,3,0.61328,0.49263,-0.42538,0.9999915361404419
1773144505.36708,PC1,0,4,0.56582,0.47936,-0.45524,0.9999893307685852
1773144505.36708,PC1,0,5,0.55132,0.47316,-0.45484,0.9999878406524658
1773144505.36708,PC1,0,6,0.53598,0.46759,-0.45489,0.9999836683273315
1773144505.36708,PC1,0,7,0.60576,0.50931,-0.15753,0.9999938607215881
1773144505.36708,PC1,0,8,0.49413,0.48332,-0.28915,0.9999902844429016
1773144505.36708,PC1,0,9,0.58693,0.6091,-0.35938,0.9999904632568359
1773144505.36708,PC1,0,10,0.55447,0.59826,-0.39997,0.9999904632568359
1773144505.36708,PC1,0,11,0.65641,0.77708,0.04574,0.999926745891571
1773144505.36708,PC1,0,12,0.36501,0.70656,-0.19067,0.9989988803863525
1773144505.36708,PC1,0,13,0.77854,1.05597,-0.17553,0.9095205664634705
1773144505.36708,PC1,0,14,0.30412,1.08351,-0.5471,0.7483667135238647
1773144505.36708,PC1,0,15,0.8741,0.86851,-0.58915,0.9982811212539673
1773144505.36708,PC1,0,16,0.37789,0.90802,-1.0267,0.9503949880599976
1773144505.36708,PC1,0,17,0.90328,0.75771,-0.66799,0.9970308542251587
1773144505.36708,PC1,0,18,0.39252,0.86286,-1.10945,0.9413834810256958
1773144505.36708,PC1,0,19,0.88477,0.69895,-0.62689,0.9974846839904785
1773144505.36708,PC1,0,20,0.39904,0.81214,-1.09354,0.9520760774612427
1773144505.36708,PC1,0,21,0.86448,0.73883,-0.58911,0.9966538548469543
1773144505.36708,PC1,0,22,0.40539,0.83043,-1.03164,0.9450867772102356
1773144505.36708,PC1,0,23,0.56772,1.3717,-0.01291,0.011522561311721802
1773144505.36708,PC1,0,24,0.394,1.38295,0.01593,0.005709073971956968
1773144505.36708,PC1,0,25,0.5607,1.86368,-0.13913,0.006530791986733675
1773144505.36708,PC1,0,26,0.4018,1.86516,-0.11736,0.0029074486810714006
1773144505.36708,PC1,0,27,0.55818,2.31042,0.09934,0.0002376407792326063
1773144505.36708,PC1,0,28,0.40365,2.30909,0.00643,9.816582314670086e-05
1773144505.36708,PC1,0,29,0.55801,2.38347,0.10522,0.00016346714983228594
1773144505.36708,PC1,0,30,0.40007,2.38661,0.00876,7.504224049625918e-05
1773144505.36708,PC1,0,31,0.54401,2.4522,-0.20333,0.000972981855738908
1773144505.36708,PC1,0,32,0.42834,2.43646,-0.3325,0.0004183839191682637
1773144505.36708,PC1,0,Angle_Elbow_L,106.95,,,
1773144505.36708,PC1,0,Angle_Elbow_R,111.85,,,
1773144505.36708,PC1,0,Angle_Shoulder_L,130.71,,,
1773144505.36708,PC1,0,Angle_Shoulder_R,129.99,,,
1773144505.36708,PC1,0,Length_UpperArm_L,0.3764,,,
1773144505.36708,PC1,0,Length_LowerArm_L,0.4641,,,
1773144505.36708,PC1,0,Length_UpperArm_R,0.5223,,,
1773144505.36708,PC1,0,Length_LowerArm_R,0.516,,,
1773144505.36708,PC1,0,Width_Shoulder,0.3818,,,
1773144505.4186938,PC1,0,0,0.58706,0.54437,-0.4598,0.9999925494194031
1773144505.4186938,PC1,0,1,0.59974,0.48967,-0.42217,0.9999915361404419
1773144505.4186938,PC1,0,2,0.60807,0.49087,-0.42214,0.9999924898147583
1773144505.4186938,PC1,0,3,0.61514,0.49207,-0.42209,0.9999914765357971
1773144505.4186938,PC1,0,4,0.56744,0.47927,-0.45099,0.9999889731407166
1773144505.4186938,PC1,0,5,0.55291,0.47319,-0.45059,0.9999871850013733
1773144505.4186938,PC1,0,6,0.53749,0.46765,-0.45063,0.9999829530715942
1773144505.4186938,PC1,0,7,0.60767,0.50854,-0.16062,0.9999938607215881
1773144505.4186938,PC1,0,8,0.4954,0.48314,-0.28433,0.9999895095825195
1773144505.4186938,PC1,0,9,0.58905,0.60867,-0.35767,0.9999904036521912
1773144505.4186938,PC1,0,10,0.55664,0.59833,-0.39671,0.9999900460243225
1773144505.4186938,PC1,0,11,0.65876,0.77627,0.0331,0.9999285340309143
1773144505.4186938,PC1,0,12,0.36886,0.7059,-0.18185,0.9989168643951416
1773144505.4186938,PC1,0,13,0.77966,1.0508,-0.19301,0.9099180102348328
1773144505.4186938,PC1,0,14,0.30636,1.08532,-0.53746,0.7249094247817993
1773144505.4186938,PC1,0,15,0.8759,0.86618,-0.59927,0.9982674717903137
1773144505.4186938,PC1,0,16,0.37436,0.90446,-1.02569,0.945326030254364
1773144505.4186938,PC1,0,17,0.90342,0.75378,-0.67885,0.9969478249549866
1773144505.4186938,PC1,0,18,0.38896,0.85836,-1.10884,0.9353508949279785
1773144505.4186938,PC1,0,19,0.88508,0.6943,-0.63713,0.9974044561386108
1773144505.4186938,PC1,0,20,0.39622,0.80838,-1.09158,0.9475246071815491
1773144505.4186938,PC1,0,21,0.86488,0.7347,-0.59877,0.9965629577636719
1773144505.4186938,PC1,0,22,0.40249,0.82876,-1.0312,0.9403123259544373
1773144505.4186938,PC1,0,23,0.56772,1.3717,-0.01291,0.011183512397110462
1773144505.4186938,PC1,0,24,0.394,1.38295,0.01593,0.005579210352152586
1773144505.4186938,PC1,0,25,0.5607,1.86368,-0.13913,0.00643480708822608
1773144505.4186938,PC1,0,26,0.4018,1.86516,-0.11736,0.002713785506784916
1773144505.4186938,PC1,0,27,0.55818,2.31042,0.09934,0.00023356160090770572
1773144505.4186938,PC1,0,28,0.40365,2.30909,0.00643,8.9464861957822e-05
1773144505.4186938,PC1,0,29,0.55801,2.38347,0.10522,0.00016076231258921325
1773144505.4186938,PC1,0,30,0.40007,2.38661,0.00876,6.971713446546346e-05
1773144505.4186938,PC1,0,31,0.54401,2.4522,-0.20333,0.0009105299250222743
1773144505.4186938,PC1,0,32,0.42834,2.43646,-0.3325,0.00038616659003309906
1773144505.4186938,PC1,0,Angle_Elbow_L,107.94,,,
1773144505.4186938,PC1,0,Angle_Elbow_R,111.49,,,
1773144505.4186938,PC1,0,Angle_Shoulder_L,129.57,,,
1773144505.4186938,PC1,0,Angle_Shoulder_R,130.11,,,
1773144505.4186938,PC1,0,Length_UpperArm_L,0.3756,,,
1773144505.4186938,PC1,0,Length_LowerArm_L,0.4565,,,
1773144505.4186938,PC1,0,Length_UpperArm_R,0.5238,,,
1773144505.4186938,PC1,0,Length_LowerArm_R,0.5251,,,
1773144505.4186938,PC1,0,Width_Shoulder,0.3677,,,
1773144505.529409,PC1,0,0,0.59057,0.54463,-0.4562,0.999976634979248
1773144505.529409,PC1,0,1,0.60285,0.48964,-0.42016,0.9999775886535645
1773144505.529409,PC1,0,2,0.6111,0.49077,-0.42016,0.9999797344207764
1773144505.529409,PC1,0,3,0.61803,0.49187,-0.42019,0.99997878074646
1773144505.529409,PC1,0,4,0.57057,0.47932,-0.4504,0.9999688267707825
1773144505.529409,PC1,0,5,0.55597,0.47329,-0.45004,0.999962329864502
1773144505.529409,PC1,0,6,0.54045,0.46776,-0.45015,0.9999520182609558
1773144505.529409,PC1,0,7,0.60981,0.50794,-0.1611,0.9999863505363464
1773144505.529409,PC1,0,8,0.49769,0.48303,-0.28839,0.9999724626541138
1773144505.529409,PC1,0,9,0.5921,0.60839,-0.35616,0.9999757409095764
1773144505.529409,PC1,0,10,0.56036,0.59844,-0.39435,0.9999731183052063
1773144505.529409,PC1,0,11,0.65994,0.7749,0.03043,0.999893069267273
1773144505.529409,PC1,0,12,0.37209,0.69814,-0.17917,0.9980120062828064
1773144505.529409,PC1,0,13,0.78331,1.0443,-0.20242,0.9039847254753113
1773144505.529409,PC1,0,14,0.30448,1.05987,-0.53099,0.6801202893257141
1773144505.529409,PC1,0,15,0.87951,0.86443,-0.60237,0.9973956942558289
1773144505.529409,PC1,0,16,0.36198,0.88761,-0.98895,0.9084420800209045
1773144505.529409,PC1,0,17,0.90348,0.7508,-0.67715,0.9952855110168457
1773144505.529409,PC1,0,18,0.37238,0.84357,-1.06352,0.8976884484291077
1773144505.529409,PC1,0,19,0.88526,0.69074,-0.63506,0.9959738850593567
1773144505.529409,PC1,0,20,0.38049,0.79952,-1.04763,0.9141114354133606
1773144505.529409,PC1,0,21,0.86551,0.73155,-0.60107,0.9946092963218689
1773144505.529409,PC1,0,22,0.38761,0.82121,-0.99472,0.9065642356872559
1773144505.529409,PC1,0,23,0.56772,1.3717,-0.01291,0.010889708995819092
1773144505.529409,PC1,0,24,0.394,1.38295,0.01593,0.005461270455271006
1773144505.529409,PC1,0,25,0.5607,1.86368,-0.13913,0.007252098061144352
1773144505.529409,PC1,0,26,0.4018,1.86516,-0.11736,0.002838494023308158
1773144505.529409,PC1,0,27,0.55818,2.31042,0.09934,0.00025680765975266695
1773144505.529409,PC1,0,28,0.40365,2.30909,0.00643,9.48386950767599e-05
1773144505.529409,PC1,0,29,0.55801,2.38347,0.10522,0.00017348065739497542
1773144505.529409,PC1,0,30,0.40007,2.38661,0.00876,7.875422306824476e-05
1773144505.529409,PC1,0,31,0.54401,2.4522,-0.20333,0.0009554140269756317
1773144505.529409,PC1,0,32,0.42834,2.43646,-0.3325,0.0004066322580911219
1773144505.529409,PC1,0,Angle_Elbow_L,109.52,,,
1773144505.529409,PC1,0,Angle_Elbow_R,112.24,,,
1773144505.529409,PC1,0,Angle_Shoulder_L,128.21,,,
1773144505.529409,PC1,0,Angle_Shoulder_R,129.1,,,
1773144505.529409,PC1,0,Length_UpperArm_L,0.3768,,,
1773144505.529409,PC1,0,Length_LowerArm_L,0.449,,,
1773144505.529409,PC1,0,Length_UpperArm_R,0.5091,,,
1773144505.529409,PC1,0,Length_LowerArm_R,0.4927,,,
1773144505.529409,PC1,0,Width_Shoulder,0.3643,,,
1773144505.579539,PC1,0,0,0.59511,0.54636,-0.43247,0.9999787211418152
1773144505.579539,PC1,0,1,0.6069,0.49098,-0.39851,0.9999794960021973
1773144505.579539,PC1,0,2,0.61493,0.49227,-0.39848,0.9999815225601196
1773144505.579539,PC1,0,3,0.62173,0.49357,-0.39854,0.999980628490448
1773144505.579539,PC1,0,4,0.57512,0.48031,-0.42669,0.9999715089797974
1773144505.579539,PC1,0,5,0.56072,0.47421,-0.42627,0.9999655485153198
1773144505.579539,PC1,0,6,0.54514,0.46845,-0.42632,0.999955952167511
1773144505.579539,PC1,0,7,0.61247,0.50872,-0.14959,0.9999876022338867
1773144505.579539,PC1,0,8,0.50149,0.48286,-0.27232,0.99997478723526
1773144505.579539,PC1,0,9,0.59582,0.60856,-0.33558,0.9999778866767883
1773144505.579539,PC1,0,10,0.56497,0.59898,-0.37174,0.9999753832817078
1773144505.579539,PC1,0,11,0.66046,0.7724,0.02736,0.9999027252197266
1773144505.579539,PC1,0,12,0.37597,0.68575,-0.16847,0.9981468319892883
1773144505.579539,PC1,0,13,0.7896,1.03289,-0.19415,0.9100639820098877
1773144505.579539,PC1,0,14,0.30114,1.02109,-0.52438,0.6613363027572632
1773144505.579539,PC1,0,15,0.88504,0.86383,-0.56523,0.9975498914718628
1773144505.579539,PC1,0,16,0.35183,0.86605,-0.95914,0.9003738760948181
1773144505.579539,PC1,0,17,0.90405,0.74677,-0.63872,0.9955177903175354
1773144505.579539,PC1,0,18,0.35625,0.81893,-1.02324,0.8890016078948975
1773144505.579539,PC1,0,19,0.88546,0.68647,-0.60123,0.9961711168289185
1773144505.579539,PC1,0,20,0.36465,0.77934,-1.0006,0.9070119857788086
1773144505.579539,PC1,0,21,0.86623,0.72798,-0.56492,0.9948791861534119
1773144505.579539,PC1,0,22,0.37301,0.80472,-0.95355,0.9000621438026428
1773144505.579539,PC1,0,23,0.56772,1.3717,-0.01291,0.011867024004459381
1773144505.579539,PC1,0,24,0.394,1.38295,0.01593,0.005860833916813135
1773144505.579539,PC1,0,25,0.5607,1.86368,-0.13913,0.007700602523982525
1773144505.579539,PC1,0,26,0.4018,1.86516,-0.11736,0.0028914459981024265
1773144505.579539,PC1,0,27,0.55818,2.31042,0.09934,0.0002687941596377641
1773144505.579539,PC1,0,28,0.40365,2.30909,0.00643,8.833039464661852e-05
1773144505.579539,PC1,0,29,0.55801,2.38347,0.10522,0.0001850407716119662
1773144505.579539,PC1,0,30,0.40007,2.38661,0.00876,7.418674795189872e-05
1773144505.579539,PC1,0,31,0.54401,2.4522,-0.20333,0.0009353883797302842
1773144505.579539,PC1,0,32,0.42834,2.43646,-0.3325,0.0003797849058173597
1773144505.579539,PC1,0,Angle_Elbow_L,109.26,,,
1773144505.579539,PC1,0,Angle_Elbow_R,115.52,,,
1773144505.579539,PC1,0,Angle_Shoulder_L,128.32,,,
1773144505.579539,PC1,0,Angle_Shoulder_R,127.01,,,
1773144505.579539,PC1,0,Length_UpperArm_L,0.3655,,,
1773144505.579539,PC1,0,Length_LowerArm_L,0.4188,,,
1773144505.579539,PC1,0,Length_UpperArm_R,0.4947,,,
1773144505.579539,PC1,0,Length_LowerArm_R,0.4644,,,
1773144505.579539,PC1,0,Width_Shoulder,0.3561,,,
1773144505.630195,PC1,0,0,0.59892,0.54638,-0.42846,0.9999807476997375
1773144505.630195,PC1,0,1,0.61118,0.49086,-0.39198,0.9999814033508301
1773144505.630195,PC1,0,2,0.61918,0.49215,-0.39186,0.9999832510948181
1773144505.630195,PC1,0,3,0.62606,0.49351,-0.39163,0.9999824166297913
1773144505.630195,PC1,0,4,0.57905,0.47986,-0.42336,0.9999741911888123
1773144505.630195,PC1,0,5,0.56473,0.4736,-0.42293,0.9999687671661377
1773144505.630195,PC1,0,6,0.54927,0.46765,-0.42298,0.9999600648880005
1773144505.630195,PC1,0,7,0.61581,0.50879,-0.15032,0.9999887347221375
1773144505.630195,PC1,0,8,0.50548,0.48198,-0.26609,0.999977171421051
1773144505.630195,PC1,0,9,0.59948,0.60851,-0.33673,0.9999799132347107
1773144505.630195,PC1,0,10,0.56826,0.59902,-0.36443,0.9999775886535645
1773144505.630195,PC1,0,11,0.66417,0.77177,0.02046,0.9999083280563354
1773144505.630195,PC1,0,12,0.38206,0.70107,-0.16279,0.9982027411460876
1773144505.630195,PC1,0,13,0.79544,1.02928,-0.21176,0.9122555255889893
1773144505.630195,PC1,0,14,0.30128,1.03853,-0.50631,0.6569218635559082
1773144505.630195,PC1,0,15,0.89029,0.86582,-0.59986,0.9976754784584045
1773144505.630195,PC1,0,16,0.34653,0.85415,-0.94473,0.9066793322563171
1773144505.630195,PC1,0,17,0.90816,0.74973,-0.67501,0.9957731366157532
1773144505.630195,PC1,0,18,0.34861,0.80045,-1.01035,0.8965885043144226
1773144505.630195,PC1,0,19,0.88934,0.68865,-0.63673,0.9963955879211426
1773144505.630195,PC1,0,20,0.35688,0.75702,-0.98622,0.9137231111526489
1773144505.630195,PC1,0,21,0.87113,0.72874,-0.59986,0.9951958656311035
1773144505.630195,PC1,0,22,0.36624,0.78502,-0.94126,0.9074351191520691
1773144505.630195,PC1,0,23,0.56772,1.3717,-0.01291,0.011207443661987782
1773144505.630195,PC1,0,24,0.394,1.38295,0.01593,0.005569223314523697
1773144505.630195,PC1,0,25,0.5607,1.86368,-0.13913,0.007166094612330198
1773144505.630195,PC1,0,26,0.4018,1.86516,-0.11736,0.0026393821462988853
1773144505.630195,PC1,0,27,0.55818,2.31042,0.09934,0.00024704186944290996
1773144505.630195,PC1,0,28,0.40365,2.30909,0.00643,7.971206650836393e-05
1773144505.630195,PC1,0,29,0.55801,2.38347,0.10522,0.00017058187222573906
1773144505.630195,PC1,0,30,0.40007,2.38661,0.00876,6.713427137583494e-05
1773144505.630195,PC1,0,31,0.54401,2.4522,-0.20333,0.0008540142443962395
1773144505.630195,PC1,0,32,0.42834,2.43646,-0.3325,0.00034366987529210746
1773144505.630195,PC1,0,Angle_Elbow_L,112.2,,,
1773144505.630195,PC1,0,Angle_Elbow_R,111.3,,,
1773144505.630195,PC1,0,Angle_Shoulder_L,126.52,,,
1773144505.630195,PC1,0,Angle_Shoulder_R,128.1,,,
1773144505.630195,PC1,0,Length_UpperArm_L,0.3708,,,
1773144505.630195,PC1,0,Length_LowerArm_L,0.4317,,,
1773144505.630195,PC1,0,Length_UpperArm_R,0.4883,,,
1773144505.630195,PC1,0,Length_LowerArm_R,0.4778,,,
1773144505.630195,PC1,0,Width_Shoulder,0.3438,,,
1773144505.730864,PC1,0,0,0.60187,0.54631,-0.44256,0.9999821782112122
1773144505.730864,PC1,0,1,0.6145,0.49052,-0.40375,0.9999826550483704
1773144505.730864,PC1,0,2,0.62271,0.49193,-0.4036,0.9999843835830688
1773144505.730864,PC1,0,3,0.62993,0.49338,-0.40335,0.9999836683273315
1773144505.730864,PC1,0,4,0.58199,0.47905,-0.43474,0.9999758005142212
1773144505.730864,PC1,0,5,0.5677,0.47269,-0.43429,0.9999706149101257
1773144505.730864,PC1,0,6,0.5523,0.46677,-0.43432,0.9999623894691467
1773144505.730864,PC1,0,7,0.6198,0.50892,-0.15727,0.9999895095825195
1773144505.730864,PC1,0,8,0.50857,0.4813,-0.27097,0.9999783635139465
1773144505.730864,PC1,0,9,0.60294,0.60842,-0.34936,0.999981164932251
1773144505.730864,PC1,0,10,0.57095,0.5991,-0.37645,0.99997878074646
1773144505.730864,PC1,0,11,0.66796,0.77268,0.01399,0.9999112486839294
1773144505.730864,PC1,0,12,0.38719,0.71465,-0.17146,0.9981494545936584
1773144505.730864,PC1,0,13,0.8072,1.05982,-0.23,0.908213198184967
1773144505.730864,PC1,0,14,0.30631,1.05897,-0.52851,0.648848295211792
1773144505.730864,PC1,0,15,0.89424,0.87031,-0.62474,0.9977074861526489
1773144505.730864,PC1,0,16,0.36065,0.83395,-0.96779,0.9094633460044861
1773144505.730864,PC1,0,17,0.91131,0.75333,-0.7009,0.9957561492919922
1773144505.730864,PC1,0,18,0.36076,0.75611,-1.03681,0.8982024788856506
1773144505.730864,PC1,0,19,0.89242,0.6908,-0.65944,0.9963704347610474
1773144505.730864,PC1,0,20,0.36641,0.71229,-1.00665,0.9152472615242004
1773144505.730864,PC1,0,21,0.87456,0.73126,-0.62419,0.9952278137207031
1773144505.730864,PC1,0,22,0.37552,0.74596,-0.96475,0.9089207649230957
1773144505.730864,PC1,0,23,0.56772,1.3717,-0.01291,0.010604338720440865
1773144505.730864,PC1,0,24,0.394,1.38295,0.01593,0.0052683730609714985
1773144505.730864,PC1,0,25,0.5607,1.86368,-0.13913,0.006586037576198578
1773144505.730864,PC1,0,26,0.4018,1.86516,-0.11736,0.002412190195173025
1773144505.730864,PC1,0,27,0.55818,2.31042,0.09934,0.00022815342526882887
1773144505.730864,PC1,0,28,0.40365,2.30909,0.00643,7.218123209895566e-05
1773144505.730864,PC1,0,29,0.55801,2.38347,0.10522,0.00015810501645319164
1773144505.730864,PC1,0,30,0.40007,2.38661,0.00876,6.0916550864931196e-05
1773144505.730864,PC1,0,31,0.54401,2.4522,-0.20333,0.0007912072469480336
1773144505.730864,PC1,0,32,0.42834,2.43646,-0.3325,0.0003153941361233592
1773144505.730864,PC1,0,Angle_Elbow_L,107.53,,,
1773144505.730864,PC1,0,Angle_Elbow_R,107.48,,,
1773144505.730864,PC1,0,Angle_Shoulder_L,127.29,,,
1773144505.730864,PC1,0,Angle_Shoulder_R,126.91,,,
1773144505.730864,PC1,0,Length_UpperArm_L,0.4017,,,
1773144505.730864,PC1,0,Length_LowerArm_L,0.4464,,,
1773144505.730864,PC1,0,Length_UpperArm_R,0.5026,,,
1773144505.730864,PC1,0,Length_LowerArm_R,0.4965,,,
1773144505.730864,PC1,0,Width_Shoulder,0.3415,,,
1773144505.781544,PC1,0,0,0.60555,0.54699,-0.47045,0.9999819993972778
1773144505.781544,PC1,0,1,0.61877,0.49187,-0.42931,0.999981164932251
1773144505.781544,PC1,0,2,0.62744,0.49381,-0.42919,0.9999829530715942
1773144505.781544,PC1,0,3,0.63543,0.49572,-0.42892,0.9999817609786987
1773144505.781544,PC1,0,4,0.58572,0.47929,-0.45254,0.9999740123748779
1773144505.781544,PC1,0,5,0.57148,0.47283,-0.45213,0.9999685883522034
1773144505.781544,PC1,0,6,0.55607,0.467,-0.45219,0.9999600648880005
1773144505.781544,PC1,0,7,0.62578,0.51246,-0.17558,0.9999878406524658
1773144505.781544,PC1,0,8,0.51343,0.48182,-0.26091,0.9999754428863525
1773144505.781544,PC1,0,9,0.60725,0.61032,-0.376,0.9999765157699585
1773144505.781544,PC1,0,10,0.57255,0.60084,-0.397,0.9999736547470093
1773144505.781544,PC1,0,11,0.67736,0.78505,-0.01527,0.9998375773429871
1773144505.781544,PC1,0,12,0.39816,0.75192,-0.14509,0.9974210858345032
1773144505.781544,PC1,0,13,0.83163,1.11557,-0.29444,0.9045467972755432
1773144505.781544,PC1,0,14,0.29664,1.09981,-0.50716,0.6364580392837524
1773144505.781544,PC1,0,15,0.89976,0.87748,-0.70173,0.9979038238525391
1773144505.781544,PC1,0,16,0.32174,0.82901,-0.99479,0.9213712215423584
1773144505.781544,PC1,0,17,0.91522,0.76024,-0.77998,0.9961756467819214
1773144505.781544,PC1,0,18,0.30334,0.72636,-1.07197,0.9119564294815063
1773144505.781544,PC1,0,19,0.89658,0.69347,-0.73244,0.996722936630249
1773144505.781544,PC1,0,20,0.3208,0.67895,-1.03966,0.927161455154419
1773144505.781544,PC1,0,21,0.87948,0.73458,-0.69884,0.9957095980644226
1773144505.781544,PC1,0,22,0.34026,0.7073,-0.99662,0.9219001531600952
1773144505.781544,PC1,0,23,0.56772,1.3717,-0.01291,0.009011437185108662
1773144505.781544,PC1,0,24,0.394,1.38295,0.01593,0.004549313802272081
1773144505.781544,PC1,0,25,0.5607,1.86368,-0.13913,0.005611185450106859
1773144505.781544,PC1,0,26,0.4018,1.86516,-0.11736,0.0019930496346205473
1773144505.781544,PC1,0,27,0.55818,2.31042,0.09934,0.00020785504602827132
1773144505.781544,PC1,0,28,0.40365,2.30909,0.00643,5.934971341048367e-05
1773144505.781544,PC1,0,29,0.55801,2.38347,0.10522,0.00014190367073751986
1773144505.781544,PC1,0,30,0.40007,2.38661,0.00876,5.065781806479208e-05
1773144505.781544,PC1,0,31,0.54401,2.4522,-0.20333,0.0007043667137622833
1773144505.781544,PC1,0,32,0.42834,2.43646,-0.3325,0.0002675705181900412
1773144505.781544,PC1,0,Angle_Elbow_L,102.0,,,
1773144505.781544,PC1,0,Angle_Elbow_R,106.2,,,
1773144505.781544,PC1,0,Angle_Shoulder_L,126.78,,,
1773144505.781544,PC1,0,Angle_Shoulder_R,126.51,,,
1773144505.781544,PC1,0,Length_UpperArm_L,0.4593,,,
1773144505.781544,PC1,0,Length_LowerArm_L,0.4767,,,
1773144505.781544,PC1,0,Length_UpperArm_R,0.5123,,,
1773144505.781544,PC1,0,Length_LowerArm_R,0.5583,,,
1773144505.781544,PC1,0,Width_Shoulder,0.3097,,,
1773144505.936555,PC1,0,0,0.60664,0.54815,-0.47402,0.9999825954437256
1773144505.936555,PC1,0,1,0.62033,0.49395,-0.42997,0.9999815225601196
1773144505.936555,PC1,0,2,0.62916,0.49672,-0.42988,0.9999830722808838
1773144505.936555,PC1,0,3,0.63738,0.49947,-0.42967,0.9999821782112122
1773144505.936555,PC1,0,4,0.5874,0.47949,-0.45487,0.9999747276306152
1773144505.936555,PC1,0,5,0.57344,0.47286,-0.45449,0.9999691843986511
1773144505.936555,PC1,0,6,0.55835,0.4668,-0.45458,0.9999613761901855
1773144505.936555,PC1,0,7,0.62808,0.51641,-0.16593,0.999987781047821
1773144505.936555,PC1,0,8,0.51585,0.48101,-0.25804,0.9999755620956421
1773144505.936555,PC1,0,9,0.60823,0.61187,-0.37566,0.9999772310256958
1773144505.936555,PC1,0,10,0.57258,0.60146,-0.40138,0.9999746084213257
1773144505.936555,PC1,0,11,0.67866,0.79088,-0.00459,0.999845564365387
1773144505.936555,PC1,0,12,0.397,0.76101,-0.14495,0.9975558519363403
1773144505.936555,PC1,0,13,0.83832,1.13392,-0.30936,0.9095021486282349
1773144505.936555,PC1,0,14,0.28946,1.09832,-0.52055,0.6565476655960083
1773144505.936555,PC1,0,15,0.90385,0.87964,-0.73819,0.9978910684585571
1773144505.936555,PC1,0,16,0.3056,0.83291,-1.03273,0.9272251129150391
1773144505.936555,PC1,0,17,0.91788,0.76253,-0.82159,0.9960564374923706
1773144505.936555,PC1,0,18,0.29071,0.71489,-1.11526,0.9175061583518982
1773144505.936555,PC1,0,19,0.89931,0.69427,-0.77406,0.9966192245483398
1773144505.936555,PC1,0,20,0.30763,0.66675,-1.0847,0.9318212270736694
1773144505.936555,PC1,0,21,0.88306,0.7357,-0.73663,0.9955481290817261
1773144505.936555,PC1,0,22,0.32783,0.69716,-1.03635,0.926609992980957
1773144505.936555,PC1,0,23,0.56772,1.3717,-0.01291,0.009089095517992973
1773144505.936555,PC1,0,24,0.394,1.38295,0.01593,0.004692717920988798
1773144505.936555,PC1,0,25,0.5607,1.86368,-0.13913,0.0052744559943675995
1773144505.936555,PC1,0,26,0.4018,1.86516,-0.11736,0.0018759520025923848
1773144505.936555,PC1,0,27,0.55818,2.31042,0.09934,0.0001928332494571805
1773144505.936555,PC1,0,28,0.40365,2.30909,0.00643,5.456833241623826e-05
1773144505.936555,PC1,0,29,0.55801,2.38347,0.10522,0.0001319394796155393
1773144505.936555,PC1,0,30,0.40007,2.38661,0.00876,4.679933772422373e-05
1773144505.936555,PC1,0,31,0.54401,2.4522,-0.20333,0.0006574680446647108
1773144505.936555,PC1,0,32,0.42834,2.43646,-0.3325,0.00025003208429552615
1773144505.936555,PC1,0,Angle_Elbow_L,102.75,,,
1773144505.936555,PC1,0,Angle_Elbow_R,109.84,,,
1773144505.936555,PC1,0,Angle_Shoulder_L,126.02,,,
1773144505.936555,PC1,0,Angle_Shoulder_R,125.02,,,
1773144505.936555,PC1,0,Length_UpperArm_L,0.4859,,,
1773144505.936555,PC1,0,Length_LowerArm_L,0.5028,,,
1773144505.936555,PC1,0,Length_UpperArm_R,0.5162,,,
1773144505.936555,PC1,0,Length_LowerArm_R,0.5771,,,
1773144505.936555,PC1,0,Width_Shoulder,0.3161,,,
1773144505.9964612,PC1,0,0,0.60903,0.54901,-0.479,0.9999842047691345
1773144505.9964612,PC1,0,1,0.62256,0.49554,-0.43287,0.9999831914901733
1773144505.9964612,PC1,0,2,0.63109,0.49883,-0.43277,0.9999845623970032
1773144505.9964612,PC1,0,3,0.63906,0.50211,-0.43253,0.9999837279319763
1773144505.9964612,PC1,0,4,0.59084,0.47966,-0.45881,0.9999769926071167
1773144505.9964612,PC1,0,5,0.57737,0.47282,-0.45843,0.9999719858169556
1773144505.9964612,PC1,0,6,0.56287,0.46622,-0.45853,0.9999648332595825
1773144505.9964612,PC1,0,7,0.62958,0.51908,-0.16078,0.999988853931427
1773144505.9964612,PC1,0,8,0.52074,0.4792,-0.2627,0.9999777674674988
1773144505.9964612,PC1,0,9,0.60958,0.61271,-0.37888,0.9999792575836182
1773144505.9964612,PC1,0,10,0.57556,0.60151,-0.40784,0.9999768137931824
1773144505.9964612,PC1,0,11,0.67901,0.79541,-7e-05,0.9998570680618286
1773144505.9964612,PC1,0,12,0.39317,0.7668,-0.14911,0.9976973533630371
1773144505.9964612,PC1,0,13,0.8475,1.14813,-0.31615,0.9129312634468079
1773144505.9964612,PC1,0,14,0.27845,1.09345,-0.53346,0.6634195446968079
1773144505.9964612,PC1,0,15,0.90718,0.8812,-0.75604,0.9980553388595581
1773144505.9964612,PC1,0,16,0.29345,0.83735,-1.0682,0.9330537915229797
1773144505.9964612,PC1,0,17,0.91973,0.76422,-0.84094,0.996364951133728
1773144505.9964612,PC1,0,18,0.27731,0.70891,-1.1535,0.9241435527801514
1773144505.9964612,PC1,0,19,0.90112,0.69496,-0.79212,0.9968864321708679
1773144505.9964612,PC1,0,20,0.2955,0.65976,-1.12183,0.9374618530273438
1773144505.9964612,PC1,0,21,0.88561,0.73707,-0.75418,0.9958968162536621
1773144505.9964612,PC1,0,22,0.31765,0.6923,-1.07261,0.9326897859573364
1773144505.9964612,PC1,0,23,0.56772,1.3717,-0.01291,0.00828227587044239
1773144505.9964612,PC1,0,24,0.394,1.38295,0.01593,0.004287571646273136
1773144505.9964612,PC1,0,25,0.5607,1.86368,-0.13913,0.00476645864546299
1773144505.9964612,PC1,0,26,0.4018,1.86516,-0.11736,0.0016922482755035162
1773144505.9964612,PC1,0,27,0.55818,2.31042,0.09934,0.0001741773303365335
1773144505.9964612,PC1,0,28,0.40365,2.30909,0.00643,4.9144760851049796e-05
1773144505.9964612,PC1,0,29,0.55801,2.38347,0.10522,0.00011925667786272243
1773144505.9964612,PC1,0,30,0.40007,2.38661,0.00876,4.217970490572043e-05
1773144505.9964612,PC1,0,31,0.54401,2.4522,-0.20333,0.0005946011515334249
1773144505.9964612,PC1,0,32,0.42834,2.43646,-0.3325,0.0002256166480947286
1773144505.9964612,PC1,0,Angle_Elbow_L,102.18,,,
1773144505.9964612,PC1,0,Angle_Elbow_R,113.06,,,
1773144505.9964612,PC1,0,Angle_Shoulder_L,125.67,,,
1773144505.9964612,PC1,0,Angle_Shoulder_R,123.39,,,
1773144505.9964612,PC1,0,Length_UpperArm_L,0.5027,,,
1773144505.9964612,PC1,0,Length_LowerArm_L,0.518,,,
1773144505.9964612,PC1,0,Length_UpperArm_R,0.5173,,,
1773144505.9964612,PC1,0,Length_LowerArm_R,0.5931,,,
1773144505.9964612,PC1,0,Width_Shoulder,0.3236,,,
1773144506.045239,PC1,0,0,0.61308,0.55054,-0.46261,0.999986469745636
1773144506.045239,PC1,0,1,0.62707,0.49851,-0.41602,0.9999853372573853
1773144506.045239,PC1,0,2,0.63474,0.50266,-0.41589,0.9999862313270569
1773144506.045239,PC1,0,3,0.64199,0.50668,-0.41564,0.9999856352806091
1773144506.045239,PC1,0,4,0.59772,0.48025,-0.43915,0.999980092048645
1773144506.045239,PC1,0,5,0.58519,0.4729,-0.43871,0.9999755620956421
1773144506.045239,PC1,0,6,0.57188,0.465,-0.4388,0.9999697804450989
1773144506.045239,PC1,0,7,0.63086,0.52365,-0.14417,0.9999899864196777
1773144506.045239,PC1,0,8,0.53142,0.47525,-0.25015,0.9999805092811584
1773144506.045239,PC1,0,9,0.61182,0.61231,-0.36367,0.9999814629554749
1773144506.045239,PC1,0,10,0.58016,0.59972,-0.39299,0.9999794363975525
1773144506.045239,PC1,0,11,0.67799,0.80491,0.00504,0.9998436570167542
1773144506.045239,PC1,0,12,0.39135,0.76377,-0.13825,0.9978466629981995
1773144506.045239,PC1,0,13,0.86201,1.16856,-0.28781,0.9116319417953491
1773144506.045239,PC1,0,14,0.2626,1.05478,-0.52297,0.6728055477142334
1773144506.045239,PC1,0,15,0.90909,0.88113,-0.7092,0.9979615807533264
1773144506.045239,PC1,0,16,0.27426,0.81841,-1.06128,0.9405786395072937
1773144506.045239,PC1,0,17,0.91827,0.76421,-0.78874,0.9962881207466125
1773144506.045239,PC1,0,18,0.2561,0.68065,-1.14859,0.9325599670410156
1773144506.045239,PC1,0,19,0.89695,0.69524,-0.73587,0.9968329071998596
1773144506.045239,PC1,0,20,0.28136,0.63196,-1.11223,0.9449501633644104
1773144506.045239,PC1,0,21,0.88185,0.7374,-0.70529,0.9958587288856506
1773144506.045239,PC1,0,22,0.30094,0.67306,-1.06657,0.9408947229385376
1773144506.045239,PC1,0,23,0.56772,1.3717,-0.01291,0.006932732183486223
1773144506.045239,PC1,0,24,0.394,1.38295,0.01593,0.0036389620508998632
1773144506.045239,PC1,0,25,0.5607,1.86368,-0.13913,0.003988245502114296
1773144506.045239,PC1,0,26,0.4018,1.86516,-0.11736,0.0014059426030144095
1773144506.045239,PC1,0,27,0.55818,2.31042,0.09934,0.000145937388879247
1773144506.045239,PC1,0,28,0.40365,2.30909,0.00643,4.0190952859120443e-05
1773144506.045239,PC1,0,29,0.55801,2.38347,0.10522,0.0001001135678961873
1773144506.045239,PC1,0,30,0.40007,2.38661,0.00876,3.47769346262794e-05
1773144506.045239,PC1,0,31,0.54401,2.4522,-0.20333,0.0005016024806536734
1773144506.045239,PC1,0,32,0.42834,2.43646,-0.3325,0.00018716909107752144
1773144506.045239,PC1,0,Angle_Elbow_L,96.15,,,
1773144506.045239,PC1,0,Angle_Elbow_R,117.77,,,
1773144506.045239,PC1,0,Angle_Shoulder_L,128.15,,,
1773144506.045239,PC1,0,Angle_Shoulder_R,120.82,,,
1773144506.045239,PC1,0,Length_UpperArm_L,0.5019,,,
1773144506.045239,PC1,0,Length_LowerArm_L,0.5123,,,
1773144506.045239,PC1,0,Length_UpperArm_R,0.4993,,,
1773144506.045239,PC1,0,Length_LowerArm_R,0.588,,,
1773144506.045239,PC1,0,Width_Shoulder,0.3231,,,
1773144506.0939379,PC1,0,0,0.61264,0.55001,-0.4654,0.9999876618385315
1773144506.0939379,PC1,0,1,0.62677,0.49841,-0.41752,0.9999865889549255
1773144506.0939379,PC1,0,2,0.63456,0.50301,-0.41735,0.9999873638153076
1773144506.0939379,PC1,0,3,0.64192,0.50742,-0.41711,0.9999868869781494
1773144506.0939379,PC1,0,4,0.59736,0.47919,-0.43865,0.9999818205833435
1773144506.0939379,PC1,0,5,0.58465,0.47161,-0.43817,0.9999776482582092
1773144506.0939379,PC1,0,6,0.57101,0.46357,-0.43823,0.999972403049469
1773144506.0939379,PC1,0,7,0.63066,0.52455,-0.14274,0.9999908804893494
1773144506.0939379,PC1,0,8,0.53032,0.47458,-0.24345,0.9999821782112122
1773144506.0939379,PC1,0,9,0.61193,0.61203,-0.36519,0.9999829530715942
1773144506.0939379,PC1,0,10,0.5793,0.59837,-0.39223,0.999981164932251
1773144506.0939379,PC1,0,11,0.67678,0.8075,0.00533,0.999853789806366
1773144506.0939379,PC1,0,12,0.39287,0.7644,-0.13236,0.9979600310325623
1773144506.0939379,PC1,0,13,0.85994,1.14651,-0.28212,0.9149287343025208
1773144506.0939379,PC1,0,14,0.2554,1.03844,-0.5179,0.6856769323348999
1773144506.0939379,PC1,0,15,0.90271,0.8763,-0.68682,0.9978281259536743
1773144506.0939379,PC1,0,16,0.26977,0.78378,-1.05737,0.9427223205566406
1773144506.0939379,PC1,0,17,0.90855,0.76239,-0.76622,0.9959478974342346
1773144506.0939379,PC1,0,18,0.25241,0.65539,-1.14853,0.9336065053939819
1773144506.0939379,PC1,0,19,0.887,0.69429,-0.71037,0.9965526461601257
1773144506.0939379,PC1,0,20,0.27846,0.60649,-1.11206,0.9460431933403015
1773144506.0939379,PC1,0,21,0.87364,0.73637,-0.68142,0.9955351948738098
1773144506.0939379,PC1,0,22,0.29673,0.65126,-1.06394,0.9423179030418396
1773144506.0939379,PC1,0,23,0.56772,1.3717,-0.01291,0.006427173037081957
1773144506.0939379,PC1,0,24,0.394,1.38295,0.01593,0.003410870674997568
1773144506.0939379,PC1,0,25,0.5607,1.86368,-0.13913,0.003692923579365015
1773144506.0939379,PC1,0,26,0.4018,1.86516,-0.11736,0.0012955483980476856
1773144506.0939379,PC1,0,27,0.55818,2.31042,0.09934,0.00013898217002861202
1773144506.0939379,PC1,0,28,0.40365,2.30909,0.00643,3.674231265904382e-05
1773144506.0939379,PC1,0,29,0.55801,2.38347,0.10522,9.756045619724318e-05
1773144506.0939379,PC1,0,30,0.40007,2.38661,0.00876,3.238184581277892e-05
1773144506.0939379,PC1,0,31,0.54401,2.4522,-0.20333,0.00047170062316581607
1773144506.0939379,PC1,0,32,0.42834,2.43646,-0.3325,0.0001733029494062066
1773144506.0939379,PC1,0,Angle_Elbow_L,97.97,,,
1773144506.0939379,PC1,0,Angle_Elbow_R,117.61,,,
1773144506.0939379,PC1,0,Angle_Shoulder_L,126.77,,,
1773144506.0939379,PC1,0,Angle_Shoulder_R,119.39,,,
1773144506.0939379,PC1,0,Length_UpperArm_L,0.4807,,,
1773144506.0939379,PC1,0,Length_LowerArm_L,0.4885,,,
1773144506.0939379,PC1,0,Length_UpperArm_R,0.4926,,,
1773144506.0939379,PC1,0,Length_LowerArm_R,0.5967,,,
1773144506.0939379,PC1,0,Width_Shoulder,0.3185,,,
1773144506.094066,PC1,0,0,0.61158,0.54912,-0.46293,0.9999886751174927
1773144506.094066,PC1,0,1,0.62597,0.49824,-0.41435,0.9999876618385315
1773144506.094066,PC1,0,2,0.63395,0.50325,-0.41416,0.999988317489624
1773144506.094066,PC1,0,3,0.64142,0.50794,-0.41395,0.9999879598617554
1773144506.094066,PC1,0,4,0.59635,0.47777,-0.43482,0.9999833106994629
1773144506.094066,PC1,0,5,0.58346,0.46972,-0.43433,0.9999794363975525
1773144506.094066,PC1,0,6,0.56963,0.46141,-0.43436,0.9999747276306152
1773144506.094066,PC1,0,7,0.62995,0.52521,-0.13725,0.9999915957450867
1773144506.094066,PC1,0,8,0.52869,0.47329,-0.23563,0.9999836683273315
1773144506.094066,PC1,0,9,0.6113,0.61143,-0.36195,0.9999843835830688
1773144506.094066,PC1,0,10,0.57771,0.59642,-0.38848,0.9999827742576599
1773144506.094066,PC1,0,11,0.67414,0.80856,0.0095,0.9998636841773987
1773144506.094066,PC1,0,12,0.393,0.75972,-0.12782,0.9981206655502319
1773144506.094066,PC1,0,13,0.85823,1.11708,-0.27878,0.9205739498138428
1773144506.094066,PC1,0,14,0.24886,1.01931,-0.51816,0.7080771923065186
1773144506.094066,PC1,0,15,0.89686,0.86497,-0.6859,0.9978508353233337
1773144506.094066,PC1,0,16,0.26683,0.75137,-1.0576,0.9465624690055847
1773144506.094066,PC1,0,17,0.89866,0.75502,-0.77067,0.9958946108818054
1773144506.094066,PC1,0,18,0.25002,0.62843,-1.15284,0.9369478225708008
1773144506.094066,PC1,0,19,0.87583,0.6901,-0.71149,0.9964879155158997
1773144506.094066,PC1,0,20,0.27905,0.58415,-1.11399,0.9486989974975586
1773144506.094066,PC1,0,21,0.86458,0.73034,-0.67925,0.9954568147659302
1773144506.094066,PC1,0,22,0.29508,0.63145,-1.06357,0.9452211260795593
1773144506.094066,PC1,0,23,0.56772,1.3717,-0.01291,0.00622058380395174
1773144506.094066,PC1,0,24,0.394,1.38295,0.01593,0.003405826399102807
1773144506.094066,PC1,0,25,0.5607,1.86368,-0.13913,0.0034178609494119883
1773144506.094066,PC1,0,26,0.4018,1.86516,-0.11736,0.0011994222877547145
1773144506.094066,PC1,0,27,0.55818,2.31042,0.09934,0.00012845397577621043
1773144506.094066,PC1,0,28,0.40365,2.30909,0.00643,3.34067372023128e-05
1773144506.094066,PC1,0,29,0.55801,2.38347,0.10522,9.134750871453434e-05
1773144506.094066,PC1,0,30,0.40007,2.38661,0.00876,2.9725180866080336e-05
1773144506.094066,PC1,0,31,0.54401,2.4522,-0.20333,0.00043401369475759566
1773144506.094066,PC1,0,32,0.42834,2.43646,-0.3325,0.00015832336794119328
1773144506.094066,PC1,0,Angle_Elbow_L,102.18,,,
1773144506.094066,PC1,0,Angle_Elbow_R,117.93,,,
1773144506.094066,PC1,0,Angle_Shoulder_L,124.41,,,
1773144506.094066,PC1,0,Angle_Shoulder_R,118.02,,,
1773144506.094066,PC1,0,Length_UpperArm_L,0.4606,,,
1773144506.094066,PC1,0,Length_LowerArm_L,0.4804,,,
1773144506.094066,PC1,0,Length_UpperArm_R,0.4904,,,
1773144506.094066,PC1,0,Length_LowerArm_R,0.6026,,,
1773144506.094066,PC1,0,Width_Shoulder,0.3167,,,
1773144506.237474,PC1,0,0,0.61131,0.54852,-0.4424,0.9999896287918091
1773144506.237474,PC1,0,1,0.62538,0.4981,-0.38988,0.9999886751174927
1773144506.237474,PC1,0,2,0.63342,0.50338,-0.38968,0.9999892711639404
1773144506.237474,PC1,0,3,0.64081,0.50818,-0.38947,0.9999889731407166
1773144506.237474,PC1,0,4,0.59575,0.47706,-0.41815,0.9999847412109375
1773144506.237474,PC1,0,5,0.5828,0.46883,-0.41769,0.9999812245368958
1773144506.237474,PC1,0,6,0.5688,0.46042,-0.41772,0.9999769330024719
1773144506.237474,PC1,0,7,0.6268,0.524,-0.10179,0.999992311000824
1773144506.237474,PC1,0,8,0.52693,0.47227,-0.23054,0.9999850988388062
1773144506.237474,PC1,0,9,0.61086,0.61094,-0.33715,0.9999856948852539
1773144506.237474,PC1,0,10,0.57741,0.59533,-0.37376,0.9999843239784241
1773144506.237474,PC1,0,11,0.66854,0.80315,0.04576,0.9998752474784851
1773144506.237474,PC1,0,12,0.39017,0.75188,-0.14997,0.9982735514640808
1773144506.237474,PC1,0,13,0.85742,1.07649,-0.25949,0.9269173741340637
1773144506.237474,PC1,0,14,0.2443,0.99916,-0.56493,0.7348597645759583
1773144506.237474,PC1,0,15,0.88934,0.84845,-0.68526,0.9979379177093506
1773144506.237474,PC1,0,16,0.30139,0.73427,-1.07063,0.9506917595863342
1773144506.237474,PC1,0,17,0.88555,0.74495,-0.77374,0.9959802031517029
1773144506.237474,PC1,0,18,0.30104,0.61225,-1.16375,0.9407606720924377
1773144506.237474,PC1,0,19,0.86135,0.68607,-0.71128,0.9965460300445557
1773144506.237474,PC1,0,20,0.32824,0.56993,-1.11901,0.9516324400901794
1773144506.237474,PC1,0,21,0.85105,0.72413,-0.67757,0.9955216646194458
1773144506.237474,PC1,0,22,0.33678,0.62,-1.07085,0.9481022953987122
1773144506.237474,PC1,0,23,0.56772,1.3717,-0.01291,0.006690839771181345
1773144506.237474,PC1,0,24,0.394,1.38295,0.01593,0.0037224178668111563
1773144506.237474,PC1,0,25,0.5607,1.86368,-0.13913,0.0032403520308434963
1773144506.237474,PC1,0,26,0.4018,1.86516,-0.11736,0.0012077937135472894
1773144506.237474,PC1,0,27,0.55818,2.31042,0.09934,0.0001245718012796715
1773144506.237474,PC1,0,28,0.40365,2.30909,0.00643,3.202753941877745e-05
1773144506.237474,PC1,0,29,0.55801,2.38347,0.10522,8.960600098362193e-05
1773144506.237474,PC1,0,30,0.40007,2.38661,0.00876,2.9406515750451945e-05
1773144506.237474,PC1,0,31,0.54401,2.4522,-0.20333,0.0004265371535439044
1773144506.237474,PC1,0,32,0.42834,2.43646,-0.3325,0.00015492229431401938
1773144506.237474,PC1,0,Angle_Elbow_L,109.71,,,
1773144506.237474,PC1,0,Angle_Elbow_R,118.02,,,
1773144506.237474,PC1,0,Angle_Shoulder_L,120.52,,,
1773144506.237474,PC1,0,Angle_Shoulder_R,115.9,,,
1773144506.237474,PC1,0,Length_UpperArm_L,0.4512,,,
1773144506.237474,PC1,0,Length_LowerArm_L,0.484,,,
1773144506.237474,PC1,0,Length_UpperArm_R,0.5046,,,
1773144506.237474,PC1,0,Length_LowerArm_R,0.5737,,,
1773144506.237474,PC1,0,Width_Shoulder,0.3441,,,
1773144506.288064,PC1,0,0,0.61052,0.54546,-0.4201,0.9999904632568359
1773144506.288064,PC1,0,1,0.62388,0.49756,-0.36396,0.9999891519546509
1773144506.288064,PC1,0,2,0.63193,0.50314,-0.36376,0.9999896287918091
1773144506.288064,PC1,0,3,0.63916,0.50813,-0.36354,0.9999892711639404
1773144506.288064,PC1,0,4,0.59392,0.476,-0.39773,0.9999862909317017
1773144506.288064,PC1,0,5,0.58102,0.46792,-0.39739,0.999983549118042
1773144506.288064,PC1,0,6,0.56708,0.45998,-0.39743,0.9999800324440002
1773144506.288064,PC1,0,7,0.62216,0.52235,-0.06637,0.9999921321868896
1773144506.288064,PC1,0,8,0.52524,0.47193,-0.22434,0.9999873042106628
1773144506.288064,PC1,0,9,0.61003,0.60832,-0.3106,0.9999867677688599
1773144506.288064,PC1,0,10,0.57668,0.59145,-0.35514,0.999986469745636
1773144506.288064,PC1,0,11,0.65996,0.79343,0.08814,0.9998729228973389
1773144506.288064,PC1,0,12,0.3866,0.73733,-0.17892,0.9985272884368896
1773144506.288064,PC1,0,13,0.85789,1.00155,-0.22867,0.9286524653434753
1773144506.288064,PC1,0,14,0.23929,0.97124,-0.6281,0.7803816199302673
1773144506.288064,PC1,0,15,0.87002,0.80892,-0.67031,0.9973965287208557
1773144506.288064,PC1,0,16,0.36557,0.74075,-1.09079,0.9567259550094604
1773144506.288064,PC1,0,17,0.85479,0.7145,-0.76194,0.9945672750473022
1773144506.288064,PC1,0,18,0.38768,0.65076,-1.17957,0.9443299770355225
1773144506.288064,PC1,0,19,0.8294,0.67178,-0.69425,0.9951152801513672
1773144506.288064,PC1,0,20,0.40693,0.60006,-1.12333,0.9541301727294922
1773144506.288064,PC1,0,21,0.82064,0.70554,-0.66118,0.9938645362854004
1773144506.288064,PC1,0,22,0.40714,0.64946,-1.08003,0.9499421119689941
1773144506.288064,PC1,0,23,0.56772,1.3717,-0.01291,0.007633835077285767
1773144506.288064,PC1,0,24,0.394,1.38295,0.01593,0.004422618076205254
1773144506.288064,PC1,0,25,0.5607,1.86368,-0.13913,0.003065550932660699
1773144506.288064,PC1,0,26,0.4018,1.86516,-0.11736,0.0012353903148323298
1773144506.288064,PC1,0,27,0.55818,2.31042,0.09934,0.00013951289292890579
1773144506.288064,PC1,0,28,0.40365,2.30909,0.00643,3.065880082431249e-05
1773144506.288064,PC1,0,29,0.55801,2.38347,0.10522,0.0001035095119732432
1773144506.288064,PC1,0,30,0.40007,2.38661,0.00876,3.11458388750907e-05
1773144506.288064,PC1,0,31,0.54401,2.4522,-0.20333,0.0004229064506944269
1773144506.288064,PC1,0,32,0.42834,2.43646,-0.3325,0.00015551550313830376
1773144506.288064,PC1,0,Angle_Elbow_L,119.74,,,
1773144506.288064,PC1,0,Angle_Elbow_R,118.83,,,
1773144506.288064,PC1,0,Angle_Shoulder_L,113.31,,,
1773144506.288064,PC1,0,Angle_Shoulder_R,113.3,,,
1773144506.288064,PC1,0,Length_UpperArm_L,0.4276,,,
1773144506.288064,PC1,0,Length_LowerArm_L,0.482,,,
1773144506.288064,PC1,0,Length_UpperArm_R,0.5274,,,
1773144506.288064,PC1,0,Length_LowerArm_R,0.5321,,,
1773144506.288064,PC1,0,Width_Shoulder,0.3863,,,
1773144506.288167,PC1,0,0,0.60989,0.54474,-0.41414,0.9999908208847046
1773144506.288167,PC1,0,1,0.62267,0.49756,-0.35667,0.9999894499778748
1773144506.288167,PC1,0,2,0.63057,0.50317,-0.35646,0.9999898672103882
1773144506.288167,PC1,0,3,0.63764,0.50823,-0.35624,0.9999895095825195
1773144506.288167,PC1,0,4,0.59285,0.47647,-0.39299,0.999987006187439
1773144506.288167,PC1,0,5,0.58001,0.4687,-0.39265,0.9999845623970032
1773144506.288167,PC1,0,6,0.56617,0.46111,-0.39269,0.9999813437461853
1773144506.288167,PC1,0,7,0.61881,0.52201,-0.05284,0.9999922513961792
1773144506.288167,PC1,0,8,0.52398,0.4728,-0.22402,0.9999882578849792
1773144506.288167,PC1,0,9,0.6089,0.60769,-0.30251,0.9999871850013733
1773144506.288167,PC1,0,10,0.57581,0.59058,-0.35029,0.9999873042106628
1773144506.288167,PC1,0,11,0.65453,0.79013,0.10599,0.9998708367347717
1773144506.288167,PC1,0,12,0.38182,0.73261,-0.19343,0.9986007809638977
1773144506.288167,PC1,0,13,0.85875,0.97757,-0.21136,0.9297128915786743
1773144506.288167,PC1,0,14,0.23789,0.96232,-0.64657,0.7978838086128235
1773144506.288167,PC1,0,15,0.85881,0.79098,-0.65019,0.9971494674682617
1773144506.288167,PC1,0,16,0.38989,0.75386,-1.08515,0.9587163925170898
1773144506.288167,PC1,0,17,0.83987,0.70142,-0.7407,0.9939178228378296
1773144506.288167,PC1,0,18,0.41584,0.67101,-1.17086,0.9453824162483215
1773144506.288167,PC1,0,19,0.81362,0.66436,-0.67022,0.9944736957550049
1773144506.288167,PC1,0,20,0.436,0.61751,-1.11119,0.9549075961112976
1773144506.288167,PC1,0,21,0.80691,0.69635,-0.64007,0.9931262135505676
1773144506.288167,PC1,0,22,0.42986,0.66103,-1.07088,0.9502696990966797
1773144506.288167,PC1,0,23,0.56772,1.3717,-0.01291,0.007370310369879007
1773144506.288167,PC1,0,24,0.394,1.38295,0.01593,0.004270701669156551
1773144506.288167,PC1,0,25,0.5607,1.86368,-0.13913,0.00288944598287344
1773144506.288167,PC1,0,26,0.4018,1.86516,-0.11736,0.0011644898913800716
1773144506.288167,PC1,0,27,0.55818,2.31042,0.09934,0.00013526543625630438
1773144506.288167,PC1,0,28,0.40365,2.30909,0.00643,2.8548889531521127e-05
1773144506.288167,PC1,0,29,0.55801,2.38347,0.10522,0.00010048473632195964
1773144506.288167,PC1,0,30,0.40007,2.38661,0.00876,2.9528269806178287e-05
1773144506.288167,PC1,0,31,0.54401,2.4522,-0.20333,0.00040455302223563194
1773144506.288167,PC1,0,32,0.42834,2.43646,-0.3325,0.0001477405457990244
1773144506.288167,PC1,0,Angle_Elbow_L,121.27,,,
1773144506.288167,PC1,0,Angle_Elbow_R,118.69,,,
1773144506.288167,PC1,0,Angle_Shoulder_L,111.01,,,
1773144506.288167,PC1,0,Angle_Shoulder_R,112.75,,,
1773144506.288167,PC1,0,Length_UpperArm_L,0.4214,,,
1773144506.288167,PC1,0,Length_LowerArm_L,0.4769,,,
1773144506.288167,PC1,0,Length_UpperArm_R,0.528,,,
1773144506.288167,PC1,0,Length_LowerArm_R,0.5088,,,
1773144506.288167,PC1,0,Width_Shoulder,0.4091,,,
1773144506.385456,PC1,0,0,0.60859,0.54371,-0.41001,0.9999909996986389
1773144506.385456,PC1,0,1,0.62098,0.49745,-0.35095,0.9999894499778748
1773144506.385456,PC1,0,2,0.62851,0.50296,-0.35075,0.9999898672103882
1773144506.385456,PC1,0,3,0.6352,0.50799,-0.35053,0.9999894499778748
1773144506.385456,PC1,0,4,0.59181,0.4768,-0.38999,0.9999874830245972
1773144506.385456,PC1,0,5,0.57908,0.46921,-0.38966,0.9999853372573853
1773144506.385456,PC1,0,6,0.56541,0.46183,-0.3897,0.9999824166297913
1773144506.385456,PC1,0,7,0.61532,0.52167,-0.03947,0.9999921917915344
1773144506.385456,PC1,0,8,0.52304,0.47336,-0.22293,0.9999890327453613
1773144506.385456,PC1,0,9,0.60662,0.60658,-0.29584,0.9999872446060181
1773144506.385456,PC1,0,10,0.57436,0.5889,-0.34695,0.999987781047821
1773144506.385456,PC1,0,11,0.64809,0.78998,0.12696,0.9998626112937927
1773144506.385456,PC1,0,12,0.3786,0.72913,-0.20333,0.9986782073974609
1773144506.385456,PC1,0,13,0.85956,0.95734,-0.18314,0.9308114051818848
1773144506.385456,PC1,0,14,0.23832,0.95604,-0.66097,0.8126456141471863
1773144506.385456,PC1,0,15,0.84383,0.77671,-0.6066,0.9965486526489258
1773144506.385456,PC1,0,16,0.40167,0.7618,-1.08437,0.9608266949653625
1773144506.385456,PC1,0,17,0.82175,0.69233,-0.69291,0.9925999045372009
1773144506.385456,PC1,0,18,0.42846,0.68536,-1.16701,0.9471962451934814
1773144506.385456,PC1,0,19,0.79434,0.65915,-0.61906,0.9931963682174683
1773144506.385456,PC1,0,20,0.44942,0.62859,-1.10816,0.9562575817108154
1773144506.385456,PC1,0,21,0.78905,0.68994,-0.59481,0.9916518926620483
1773144506.385456,PC1,0,22,0.44096,0.66869,-1.06862,0.951600193977356
1773144506.385456,PC1,0,23,0.56772,1.3717,-0.01291,0.007268513087183237
1773144506.385456,PC1,0,24,0.394,1.38295,0.01593,0.004284574184566736
1773144506.385456,PC1,0,25,0.5607,1.86368,-0.13913,0.0027323858812451363
1773144506.385456,PC1,0,26,0.4018,1.86516,-0.11736,0.0011165232863277197
1773144506.385456,PC1,0,27,0.55818,2.31042,0.09934,0.00013979908544570208
1773144506.385456,PC1,0,28,0.40365,2.30909,0.00643,2.8426115022739395e-05
1773144506.385456,PC1,0,29,0.55801,2.38347,0.10522,0.00010565252887317911
1773144506.385456,PC1,0,30,0.40007,2.38661,0.00876,3.0493507438222878e-05
1773144506.385456,PC1,0,31,0.54401,2.4522,-0.20333,0.0004267124750185758
1773144506.385456,PC1,0,32,0.42834,2.43646,-0.3325,0.00015317232464440167
1773144506.385456,PC1,0,Angle_Elbow_L,121.09,,,
1773144506.385456,PC1,0,Angle_Elbow_R,119.0,,,
1773144506.385456,PC1,0,Angle_Shoulder_L,109.3,,,
1773144506.385456,PC1,0,Angle_Shoulder_R,112.67,,,
1773144506.385456,PC1,0,Length_UpperArm_L,0.411,,,
1773144506.385456,PC1,0,Length_LowerArm_L,0.4606,,,
1773144506.385456,PC1,0,Length_UpperArm_R,0.5297,,,
1773144506.385456,PC1,0,Length_LowerArm_R,0.4936,,,
1773144506.385456,PC1,0,Width_Shoulder,0.4306,,,
1773144506.480984,PC1,0,0,0.60689,0.54271,-0.38736,0.9999918341636658
1773144506.480984,PC1,0,1,0.61812,0.49701,-0.32674,0.9999903440475464
1773144506.480984,PC1,0,2,0.62485,0.50209,-0.32655,0.9999905824661255
1773144506.480984,PC1,0,3,0.63065,0.50677,-0.32633,0.9999902844429016
1773144506.480984,PC1,0,4,0.59044,0.47809,-0.37094,0.999988853931427
1773144506.480984,PC1,0,5,0.57796,0.47121,-0.37063,0.9999870657920837
1773144506.480984,PC1,0,6,0.56454,0.46473,-0.37067,0.9999846816062927
1773144506.480984,PC1,0,7,0.60756,0.52028,-0.01088,0.999992847442627
1773144506.480984,PC1,0,8,0.52178,0.47525,-0.21311,0.9999904632568359
1773144506.480984,PC1,0,9,0.6034,0.60524,-0.27113,0.9999881982803345
1773144506.480984,PC1,0,10,0.57274,0.58755,-0.32791,0.9999890923500061
1773144506.480984,PC1,0,11,0.63386,0.79364,0.16659,0.9998573064804077
1773144506.480984,PC1,0,12,0.37731,0.72922,-0.21465,0.9987761378288269
1773144506.480984,PC1,0,13,0.84969,0.93093,-0.11751,0.9345712065696716
1773144506.480984,PC1,0,14,0.24366,0.94997,-0.66455,0.8378838300704956
1773144506.480984,PC1,0,15,0.81695,0.76287,-0.49553,0.9957528114318848
1773144506.480984,PC1,0,16,0.41001,0.74361,-1.04474,0.963879406452179
1773144506.480984,PC1,0,17,0.79203,0.68638,-0.57367,0.9911273121833801
1773144506.480984,PC1,0,18,0.43452,0.65564,-1.12164,0.9500419497489929
1773144506.480984,PC1,0,19,0.76492,0.65634,-0.49627,0.9917334914207458
1773144506.480984,PC1,0,20,0.45664,0.61881,-1.06455,0.9585297703742981
1773144506.480984,PC1,0,21,0.75788,0.68741,-0.48148,0.9899090528488159
1773144506.480984,PC1,0,22,0.44385,0.65546,-1.02794,0.9540539979934692
1773144506.480984,PC1,0,23,0.56772,1.3717,-0.01291,0.007251374423503876
1773144506.480984,PC1,0,24,0.394,1.38295,0.01593,0.00444171903654933
1773144506.480984,PC1,0,25,0.5607,1.86368,-0.13913,0.0030617841985076666
1773144506.480984,PC1,0,26,0.4018,1.86516,-0.11736,0.0015208732802420855
1773144506.480984,PC1,0,27,0.55818,2.31042,0.09934,0.00017976781236939132
1773144506.480984,PC1,0,28,0.40365,2.30909,0.00643,3.7707137380493805e-05
1773144506.480984,PC1,0,29,0.55801,2.38347,0.10522,0.00014005163393449038
1773144506.480984,PC1,0,30,0.40007,2.38661,0.00876,4.4899854401592165e-05
1773144506.480984,PC1,0,31,0.54401,2.4522,-0.20333,0.0006575369625352323
1773144506.480984,PC1,0,32,0.42834,2.43646,-0.3325,0.00023894089099485427
1773144506.480984,PC1,0,Angle_Elbow_L,119.14,,,
1773144506.480984,PC1,0,Angle_Elbow_R,115.44,,,
1773144506.480984,PC1,0,Angle_Shoulder_L,107.77,,,
1773144506.480984,PC1,0,Angle_Shoulder_R,113.54,,,
1773144506.480984,PC1,0,Length_UpperArm_L,0.3823,,,
1773144506.480984,PC1,0,Length_LowerArm_L,0.415,,,
1773144506.480984,PC1,0,Length_UpperArm_R,0.5187,,,
1773144506.480984,PC1,0,Length_LowerArm_R,0.4635,,,
1773144506.480984,PC1,0,Width_Shoulder,0.464,,,
1773144506.577674,PC1,0,0,0.60237,0.54031,-0.37291,0.999991238117218
1773144506.577674,PC1,0,1,0.61317,0.49555,-0.31082,0.9999887347221375
1773144506.577674,PC1,0,2,0.61963,0.50016,-0.31068,0.9999890327453613
1773144506.577674,PC1,0,3,0.62526,0.50445,-0.31042,0.9999883770942688
1773144506.577674,PC1,0,4,0.58618,0.47819,-0.35811,0.9999881386756897
1773144506.577674,PC1,0,5,0.57374,0.47188,-0.35781,0.9999870657920837
1773144506.577674,PC1,0,6,0.56025,0.4661,-0.35783,0.9999850988388062
1773144506.577674,PC1,0,7,0.603,0.51872,0.00884,0.9999915361404419
1773144506.577674,PC1,0,8,0.51691,0.47637,-0.19432,0.9999910593032837
1773144506.577674,PC1,0,9,0.59936,0.60314,-0.25569,0.9999871850013733
1773144506.577674,PC1,0,10,0.56953,0.58621,-0.31496,0.9999892711639404
1773144506.577674,PC1,0,11,0.62737,0.79343,0.16617,0.9998480081558228
1773144506.577674,PC1,0,12,0.38026,0.72377,-0.20189,0.9989274144172668
1773144506.577674,PC1,0,13,0.85235,0.90886,-0.15053,0.9384846687316895
1773144506.577674,PC1,0,14,0.24935,0.93198,-0.65125,0.8648983240127563
1773144506.577674,PC1,0,15,0.79988,0.7537,-0.53175,0.9950568675994873
1773144506.577674,PC1,0,16,0.42584,0.74873,-1.00774,0.9682108163833618
1773144506.577674,PC1,0,17,0.77408,0.68113,-0.61116,0.989022970199585
1773144506.577674,PC1,0,18,0.45921,0.67617,-1.08242,0.9534525871276855
1773144506.577674,PC1,0,19,0.74607,0.65487,-0.52655,0.9897295832633972
1773144506.577674,PC1,0,20,0.4791,0.64028,-1.04206,0.960994303226471
1773144506.577674,PC1,0,21,0.74053,0.68522,-0.51432,0.9875975251197815
1773144506.577674,PC1,0,22,0.46422,0.67016,-1.00262,0.9562539458274841
1773144506.577674,PC1,0,23,0.56772,1.3717,-0.01291,0.007795871235430241
1773144506.577674,PC1,0,24,0.394,1.38295,0.01593,0.005144292488694191
1773144506.577674,PC1,0,25,0.5607,1.86368,-0.13913,0.003186645219102502
1773144506.577674,PC1,0,26,0.4018,1.86516,-0.11736,0.00162816746160388
1773144506.577674,PC1,0,27,0.55818,2.31042,0.09934,0.00021818786626681685
1773144506.577674,PC1,0,28,0.40365,2.30909,0.00643,3.896320777130313e-05
1773144506.577674,PC1,0,29,0.55801,2.38347,0.10522,0.00017337330791633576
1773144506.577674,PC1,0,30,0.40007,2.38661,0.00876,5.087204772280529e-05
1773144506.577674,PC1,0,31,0.54401,2.4522,-0.20333,0.0006322799599729478
1773144506.577674,PC1,0,32,0.42834,2.43646,-0.3325,0.0002317113830940798
1773144506.577674,PC1,0,Angle_Elbow_L,122.77,,,
1773144506.577674,PC1,0,Angle_Elbow_R,116.17,,,
1773144506.577674,PC1,0,Angle_Shoulder_L,103.86,,,
1773144506.577674,PC1,0,Angle_Shoulder_R,112.83,,,
1773144506.577674,PC1,0,Length_UpperArm_L,0.4053,,,
1773144506.577674,PC1,0,Length_LowerArm_L,0.4149,,,
1773144506.577674,PC1,0,Length_UpperArm_R,0.5123,,,
1773144506.577674,PC1,0,Length_LowerArm_R,0.438,,,
1773144506.577674,PC1,0,Width_Shoulder,0.4488,,,
1773144506.673496,PC1,0,0,0.59941,0.53872,-0.36931,0.9999901652336121
1773144506.673496,PC1,0,1,0.6098,0.49464,-0.30773,0.9999873638153076
1773144506.673496,PC1,0,2,0.61607,0.49909,-0.3076,0.9999873638153076
1773144506.673496,PC1,0,3,0.62153,0.50327,-0.30733,0.9999868869781494
1773144506.673496,PC1,0,4,0.58322,0.47805,-0.3556,0.9999870657920837
1773144506.673496,PC1,0,5,0.57062,0.4721,-0.35528,0.9999862313270569
1773144506.673496,PC1,0,6,0.55704,0.46681,-0.35529,0.9999845027923584
1773144506.673496,PC1,0,7,0.5993,0.51808,0.01413,0.9999903440475464
1773144506.673496,PC1,0,8,0.51272,0.47719,-0.18923,0.9999908804893494
1773144506.673496,PC1,0,9,0.59658,0.602,-0.25306,0.9999858736991882
1773144506.673496,PC1,0,10,0.56694,0.58573,-0.31212,0.9999886751174927
1773144506.673496,PC1,0,11,0.62447,0.7928,0.17155,0.9998348355293274
1773144506.673496,PC1,0,12,0.37757,0.72066,-0.20561,0.9989224076271057
1773144506.673496,PC1,0,13,0.85342,0.90065,-0.1641,0.9415075778961182
1773144506.673496,PC1,0,14,0.25038,0.91788,-0.666,0.876020610332489
1773144506.673496,PC1,0,15,0.79116,0.74621,-0.55781,0.994680643081665
1773144506.673496,PC1,0,16,0.43163,0.75372,-1.00557,0.9689962267875671
1773144506.673496,PC1,0,17,0.76382,0.67598,-0.63986,0.9874635338783264
1773144506.673496,PC1,0,18,0.46771,0.68351,-1.08039,0.9523349404335022
1773144506.673496,PC1,0,19,0.73691,0.65321,-0.55093,0.9881731271743774
1773144506.673496,PC1,0,20,0.48587,0.64848,-1.03785,0.9597375392913818
1773144506.673496,PC1,0,21,0.7321,0.68258,-0.53919,0.9855987429618835
1773144506.673496,PC1,0,22,0.47104,0.67835,-0.99959,0.954092264175415
1773144506.673496,PC1,0,23,0.56772,1.3717,-0.01291,0.008476423099637032
1773144506.673496,PC1,0,24,0.394,1.38295,0.01593,0.005535157863050699
1773144506.673496,PC1,0,25,0.5607,1.86368,-0.13913,0.003338140668347478
1773144506.673496,PC1,0,26,0.4018,1.86516,-0.11736,0.0018220643978565931
1773144506.673496,PC1,0,27,0.55818,2.31042,0.09934,0.0002174024994019419
1773144506.673496,PC1,0,28,0.40365,2.30909,0.00643,4.220485425321385e-05
1773144506.673496,PC1,0,29,0.55801,2.38347,0.10522,0.0001694606035016477
1773144506.673496,PC1,0,30,0.40007,2.38661,0.00876,5.298036558087915e-05
1773144506.673496,PC1,0,31,0.54401,2.4522,-0.20333,0.0006654429016634822
1773144506.673496,PC1,0,32,0.42834,2.43646,-0.3325,0.0002495393273420632
1773144506.673496,PC1,0,Angle_Elbow_L,124.29,,,
1773144506.673496,PC1,0,Angle_Elbow_R,117.82,,,
1773144506.673496,PC1,0,Angle_Shoulder_L,102.4,,,
1773144506.673496,PC1,0,Angle_Shoulder_R,111.26,,,
1773144506.673496,PC1,0,Length_UpperArm_L,0.4204,,,
1773144506.673496,PC1,0,Length_LowerArm_L,0.4275,,,
1773144506.673496,PC1,0,Length_UpperArm_R,0.5168,,,
1773144506.673496,PC1,0,Length_LowerArm_R,0.4185,,,
1773144506.673496,PC1,0,Width_Shoulder,0.4565,,,
1773144506.769314,PC1,0,0,0.58686,0.53697,-0.36293,0.9999908804893494
1773144506.769314,PC1,0,1,0.59678,0.49382,-0.30213,0.9999878406524658
1773144506.769314,PC1,0,2,0.60243,0.49815,-0.30196,0.9999878406524658
1773144506.769314,PC1,0,3,0.60755,0.50256,-0.30175,0.9999875426292419
1773144506.769314,PC1,0,4,0.57086,0.47825,-0.34873,0.9999880194664001
1773144506.769314,PC1,0,5,0.55857,0.47256,-0.34844,0.9999874234199524
1773144506.769314,PC1,0,6,0.54513,0.46752,-0.34845,0.9999861121177673
1773144506.769314,PC1,0,7,0.58619,0.51824,0.01875,0.9999909400939941
1773144506.769314,PC1,0,8,0.50121,0.47641,-0.18301,0.9999920129776001
1773144506.769314,PC1,0,9,0.58332,0.60062,-0.2472,0.9999873638153076
1773144506.769314,PC1,0,10,0.55378,0.58486,-0.30706,0.9999901056289673
1773144506.769314,PC1,0,11,0.60573,0.78522,0.17278,0.9998583793640137
1773144506.769314,PC1,0,12,0.36273,0.6952,-0.20127,0.9991233348846436
1773144506.769314,PC1,0,13,0.84389,0.88247,-0.17799,0.9488381743431091
1773144506.769314,PC1,0,14,0.24401,0.89589,-0.66011,0.9005794525146484
1773144506.769314,PC1,0,15,0.76844,0.72299,-0.57706,0.9944029450416565
1773144506.769314,PC1,0,16,0.44165,0.75807,-0.97636,0.9728834629058838
1773144506.769314,PC1,0,17,0.74118,0.66137,-0.66585,0.9861948490142822
1773144506.769314,PC1,0,18,0.48163,0.70114,-1.04934,0.9549728631973267
1773144506.769314,PC1,0,19,0.71085,0.6465,-0.57584,0.9869433045387268
1773144506.769314,PC1,0,20,0.49614,0.66175,-0.99298,0.9614196419715881
1773144506.769314,PC1,0,21,0.70713,0.67242,-0.55892,0.9841151833534241
1773144506.769314,PC1,0,22,0.47985,0.69289,-0.9615,0.954942524433136
1773144506.769314,PC1,0,23,0.56772,1.3717,-0.01291,0.009308491833508015
1773144506.769314,PC1,0,24,0.394,1.38295,0.01593,0.005931066814810038
1773144506.769314,PC1,0,25,0.5607,1.86368,-0.13913,0.003140060231089592
1773144506.769314,PC1,0,26,0.4018,1.86516,-0.11736,0.0018370720790699124
1773144506.769314,PC1,0,27,0.55818,2.31042,0.09934,0.00019860001339111477
1773144506.769314,PC1,0,28,0.40365,2.30909,0.00643,3.881015072693117e-05
1773144506.769314,PC1,0,29,0.55801,2.38347,0.10522,0.00015601985796820372
1773144506.769314,PC1,0,30,0.40007,2.38661,0.00876,4.8409507144242525e-05
1773144506.769314,PC1,0,31,0.54401,2.4522,-0.20333,0.0006147538078948855
1773144506.769314,PC1,0,32,0.42834,2.43646,-0.3325,0.00023285967472475022
1773144506.769314,PC1,0,Angle_Elbow_L,124.13,,,
1773144506.769314,PC1,0,Angle_Elbow_R,117.34,,,
1773144506.769314,PC1,0,Angle_Shoulder_L,101.58,,,
1773144506.769314,PC1,0,Angle_Shoulder_R,111.65,,,
1773144506.769314,PC1,0,Length_UpperArm_L,0.435,,,
1773144506.769314,PC1,0,Length_LowerArm_L,0.4363,,,
1773144506.769314,PC1,0,Length_UpperArm_R,0.5147,,,
1773144506.769314,PC1,0,Length_LowerArm_R,0.3976,,,
1773144506.769314,PC1,0,Width_Shoulder,0.455,,,
1773144506.864693,PC1,0,0,0.58287,0.53674,-0.35794,0.9999917149543762
1773144506.864693,PC1,0,1,0.59237,0.49353,-0.29675,0.9999887943267822
1773144506.864693,PC1,0,2,0.59782,0.49775,-0.29658,0.999988853931427
1773144506.864693,PC1,0,3,0.60281,0.50219,-0.29635,0.9999885559082031
1773144506.864693,PC1,0,4,0.56684,0.47827,-0.34377,0.9999890327453613
1773144506.864693,PC1,0,5,0.55462,0.47256,-0.34348,0.9999884963035583
1773144506.864693,PC1,0,6,0.54136,0.46741,-0.34349,0.9999873042106628
1773144506.864693,PC1,0,7,0.58247,0.51815,0.02254,0.9999916553497314
1773144506.864693,PC1,0,8,0.49808,0.47484,-0.18132,0.9999927282333374
1773144506.864693,PC1,0,9,0.57921,0.60048,-0.24247,0.9999884366989136
1773144506.864693,PC1,0,10,0.54981,0.58474,-0.30288,0.9999909400939941
1773144506.864693,PC1,0,11,0.60124,0.77975,0.18018,0.9998700618743896
1773144506.864693,PC1,0,12,0.35661,0.68866,-0.19974,0.9992009401321411
1773144506.864693,PC1,0,13,0.83872,0.87911,-0.16232,0.9523203372955322
1773144506.864693,PC1,0,14,0.24419,0.90917,-0.65253,0.9090035557746887
1773144506.864693,PC1,0,15,0.76348,0.71726,-0.56108,0.9947453737258911
1773144506.864693,PC1,0,16,0.44604,0.76022,-0.97102,0.9752001166343689
1773144506.864693,PC1,0,17,0.73619,0.65753,-0.65021,0.9870103597640991
1773144506.864693,PC1,0,18,0.48444,0.7019,-1.04479,0.958622932434082
1773144506.864693,PC1,0,19,0.70583,0.64378,-0.5601,0.9877046942710876
1773144506.864693,PC1,0,20,0.49491,0.66104,-0.98638,0.9645069241523743
1773144506.864693,PC1,0,21,0.7029,0.66842,-0.54295,0.9850599765777588
1773144506.864693,PC1,0,22,0.48095,0.69257,-0.95484,0.958561360836029
1773144506.864693,PC1,0,23,0.56772,1.3717,-0.01291,0.009137052111327648
1773144506.864693,PC1,0,24,0.394,1.38295,0.01593,0.005857926327735186
1773144506.864693,PC1,0,25,0.5607,1.86368,-0.13913,0.0029674882534891367
1773144506.864693,PC1,0,26,0.4018,1.86516,-0.11736,0.0017653076210990548
1773144506.864693,PC1,0,27,0.55818,2.31042,0.09934,0.00018628951511345804
1773144506.864693,PC1,0,28,0.40365,2.30909,0.00643,3.639187343651429e-05
1773144506.864693,PC1,0,29,0.55801,2.38347,0.10522,0.00014716746227350086
1773144506.864693,PC1,0,30,0.40007,2.38661,0.00876,4.569530938169919e-05
1773144506.864693,PC1,0,31,0.54401,2.4522,-0.20333,0.000576633436139673
1773144506.864693,PC1,0,32,0.42834,2.43646,-0.3325,0.00021949280926492065
1773144506.864693,PC1,0,Angle_Elbow_L,123.25,,,
1773144506.864693,PC1,0,Angle_Elbow_R,115.08,,,
1773144506.864693,PC1,0,Angle_Shoulder_L,102.68,,,
1773144506.864693,PC1,0,Angle_Shoulder_R,114.28,,,
1773144506.864693,PC1,0,Length_UpperArm_L,0.4285,,,
1773144506.864693,PC1,0,Length_LowerArm_L,0.4369,,,
1773144506.864693,PC1,0,Length_UpperArm_R,0.516,,,
1773144506.864693,PC1,0,Length_LowerArm_R,0.4054,,,
1773144506.864693,PC1,0,Width_Shoulder,0.461,,,
1773144506.912514,PC1,0,0,0.57722,0.53651,-0.36008,0.9999898672103882
1773144506.912514,PC1,0,1,0.58545,0.49318,-0.29998,0.9999849796295166
1773144506.912514,PC1,0,2,0.59057,0.49723,-0.29982,0.9999843239784241
1773144506.912514,PC1,0,3,0.59533,0.50159,-0.29965,0.9999840259552002
1773144506.912514,PC1,0,4,0.56056,0.47866,-0.34675,0.9999865889549255
1773144506.912514,PC1,0,5,0.54842,0.47308,-0.34652,0.9999864101409912
1773144506.912514,PC1,0,6,0.53542,0.46788,-0.34658,0.9999857544898987
1773144506.912514,PC1,0,7,0.57527,0.51652,0.01924,0.9999877214431763
1773144506.912514,PC1,0,8,0.49349,0.4732,-0.18602,0.9999920725822449
1773144506.912514,PC1,0,9,0.57319,0.59964,-0.24281,0.9999855160713196
1773144506.912514,PC1,0,10,0.54386,0.58459,-0.30332,0.999989926815033
1773144506.912514,PC1,0,11,0.59368,0.76953,0.17717,0.9998554587364197
1773144506.912514,PC1,0,12,0.34858,0.68041,-0.19765,0.9992726445198059
1773144506.912514,PC1,0,13,0.82814,0.87268,-0.16554,0.9556301832199097
1773144506.912514,PC1,0,14,0.24325,0.92651,-0.65423,0.923194944858551
1773144506.912514,PC1,0,15,0.75329,0.70644,-0.56811,0.9944575428962708
1773144506.912514,PC1,0,16,0.44384,0.76199,-0.99369,0.9773050546646118
1773144506.912514,PC1,0,17,0.72725,0.65093,-0.65572,0.9856604933738708
1773144506.912514,PC1,0,18,0.48075,0.70053,-1.07031,0.9595933556556702
1773144506.912514,PC1,0,19,0.69546,0.63696,-0.56292,0.9861761927604675
1773144506.912514,PC1,0,20,0.48853,0.65926,-1.00714,0.9648436307907104
1773144506.912514,PC1,0,21,0.69358,0.65971,-0.54841,0.9834229946136475
1773144506.912514,PC1,0,22,0.47643,0.69128,-0.97524,0.9587757587432861
1773144506.912514,PC1,0,23,0.56772,1.3717,-0.01291,0.011005635373294353
1773144506.912514,PC1,0,24,0.394,1.38295,0.01593,0.007209716830402613
1773144506.912514,PC1,0,25,0.5607,1.86368,-0.13913,0.00335131399333477
1773144506.912514,PC1,0,26,0.4018,1.86516,-0.11736,0.002114927861839533
1773144506.912514,PC1,0,27,0.55818,2.31042,0.09934,0.00018973861006088555
1773144506.912514,PC1,0,28,0.40365,2.30909,0.00643,4.244521915097721e-05
1773144506.912514,PC1,0,29,0.55801,2.38347,0.10522,0.00014524528523907065
1773144506.912514,PC1,0,30,0.40007,2.38661,0.00876,5.336895628715865e-05
1773144506.912514,PC1,0,31,0.54401,2.4522,-0.20333,0.0005930475890636444
1773144506.912514,PC1,0,32,0.42834,2.43646,-0.3325,0.00024010174092836678
1773144506.912514,PC1,0,Angle_Elbow_L,123.1,,,
1773144506.912514,PC1,0,Angle_Elbow_R,114.39,,,
1773144506.912514,PC1,0,Angle_Shoulder_L,103.58,,,
1773144506.912514,PC1,0,Angle_Shoulder_R,116.51,,,
1773144506.912514,PC1,0,Length_UpperArm_L,0.4279,,,
1773144506.912514,PC1,0,Length_LowerArm_L,0.4419,,,
1773144506.912514,PC1,0,Length_UpperArm_R,0.5293,,,
1773144506.912514,PC1,0,Length_LowerArm_R,0.4272,,,
1773144506.912514,PC1,0,Width_Shoulder,0.4566,,,
1773144506.960725,PC1,0,0,0.57374,0.53643,-0.36686,0.9999873638153076
1773144506.960725,PC1,0,1,0.58184,0.49305,-0.30781,0.999981701374054
1773144506.960725,PC1,0,2,0.58715,0.49708,-0.30766,0.9999805688858032
1773144506.960725,PC1,0,3,0.59208,0.50145,-0.30751,0.9999802112579346
1773144506.960725,PC1,0,4,0.55677,0.47878,-0.3535,0.9999841451644897
1773144506.960725,PC1,0,5,0.54469,0.47325,-0.35327,0.9999840259552002
1773144506.960725,PC1,0,6,0.53191,0.46805,-0.35337,0.9999836087226868
1773144506.960725,PC1,0,7,0.57309,0.51614,0.01015,0.9999843835830688
1773144506.960725,PC1,0,8,0.49093,0.47254,-0.19188,0.9999907612800598
1773144506.960725,PC1,0,9,0.56975,0.59945,-0.24895,0.9999826550483704
1773144506.960725,PC1,0,10,0.5402,0.58462,-0.30829,0.9999884963035583
1773144506.960725,PC1,0,11,0.59157,0.76634,0.16719,0.9998286366462708
1773144506.960725,PC1,0,12,0.34564,0.67782,-0.19921,0.9992547631263733
1773144506.960725,PC1,0,13,0.82244,0.87076,-0.18353,0.9530872702598572
1773144506.960725,PC1,0,14,0.24329,0.93255,-0.66519,0.927152156829834
1773144506.960725,PC1,0,15,0.74879,0.7033,-0.5923,0.9940077662467957
1773144506.960725,PC1,0,16,0.44164,0.76263,-1.01831,0.9781959652900696
1773144506.960725,PC1,0,17,0.72393,0.64875,-0.68022,0.9846034049987793
1773144506.960725,PC1,0,18,0.4762,0.70018,-1.09753,0.9602848291397095
1773144506.960725,PC1,0,19,0.69108,0.63398,-0.58937,0.9851362705230713
1773144506.960725,PC1,0,20,0.48293,0.65896,-1.034,0.9653801918029785
1773144506.960725,PC1,0,21,0.68942,0.657,-0.57337,0.9821516871452332
1773144506.960725,PC1,0,22,0.47148,0.69127,-0.99963,0.9589666128158569
1773144506.960725,PC1,0,23,0.56772,1.3717,-0.01291,0.011554029770195484
1773144506.960725,PC1,0,24,0.394,1.38295,0.01593,0.007585030514746904
1773144506.960725,PC1,0,25,0.5607,1.86368,-0.13913,0.003783957567065954
1773144506.960725,PC1,0,26,0.4018,1.86516,-0.11736,0.0023305932991206646
1773144506.960725,PC1,0,27,0.55818,2.31042,0.09934,0.00019966108084190637
1773144506.960725,PC1,0,28,0.40365,2.30909,0.00643,4.5633143599843606e-05
1773144506.960725,PC1,0,29,0.55801,2.38347,0.10522,0.00014933649799786508
1773144506.960725,PC1,0,30,0.40007,2.38661,0.00876,5.559899000218138e-05
1773144506.960725,PC1,0,31,0.54401,2.4522,-0.20333,0.0006060890154913068
1773144506.960725,PC1,0,32,0.42834,2.43646,-0.3325,0.00025361691950820386
1773144506.960725,PC1,0,Angle_Elbow_L,124.19,,,
1773144506.960725,PC1,0,Angle_Elbow_R,115.15,,,
1773144506.960725,PC1,0,Angle_Shoulder_L,103.27,,,
1773144506.960725,PC1,0,Angle_Shoulder_R,116.37,,,
1773144506.960725,PC1,0,Length_UpperArm_L,0.4327,,,
1773144506.960725,PC1,0,Length_LowerArm_L,0.4478,,,
1773144506.960725,PC1,0,Length_UpperArm_R,0.5408,,,
1773144506.960725,PC1,0,Length_LowerArm_R,0.4392,,,
1773144506.960725,PC1,0,Width_Shoulder,0.4501,,,
1773144507.0093088,PC1,0,0,0.57126,0.53666,-0.37328,0.9999876618385315
1773144507.0093088,PC1,0,1,0.57922,0.49315,-0.31502,0.9999820590019226
1773144507.0093088,PC1,0,2,0.58463,0.49715,-0.31488,0.9999807476997375
1773144507.0093088,PC1,0,3,0.58964,0.50149,-0.31474,0.9999803900718689
1773144507.0093088,PC1,0,4,0.55408,0.479,-0.36136,0.9999845623970032
1773144507.0093088,PC1,0,5,0.54204,0.47351,-0.36113,0.9999844431877136
1773144507.0093088,PC1,0,6,0.52941,0.46828,-0.36124,0.9999841451644897
1773144507.0093088,PC1,0,7,0.57135,0.51586,0.00372,0.9999844431877136
1773144507.0093088,PC1,0,8,0.48909,0.47206,-0.20203,0.9999911785125732
1773144507.0093088,PC1,0,9,0.56724,0.59943,-0.25426,0.9999831914901733
1773144507.0093088,PC1,0,10,0.53762,0.58494,-0.31444,0.9999890327453613
1773144507.0093088,PC1,0,11,0.59003,0.76399,0.16319,0.9998353719711304
1773144507.0093088,PC1,0,12,0.34231,0.67589,-0.20546,0.9993089437484741
1773144507.0093088,PC1,0,13,0.81717,0.87395,-0.18864,0.9549811482429504
1773144507.0093088,PC1,0,14,0.24331,0.93754,-0.68518,0.9333440065383911
1773144507.0093088,PC1,0,15,0.74569,0.70299,-0.60536,0.9942991733551025
1773144507.0093088,PC1,0,16,0.43548,0.7632,-1.06191,0.9797549247741699
1773144507.0093088,PC1,0,17,0.72159,0.64714,-0.6933,0.9852284789085388
1773144507.0093088,PC1,0,18,0.46998,0.69994,-1.14464,0.9625148773193359
1773144507.0093088,PC1,0,19,0.68784,0.6317,-0.60316,0.9857015013694763
1773144507.0093088,PC1,0,20,0.47559,0.65892,-1.08137,0.9672559499740601
1773144507.0093088,PC1,0,21,0.68628,0.65506,-0.58681,0.9827911853790283
1773144507.0093088,PC1,0,22,0.4656,0.6915,-1.04345,0.9611243605613708
1773144507.0093088,PC1,0,23,0.56772,1.3717,-0.01291,0.012701267376542091
1773144507.0093088,PC1,0,24,0.394,1.38295,0.01593,0.008504983969032764
1773144507.0093088,PC1,0,25,0.5607,1.86368,-0.13913,0.0038399735931307077
1773144507.0093088,PC1,0,26,0.4018,1.86516,-0.11736,0.002338574966415763
1773144507.0093088,PC1,0,27,0.55818,2.31042,0.09934,0.0001997129584196955
1773144507.0093088,PC1,0,28,0.40365,2.30909,0.00643,4.563171387417242e-05
1773144507.0093088,PC1,0,29,0.55801,2.38347,0.10522,0.00014818528143223375
1773144507.0093088,PC1,0,30,0.40007,2.38661,0.00876,5.826440246892162e-05
1773144507.0093088,PC1,0,31,0.54401,2.4522,-0.20333,0.0005817242781631649
1773144507.0093088,PC1,0,32,0.42834,2.43646,-0.3325,0.00024779693922027946
1773144507.0093088,PC1,0,Angle_Elbow_L,124.41,,,
1773144507.0093088,PC1,0,Angle_Elbow_R,117.19,,,
1773144507.0093088,PC1,0,Angle_Shoulder_L,103.74,,,
1773144507.0093088,PC1,0,Angle_Shoulder_R,115.92,,,
1773144507.0093088,PC1,0,Length_UpperArm_L,0.433,,,
1773144507.0093088,PC1,0,Length_LowerArm_L,0.4561,,,
1773144507.0093088,PC1,0,Length_UpperArm_R,0.5553,,,
1773144507.0093088,PC1,0,Length_LowerArm_R,0.4574,,,
1773144507.0093088,PC1,0,Width_Shoulder,0.4528,,,
1773144507.1180758,PC1,0,0,0.56888,0.53717,-0.37792,0.9999873638153076
1773144507.1180758,PC1,0,1,0.57672,0.49347,-0.31995,0.9999822378158569
1773144507.1180758,PC1,0,2,0.58221,0.49737,-0.31982,0.9999806880950928
1773144507.1180758,PC1,0,3,0.5873,0.50163,-0.31968,0.9999805092811584
1773144507.1180758,PC1,0,4,0.55145,0.47953,-0.36701,0.9999846816062927
1773144507.1180758,PC1,0,5,0.53946,0.47406,-0.36678,0.9999843835830688
1773144507.1180758,PC1,0,6,0.52694,0.46885,-0.36691,0.9999842643737793
1773144507.1180758,PC1,0,7,0.56913,0.51564,-0.00074,0.9999842643737793
1773144507.1180758,PC1,0,8,0.48757,0.4721,-0.21305,0.9999912977218628
1773144507.1180758,PC1,0,9,0.56463,0.59947,-0.258,0.9999834895133972
1773144507.1180758,PC1,0,10,0.53501,0.58532,-0.31883,0.9999893307685852
1773144507.1180758,PC1,0,11,0.58746,0.7644,0.16414,0.9998359680175781
1773144507.1180758,PC1,0,12,0.33903,0.67452,-0.21668,0.9993400573730469
1773144507.1180758,PC1,0,13,0.8102,0.88172,-0.19519,0.9543001651763916
1773144507.1180758,PC1,0,14,0.24537,0.94193,-0.70412,0.9371148347854614
1773144507.1180758,PC1,0,15,0.74293,0.70734,-0.64609,0.9944270849227905
1773144507.1180758,PC1,0,16,0.42787,0.76445,-1.09371,0.9808126091957092
1773144507.1180758,PC1,0,17,0.71976,0.64875,-0.73886,0.9856902360916138
1773144507.1180758,PC1,0,18,0.46455,0.6997,-1.17889,0.9640867114067078
1773144507.1180758,PC1,0,19,0.68712,0.63043,-0.65056,0.9861479997634888
1773144507.1180758,PC1,0,20,0.4691,0.65887,-1.11915,0.9686026573181152
1773144507.1180758,PC1,0,21,0.6841,0.655,-0.62928,0.9831899404525757
1773144507.1180758,PC1,0,22,0.46026,0.69174,-1.07655,0.9624123573303223
1773144507.1180758,PC1,0,23,0.56772,1.3717,-0.01291,0.013986141420900822
1773144507.1180758,PC1,0,24,0.394,1.38295,0.01593,0.009203187189996243
1773144507.1180758,PC1,0,25,0.5607,1.86368,-0.13913,0.0039787678979337215
1773144507.1180758,PC1,0,26,0.4018,1.86516,-0.11736,0.002410696353763342
1773144507.1180758,PC1,0,27,0.55818,2.31042,0.09934,0.0001999888481805101
1773144507.1180758,PC1,0,28,0.40365,2.30909,0.00643,4.757771239383146e-05
1773144507.1180758,PC1,0,29,0.55801,2.38347,0.10522,0.0001465931854909286
1773144507.1180758,PC1,0,30,0.40007,2.38661,0.00876,6.066586865927093e-05
1773144507.1180758,PC1,0,31,0.54401,2.4522,-0.20333,0.0005924160941503942
1773144507.1180758,PC1,0,32,0.42834,2.43646,-0.3325,0.00025709360488690436
1773144507.1180758,PC1,0,Angle_Elbow_L,126.23,,,
1773144507.1180758,PC1,0,Angle_Elbow_R,118.54,,,
1773144507.1180758,PC1,0,Angle_Shoulder_L,104.25,,,
1773144507.1180758,PC1,0,Angle_Shoulder_R,115.65,,,
1773144507.1180758,PC1,0,Length_UpperArm_L,0.4387,,,
1773144507.1180758,PC1,0,Length_LowerArm_L,0.4881,,,
1773144507.1180758,PC1,0,Length_UpperArm_R,0.5638,,,
1773144507.1180758,PC1,0,Length_LowerArm_R,0.4654,,,
1773144507.1180758,PC1,0,Width_Shoulder,0.4635,,,
1773144507.166118,PC1,0,0,0.5651,0.53783,-0.38198,0.9999884366989136
1773144507.166118,PC1,0,1,0.57314,0.49363,-0.32533,0.9999837279319763
1773144507.166118,PC1,0,2,0.57883,0.49739,-0.32518,0.9999822974205017
1773144507.166118,PC1,0,3,0.5841,0.50157,-0.32507,0.9999821186065674
1773144507.166118,PC1,0,4,0.54736,0.47993,-0.37041,0.999985933303833
1773144507.166118,PC1,0,5,0.53533,0.47444,-0.3701,0.9999856352806091
1773144507.166118,PC1,0,6,0.52292,0.46913,-0.37017,0.9999855160713196
1773144507.166118,PC1,0,7,0.56634,0.51524,-0.00617,0.9999855756759644
1773144507.166118,PC1,0,8,0.48437,0.47214,-0.21099,0.9999920129776001
1773144507.166118,PC1,0,9,0.56111,0.59951,-0.2624,0.999984860420227
1773144507.166118,PC1,0,10,0.53088,0.58583,-0.32074,0.9999901652336121
1773144507.166118,PC1,0,11,0.58493,0.76592,0.15969,0.9998491406440735
1773144507.166118,PC1,0,12,0.33301,0.67807,-0.20213,0.9993854761123657
1773144507.166118,PC1,0,13,0.80043,0.90471,-0.20342,0.9561010003089905
1773144507.166118,PC1,0,14,0.24919,0.95984,-0.68178,0.9401153922080994
1773144507.166118,PC1,0,15,0.74426,0.71844,-0.67452,0.9946800470352173
1773144507.166118,PC1,0,16,0.41389,0.77039,-1.13338,0.9819596409797668
1773144507.166118,PC1,0,17,0.72491,0.65138,-0.77202,0.9864091873168945
1773144507.166118,PC1,0,18,0.4492,0.69858,-1.2092,0.9661357998847961
1773144507.166118,PC1,0,19,0.69523,0.6295,-0.69805,0.9868949055671692
1773144507.166118,PC1,0,20,0.45633,0.65897,-1.14948,0.9704315066337585
1773144507.166118,PC1,0,21,0.69102,0.65596,-0.6621,0.984074056148529
1773144507.166118,PC1,0,22,0.45055,0.69199,-1.11023,0.9646061062812805
1773144507.166118,PC1,0,23,0.56772,1.3717,-0.01291,0.013252236880362034
1773144507.166118,PC1,0,24,0.394,1.38295,0.01593,0.008720658719539642
1773144507.166118,PC1,0,25,0.5607,1.86368,-0.13913,0.0037585401441901922
1773144507.166118,PC1,0,26,0.4018,1.86516,-0.11736,0.002238946035504341
1773144507.166118,PC1,0,27,0.55818,2.31042,0.09934,0.00018717351485975087
1773144507.166118,PC1,0,28,0.40365,2.30909,0.00643,4.3791656935354695e-05
1773144507.166118,PC1,0,29,0.55801,2.38347,0.10522,0.0001367379300063476
1773144507.166118,PC1,0,30,0.40007,2.38661,0.00876,5.619997682515532e-05
1773144507.166118,PC1,0,31,0.54401,2.4522,-0.20333,0.0005444292328320444
1773144507.166118,PC1,0,32,0.42834,2.43646,-0.3325,0.00023621408035978675
1773144507.166118,PC1,0,Angle_Elbow_L,125.98,,,
1773144507.166118,PC1,0,Angle_Elbow_R,120.94,,,
1773144507.166118,PC1,0,Angle_Shoulder_L,107.44,,,
1773144507.166118,PC1,0,Angle_Shoulder_R,117.76,,,
1773144507.166118,PC1,0,Length_UpperArm_L,0.4445,,,
1773144507.166118,PC1,0,Length_LowerArm_L,0.5097,,,
1773144507.166118,PC1,0,Length_UpperArm_R,0.5626,,,
1773144507.166118,PC1,0,Length_LowerArm_R,0.5167,,,
1773144507.166118,PC1,0,Width_Shoulder,0.4495,,,
1773144507.215244,PC1,0,0,0.56391,0.53893,-0.38179,0.9999886751174927
1773144507.215244,PC1,0,1,0.57201,0.49398,-0.32562,0.9999842643737793
1773144507.215244,PC1,0,2,0.57774,0.49754,-0.32548,0.9999828338623047
1773144507.215244,PC1,0,3,0.58307,0.50158,-0.32538,0.9999827146530151
1773144507.215244,PC1,0,4,0.5461,0.48077,-0.3714,0.9999863505363464
1773144507.215244,PC1,0,5,0.53407,0.47533,-0.37106,0.9999859929084778
1773144507.215244,PC1,0,6,0.52165,0.47009,-0.37112,0.999985933303833
1773144507.215244,PC1,0,7,0.56544,0.51487,-0.00668,0.9999859929084778
1773144507.215244,PC1,0,8,0.48333,0.47312,-0.21692,0.999992311000824
1773144507.215244,PC1,0,9,0.56026,0.60005,-0.26193,0.9999855160713196
1773144507.215244,PC1,0,10,0.52968,0.58703,-0.32136,0.9999906420707703
1773144507.215244,PC1,0,11,0.58426,0.76607,0.16416,0.999858558177948
1773144507.215244,PC1,0,12,0.33185,0.68127,-0.21002,0.9994195699691772
1773144507.215244,PC1,0,13,0.7951,0.91244,-0.20159,0.9580578207969666
1773144507.215244,PC1,0,14,0.24965,0.96459,-0.69055,0.9444230198860168
1773144507.215244,PC1,0,15,0.74489,0.72232,-0.68445,0.9950161576271057
1773144507.215244,PC1,0,16,0.4108,0.77343,-1.13844,0.9830209612846375
1773144507.215244,PC1,0,17,0.72651,0.65255,-0.78343,0.987230122089386
1773144507.215244,PC1,0,18,0.44531,0.69963,-1.21617,0.9675636291503906
1773144507.215244,PC1,0,19,0.69867,0.62906,-0.70836,0.9876752495765686
1773144507.215244,PC1,0,20,0.45217,0.65993,-1.15802,0.9716104865074158
1773144507.215244,PC1,0,21,0.69454,0.65611,-0.67222,0.984957754611969
1773144507.215244,PC1,0,22,0.44743,0.69397,-1.11653,0.965890645980835
1773144507.215244,PC1,0,23,0.56772,1.3717,-0.01291,0.014522023499011993
1773144507.215244,PC1,0,24,0.394,1.38295,0.01593,0.009326132945716381
1773144507.215244,PC1,0,25,0.5607,1.86368,-0.13913,0.003718456719070673
1773144507.215244,PC1,0,26,0.4018,1.86516,-0.11736,0.002179685514420271
1773144507.215244,PC1,0,27,0.55818,2.31042,0.09934,0.00018600923067424446
1773144507.215244,PC1,0,28,0.40365,2.30909,0.00643,4.2936015233863145e-05
1773144507.215244,PC1,0,29,0.55801,2.38347,0.10522,0.00013576912169810385
1773144507.215244,PC1,0,30,0.40007,2.38661,0.00876,5.596320261247456e-05
1773144507.215244,PC1,0,31,0.54401,2.4522,-0.20333,0.0005370860453695059
1773144507.215244,PC1,0,32,0.42834,2.43646,-0.3325,0.00023249711375683546
1773144507.215244,PC1,0,Angle_Elbow_L,126.38,,,
1773144507.215244,PC1,0,Angle_Elbow_R,120.74,,,
1773144507.215244,PC1,0,Angle_Shoulder_L,108.24,,,
1773144507.215244,PC1,0,Angle_Shoulder_R,117.7,,,
1773144507.215244,PC1,0,Length_UpperArm_L,0.4468,,,
1773144507.215244,PC1,0,Length_LowerArm_L,0.5214,,,
1773144507.215244,PC1,0,Length_UpperArm_R,0.5639,,,
1773144507.215244,PC1,0,Length_LowerArm_R,0.5129,,,
1773144507.215244,PC1,0,Width_Shoulder,0.4593,,,
1773144507.3126988,PC1,0,0,0.56303,0.5382,-0.37893,0.9999887943267822
1773144507.3126988,PC1,0,1,0.57117,0.49315,-0.3244,0.9999844431877136
1773144507.3126988,PC1,0,2,0.57693,0.49652,-0.32427,0.9999831318855286
1773144507.3126988,PC1,0,3,0.5823,0.50044,-0.32417,0.9999828338623047
1773144507.3126988,PC1,0,4,0.54517,0.48057,-0.36961,0.9999863505363464
1773144507.3126988,PC1,0,5,0.53313,0.47536,-0.36926,0.9999860525131226
1773144507.3126988,PC1,0,6,0.5207,0.47031,-0.36932,0.9999858736991882
1773144507.3126988,PC1,0,7,0.56512,0.51416,-0.00914,0.999985933303833
1773144507.3126988,PC1,0,8,0.48258,0.47383,-0.21997,0.999992311000824
1773144507.3126988,PC1,0,9,0.55962,0.59868,-0.26092,0.9999855160713196
1773144507.3126988,PC1,0,10,0.52882,0.58651,-0.31996,0.9999906420707703
1773144507.3126988,PC1,0,11,0.58432,0.76655,0.16395,0.9998572468757629
1773144507.3126988,PC1,0,12,0.33249,0.68374,-0.21089,0.9994399547576904
1773144507.3126988,PC1,0,13,0.78008,0.93003,-0.19751,0.9490330815315247
1773144507.3126988,PC1,0,14,0.25564,0.97106,-0.68436,0.9460530877113342
1773144507.3126988,PC1,0,15,0.74545,0.73092,-0.6812,0.9950512051582336
1773144507.3126988,PC1,0,16,0.41347,0.77134,-1.13044,0.9840840101242065
1773144507.3126988,PC1,0,17,0.72775,0.6571,-0.77773,0.9875787496566772
1773144507.3126988,PC1,0,18,0.44494,0.69157,-1.20981,0.969430148601532
1773144507.3126988,PC1,0,19,0.70306,0.63002,-0.70473,0.9880084991455078
1773144507.3126988,PC1,0,20,0.45047,0.65343,-1.15367,0.9732120633125305
1773144507.3126988,PC1,0,21,0.69896,0.65799,-0.67018,0.9853453636169434
1773144507.3126988,PC1,0,22,0.44682,0.68981,-1.11058,0.967770516872406
1773144507.3126988,PC1,0,23,0.56772,1.3717,-0.01291,0.014203949831426144
1773144507.3126988,PC1,0,24,0.394,1.38295,0.01593,0.00920820515602827
1773144507.3126988,PC1,0,25,0.5607,1.86368,-0.13913,0.003481514984741807
1773144507.3126988,PC1,0,26,0.4018,1.86516,-0.11736,0.0020307619124650955
1773144507.3126988,PC1,0,27,0.55818,2.31042,0.09934,0.00017785948875825852
1773144507.3126988,PC1,0,28,0.40365,2.30909,0.00643,4.000042827101424e-05
1773144507.3126988,PC1,0,29,0.55801,2.38347,0.10522,0.0001296167611144483
1773144507.3126988,PC1,0,30,0.40007,2.38661,0.00876,5.285906445351429e-05
1773144507.3126988,PC1,0,31,0.54401,2.4522,-0.20333,0.0005008696462027729
1773144507.3126988,PC1,0,32,0.42834,2.43646,-0.3325,0.0002188189682783559
1773144507.3126988,PC1,0,Angle_Elbow_L,125.75,,,
1773144507.3126988,PC1,0,Angle_Elbow_R,119.56,,,
1773144507.3126988,PC1,0,Angle_Shoulder_L,110.67,,,
1773144507.3126988,PC1,0,Angle_Shoulder_R,118.43,,,
1773144507.3126988,PC1,0,Length_UpperArm_L,0.4424,,,
1773144507.3126988,PC1,0,Length_LowerArm_L,0.5242,,,
1773144507.3126988,PC1,0,Length_UpperArm_R,0.5591,,,
1773144507.3126988,PC1,0,Length_LowerArm_R,0.5136,,,
1773144507.3126988,PC1,0,Width_Shoulder,0.4591,,,
1773144507.36092,PC1,0,0,0.55896,0.53589,-0.39349,0.9999897480010986
1773144507.36092,PC1,0,1,0.56882,0.49073,-0.34146,0.9999853372573853
1773144507.36092,PC1,0,2,0.57519,0.49379,-0.3413,0.9999843835830688
1773144507.36092,PC1,0,3,0.58111,0.4975,-0.34108,0.9999837875366211
1773144507.36092,PC1,0,4,0.54241,0.47933,-0.37812,0.9999869465827942
1773144507.36092,PC1,0,5,0.53072,0.47439,-0.37773,0.9999865293502808
1773144507.36092,PC1,0,6,0.51857,0.46953,-0.37782,0.9999861717224121
1773144507.36092,PC1,0,7,0.56679,0.51192,-0.03328,0.999986469745636
1773144507.36092,PC1,0,8,0.4813,0.47371,-0.19943,0.9999925494194031
1773144507.36092,PC1,0,9,0.55787,0.59571,-0.27934,0.99998539686203
1773144507.36092,PC1,0,10,0.52657,0.58379,-0.32671,0.9999904632568359
1773144507.36092,PC1,0,11,0.59284,0.77936,0.1386,0.9998183250427246
1773144507.36092,PC1,0,12,0.33813,0.69714,-0.18536,0.9994350075721741
1773144507.36092,PC1,0,13,0.76691,1.01566,-0.23261,0.9287624955177307
1773144507.36092,PC1,0,14,0.26655,1.01584,-0.65518,0.9407520294189453
1773144507.36092,PC1,0,15,0.74673,0.75187,-0.70965,0.9954784512519836
1773144507.36092,PC1,0,16,0.41429,0.77864,-1.12298,0.9858471751213074
1773144507.36092,PC1,0,17,0.73194,0.66647,-0.80272,0.9890619516372681
1773144507.36092,PC1,0,18,0.44502,0.68358,-1.20741,0.9732133746147156
1773144507.36092,PC1,0,19,0.71314,0.63397,-0.72574,0.9894675612449646
1773144507.36092,PC1,0,20,0.44863,0.64577,-1.1456,0.9765827655792236
1773144507.36092,PC1,0,21,0.70856,0.66498,-0.69775,0.987180233001709
1773144507.36092,PC1,0,22,0.44675,0.68477,-1.10555,0.9719889163970947
1773144507.36092,PC1,0,23,0.56772,1.3717,-0.01291,0.012485136277973652
1773144507.36092,PC1,0,24,0.394,1.38295,0.01593,0.00823750626295805
1773144507.36092,PC1,0,25,0.5607,1.86368,-0.13913,0.003035069676116109
1773144507.36092,PC1,0,26,0.4018,1.86516,-0.11736,0.0017090002074837685
1773144507.36092,PC1,0,27,0.55818,2.31042,0.09934,0.00015966575301717967
1773144507.36092,PC1,0,28,0.40365,2.30909,0.00643,3.3206521038664505e-05
1773144507.36092,PC1,0,29,0.55801,2.38347,0.10522,0.0001164023851742968
1773144507.36092,PC1,0,30,0.40007,2.38661,0.00876,4.442690988071263e-05
1773144507.36092,PC1,0,31,0.54401,2.4522,-0.20333,0.00043569025001488626
1773144507.36092,PC1,0,32,0.42834,2.43646,-0.3325,0.0001846935774665326
1773144507.36092,PC1,0,Angle_Elbow_L,115.53,,,
1773144507.36092,PC1,0,Angle_Elbow_R,115.37,,,
1773144507.36092,PC1,0,Angle_Shoulder_L,118.5,,,
1773144507.36092,PC1,0,Angle_Shoulder_R,121.43,,,
1773144507.36092,PC1,0,Length_UpperArm_L,0.4732,,,
1773144507.36092,PC1,0,Length_LowerArm_L,0.5455,,,
1773144507.36092,PC1,0,Length_UpperArm_R,0.5722,,,
1773144507.36092,PC1,0,Length_LowerArm_R,0.5449,,,
1773144507.36092,PC1,0,Width_Shoulder,0.4202,,,
1773144507.408858,PC1,0,0,0.55778,0.53507,-0.41865,0.9999892115592957
1773144507.408858,PC1,0,1,0.56833,0.48918,-0.3662,0.9999849200248718
1773144507.408858,PC1,0,2,0.57521,0.49198,-0.36605,0.999984085559845
1773144507.408858,PC1,0,3,0.58169,0.49547,-0.36581,0.9999831318855286
1773144507.408858,PC1,0,4,0.5415,0.47873,-0.40223,0.999985933303833
1773144507.408858,PC1,0,5,0.52961,0.47404,-0.40182,0.99998539686203
1773144507.408858,PC1,0,6,0.51706,0.46931,-0.4019,0.9999846816062927
1773144507.408858,PC1,0,7,0.56851,0.51119,-0.05325,0.9999856948852539
1773144507.408858,PC1,0,8,0.4799,0.4761,-0.21487,0.9999920129776001
1773144507.408858,PC1,0,9,0.55841,0.59552,-0.30191,0.9999841451644897
1773144507.408858,PC1,0,10,0.52616,0.58358,-0.3484,0.9999895691871643
1773144507.408858,PC1,0,11,0.59723,0.78851,0.12505,0.9997892379760742
1773144507.408858,PC1,0,12,0.34182,0.71066,-0.19805,0.999343991279602
1773144507.408858,PC1,0,13,0.75809,1.05717,-0.25855,0.9036048650741577
1773144507.408858,PC1,0,14,0.26934,1.05442,-0.67431,0.9305667877197266
1773144507.408858,PC1,0,15,0.74412,0.76843,-0.76106,0.995492160320282
1773144507.408858,PC1,0,16,0.41523,0.79958,-1.14781,0.9862354397773743
1773144507.408858,PC1,0,17,0.73348,0.68059,-0.85777,0.9896242618560791
1773144507.408858,PC1,0,18,0.44758,0.70061,-1.23505,0.9744023680686951
1773144507.408858,PC1,0,19,0.71694,0.64471,-0.78191,0.9900676608085632
1773144507.408858,PC1,0,20,0.45135,0.65895,-1.17449,0.9777379035949707
1773144507.408858,PC1,0,21,0.71137,0.67698,-0.75102,0.987857460975647
1773144507.408858,PC1,0,22,0.44879,0.70089,-1.13179,0.9732705950737
1773144507.408858,PC1,0,23,0.56772,1.3717,-0.01291,0.011418149806559086
1773144507.408858,PC1,0,24,0.394,1.38295,0.01593,0.007524940185248852
1773144507.408858,PC1,0,25,0.5607,1.86368,-0.13913,0.0028188712894916534
1773144507.408858,PC1,0,26,0.4018,1.86516,-0.11736,0.001566995051689446
1773144507.408858,PC1,0,27,0.55818,2.31042,0.09934,0.0001540630910312757
1773144507.408858,PC1,0,28,0.40365,2.30909,0.00643,3.053140972042456e-05
1773144507.408858,PC1,0,29,0.55801,2.38347,0.10522,0.00011350162822054699
1773144507.408858,PC1,0,30,0.40007,2.38661,0.00876,4.118287324672565e-05
1773144507.408858,PC1,0,31,0.54401,2.4522,-0.20333,0.0004136043135076761
1773144507.408858,PC1,0,32,0.42834,2.43646,-0.3325,0.00017389209824614227
1773144507.408858,PC1,0,Angle_Elbow_L,113.17,,,
1773144507.408858,PC1,0,Angle_Elbow_R,112.72,,,
1773144507.408858,PC1,0,Angle_Shoulder_L,120.03,,,
1773144507.408858,PC1,0,Angle_Shoulder_R,121.93,,,
1773144507.408858,PC1,0,Length_UpperArm_L,0.4952,,,
1773144507.408858,PC1,0,Length_LowerArm_L,0.5797,,,
1773144507.408858,PC1,0,Length_UpperArm_R,0.5918,,,
1773144507.408858,PC1,0,Length_LowerArm_R,0.5572,,,
1773144507.408858,PC1,0,Width_Shoulder,0.4192,,,
1773144507.4089751,PC1,0,0,0.55696,0.53548,-0.45301,0.9999867081642151
1773144507.4089751,PC1,0,1,0.56798,0.48822,-0.39952,0.9999826550483704
1773144507.4089751,PC1,0,2,0.5753,0.49093,-0.39943,0.9999814033508301
1773144507.4089751,PC1,0,3,0.58225,0.49438,-0.39919,0.9999794960021973
1773144507.4089751,PC1,0,4,0.54078,0.47827,-0.43579,0.9999834895133972
1773144507.4089751,PC1,0,5,0.52866,0.47377,-0.43544,0.9999829530715942
1773144507.4089751,PC1,0,6,0.51563,0.46915,-0.43556,0.9999822974205017
1773144507.4089751,PC1,0,7,0.57032,0.51176,-0.07599,0.9999815821647644
1773144507.4089751,PC1,0,8,0.47827,0.47819,-0.23914,0.9999910593032837
1773144507.4089751,PC1,0,9,0.55883,0.59649,-0.33106,0.9999808073043823
1773144507.4089751,PC1,0,10,0.52583,0.58418,-0.37815,0.9999882578849792
1773144507.4089751,PC1,0,11,0.60201,0.79467,0.1179,0.99969482421875
1773144507.4089751,PC1,0,12,0.34434,0.72321,-0.20906,0.9992991089820862
1773144507.4089751,PC1,0,13,0.74925,1.08562,-0.27004,0.8887198567390442
1773144507.4089751,PC1,0,14,0.27118,1.08339,-0.68238,0.9310099482536316
1773144507.4089751,PC1,0,15,0.74017,0.78673,-0.81302,0.9951274991035461
1773144507.4089751,PC1,0,16,0.41717,0.82632,-1.15911,0.9869162440299988
1773144507.4089751,PC1,0,17,0.73422,0.69795,-0.91502,0.9896233677864075
1773144507.4089751,PC1,0,18,0.45109,0.7251,-1.24851,0.9757248163223267
1773144507.4089751,PC1,0,19,0.71965,0.65773,-0.8435,0.9901396632194519
1773144507.4089751,PC1,0,20,0.45463,0.67916,-1.19112,0.978934645652771
1773144507.4089751,PC1,0,21,0.71165,0.6924,-0.80589,0.9877746105194092
1773144507.4089751,PC1,0,22,0.45147,0.71888,-1.14427,0.9744395017623901
1773144507.4089751,PC1,0,23,0.56772,1.3717,-0.01291,0.011029333807528019
1773144507.4089751,PC1,0,24,0.394,1.38295,0.01593,0.007277154829353094
1773144507.4089751,PC1,0,25,0.5607,1.86368,-0.13913,0.0028677410446107388
1773144507.4089751,PC1,0,26,0.4018,1.86516,-0.11736,0.0015903869643807411
1773144507.4089751,PC1,0,27,0.55818,2.31042,0.09934,0.0001585517602507025
1773144507.4089751,PC1,0,28,0.40365,2.30909,0.00643,3.2974367059068754e-05
1773144507.4089751,PC1,0,29,0.55801,2.38347,0.10522,0.00011483419802971184
1773144507.4089751,PC1,0,30,0.40007,2.38661,0.00876,4.49488106823992e-05
1773144507.4089751,PC1,0,31,0.54401,2.4522,-0.20333,0.00043218251084908843
1773144507.4089751,PC1,0,32,0.42834,2.43646,-0.3325,0.00019819688168354332
1773144507.4089751,PC1,0,Angle_Elbow_L,112.92,,,
1773144507.4089751,PC1,0,Angle_Elbow_R,111.35,,,
1773144507.4089751,PC1,0,Angle_Shoulder_L,121.19,,,
1773144507.4089751,PC1,0,Angle_Shoulder_R,122.53,,,
1773144507.4089751,PC1,0,Length_UpperArm_L,0.5068,,,
1773144507.4089751,PC1,0,Length_LowerArm_L,0.6199,,,
1773144507.4089751,PC1,0,Length_UpperArm_R,0.5993,,,
1773144507.4089751,PC1,0,Length_LowerArm_R,0.561,,,
1773144507.4089751,PC1,0,Width_Shoulder,0.4224,,,
1773144507.563937,PC1,0,0,0.55635,0.53537,-0.47208,0.9999856352806091
1773144507.563937,PC1,0,1,0.56774,0.48679,-0.42057,0.9999809265136719
1773144507.563937,PC1,0,2,0.57542,0.48948,-0.42049,0.9999800324440002
1773144507.563937,PC1,0,3,0.58275,0.49293,-0.42025,0.9999772310256958
1773144507.563937,PC1,0,4,0.54021,0.47698,-0.45385,0.999981701374054
1773144507.563937,PC1,0,5,0.52785,0.47255,-0.45348,0.9999814033508301
1773144507.563937,PC1,0,6,0.51443,0.46801,-0.45359,0.9999803900718689
1773144507.563937,PC1,0,7,0.57221,0.51195,-0.10198,0.9999793171882629
1773144507.563937,PC1,0,8,0.47702,0.47922,-0.25163,0.9999900460243225
1773144507.563937,PC1,0,9,0.55916,0.59667,-0.35109,0.9999793171882629
1773144507.563937,PC1,0,10,0.5255,0.58394,-0.39409,0.9999873042106628
1773144507.563937,PC1,0,11,0.60843,0.79468,0.08999,0.9996775984764099
1773144507.563937,PC1,0,12,0.34617,0.73191,-0.21027,0.9993169903755188
1773144507.563937,PC1,0,13,0.74186,1.10549,-0.29053,0.8490862250328064
1773144507.563937,PC1,0,14,0.27463,1.1083,-0.67092,0.9264025092124939
1773144507.563937,PC1,0,15,0.73507,0.81206,-0.83626,0.9927105903625488
1773144507.563937,PC1,0,16,0.42056,0.85136,-1.16337,0.9867944121360779
1773144507.563937,PC1,0,17,0.73526,0.71847,-0.93897,0.9873844981193542
1773144507.563937,PC1,0,18,0.45484,0.74621,-1.25442,0.9756956100463867
1773144507.563937,PC1,0,19,0.72159,0.67774,-0.86966,0.9883720874786377
1773144507.563937,PC1,0,20,0.45801,0.69563,-1.20069,0.9790367484092712
1773144507.563937,PC1,0,21,0.71193,0.7121,-0.83022,0.9857847094535828
1773144507.563937,PC1,0,22,0.45404,0.73643,-1.15043,0.9745694994926453
1773144507.563937,PC1,0,23,0.56772,1.3717,-0.01291,0.010084224864840508
1773144507.563937,PC1,0,24,0.394,1.38295,0.01593,0.006681205704808235
1773144507.563937,PC1,0,25,0.5607,1.86368,-0.13913,0.002710835775360465
1773144507.563937,PC1,0,26,0.4018,1.86516,-0.11736,0.0014934362843632698
1773144507.563937,PC1,0,27,0.55818,2.31042,0.09934,0.0001618511014385149
1773144507.563937,PC1,0,28,0.40365,2.30909,0.00643,3.057986396015622e-05
1773144507.563937,PC1,0,29,0.55801,2.38347,0.10522,0.00011774725862778723
1773144507.563937,PC1,0,30,0.40007,2.38661,0.00876,4.302907836972736e-05
1773144507.563937,PC1,0,31,0.54401,2.4522,-0.20333,0.0004048179544042796
1773144507.563937,PC1,0,32,0.42834,2.43646,-0.3325,0.00018556928262114525
1773144507.563937,PC1,0,Angle_Elbow_L,111.49,,,
1773144507.563937,PC1,0,Angle_Elbow_R,110.36,,,
1773144507.563937,PC1,0,Angle_Shoulder_L,122.29,,,
1773144507.563937,PC1,0,Angle_Shoulder_R,123.2,,,
1773144507.563937,PC1,0,Length_UpperArm_L,0.5091,,,
1773144507.563937,PC1,0,Length_LowerArm_L,0.6197,,,
1773144507.563937,PC1,0,Length_UpperArm_R,0.5992,,,
1773144507.563937,PC1,0,Length_LowerArm_R,0.5743,,,
1773144507.563937,PC1,0,Width_Shoulder,0.4036,,,
1773144507.61186,PC1,0,0,0.55771,0.53534,-0.60939,0.9999791979789734
1773144507.61186,PC1,0,1,0.56887,0.48536,-0.55929,0.9999769926071167
1773144507.61186,PC1,0,2,0.57695,0.4879,-0.55931,0.999976634979248
1773144507.61186,PC1,0,3,0.58453,0.49112,-0.55915,0.9999728202819824
1773144507.61186,PC1,0,4,0.5406,0.47591,-0.59177,0.9999762773513794
1773144507.61186,PC1,0,5,0.52788,0.47168,-0.59158,0.9999758005142212
1773144507.61186,PC1,0,6,0.51373,0.46746,-0.59174,0.9999738931655884
1773144507.61186,PC1,0,7,0.57623,0.5122,-0.23009,0.999975860118866
1773144507.61186,PC1,0,8,0.47574,0.48215,-0.37754,0.9999859929084778
1773144507.61186,PC1,0,9,0.56139,0.59718,-0.48145,0.9999745488166809
1773144507.61186,PC1,0,10,0.52849,0.58449,-0.52394,0.9999838471412659
1773144507.61186,PC1,0,11,0.6186,0.79449,-0.00296,0.9996243119239807
1773144507.61186,PC1,0,12,0.34891,0.74584,-0.27114,0.99921715259552
1773144507.61186,PC1,0,13,0.71513,1.14277,-0.35421,0.8344928622245789
1773144507.61186,PC1,0,14,0.28356,1.14226,-0.68313,0.921267032623291
1773144507.61186,PC1,0,15,0.71637,0.86047,-0.9406,0.9913650155067444
1773144507.61186,PC1,0,16,0.42717,0.88975,-1.18641,0.9842947721481323
1773144507.61186,PC1,0,17,0.7236,0.76784,-1.04381,0.9861570596694946
1773144507.61186,PC1,0,18,0.4594,0.79134,-1.27566,0.9718025922775269
1773144507.61186,PC1,0,19,0.71189,0.72292,-0.99006,0.9874392151832581
1773144507.61186,PC1,0,20,0.46239,0.73909,-1.22899,0.9758378863334656
1773144507.61186,PC1,0,21,0.70395,0.75285,-0.93967,0.9839695692062378
1773144507.61186,PC1,0,22,0.45854,0.77568,-1.17581,0.9691311120986938
1773144507.61186,PC1,0,23,0.56772,1.3717,-0.01291,0.011068903841078281
1773144507.61186,PC1,0,24,0.394,1.38295,0.01593,0.007256855722516775
1773144507.61186,PC1,0,25,0.5607,1.86368,-0.13913,0.0051886700093746185
1773144507.61186,PC1,0,26,0.4018,1.86516,-0.11736,0.003230593865737319
1773144507.61186,PC1,0,27,0.55818,2.31042,0.09934,0.00041621801210567355
1773144507.61186,PC1,0,28,0.40365,2.30909,0.00643,0.00011383421224309132
1773144507.61186,PC1,0,29,0.55801,2.38347,0.10522,0.0002726094098761678
1773144507.61186,PC1,0,30,0.40007,2.38661,0.00876,0.00013416833826340735
1773144507.61186,PC1,0,31,0.54401,2.4522,-0.20333,0.0010874612489715219
1773144507.61186,PC1,0,32,0.42834,2.43646,-0.3325,0.000631804927252233
1773144507.61186,PC1,0,Angle_Elbow_L,109.18,,,
1773144507.61186,PC1,0,Angle_Elbow_R,107.02,,,
1773144507.61186,PC1,0,Angle_Shoulder_L,121.18,,,
1773144507.61186,PC1,0,Angle_Shoulder_R,120.85,,,
1773144507.61186,PC1,0,Length_UpperArm_L,0.504,,,
1773144507.61186,PC1,0,Length_LowerArm_L,0.6508,,,
1773144507.61186,PC1,0,Length_UpperArm_R,0.5755,,,
1773144507.61186,PC1,0,Length_LowerArm_R,0.5811,,,
1773144507.61186,PC1,0,Width_Shoulder,0.3834,,,
1773144507.660054,PC1,0,0,0.55826,0.53372,-0.59841,0.9999618530273438
1773144507.660054,PC1,0,1,0.56927,0.48284,-0.55121,0.9999515414237976
1773144507.660054,PC1,0,2,0.57749,0.48525,-0.55122,0.9999567866325378
1773144507.660054,PC1,0,3,0.58515,0.48819,-0.55106,0.9999470710754395
1773144507.660054,PC1,0,4,0.54077,0.47385,-0.57995,0.9999542832374573
1773144507.660054,PC1,0,5,0.52797,0.46996,-0.57969,0.9999564290046692
1773144507.660054,PC1,0,6,0.51368,0.46617,-0.57985,0.9999507665634155
1773144507.660054,PC1,0,7,0.57778,0.50961,-0.24396,0.9999598860740662
1773144507.660054,PC1,0,8,0.47535,0.48282,-0.36812,0.999971866607666
1773144507.660054,PC1,0,9,0.56253,0.59483,-0.47733,0.9999595880508423
1773144507.660054,PC1,0,10,0.5299,0.58324,-0.51438,0.9999720454216003
1773144507.660054,PC1,0,11,0.62387,0.79137,-0.0221,0.9996053576469421
1773144507.660054,PC1,0,12,0.35186,0.74835,-0.26178,0.9991058707237244
1773144507.660054,PC1,0,13,0.71176,1.15188,-0.34769,0.79203200340271
1773144507.660054,PC1,0,14,0.28735,1.15153,-0.65487,0.8890044093132019
1773144507.660054,PC1,0,15,0.69265,0.89325,-0.88661,0.9701273441314697
1773144507.660054,PC1,0,16,0.43043,0.90233,-1.15078,0.9711167812347412
1773144507.660054,PC1,0,17,0.69253,0.81588,-0.9847,0.9649805426597595
1773144507.660054,PC1,0,18,0.46121,0.80662,-1.24054,0.9552062153816223
1773144507.660054,PC1,0,19,0.67662,0.75292,-0.93181,0.9710279107093811
1773144507.660054,PC1,0,20,0.46429,0.75261,-1.19467,0.9625760912895203
1773144507.660054,PC1,0,21,0.67058,0.78323,-0.88413,0.9641755819320679
1773144507.660054,PC1,0,22,0.46049,0.78936,-1.14117,0.9535525441169739
1773144507.660054,PC1,0,23,0.56772,1.3717,-0.01291,0.010042215697467327
1773144507.660054,PC1,0,24,0.394,1.38295,0.01593,0.006593442987650633
1773144507.660054,PC1,0,25,0.5607,1.86368,-0.13913,0.004936847370117903
1773144507.660054,PC1,0,26,0.4018,1.86516,-0.11736,0.0030132122337818146
1773144507.660054,PC1,0,27,0.55818,2.31042,0.09934,0.0003905646444763988
1773144507.660054,PC1,0,28,0.40365,2.30909,0.00643,0.00010348854993935674
1773144507.660054,PC1,0,29,0.55801,2.38347,0.10522,0.0002599037834443152
1773144507.660054,PC1,0,30,0.40007,2.38661,0.00876,0.0001224252046085894
1773144507.660054,PC1,0,31,0.54401,2.4522,-0.20333,0.0010012520942837
1773144507.660054,PC1,0,32,0.42834,2.43646,-0.3325,0.0005747261457145214
1773144507.660054,PC1,0,Angle_Elbow_L,105.83,,,
1773144507.660054,PC1,0,Angle_Elbow_R,105.21,,,
1773144507.660054,PC1,0,Angle_Shoulder_L,123.86,,,
1773144507.660054,PC1,0,Angle_Shoulder_R,122.29,,,
1773144507.660054,PC1,0,Length_UpperArm_L,0.4937,,,
1773144507.660054,PC1,0,Length_LowerArm_L,0.5981,,,
1773144507.660054,PC1,0,Length_UpperArm_R,0.5668,,,
1773144507.660054,PC1,0,Length_LowerArm_R,0.5731,,,
1773144507.660054,PC1,0,Width_Shoulder,0.3651,,,
1773144507.7078102,PC1,0,0,0.55874,0.53279,-0.63851,0.9999566078186035
1773144507.7078102,PC1,0,1,0.56961,0.48144,-0.5913,0.9999479651451111
1773144507.7078102,PC1,0,2,0.57792,0.48369,-0.59134,0.9999532699584961
1773144507.7078102,PC1,0,3,0.58563,0.4864,-0.59118,0.9999410510063171
1773144507.7078102,PC1,0,4,0.54102,0.47276,-0.62163,0.9999510645866394
1773144507.7078102,PC1,0,5,0.52815,0.46911,-0.62146,0.999954104423523
1773144507.7078102,PC1,0,6,0.51375,0.46559,-0.62165,0.9999479055404663
1773144507.7078102,PC1,0,7,0.57887,0.50765,-0.28031,0.9999552965164185
1773144507.7078102,PC1,0,8,0.47506,0.48338,-0.41187,0.999970018863678
1773144507.7078102,PC1,0,9,0.56338,0.59325,-0.51544,0.9999550580978394
1773144507.7078102,PC1,0,10,0.531,0.58253,-0.55453,0.9999701976776123
1773144507.7078102,PC1,0,11,0.62747,0.7887,-0.04764,0.9994605183601379
1773144507.7078102,PC1,0,12,0.354,0.75217,-0.29165,0.9990299940109253
1773144507.7078102,PC1,0,13,0.70765,1.15775,-0.35795,0.7696545124053955
1773144507.7078102,PC1,0,14,0.29232,1.16571,-0.66138,0.8853127956390381
1773144507.7078102,PC1,0,15,0.68028,0.91577,-0.913,0.9655647277832031
1773144507.7078102,PC1,0,16,0.43531,0.916,-1.13822,0.9706076979637146
1773144507.7078102,PC1,0,17,0.67769,0.84623,-1.01118,0.9610373973846436
1773144507.7078102,PC1,0,18,0.46715,0.81966,-1.22155,0.9544734954833984
1773144507.7078102,PC1,0,19,0.65888,0.77571,-0.96365,0.9678213000297546
1773144507.7078102,PC1,0,20,0.46728,0.76559,-1.1857,0.962120532989502
1773144507.7078102,PC1,0,21,0.65366,0.80793,-0.9123,0.9588790535926819
1773144507.7078102,PC1,0,22,0.46369,0.80409,-1.12964,0.9516779780387878
1773144507.7078102,PC1,0,23,0.56772,1.3717,-0.01291,0.009978407062590122
1773144507.7078102,PC1,0,24,0.394,1.38295,0.01593,0.006725565064698458
1773144507.7078102,PC1,0,25,0.5607,1.86368,-0.13913,0.00855418760329485
1773144507.7078102,PC1,0,26,0.4018,1.86516,-0.11736,0.005467806942760944
1773144507.7078102,PC1,0,27,0.55818,2.31042,0.09934,0.0008220052113756537
1773144507.7078102,PC1,0,28,0.40365,2.30909,0.00643,0.00021207460667937994
1773144507.7078102,PC1,0,29,0.55801,2.38347,0.10522,0.0005580077995546162
1773144507.7078102,PC1,0,30,0.40007,2.38661,0.00876,0.00026103301206603646
1773144507.7078102,PC1,0,31,0.54401,2.4522,-0.20333,0.002011422533541918
1773144507.7078102,PC1,0,32,0.42834,2.43646,-0.3325,0.0010291222715750337
1773144507.7078102,PC1,0,Angle_Elbow_L,105.81,,,
1773144507.7078102,PC1,0,Angle_Elbow_R,101.92,,,
1773144507.7078102,PC1,0,Angle_Shoulder_L,123.49,,,
1773144507.7078102,PC1,0,Angle_Shoulder_R,122.34,,,
1773144507.7078102,PC1,0,Length_UpperArm_L,0.4888,,,
1773144507.7078102,PC1,0,Length_LowerArm_L,0.6061,,,
1773144507.7078102,PC1,0,Length_UpperArm_R,0.5581,,,
1773144507.7078102,PC1,0,Length_LowerArm_R,0.5569,,,
1773144507.7078102,PC1,0,Width_Shoulder,0.3683,,,
1773144507.803296,PC1,0,0,0.55939,0.5313,-0.69723,0.9999632835388184
1773144507.803296,PC1,0,1,0.56994,0.47862,-0.65184,0.999955952167511
1773144507.803296,PC1,0,2,0.5784,0.4806,-0.65187,0.9999606013298035
1773144507.803296,PC1,0,3,0.58615,0.48287,-0.65162,0.9999498724937439
1773144507.803296,PC1,0,4,0.54116,0.47056,-0.68286,0.9999584555625916
1773144507.803296,PC1,0,5,0.52811,0.46738,-0.68279,0.999961256980896
1773144507.803296,PC1,0,6,0.51356,0.46451,-0.68295,0.9999557137489319
1773144507.803296,PC1,0,7,0.58083,0.50371,-0.36207,0.9999622106552124
1773144507.803296,PC1,0,8,0.47455,0.48407,-0.49017,0.9999748468399048
1773144507.803296,PC1,0,9,0.56479,0.59041,-0.57749,0.999962329864502
1773144507.803296,PC1,0,10,0.53261,0.58184,-0.61757,0.9999750852584839
1773144507.803296,PC1,0,11,0.63242,0.77927,-0.08715,0.999537467956543
1773144507.803296,PC1,0,12,0.35814,0.75619,-0.35223,0.9991686940193176
1773144507.803296,PC1,0,13,0.7208,1.15825,-0.37629,0.7869890332221985
1773144507.803296,PC1,0,14,0.30204,1.18613,-0.68283,0.8977710008621216
1773144507.803296,PC1,0,15,0.69964,0.93741,-0.9654,0.9704884886741638
1773144507.803296,PC1,0,16,0.44239,0.93341,-1.15515,0.9750884771347046
1773144507.803296,PC1,0,17,0.70291,0.8727,-1.06508,0.9660549759864807
1773144507.803296,PC1,0,18,0.4756,0.84595,-1.23748,0.9607793092727661
1773144507.803296,PC1,0,19,0.6879,0.80119,-1.02319,0.9718352556228638
1773144507.803296,PC1,0,20,0.47301,0.79025,-1.20225,0.9673186540603638
1773144507.803296,PC1,0,21,0.67581,0.83359,-0.96649,0.9637985825538635
1773144507.803296,PC1,0,22,0.46959,0.82457,-1.14569,0.9579418301582336
1773144507.803296,PC1,0,23,0.56772,1.3717,-0.01291,0.01183740422129631
1773144507.803296,PC1,0,24,0.394,1.38295,0.01593,0.00818081758916378
1773144507.803296,PC1,0,25,0.5607,1.86368,-0.13913,0.009487520903348923
1773144507.803296,PC1,0,26,0.4018,1.86516,-0.11736,0.005988439079374075
1773144507.803296,PC1,0,27,0.55818,2.31042,0.09934,0.0008582745213061571
1773144507.803296,PC1,0,28,0.40365,2.30909,0.00643,0.000224356132093817
1773144507.803296,PC1,0,29,0.55801,2.38347,0.10522,0.0005995817482471466
1773144507.803296,PC1,0,30,0.40007,2.38661,0.00876,0.0002777505142148584
1773144507.803296,PC1,0,31,0.54401,2.4522,-0.20333,0.0020199865102767944
1773144507.803296,PC1,0,32,0.42834,2.43646,-0.3325,0.0010664574801921844
1773144507.803296,PC1,0,Angle_Elbow_L,106.13,,,
1773144507.803296,PC1,0,Angle_Elbow_R,97.54,,,
1773144507.803296,PC1,0,Angle_Shoulder_L,121.82,,,
1773144507.803296,PC1,0,Angle_Shoulder_R,122.45,,,
1773144507.803296,PC1,0,Length_UpperArm_L,0.4848,,,
1773144507.803296,PC1,0,Length_LowerArm_L,0.6295,,,
1773144507.803296,PC1,0,Length_UpperArm_R,0.5452,,,
1773144507.803296,PC1,0,Length_LowerArm_R,0.5538,,,
1773144507.803296,PC1,0,Width_Shoulder,0.3821,,,
1773144507.901292,PC1,0,0,0.55751,0.52949,-0.61619,0.9999694228172302
1773144507.901292,PC1,0,1,0.56866,0.47679,-0.57329,0.9999628663063049
1773144507.901292,PC1,0,2,0.57763,0.47871,-0.57326,0.9999668002128601
1773144507.901292,PC1,0,3,0.58557,0.48078,-0.57298,0.9999575614929199
1773144507.901292,PC1,0,4,0.53854,0.46844,-0.59914,0.9999650716781616
1773144507.901292,PC1,0,5,0.52509,0.46525,-0.59891,0.9999674558639526
1773144507.901292,PC1,0,6,0.51048,0.46275,-0.59902,0.9999627470970154
1773144507.901292,PC1,0,7,0.58192,0.50094,-0.30241,0.999967634677887
1773144507.901292,PC1,0,8,0.47241,0.48393,-0.40869,0.9999790191650391
1773144507.901292,PC1,0,9,0.56388,0.58847,-0.50693,0.9999682903289795
1773144507.901292,PC1,0,10,0.53119,0.58143,-0.53978,0.9999792575836182
1773144507.901292,PC1,0,11,0.63695,0.76642,-0.06558,0.9995993971824646
1773144507.901292,PC1,0,12,0.36024,0.75852,-0.29247,0.9992779493331909
1773144507.901292,PC1,0,13,0.73331,1.0989,-0.31417,0.7279760837554932
1773144507.901292,PC1,0,14,0.29921,1.19448,-0.60783,0.8957104086875916
1773144507.901292,PC1,0,15,0.7178,0.95876,-0.85898,0.970336377620697
1773144507.901292,PC1,0,16,0.44191,0.95242,-1.07532,0.9772506356239319
1773144507.901292,PC1,0,17,0.72339,0.89607,-0.95554,0.9665939211845398
1773144507.901292,PC1,0,18,0.47632,0.88182,-1.15637,0.9639368653297424
1773144507.901292,PC1,0,19,0.70557,0.83837,-0.91593,0.9725703597068787
1773144507.901292,PC1,0,20,0.4759,0.82537,-1.11935,0.9701939821243286
1773144507.901292,PC1,0,21,0.69162,0.8645,-0.86027,0.9649743437767029
1773144507.901292,PC1,0,22,0.47229,0.85001,-1.06573,0.9614502191543579
1773144507.901292,PC1,0,23,0.56772,1.3717,-0.01291,0.009886025451123714
1773144507.901292,PC1,0,24,0.394,1.38295,0.01593,0.006845017895102501
1773144507.901292,PC1,0,25,0.5607,1.86368,-0.13913,0.008024152368307114
1773144507.901292,PC1,0,26,0.4018,1.86516,-0.11736,0.004937168676406145
1773144507.901292,PC1,0,27,0.55818,2.31042,0.09934,0.0007143682450987399
1773144507.901292,PC1,0,28,0.40365,2.30909,0.00643,0.0001823597413022071
1773144507.901292,PC1,0,29,0.55801,2.38347,0.10522,0.0005018207593820989
1773144507.901292,PC1,0,30,0.40007,2.38661,0.00876,0.00022596115013584495
1773144507.901292,PC1,0,31,0.54401,2.4522,-0.20333,0.0016566787380725145
1773144507.901292,PC1,0,32,0.42834,2.43646,-0.3325,0.0008696432341821492
1773144507.901292,PC1,0,Angle_Elbow_L,111.36,,,
1773144507.901292,PC1,0,Angle_Elbow_R,96.45,,,
1773144507.901292,PC1,0,Angle_Shoulder_L,125.29,,,
1773144507.901292,PC1,0,Angle_Shoulder_R,127.68,,,
1773144507.901292,PC1,0,Length_UpperArm_L,0.4262,,,
1773144507.901292,PC1,0,Length_LowerArm_L,0.5628,,,
1773144507.901292,PC1,0,Length_UpperArm_R,0.5415,,,
1773144507.901292,PC1,0,Length_LowerArm_R,0.5454,,,
1773144507.901292,PC1,0,Width_Shoulder,0.3579,,,
1773144508.0008588,PC1,0,0,0.55497,0.52721,-0.59151,0.9999710917472839
1773144508.0008588,PC1,0,1,0.56674,0.47491,-0.54872,0.99996417760849
1773144508.0008588,PC1,0,2,0.57619,0.47716,-0.54868,0.9999679327011108
1773144508.0008588,PC1,0,3,0.58451,0.47941,-0.54841,0.9999586939811707
1773144508.0008588,PC1,0,4,0.53592,0.46578,-0.57278,0.9999667406082153
1773144508.0008588,PC1,0,5,0.52246,0.4626,-0.5725,0.9999691843986511
1773144508.0008588,PC1,0,6,0.50787,0.4603,-0.57261,0.9999648332595825
1773144508.0008588,PC1,0,7,0.58223,0.49952,-0.28079,0.9999676942825317
1773144508.0008588,PC1,0,8,0.47034,0.48325,-0.38023,0.9999802708625793
1773144508.0008588,PC1,0,9,0.56235,0.58707,-0.48519,0.9999693036079407
1773144508.0008588,PC1,0,10,0.52902,0.57981,-0.5155,0.9999805092811584
1773144508.0008588,PC1,0,11,0.63847,0.76198,-0.05701,0.9995740056037903
1773144508.0008588,PC1,0,12,0.36,0.75894,-0.2741,0.99930739402771
1773144508.0008588,PC1,0,13,0.73739,1.0828,-0.29267,0.6836700439453125
1773144508.0008588,PC1,0,14,0.29764,1.19595,-0.58824,0.8965291380882263
1773144508.0008588,PC1,0,15,0.72322,0.96739,-0.82258,0.9605732560157776
1773144508.0008588,PC1,0,16,0.43911,0.95934,-1.05436,0.9781545400619507
1773144508.0008588,PC1,0,17,0.7346,0.91417,-0.91839,0.9582633376121521
1773144508.0008588,PC1,0,18,0.47443,0.89665,-1.13635,0.9651882648468018
1773144508.0008588,PC1,0,19,0.71317,0.85865,-0.88413,0.9658153653144836
1773144508.0008588,PC1,0,20,0.47545,0.8377,-1.09967,0.971306324005127
1773144508.0008588,PC1,0,21,0.69922,0.8802,-0.82631,0.9585447907447815
1773144508.0008588,PC1,0,22,0.47188,0.86038,-1.04526,0.9628640413284302
1773144508.0008588,PC1,0,23,0.56772,1.3717,-0.01291,0.009198545478284359
1773144508.0008588,PC1,0,24,0.394,1.38295,0.01593,0.006402281578630209
1773144508.0008588,PC1,0,25,0.5607,1.86368,-0.13913,0.007483899127691984
1773144508.0008588,PC1,0,26,0.4018,1.86516,-0.11736,0.004536966327577829
1773144508.0008588,PC1,0,27,0.55818,2.31042,0.09934,0.0006538382149301469
1773144508.0008588,PC1,0,28,0.40365,2.30909,0.00643,0.00016469428373966366
1773144508.0008588,PC1,0,29,0.55801,2.38347,0.10522,0.00046058744192123413
1773144508.0008588,PC1,0,30,0.40007,2.38661,0.00876,0.0002040630206465721
1773144508.0008588,PC1,0,31,0.54401,2.4522,-0.20333,0.0015035087708383799
1773144508.0008588,PC1,0,32,0.42834,2.43646,-0.3325,0.0007866057567298412
1773144508.0008588,PC1,0,Angle_Elbow_L,112.86,,,
1773144508.0008588,PC1,0,Angle_Elbow_R,96.69,,,
1773144508.0008588,PC1,0,Angle_Shoulder_L,126.7,,,
1773144508.0008588,PC1,0,Angle_Shoulder_R,129.05,,,
1773144508.0008588,PC1,0,Length_UpperArm_L,0.4102,,,
1773144508.0008588,PC1,0,Length_LowerArm_L,0.5425,,,
1773144508.0008588,PC1,0,Length_UpperArm_R,0.5418,,,
1773144508.0008588,PC1,0,Length_LowerArm_R,0.5415,,,
1773144508.0008588,PC1,0,Width_Shoulder,0.3531,,,
1773144508.0947042,PC1,0,0,0.54987,0.52242,-0.55737,0.9999575614929199
1773144508.0947042,PC1,0,1,0.56211,0.47049,-0.51706,0.9999368786811829
1773144508.0947042,PC1,0,2,0.57208,0.47309,-0.517,0.9999412894248962
1773144508.0947042,PC1,0,3,0.58105,0.47564,-0.51676,0.9999193549156189
1773144508.0947042,PC1,0,4,0.53027,0.46071,-0.53887,0.9999515414237976
1773144508.0947042,PC1,0,5,0.51657,0.4576,-0.53855,0.9999582171440125
1773144508.0947042,PC1,0,6,0.50185,0.45572,-0.53864,0.9999546408653259
1773144508.0947042,PC1,0,7,0.58113,0.49618,-0.25547,0.9999340176582336
1773144508.0947042,PC1,0,8,0.46552,0.48157,-0.34812,0.999975323677063
1773144508.0947042,PC1,0,9,0.55848,0.58331,-0.45579,0.9999547004699707
1773144508.0947042,PC1,0,10,0.52441,0.5765,-0.48265,0.9999768733978271
1773144508.0947042,PC1,0,11,0.63994,0.7531,-0.04617,0.9994375705718994
1773144508.0947042,PC1,0,12,0.3581,0.75941,-0.25165,0.9993172287940979
1773144508.0947042,PC1,0,13,0.75116,1.03835,-0.23504,0.623639702796936
1773144508.0947042,PC1,0,14,0.29296,1.19475,-0.55203,0.8929219245910645
1773144508.0947042,PC1,0,15,0.75288,0.99047,-0.71252,0.9075961709022522
1773144508.0947042,PC1,0,16,0.43209,0.97314,-1.00328,0.9759766459465027
1773144508.0947042,PC1,0,17,0.76925,0.96538,-0.80036,0.9033727049827576
1773144508.0947042,PC1,0,18,0.46587,0.9257,-1.08489,0.9610952734947205
1773144508.0947042,PC1,0,19,0.74569,0.91825,-0.77788,0.920610785484314
1773144508.0947042,PC1,0,20,0.47091,0.86593,-1.04937,0.9681013822555542
1773144508.0947042,PC1,0,21,0.72992,0.93335,-0.72043,0.9147384166717529
1773144508.0947042,PC1,0,22,0.46808,0.88367,-0.99481,0.9585601091384888
1773144508.0947042,PC1,0,23,0.56772,1.3717,-0.01291,0.007742535788565874
1773144508.0947042,PC1,0,24,0.394,1.38295,0.01593,0.00545098539441824
1773144508.0947042,PC1,0,25,0.5607,1.86368,-0.13913,0.0067045362666249275
1773144508.0947042,PC1,0,26,0.4018,1.86516,-0.11736,0.003972959239035845
1773144508.0947042,PC1,0,27,0.55818,2.31042,0.09934,0.0005578214768320322
1773144508.0947042,PC1,0,28,0.40365,2.30909,0.00643,0.00013643271813634783
1773144508.0947042,PC1,0,29,0.55801,2.38347,0.10522,0.00039595304406248033
1773144508.0947042,PC1,0,30,0.40007,2.38661,0.00876,0.00016891039558686316
1773144508.0947042,PC1,0,31,0.54401,2.4522,-0.20333,0.0012579868780449033
1773144508.0947042,PC1,0,32,0.42834,2.43646,-0.3325,0.0006532019469887018
1773144508.0947042,PC1,0,Angle_Elbow_L,116.38,,,
1773144508.0947042,PC1,0,Angle_Elbow_R,96.2,,,
1773144508.0947042,PC1,0,Angle_Shoulder_L,129.65,,,
1773144508.0947042,PC1,0,Angle_Shoulder_R,131.64,,,
1773144508.0947042,PC1,0,Length_UpperArm_L,0.3597,,,
1773144508.0947042,PC1,0,Length_LowerArm_L,0.4799,,,
1773144508.0947042,PC1,0,Length_UpperArm_R,0.5329,,,
1773144508.0947042,PC1,0,Length_LowerArm_R,0.5216,,,
1773144508.0947042,PC1,0,Width_Shoulder,0.3488,,,
1773144508.0948212,PC1,0,0,0.54176,0.51925,-0.54541,0.9998799562454224
1773144508.0948212,PC1,0,1,0.55494,0.4676,-0.50729,0.9997509121894836
1773144508.0948212,PC1,0,2,0.56517,0.47026,-0.50725,0.999761700630188
1773144508.0948212,PC1,0,3,0.57474,0.47288,-0.50739,0.9997258186340332
1773144508.0948212,PC1,0,4,0.52191,0.45771,-0.5294,0.9998155832290649
1773144508.0948212,PC1,0,5,0.50781,0.45483,-0.52907,0.9998387694358826
1773144508.0948212,PC1,0,6,0.49322,0.45339,-0.5292,0.9998298287391663
1773144508.0948212,PC1,0,7,0.57718,0.49339,-0.26086,0.9997332692146301
1773144508.0948212,PC1,0,8,0.45951,0.48063,-0.33651,0.9998632669448853
1773144508.0948212,PC1,0,9,0.55136,0.5811,-0.44785,0.9998729228973389
1773144508.0948212,PC1,0,10,0.51546,0.5747,-0.47601,0.9999265670776367
1773144508.0948212,PC1,0,11,0.64032,0.74431,-0.06854,0.9993031620979309
1773144508.0948212,PC1,0,12,0.35666,0.76249,-0.24534,0.9990020990371704
1773144508.0948212,PC1,0,13,0.76688,1.00672,-0.19092,0.6166372895240784
1773144508.0948212,PC1,0,14,0.29982,1.1884,-0.48046,0.7993128299713135
1773144508.0948212,PC1,0,15,0.78912,1.04801,-0.59364,0.8049063682556152
1773144508.0948212,PC1,0,16,0.40087,1.08707,-0.89608,0.8572900295257568
1773144508.0948212,PC1,0,17,0.81635,1.05803,-0.6736,0.7960667014122009
1773144508.0948212,PC1,0,18,0.42238,1.0914,-0.97487,0.8427039384841919
1773144508.0948212,PC1,0,19,0.78965,1.02517,-0.67093,0.826569676399231
1773144508.0948212,PC1,0,20,0.43378,1.04478,-0.96458,0.859421968460083
1773144508.0948212,PC1,0,21,0.75536,1.01113,-0.60802,0.8214423060417175
1773144508.0948212,PC1,0,22,0.43485,1.04801,-0.89798,0.8483402729034424
1773144508.0948212,PC1,0,23,0.56772,1.3717,-0.01291,0.006686847656965256
1773144508.0948212,PC1,0,24,0.394,1.38295,0.01593,0.004713763948529959
1773144508.0948212,PC1,0,25,0.5607,1.86368,-0.13913,0.005796503275632858
1773144508.0948212,PC1,0,26,0.4018,1.86516,-0.11736,0.0033658286556601524
1773144508.0948212,PC1,0,27,0.55818,2.31042,0.09934,0.000490963866468519
1773144508.0948212,PC1,0,28,0.40365,2.30909,0.00643,0.00011504189023980871
1773144508.0948212,PC1,0,29,0.55801,2.38347,0.10522,0.00035570713225752115
1773144508.0948212,PC1,0,30,0.40007,2.38661,0.00876,0.0001458068727515638
1773144508.0948212,PC1,0,31,0.54401,2.4522,-0.20333,0.001054322230629623
1773144508.0948212,PC1,0,32,0.42834,2.43646,-0.3325,0.0005457170773297548
1773144508.0948212,PC1,0,Angle_Elbow_L,119.42,,,
1773144508.0948212,PC1,0,Angle_Elbow_R,103.11,,,
1773144508.0948212,PC1,0,Angle_Shoulder_L,134.29,,,
1773144508.0948212,PC1,0,Angle_Shoulder_R,136.68,,,
1773144508.0948212,PC1,0,Length_UpperArm_L,0.316,,,
1773144508.0948212,PC1,0,Length_LowerArm_L,0.4054,,,
1773144508.0948212,PC1,0,Length_UpperArm_R,0.4898,,,
1773144508.0948212,PC1,0,Length_LowerArm_R,0.4396,,,
1773144508.0948212,PC1,0,Width_Shoulder,0.3347,,,
1773144508.184274,PC1,0,0,0.53826,0.51805,-0.59193,0.9998213052749634
1773144508.184274,PC1,0,1,0.55153,0.46561,-0.55407,0.9995808005332947
1773144508.184274,PC1,0,2,0.56187,0.46833,-0.55405,0.9995816349983215
1773144508.184274,PC1,0,3,0.57173,0.47104,-0.5542,0.999519944190979
1773144508.184274,PC1,0,4,0.51791,0.45585,-0.57419,0.9996815919876099
1773144508.184274,PC1,0,5,0.50363,0.4531,-0.57388,0.9997201561927795
1773144508.184274,PC1,0,6,0.48915,0.4519,-0.57402,0.9996870160102844
1773144508.184274,PC1,0,7,0.57546,0.49221,-0.3047,0.9995325207710266
1773144508.184274,PC1,0,8,0.45672,0.47977,-0.37374,0.9997349977493286
1773144508.184274,PC1,0,9,0.54843,0.58039,-0.49405,0.9997977614402771
1773144508.184274,PC1,0,10,0.51155,0.57411,-0.51893,0.999871551990509
1773144508.184274,PC1,0,11,0.64042,0.74184,-0.10342,0.9991067051887512
1773144508.184274,PC1,0,12,0.3555,0.76502,-0.27529,0.9984574913978577
1773144508.184274,PC1,0,13,0.77413,0.99565,-0.16954,0.6318498253822327
1773144508.184274,PC1,0,14,0.29836,1.18715,-0.46056,0.7463828325271606
1773144508.184274,PC1,0,15,0.82884,1.07453,-0.51244,0.7929609417915344
1773144508.184274,PC1,0,16,0.37595,1.17763,-0.86685,0.7895974516868591
1773144508.184274,PC1,0,17,0.86263,1.10264,-0.58333,0.781630277633667
1773144508.184274,PC1,0,18,0.38891,1.20523,-0.94508,0.781691312789917
1773144508.184274,PC1,0,19,0.83873,1.07936,-0.59593,0.81775963306427
1773144508.184274,PC1,0,20,0.40383,1.16599,-0.91717,0.8042429685592651
1773144508.184274,PC1,0,21,0.804,1.06724,-0.53194,0.8141096234321594
1773144508.184274,PC1,0,22,0.40793,1.16016,-0.87079,0.7944619059562683
1773144508.184274,PC1,0,23,0.56772,1.3717,-0.01291,0.006245080381631851
1773144508.184274,PC1,0,24,0.394,1.38295,0.01593,0.004371921997517347
1773144508.184274,PC1,0,25,0.5607,1.86368,-0.13913,0.005364338401705027
1773144508.184274,PC1,0,26,0.4018,1.86516,-0.11736,0.003118063323199749
1773144508.184274,PC1,0,27,0.55818,2.31042,0.09934,0.00045867922017350793
1773144508.184274,PC1,0,28,0.40365,2.30909,0.00643,0.00010812837717821822
1773144508.184274,PC1,0,29,0.55801,2.38347,0.10522,0.00033150421222671866
1773144508.184274,PC1,0,30,0.40007,2.38661,0.00876,0.0001435547455912456
1773144508.184274,PC1,0,31,0.54401,2.4522,-0.20333,0.0009751188918016851
1773144508.184274,PC1,0,32,0.42834,2.43646,-0.3325,0.0005123150767758489
1773144508.184274,PC1,0,Angle_Elbow_L,118.49,,,
1773144508.184274,PC1,0,Angle_Elbow_R,110.35,,,
1773144508.184274,PC1,0,Angle_Shoulder_L,138.29,,,
1773144508.184274,PC1,0,Angle_Shoulder_R,139.05,,,
1773144508.184274,PC1,0,Length_UpperArm_L,0.2944,,,
1773144508.184274,PC1,0,Length_LowerArm_L,0.3561,,,
1773144508.184274,PC1,0,Length_UpperArm_R,0.4645,,,
1773144508.184274,PC1,0,Length_LowerArm_R,0.4137,,,
1773144508.184274,PC1,0,Width_Shoulder,0.3336,,,
1773144508.1843998,PC1,0,0,0.53484,0.51698,-0.63428,0.9997078776359558
1773144508.1843998,PC1,0,1,0.54829,0.46386,-0.59653,0.9992914795875549
1773144508.1843998,PC1,0,2,0.55872,0.46661,-0.59653,0.9992573857307434
1773144508.1843998,PC1,0,3,0.56884,0.46936,-0.59668,0.9991872906684875
1773144508.1843998,PC1,0,4,0.51403,0.45422,-0.61456,0.9994585514068604
1773144508.1843998,PC1,0,5,0.49947,0.4516,-0.61426,0.9995129108428955
1773144508.1843998,PC1,0,6,0.48488,0.45059,-0.61442,0.9994710683822632
1773144508.1843998,PC1,0,7,0.57375,0.49088,-0.34362,0.9991515278816223
1773144508.1843998,PC1,0,8,0.4537,0.47905,-0.40558,0.9995256066322327
1773144508.1843998,PC1,0,9,0.54561,0.57977,-0.53565,0.9996775388717651
1773144508.1843998,PC1,0,10,0.50782,0.57371,-0.55718,0.9997913241386414
1773144508.1843998,PC1,0,11,0.64081,0.73982,-0.13339,0.9988917112350464
1773144508.1843998,PC1,0,12,0.35438,0.76755,-0.30008,0.9980330467224121
1773144508.1843998,PC1,0,13,0.78193,0.98658,-0.15042,0.6366701126098633
1773144508.1843998,PC1,0,14,0.29711,1.18796,-0.44663,0.7046761512756348
1773144508.1843998,PC1,0,15,0.86695,1.09813,-0.44602,0.7615236043930054
1773144508.1843998,PC1,0,16,0.3568,1.26313,-0.8368,0.7229199409484863
1773144508.1843998,PC1,0,17,0.90563,1.14353,-0.51055,0.7469603419303894
1773144508.1843998,PC1,0,18,0.36307,1.3121,-0.91494,0.7179305553436279
1773144508.1843998,PC1,0,19,0.88398,1.1293,-0.53665,0.789901614189148
1773144508.1843998,PC1,0,20,0.38133,1.27935,-0.90451,0.7439875602722168
1773144508.1843998,PC1,0,21,0.84899,1.11919,-0.47036,0.7874382734298706
1773144508.1843998,PC1,0,22,0.38776,1.26509,-0.8496,0.7348787188529968
1773144508.1843998,PC1,0,23,0.56772,1.3717,-0.01291,0.005824749823659658
1773144508.1843998,PC1,0,24,0.394,1.38295,0.01593,0.004061752464622259
1773144508.1843998,PC1,0,25,0.5607,1.86368,-0.13913,0.005000751465559006
1773144508.1843998,PC1,0,26,0.4018,1.86516,-0.11736,0.0029161288402974606
1773144508.1843998,PC1,0,27,0.55818,2.31042,0.09934,0.0004283672897145152
1773144508.1843998,PC1,0,28,0.40365,2.30909,0.00643,0.00010201949771726504
1773144508.1843998,PC1,0,29,0.55801,2.38347,0.10522,0.0003087897493969649
1773144508.1843998,PC1,0,30,0.40007,2.38661,0.00876,0.00014186161570250988
1773144508.1843998,PC1,0,31,0.54401,2.4522,-0.20333,0.0009005418396554887
1773144508.1843998,PC1,0,32,0.42834,2.43646,-0.3325,0.00048098579281941056
1773144508.1843998,PC1,0,Angle_Elbow_L,118.57,,,
1773144508.1843998,PC1,0,Angle_Elbow_R,118.25,,,
1773144508.1843998,PC1,0,Angle_Shoulder_L,141.75,,,
1773144508.1843998,PC1,0,Angle_Shoulder_R,141.18,,,
1773144508.1843998,PC1,0,Length_UpperArm_L,0.2848,,,
1773144508.1843998,PC1,0,Length_LowerArm_L,0.3272,,,
1773144508.1843998,PC1,0,Length_UpperArm_R,0.4489,,,
1773144508.1843998,PC1,0,Length_LowerArm_R,0.4018,,,
1773144508.1843998,PC1,0,Width_Shoulder,0.3326,,,
1773144508.3310158,PC1,0,0,0.53135,0.51621,-0.62886,0.9997209906578064
1773144508.3310158,PC1,0,1,0.54518,0.46252,-0.59326,0.999325692653656
1773144508.3310158,PC1,0,2,0.55582,0.4653,-0.59324,0.9992884993553162
1773144508.3310158,PC1,0,3,0.56608,0.46806,-0.59341,0.9992297291755676
1773144508.3310158,PC1,0,4,0.51003,0.45311,-0.60748,0.9994829893112183
1773144508.3310158,PC1,0,5,0.49508,0.45062,-0.60716,0.9995296597480774
1773144508.3310158,PC1,0,6,0.48044,0.44981,-0.60731,0.999492883682251
1773144508.3310158,PC1,0,7,0.57232,0.48982,-0.35454,0.9991927742958069
1773144508.3310158,PC1,0,8,0.45066,0.47859,-0.39694,0.9995375275611877
1773144508.3310158,PC1,0,9,0.543,0.57943,-0.53533,0.9996907711029053
1773144508.3310158,PC1,0,10,0.50384,0.57366,-0.55101,0.999796986579895
1773144508.3310158,PC1,0,11,0.64155,0.73829,-0.1463,0.9988945722579956
1773144508.3310158,PC1,0,12,0.35317,0.77036,-0.29965,0.997983455657959
1773144508.3310158,PC1,0,13,0.78781,0.9808,-0.13491,0.6370753645896912
1773144508.3310158,PC1,0,14,0.2995,1.19254,-0.43021,0.6477335691452026
1773144508.3310158,PC1,0,15,0.8873,1.13614,-0.38794,0.7204016447067261
1773144508.3310158,PC1,0,16,0.34484,1.32273,-0.82225,0.6578146815299988
1773144508.3310158,PC1,0,17,0.93027,1.18917,-0.4476,0.7075650095939636
1773144508.3310158,PC1,0,18,0.3449,1.38536,-0.90155,0.6574342250823975
1773144508.3310158,PC1,0,19,0.90832,1.18319,-0.48022,0.7569168210029602
1773144508.3310158,PC1,0,20,0.36579,1.35651,-0.90074,0.6856955885887146
1773144508.3310158,PC1,0,21,0.8737,1.17281,-0.41419,0.7548289895057678
1773144508.3310158,PC1,0,22,0.37441,1.33637,-0.84118,0.6770071387290955
1773144508.3310158,PC1,0,23,0.56772,1.3717,-0.01291,0.005447437521070242
1773144508.3310158,PC1,0,24,0.394,1.38295,0.01593,0.003779863938689232
1773144508.3310158,PC1,0,25,0.5607,1.86368,-0.13913,0.004594550933688879
1773144508.3310158,PC1,0,26,0.4018,1.86516,-0.11736,0.002655155025422573
1773144508.3310158,PC1,0,27,0.55818,2.31042,0.09934,0.0003931244136765599
1773144508.3310158,PC1,0,28,0.40365,2.30909,0.00643,9.293419861933216e-05
1773144508.3310158,PC1,0,29,0.55801,2.38347,0.10522,0.00028457248117774725
1773144508.3310158,PC1,0,30,0.40007,2.38661,0.00876,0.00013039559416938573
1773144508.3310158,PC1,0,31,0.54401,2.4522,-0.20333,0.0008214330882765353
1773144508.3310158,PC1,0,32,0.42834,2.43646,-0.3325,0.00043814422679133713
1773144508.3310158,PC1,0,Angle_Elbow_L,123.78,,,
1773144508.3310158,PC1,0,Angle_Elbow_R,124.1,,,
1773144508.3310158,PC1,0,Angle_Shoulder_L,143.66,,,
1773144508.3310158,PC1,0,Angle_Shoulder_R,142.71,,,
1773144508.3310158,PC1,0,Length_UpperArm_L,0.2834,,,
1773144508.3310158,PC1,0,Length_LowerArm_L,0.3131,,,
1773144508.3310158,PC1,0,Length_UpperArm_R,0.4452,,,
1773144508.3310158,PC1,0,Length_LowerArm_R,0.4156,,,
1773144508.3310158,PC1,0,Width_Shoulder,0.3282,,,
1773144508.371107,PC1,0,0,0.52874,0.51538,-0.63939,0.9997158646583557
1773144508.371107,PC1,0,1,0.54273,0.46076,-0.60354,0.9993070960044861
1773144508.371107,PC1,0,2,0.55353,0.46366,-0.60351,0.9992691874504089
1773144508.371107,PC1,0,3,0.56394,0.46651,-0.60367,0.9992094039916992
1773144508.371107,PC1,0,4,0.50696,0.45133,-0.61617,0.9994717240333557
1773144508.371107,PC1,0,5,0.49179,0.44892,-0.61585,0.9995192289352417
1773144508.371107,PC1,0,6,0.47717,0.44821,-0.61601,0.999479353427887
1773144508.371107,PC1,0,7,0.57123,0.48843,-0.363,0.99916672706604
1773144508.371107,PC1,0,8,0.44834,0.4779,-0.39872,0.9995238184928894
1773144508.371107,PC1,0,9,0.54102,0.57903,-0.54579,0.9996864795684814
1773144508.371107,PC1,0,10,0.50102,0.57342,-0.55894,0.9997923374176025
1773144508.371107,PC1,0,11,0.64234,0.73725,-0.15401,0.998813807964325
1773144508.371107,PC1,0,12,0.35223,0.77351,-0.30398,0.9978411793708801
1773144508.371107,PC1,0,13,0.79178,0.97639,-0.11751,0.6322919130325317
1773144508.371107,PC1,0,14,0.30329,1.19633,-0.42038,0.604804277420044
1773144508.371107,PC1,0,15,0.90108,1.16079,-0.34646,0.6881897449493408
1773144508.371107,PC1,0,16,0.33849,1.3698,-0.82548,0.6038752198219299
1773144508.371107,PC1,0,17,0.94741,1.21791,-0.40362,0.6771429181098938
1773144508.371107,PC1,0,18,0.33558,1.44466,-0.90842,0.6073927283287048
1773144508.371107,PC1,0,19,0.92604,1.21702,-0.44248,0.7322620749473572
1773144508.371107,PC1,0,20,0.35791,1.41896,-0.92702,0.638810396194458
1773144508.371107,PC1,0,21,0.89177,1.2066,-0.37491,0.7298636436462402
1773144508.371107,PC1,0,22,0.36735,1.3935,-0.85229,0.6308000683784485
1773144508.371107,PC1,0,23,0.56772,1.3717,-0.01291,0.005170837510377169
1773144508.371107,PC1,0,24,0.394,1.38295,0.01593,0.0035567034501582384
1773144508.371107,PC1,0,25,0.5607,1.86368,-0.13913,0.004342309664934874
1773144508.371107,PC1,0,26,0.4018,1.86516,-0.11736,0.0024633968714624643
1773144508.371107,PC1,0,27,0.55818,2.31042,0.09934,0.00038093465263955295
1773144508.371107,PC1,0,28,0.40365,2.30909,0.00643,8.687175431987271e-05
1773144508.371107,PC1,0,29,0.55801,2.38347,0.10522,0.0002750219136942178
1773144508.371107,PC1,0,30,0.40007,2.38661,0.00876,0.00012637447798624635
1773144508.371107,PC1,0,31,0.54401,2.4522,-0.20333,0.0007690408965572715
1773144508.371107,PC1,0,32,0.42834,2.43646,-0.3325,0.00040917954174801707
1773144508.371107,PC1,0,Angle_Elbow_L,125.73,,,
1773144508.371107,PC1,0,Angle_Elbow_R,127.51,,,
1773144508.371107,PC1,0,Angle_Shoulder_L,145.08,,,
1773144508.371107,PC1,0,Angle_Shoulder_R,144.03,,,
1773144508.371107,PC1,0,Length_UpperArm_L,0.2843,,,
1773144508.371107,PC1,0,Length_LowerArm_L,0.3136,,,
1773144508.371107,PC1,0,Length_UpperArm_R,0.4413,,,
1773144508.371107,PC1,0,Length_LowerArm_R,0.4421,,,
1773144508.371107,PC1,0,Width_Shoulder,0.3286,,,
1773144508.411225,PC1,0,0,0.52499,0.51435,-0.6477,0.9997031688690186
1773144508.411225,PC1,0,1,0.53913,0.45871,-0.61253,0.9992520213127136
1773144508.411225,PC1,0,2,0.55038,0.46164,-0.61245,0.9992250800132751
1773144508.411225,PC1,0,3,0.56095,0.46453,-0.61257,0.999157190322876
1773144508.411225,PC1,0,4,0.50215,0.44964,-0.62193,0.9994275569915771
1773144508.411225,PC1,0,5,0.48672,0.4475,-0.6216,0.9994821548461914
1773144508.411225,PC1,0,6,0.47227,0.44707,-0.62176,0.9994174242019653
1773144508.411225,PC1,0,7,0.56985,0.4864,-0.37103,0.9991253614425659
1773144508.411225,PC1,0,8,0.44495,0.47764,-0.39799,0.9994614720344543
1773144508.411225,PC1,0,9,0.53835,0.57874,-0.55744,0.9996679425239563
1773144508.411225,PC1,0,10,0.49674,0.57363,-0.56499,0.9997665286064148
1773144508.411225,PC1,0,11,0.64376,0.73602,-0.1623,0.9987295269966125
1773144508.411225,PC1,0,12,0.35167,0.7775,-0.30867,0.9975816607475281
1773144508.411225,PC1,0,13,0.79617,0.97003,-0.08604,0.6454861760139465
1773144508.411225,PC1,0,14,0.31616,1.19972,-0.41567,0.5236992835998535
1773144508.411225,PC1,0,15,0.92386,1.18587,-0.27079,0.6671878695487976
1773144508.411225,PC1,0,16,0.33788,1.42187,-0.83108,0.5111141800880432
1773144508.411225,PC1,0,17,0.97679,1.24565,-0.32189,0.6538854837417603
1773144508.411225,PC1,0,18,0.3278,1.51173,-0.91794,0.5231835246086121
1773144508.411225,PC1,0,19,0.95714,1.25103,-0.36957,0.7159739136695862
1773144508.411225,PC1,0,20,0.3533,1.49001,-0.95871,0.5583479404449463
1773144508.411225,PC1,0,21,0.9223,1.24113,-0.302,0.7159880995750427
1773144508.411225,PC1,0,22,0.36576,1.4582,-0.86678,0.5530521273612976
1773144508.411225,PC1,0,23,0.56772,1.3717,-0.01291,0.004912821110337973
1773144508.411225,PC1,0,24,0.394,1.38295,0.01593,0.0032805076334625483
1773144508.411225,PC1,0,25,0.5607,1.86368,-0.13913,0.0036731348372995853
1773144508.411225,PC1,0,26,0.4018,1.86516,-0.11736,0.0020588820334523916
1773144508.411225,PC1,0,27,0.55818,2.31042,0.09934,0.0003310154133941978
1773144508.411225,PC1,0,28,0.40365,2.30909,0.00643,7.371921674348414e-05
1773144508.411225,PC1,0,29,0.55801,2.38347,0.10522,0.00024563417537137866
1773144508.411225,PC1,0,30,0.40007,2.38661,0.00876,0.00011239745072089136
1773144508.411225,PC1,0,31,0.54401,2.4522,-0.20333,0.0006515337154269218
1773144508.411225,PC1,0,32,0.42834,2.43646,-0.3325,0.0003463866887614131
1773144508.411225,PC1,0,Angle_Elbow_L,128.29,,,
1773144508.411225,PC1,0,Angle_Elbow_R,131.84,,,
1773144508.411225,PC1,0,Angle_Shoulder_L,146.67,,,
1773144508.411225,PC1,0,Angle_Shoulder_R,144.79,,,
1773144508.411225,PC1,0,Length_UpperArm_L,0.2895,,,
1773144508.411225,PC1,0,Length_LowerArm_L,0.3115,,,
1773144508.411225,PC1,0,Length_UpperArm_R,0.437,,,
1773144508.411225,PC1,0,Length_LowerArm_R,0.4716,,,
1773144508.411225,PC1,0,Width_Shoulder,0.3293,,,
1773144508.451581,PC1,0,0,0.52352,0.51411,-0.65044,0.9997224807739258
1773144508.451581,PC1,0,1,0.53776,0.45816,-0.61545,0.9992971420288086
1773144508.451581,PC1,0,2,0.54923,0.46104,-0.61537,0.9992706179618835
1773144508.451581,PC1,0,3,0.55992,0.46392,-0.61548,0.9992070198059082
1773144508.451581,PC1,0,4,0.50025,0.44951,-0.62431,0.9994623064994812
1773144508.451581,PC1,0,5,0.48478,0.44758,-0.62398,0.99951171875
1773144508.451581,PC1,0,6,0.47049,0.44736,-0.62414,0.9994508624076843
1773144508.451581,PC1,0,7,0.56944,0.48572,-0.37334,0.9991718530654907
1773144508.451581,PC1,0,8,0.44381,0.47797,-0.39868,0.9994912147521973
1773144508.451581,PC1,0,9,0.53743,0.57889,-0.5602,0.9996848702430725
1773144508.451581,PC1,0,10,0.49507,0.57406,-0.56705,0.9997788071632385
1773144508.451581,PC1,0,11,0.64451,0.73604,-0.16702,0.998712956905365
1773144508.451581,PC1,0,12,0.35139,0.7797,-0.30981,0.9975917339324951
1773144508.451581,PC1,0,13,0.79786,0.96762,-0.08225,0.6338701844215393
1773144508.451581,PC1,0,14,0.31616,1.19972,-0.41567,0.4832427501678467
1773144508.451581,PC1,0,15,0.9307,1.19471,-0.24875,0.6383152008056641
1773144508.451581,PC1,0,16,0.33788,1.42187,-0.83108,0.4689110219478607
1773144508.451581,PC1,0,17,0.98682,1.25623,-0.30267,0.6285251975059509
1773144508.451581,PC1,0,18,0.3278,1.51173,-0.91794,0.48536497354507446
1773144508.451581,PC1,0,19,0.96536,1.26411,-0.35582,0.695624053478241
1773144508.451581,PC1,0,20,0.3524,1.51851,-0.96879,0.5231431722640991
1773144508.451581,PC1,0,21,0.93115,1.25383,-0.28281,0.6954995393753052
1773144508.451581,PC1,0,22,0.36578,1.48399,-0.8717,0.5183035731315613
1773144508.451581,PC1,0,23,0.56772,1.3717,-0.01291,0.004566655959933996
1773144508.451581,PC1,0,24,0.394,1.38295,0.01593,0.0030476779211312532
1773144508.451581,PC1,0,25,0.5607,1.86368,-0.13913,0.003367895958945155
1773144508.451581,PC1,0,26,0.4018,1.86516,-0.11736,0.0018664937233552337
1773144508.451581,PC1,0,27,0.55818,2.31042,0.09934,0.0003036370035260916
1773144508.451581,PC1,0,28,0.40365,2.30909,0.00643,6.684552499791607e-05
1773144508.451581,PC1,0,29,0.55801,2.38347,0.10522,0.00022607858409173787
1773144508.451581,PC1,0,30,0.40007,2.38661,0.00876,0.00010237758397124708
1773144508.451581,PC1,0,31,0.54401,2.4522,-0.20333,0.0005957509274594486
1773144508.451581,PC1,0,32,0.42834,2.43646,-0.3325,0.0003151443088427186
1773144508.451581,PC1,0,Angle_Elbow_L,130.61,,,
1773144508.451581,PC1,0,Angle_Shoulder_L,146.64,,,
1773144508.451581,PC1,0,Length_UpperArm_L,0.2904,,,
1773144508.451581,PC1,0,Length_LowerArm_L,0.3113,,,
1773144508.451581,PC1,0,Width_Shoulder,0.329,,,
1773144508.500428,PC1,0,0,0.52235,0.51393,-0.65604,0.9997366666793823
1773144508.500428,PC1,0,1,0.53661,0.45771,-0.62094,0.9993325471878052
1773144508.500428,PC1,0,2,0.54828,0.46056,-0.62085,0.999305009841919
1773144508.500428,PC1,0,3,0.5591,0.46344,-0.62094,0.9992449283599854
1773144508.500428,PC1,0,4,0.49866,0.44935,-0.62972,0.9994913339614868
1773144508.500428,PC1,0,5,0.48312,0.44761,-0.62938,0.999536395072937
1773144508.500428,PC1,0,6,0.46899,0.44755,-0.62954,0.9994784593582153
1773144508.500428,PC1,0,7,0.56913,0.48517,-0.37646,0.999208390712738
1773144508.500428,PC1,0,8,0.44285,0.47828,-0.40172,0.9995148777961731
1773144508.500428,PC1,0,9,0.53672,0.57906,-0.56473,0.9996982216835022
1773144508.500428,PC1,0,10,0.49378,0.57443,-0.57152,0.9997884631156921
1773144508.500428,PC1,0,11,0.64528,0.73615,-0.16998,0.9987180829048157
1773144508.500428,PC1,0,12,0.35054,0.78237,-0.3114,0.997599184513092
1773144508.500428,PC1,0,13,0.80012,0.96582,-0.07793,0.6422656178474426
1773144508.500428,PC1,0,14,0.31616,1.19972,-0.41567,0.4562683403491974
1773144508.500428,PC1,0,15,0.93874,1.20155,-0.24001,0.6287838816642761
1773144508.500428,PC1,0,16,0.33788,1.42187,-0.83108,0.4348755180835724
1773144508.500428,PC1,0,17,0.99648,1.26393,-0.29405,0.6154073476791382
1773144508.500428,PC1,0,18,0.3278,1.51173,-0.91794,0.4539056718349457
1773144508.500428,PC1,0,19,0.97504,1.27353,-0.34884,0.6856656074523926
1773144508.500428,PC1,0,20,0.3524,1.51851,-0.96879,0.4933922290802002
1773144508.500428,PC1,0,21,0.94079,1.26338,-0.2747,0.6867542862892151
1773144508.500428,PC1,0,22,0.36578,1.48399,-0.8717,0.48874276876449585
1773144508.500428,PC1,0,23,0.56772,1.3717,-0.01291,0.004649374634027481
1773144508.500428,PC1,0,24,0.394,1.38295,0.01593,0.003085630713030696
1773144508.500428,PC1,0,25,0.5607,1.86368,-0.13913,0.0031814302783459425
1773144508.500428,PC1,0,26,0.4018,1.86516,-0.11736,0.0017242168541997671
1773144508.500428,PC1,0,27,0.55818,2.31042,0.09934,0.0002896192017942667
1773144508.500428,PC1,0,28,0.40365,2.30909,0.00643,6.253763422137126e-05
1773144508.500428,PC1,0,29,0.55801,2.38347,0.10522,0.00021747610298916698
1773144508.500428,PC1,0,30,0.40007,2.38661,0.00876,9.814494114834815e-05
1773144508.500428,PC1,0,31,0.54401,2.4522,-0.20333,0.0005613475805148482
1773144508.500428,PC1,0,32,0.42834,2.43646,-0.3325,0.00029579485999420285
1773144508.500428,PC1,0,Angle_Elbow_L,130.85,,,
1773144508.500428,PC1,0,Angle_Shoulder_L,146.49,,,
1773144508.500428,PC1,0,Length_UpperArm_L,0.2919,,,
1773144508.500428,PC1,0,Length_LowerArm_L,0.3179,,,
1773144508.500428,PC1,0,Width_Shoulder,0.3302,,,
1773144508.550147,PC1,0,0,0.52133,0.51412,-0.65005,0.9997451901435852
1773144508.550147,PC1,0,1,0.53563,0.45757,-0.61692,0.9993590116500854
1773144508.550147,PC1,0,2,0.54748,0.46033,-0.61681,0.9993340969085693
1773144508.550147,PC1,0,3,0.55848,0.4631,-0.6169,0.999279260635376
1773144508.550147,PC1,0,4,0.49736,0.44942,-0.62396,0.9995089769363403
1773144508.550147,PC1,0,5,0.48171,0.44772,-0.62362,0.9995498657226562
1773144508.550147,PC1,0,6,0.46766,0.44775,-0.62376,0.9994937777519226
1773144508.550147,PC1,0,7,0.56904,0.48467,-0.3752,0.9992446303367615
1773144508.550147,PC1,0,8,0.44196,0.47856,-0.39338,0.9995254278182983
1773144508.550147,PC1,0,9,0.5361,0.5794,-0.55908,0.9997087717056274
1773144508.550147,PC1,0,10,0.49276,0.575,-0.56376,0.9997936487197876
1773144508.550147,PC1,0,11,0.6466,0.73578,-0.17236,0.9987266063690186
1773144508.550147,PC1,0,12,0.35047,0.7823,-0.29989,0.9975714683532715
1773144508.550147,PC1,0,13,0.80215,0.96421,-0.07474,0.6411426663398743
1773144508.550147,PC1,0,14,0.31616,1.19972,-0.41567,0.4252741038799286
1773144508.550147,PC1,0,15,0.9385,1.20693,-0.23566,0.6036486029624939
1773144508.550147,PC1,0,16,0.33788,1.42187,-0.83108,0.4001750946044922
1773144508.550147,PC1,0,17,0.99504,1.27027,-0.28974,0.5904998779296875
1773144508.550147,PC1,0,18,0.3278,1.51173,-0.91794,0.4213154911994934
1773144508.550147,PC1,0,19,0.97289,1.28062,-0.34486,0.6633502244949341
1773144508.550147,PC1,0,20,0.3524,1.51851,-0.96879,0.46098852157592773
1773144508.550147,PC1,0,21,0.9399,1.27052,-0.27017,0.664601743221283
1773144508.550147,PC1,0,22,0.36578,1.48399,-0.8717,0.4559745192527771
1773144508.550147,PC1,0,23,0.56772,1.3717,-0.01291,0.0045999144203960896
1773144508.550147,PC1,0,24,0.394,1.38295,0.01593,0.0030178697779774666
1773144508.550147,PC1,0,25,0.5607,1.86368,-0.13913,0.0030307811684906483
1773144508.550147,PC1,0,26,0.4018,1.86516,-0.11736,0.0016045768279582262
1773144508.550147,PC1,0,27,0.55818,2.31042,0.09934,0.00027782126562669873
1773144508.550147,PC1,0,28,0.40365,2.30909,0.00643,5.837963180965744e-05
1773144508.550147,PC1,0,29,0.55801,2.38347,0.10522,0.00021235438180156052
1773144508.550147,PC1,0,30,0.40007,2.38661,0.00876,9.30350724956952e-05
1773144508.550147,PC1,0,31,0.54401,2.4522,-0.20333,0.0005254639545455575
1773144508.550147,PC1,0,32,0.42834,2.43646,-0.3325,0.0002747552643995732
1773144508.550147,PC1,0,Angle_Elbow_L,130.29,,,
1773144508.550147,PC1,0,Angle_Shoulder_L,146.36,,,
1773144508.550147,PC1,0,Length_UpperArm_L,0.2931,,,
1773144508.550147,PC1,0,Length_LowerArm_L,0.3216,,,
1773144508.550147,PC1,0,Width_Shoulder,0.3258,,,
1773144508.652388,PC1,0,0,0.52057,0.51446,-0.63627,0.9997376799583435
1773144508.652388,PC1,0,1,0.53491,0.45777,-0.60405,0.9993290901184082
1773144508.652388,PC1,0,2,0.54688,0.46041,-0.60394,0.9993057250976562
1773144508.652388,PC1,0,3,0.55802,0.46312,-0.60402,0.9992483854293823
1773144508.652388,PC1,0,4,0.4964,0.45019,-0.61094,0.9994901418685913
1773144508.652388,PC1,0,5,0.48068,0.44873,-0.61061,0.9995336532592773
1773144508.652388,PC1,0,6,0.46668,0.44894,-0.61076,0.9994757771492004
1773144508.652388,PC1,0,7,0.56895,0.48458,-0.36726,0.999197244644165
1773144508.652388,PC1,0,8,0.4413,0.47918,-0.38511,0.9994960427284241
1773144508.652388,PC1,0,9,0.53562,0.58029,-0.54683,0.9996896386146545
1773144508.652388,PC1,0,10,0.49199,0.57589,-0.55158,0.9997823238372803
1773144508.652388,PC1,0,11,0.64748,0.73605,-0.17395,0.9986059069633484
1773144508.652388,PC1,0,12,0.3501,0.78254,-0.29178,0.9974390268325806
1773144508.652388,PC1,0,13,0.80319,0.96249,-0.07514,0.622982919216156
1773144508.652388,PC1,0,14,0.31616,1.19972,-0.41567,0.3931322693824768
1773144508.652388,PC1,0,15,0.9287,1.21213,-0.2341,0.5661404728889465
1773144508.652388,PC1,0,16,0.33788,1.42187,-0.83108,0.36498111486434937
1773144508.652388,PC1,0,17,0.9827,1.27899,-0.28793,0.5548596978187561
1773144508.652388,PC1,0,18,0.3278,1.51173,-0.91794,0.3863966464996338
1773144508.652388,PC1,0,19,0.95872,1.29015,-0.34165,0.6285334825515747
1773144508.652388,PC1,0,20,0.3524,1.51851,-0.96879,0.42512309551239014
1773144508.652388,PC1,0,21,0.92745,1.27815,-0.26774,0.6285985708236694
1773144508.652388,PC1,0,22,0.36578,1.48399,-0.8717,0.42004114389419556
1773144508.652388,PC1,0,23,0.56772,1.3717,-0.01291,0.004374173004180193
1773144508.652388,PC1,0,24,0.394,1.38295,0.01593,0.002868063747882843
1773144508.652388,PC1,0,25,0.5607,1.86368,-0.13913,0.002925831824541092
1773144508.652388,PC1,0,26,0.4018,1.86516,-0.11736,0.0014909623423591256
1773144508.652388,PC1,0,27,0.55818,2.31042,0.09934,0.0002732321445364505
1773144508.652388,PC1,0,28,0.40365,2.30909,0.00643,5.5294767662417144e-05
1773144508.652388,PC1,0,29,0.55801,2.38347,0.10522,0.000213509367313236
1773144508.652388,PC1,0,30,0.40007,2.38661,0.00876,9.010234498418868e-05
1773144508.652388,PC1,0,31,0.54401,2.4522,-0.20333,0.0005028767045587301
1773144508.652388,PC1,0,32,0.42834,2.43646,-0.3325,0.0002594896941445768
1773144508.652388,PC1,0,Angle_Elbow_L,130.02,,,
1773144508.652388,PC1,0,Angle_Shoulder_L,146.12,,,
1773144508.652388,PC1,0,Length_UpperArm_L,0.292,,,
1773144508.652388,PC1,0,Length_LowerArm_L,0.3215,,,
1773144508.652388,PC1,0,Width_Shoulder,0.3232,,,
1773144508.692478,PC1,0,0,0.51933,0.51556,-0.66423,0.9997356534004211
1773144508.692478,PC1,0,1,0.53371,0.4583,-0.63327,0.9993434548377991
1773144508.692478,PC1,0,2,0.54593,0.46078,-0.63319,0.9993152618408203
1773144508.692478,PC1,0,3,0.55735,0.46333,-0.63328,0.9992589354515076
1773144508.692478,PC1,0,4,0.49476,0.45126,-0.63921,0.9994990825653076
1773144508.692478,PC1,0,5,0.47895,0.45005,-0.63888,0.9995361566543579
1773144508.692478,PC1,0,6,0.46517,0.45048,-0.63902,0.9994823932647705
1773144508.692478,PC1,0,7,0.56885,0.48448,-0.39083,0.9992141723632812
1773144508.692478,PC1,0,8,0.44025,0.48023,-0.40382,0.9995054006576538
1773144508.692478,PC1,0,9,0.53484,0.58173,-0.57123,0.9996944665908813
1773144508.692478,PC1,0,10,0.4908,0.57751,-0.57457,0.9997871518135071
1773144508.692478,PC1,0,11,0.64859,0.73686,-0.19114,0.9984603524208069
1773144508.692478,PC1,0,12,0.34955,0.78573,-0.28222,0.9971609711647034
1773144508.692478,PC1,0,13,0.80931,0.96282,-0.11389,0.6147443056106567
1773144508.692478,PC1,0,14,0.31616,1.19972,-0.41567,0.3677504062652588
1773144508.692478,PC1,0,15,0.91319,1.21598,-0.30078,0.5396021604537964
1773144508.692478,PC1,0,16,0.33788,1.42187,-0.83108,0.33650562167167664
1773144508.692478,PC1,0,17,0.96135,1.28476,-0.36164,0.525904655456543
1773144508.692478,PC1,0,18,0.3278,1.51173,-0.91794,0.3584790825843811
1773144508.692478,PC1,0,19,0.93525,1.29458,-0.40922,0.6001349687576294
1773144508.692478,PC1,0,20,0.3524,1.51851,-0.96879,0.3976639211177826
1773144508.692478,PC1,0,21,0.90674,1.28102,-0.33171,0.6011697053909302
1773144508.692478,PC1,0,22,0.36578,1.48399,-0.8717,0.3926675319671631
1773144508.692478,PC1,0,23,0.56772,1.3717,-0.01291,0.004228658974170685
1773144508.692478,PC1,0,24,0.394,1.38295,0.01593,0.002769079525023699
1773144508.692478,PC1,0,25,0.5607,1.86368,-0.13913,0.0028070765547454357
1773144508.692478,PC1,0,26,0.4018,1.86516,-0.11736,0.0013790612574666739
1773144508.692478,PC1,0,27,0.55818,2.31042,0.09934,0.0002592907112557441
1773144508.692478,PC1,0,28,0.40365,2.30909,0.00643,5.1413331675576046e-05
1773144508.692478,PC1,0,29,0.55801,2.38347,0.10522,0.0002029555762419477
1773144508.692478,PC1,0,30,0.40007,2.38661,0.00876,8.540678391000256e-05
1773144508.692478,PC1,0,31,0.54401,2.4522,-0.20333,0.0004691860231105238
1773144508.692478,PC1,0,32,0.42834,2.43646,-0.3325,0.00024183756613638252
1773144508.692478,PC1,0,Angle_Elbow_L,128.56,,,
1773144508.692478,PC1,0,Angle_Shoulder_L,144.42,,,
1773144508.692478,PC1,0,Length_UpperArm_L,0.2878,,,
1773144508.692478,PC1,0,Length_LowerArm_L,0.3314,,,
1773144508.692478,PC1,0,Width_Shoulder,0.3164,,,
1773144508.7322009,PC1,0,0,0.51912,0.51763,-0.69127,0.9997318983078003
1773144508.7322009,PC1,0,1,0.53362,0.46012,-0.65971,0.9993541240692139
1773144508.7322009,PC1,0,2,0.5459,0.46238,-0.65965,0.9993318319320679
1773144508.7322009,PC1,0,3,0.55741,0.46471,-0.65976,0.9992717504501343
1773144508.7322009,PC1,0,4,0.49446,0.45372,-0.66646,0.9994960427284241
1773144508.7322009,PC1,0,5,0.47855,0.45271,-0.66616,0.9995349049568176
1773144508.7322009,PC1,0,6,0.46476,0.45321,-0.66628,0.9994685053825378
1773144508.7322009,PC1,0,7,0.56897,0.48517,-0.40532,0.9992505311965942
1773144508.7322009,PC1,0,8,0.43993,0.48194,-0.42274,0.9994887709617615
1773144508.7322009,PC1,0,9,0.53477,0.58345,-0.59305,0.9996986389160156
1773144508.7322009,PC1,0,10,0.49058,0.57964,-0.59774,0.9997745156288147
1773144508.7322009,PC1,0,11,0.649,0.73709,-0.19511,0.9984736442565918
1773144508.7322009,PC1,0,12,0.34988,0.78641,-0.29259,0.9967277646064758
1773144508.7322009,PC1,0,13,0.81068,0.96191,-0.10994,0.6266188621520996
1773144508.7322009,PC1,0,14,0.31616,1.19972,-0.41567,0.3568044602870941
1773144508.7322009,PC1,0,15,0.91536,1.21522,-0.28571,0.5445126891136169
1773144508.7322009,PC1,0,16,0.33788,1.42187,-0.83108,0.33835485577583313
1773144508.7322009,PC1,0,17,0.96388,1.28467,-0.34019,0.5241777896881104
1773144508.7322009,PC1,0,18,0.3278,1.51173,-0.91794,0.355123370885849
1773144508.7322009,PC1,0,19,0.93966,1.29231,-0.39122,0.6000892519950867
1773144508.7322009,PC1,0,20,0.3524,1.51851,-0.96879,0.39469096064567566
1773144508.7322009,PC1,0,21,0.91111,1.27862,-0.31698,0.6028035283088684
1773144508.7322009,PC1,0,22,0.36578,1.48399,-0.8717,0.3890688121318817
1773144508.7322009,PC1,0,23,0.56772,1.3717,-0.01291,0.004593284334987402
1773144508.7322009,PC1,0,24,0.394,1.38295,0.01593,0.0029304688796401024
1773144508.7322009,PC1,0,25,0.5607,1.86368,-0.13913,0.0028133189771324396
1773144508.7322009,PC1,0,26,0.4018,1.86516,-0.11736,0.0013889581896364689
1773144508.7322009,PC1,0,27,0.55818,2.31042,0.09934,0.00027685362147167325
1773144508.7322009,PC1,0,28,0.40365,2.30909,0.00643,5.610175503534265e-05
1773144508.7322009,PC1,0,29,0.55801,2.38347,0.10522,0.0002125884493580088
1773144508.7322009,PC1,0,30,0.40007,2.38661,0.00876,9.37805962166749e-05
1773144508.7322009,PC1,0,31,0.54401,2.4522,-0.20333,0.0004557232023216784
1773144508.7322009,PC1,0,32,0.42834,2.43646,-0.3325,0.00024550690432079136
1773144508.7322009,PC1,0,Angle_Elbow_L,128.64,,,
1773144508.7322009,PC1,0,Angle_Shoulder_L,144.46,,,
1773144508.7322009,PC1,0,Length_UpperArm_L,0.2897,,,
1773144508.7322009,PC1,0,Length_LowerArm_L,0.3256,,,
1773144508.7322009,PC1,0,Width_Shoulder,0.3184,,,
1773144508.86211,PC1,0,0,0.52296,0.52065,-0.71788,0.9997082352638245
1773144508.86211,PC1,0,1,0.53689,0.46286,-0.68639,0.9992989301681519
1773144508.86211,PC1,0,2,0.54882,0.46472,-0.68634,0.9992724061012268
1773144508.86211,PC1,0,3,0.56012,0.4667,-0.6865,0.9992029666900635
1773144508.86211,PC1,0,4,0.49842,0.45732,-0.69308,0.9994603991508484
1773144508.86211,PC1,0,5,0.48222,0.45658,-0.69279,0.9995032548904419
1773144508.86211,PC1,0,6,0.46757,0.45709,-0.6929,0.9994302988052368
1773144508.86211,PC1,0,7,0.57006,0.48607,-0.41978,0.9991840124130249
1773144508.86211,PC1,0,8,0.44019,0.48419,-0.44911,0.9994562268257141
1773144508.86211,PC1,0,9,0.53735,0.58594,-0.61424,0.9996638894081116
1773144508.86211,PC1,0,10,0.49462,0.58296,-0.62108,0.9997581243515015
1773144508.86211,PC1,0,11,0.64961,0.73741,-0.1996,0.9982359409332275
1773144508.86211,PC1,0,12,0.35033,0.78963,-0.32037,0.996269941329956
1773144508.86211,PC1,0,13,0.81242,0.9603,-0.09521,0.610927402973175
1773144508.86211,PC1,0,14,0.31616,1.19972,-0.41567,0.3189237117767334
1773144508.86211,PC1,0,15,0.91784,1.21495,-0.26006,0.5228673815727234
1773144508.86211,PC1,0,16,0.33788,1.42187,-0.83108,0.29199379682540894
1773144508.86211,PC1,0,17,0.96711,1.28498,-0.31321,0.5039853453636169
1773144508.86211,PC1,0,18,0.3278,1.51173,-0.91794,0.31161952018737793
1773144508.86211,PC1,0,19,0.94534,1.29202,-0.36811,0.5832732915878296
1773144508.86211,PC1,0,20,0.3524,1.51851,-0.96879,0.35209035873413086
1773144508.86211,PC1,0,21,0.91655,1.27866,-0.29289,0.5856897234916687
1773144508.86211,PC1,0,22,0.36578,1.48399,-0.8717,0.34549465775489807
1773144508.86211,PC1,0,23,0.56772,1.3717,-0.01291,0.004428238142281771
1773144508.86211,PC1,0,24,0.394,1.38295,0.01593,0.0027896978426724672
1773144508.86211,PC1,0,25,0.5607,1.86368,-0.13913,0.0026289685629308224
1773144508.86211,PC1,0,26,0.4018,1.86516,-0.11736,0.001239194069057703
1773144508.86211,PC1,0,27,0.55818,2.31042,0.09934,0.00026965286815539
1773144508.86211,PC1,0,28,0.40365,2.30909,0.00643,5.357004192774184e-05
1773144508.86211,PC1,0,29,0.55801,2.38347,0.10522,0.0002167366474168375
1773144508.86211,PC1,0,30,0.40007,2.38661,0.00876,9.489885269431397e-05
1773144508.86211,PC1,0,31,0.54401,2.4522,-0.20333,0.00044457087642513216
1773144508.86211,PC1,0,32,0.42834,2.43646,-0.3325,0.0002372340386500582
1773144508.86211,PC1,0,Angle_Elbow_L,126.76,,,
1773144508.86211,PC1,0,Angle_Shoulder_L,144.82,,,
1773144508.86211,PC1,0,Length_UpperArm_L,0.2951,,,
1773144508.86211,PC1,0,Length_LowerArm_L,0.3211,,,
1773144508.86211,PC1,0,Width_Shoulder,0.3269,,,
1773144508.901841,PC1,0,0,0.53245,0.52274,-0.71465,0.9995430707931519
1773144508.901841,PC1,0,1,0.54456,0.46477,-0.68179,0.9989810585975647
1773144508.901841,PC1,0,2,0.55577,0.4662,-0.68178,0.9989398121833801
1773144508.901841,PC1,0,3,0.56633,0.46778,-0.68195,0.9988464713096619
1773144508.901841,PC1,0,4,0.50746,0.45982,-0.69455,0.999221920967102
1773144508.901841,PC1,0,5,0.49106,0.45918,-0.69428,0.9992824792861938
1773144508.901841,PC1,0,6,0.47526,0.4595,-0.69444,0.9991934895515442
1773144508.901841,PC1,0,7,0.57192,0.48604,-0.417,0.9988638758659363
1773144508.901841,PC1,0,8,0.44254,0.48531,-0.4703,0.9992645978927612
1773144508.901841,PC1,0,9,0.54489,0.58746,-0.6111,0.9995056986808777
1773144508.901841,PC1,0,10,0.50492,0.58558,-0.62533,0.9996680021286011
1773144508.901841,PC1,0,11,0.65025,0.73744,-0.19687,0.9979332089424133
1773144508.901841,PC1,0,12,0.35061,0.79185,-0.34473,0.9949877858161926
1773144508.901841,PC1,0,13,0.81404,0.9595,-0.09366,0.5943640470504761
1773144508.901841,PC1,0,14,0.31616,1.19972,-0.41567,0.2822744846343994
1773144508.901841,PC1,0,15,0.91784,1.21495,-0.26006,0.48478713631629944
1773144508.901841,PC1,0,16,0.33788,1.42187,-0.83108,0.24625423550605774
1773144508.901841,PC1,0,17,0.96711,1.28498,-0.31321,0.4664720296859741
1773144508.901841,PC1,0,18,0.3278,1.51173,-0.91794,0.26611435413360596
1773144508.901841,PC1,0,19,0.93831,1.28567,-0.3769,0.5461288094520569
1773144508.901841,PC1,0,20,0.3524,1.51851,-0.96879,0.30394381284713745
1773144508.901841,PC1,0,21,0.90999,1.2726,-0.30078,0.5478596687316895
1773144508.901841,PC1,0,22,0.36578,1.48399,-0.8717,0.2974691390991211
1773144508.901841,PC1,0,23,0.56772,1.3717,-0.01291,0.004208797123283148
1773144508.901841,PC1,0,24,0.394,1.38295,0.01593,0.0026024854741990566
1773144508.901841,PC1,0,25,0.5607,1.86368,-0.13913,0.0025898886378854513
1773144508.901841,PC1,0,26,0.4018,1.86516,-0.11736,0.0011901562102138996
1773144508.901841,PC1,0,27,0.55818,2.31042,0.09934,0.0002703219361137599
1773144508.901841,PC1,0,28,0.40365,2.30909,0.00643,5.726993185817264e-05
1773144508.901841,PC1,0,29,0.55801,2.38347,0.10522,0.0002224465279141441
1773144508.901841,PC1,0,30,0.40007,2.38661,0.00876,0.00010763798491097987
1773144508.901841,PC1,0,31,0.54401,2.4522,-0.20333,0.00044360547326505184
1773144508.901841,PC1,0,32,0.42834,2.43646,-0.3325,0.00024348708393517882
1773144508.901841,PC1,0,Angle_Shoulder_L,144.54,,,
1773144508.901841,PC1,0,Length_UpperArm_L,0.2946,,,
1773144508.901841,PC1,0,Width_Shoulder,0.3385,,,
1773144508.98119,PC1,0,0,0.54366,0.52449,-0.71821,0.9995071887969971
1773144508.98119,PC1,0,1,0.55349,0.46619,-0.68537,0.9989115595817566
1773144508.98119,PC1,0,2,0.56369,0.46719,-0.68532,0.9988807439804077
1773144508.98119,PC1,0,3,0.57306,0.46839,-0.68544,0.9987614750862122
1773144508.98119,PC1,0,4,0.51816,0.46186,-0.70474,0.9991823434829712
1773144508.98119,PC1,0,5,0.50213,0.4611,-0.70449,0.9992483854293823
1773144508.98119,PC1,0,6,0.48601,0.46115,-0.70464,0.9991388320922852
1773144508.98119,PC1,0,7,0.57346,0.48575,-0.42789,0.9988268613815308
1773144508.98119,PC1,0,8,0.44825,0.4857,-0.5054,0.9992716908454895
1773144508.98119,PC1,0,9,0.55352,0.5885,-0.61675,0.9994721412658691
1773144508.98119,PC1,0,10,0.51695,0.5881,-0.6395,0.9996612071990967
1773144508.98119,PC1,0,11,0.64967,0.7362,-0.20479,0.9979973435401917
1773144508.98119,PC1,0,12,0.3502,0.79382,-0.38198,0.9949393272399902
1773144508.98119,PC1,0,13,0.81481,0.95912,-0.07882,0.578554093837738
1773144508.98119,PC1,0,14,0.31616,1.19972,-0.41567,0.2590247392654419
1773144508.98119,PC1,0,15,0.91784,1.21495,-0.26006,0.4883900284767151
1773144508.98119,PC1,0,16,0.33788,1.42187,-0.83108,0.21194657683372498
1773144508.98119,PC1,0,17,0.96711,1.28498,-0.31321,0.4702215790748596
1773144508.98119,PC1,0,18,0.3278,1.51173,-0.91794,0.23350703716278076
1773144508.98119,PC1,0,19,0.94772,1.28202,-0.35401,0.5508917570114136
1773144508.98119,PC1,0,20,0.3524,1.51851,-0.96879,0.2702837884426117
1773144508.98119,PC1,0,21,0.91802,1.26992,-0.2781,0.5534170269966125
1773144508.98119,PC1,0,22,0.36578,1.48399,-0.8717,0.2637726366519928
1773144508.98119,PC1,0,23,0.56772,1.3717,-0.01291,0.004050034563988447
1773144508.98119,PC1,0,24,0.394,1.38295,0.01593,0.0024392425548285246
1773144508.98119,PC1,0,25,0.5607,1.86368,-0.13913,0.0023007425479590893
1773144508.98119,PC1,0,26,0.4018,1.86516,-0.11736,0.001045618555508554
1773144508.98119,PC1,0,27,0.55818,2.31042,0.09934,0.0002377656928729266
1773144508.98119,PC1,0,28,0.40365,2.30909,0.00643,4.9749036406865343e-05
1773144508.98119,PC1,0,29,0.55801,2.38347,0.10522,0.000198418740183115
1773144508.98119,PC1,0,30,0.40007,2.38661,0.00876,9.548680827720091e-05
1773144508.98119,PC1,0,31,0.54401,2.4522,-0.20333,0.00040929520037025213
1773144508.98119,PC1,0,32,0.42834,2.43646,-0.3325,0.0002173457614844665
1773144508.98119,PC1,0,Angle_Shoulder_L,145.39,,,
1773144508.98119,PC1,0,Length_UpperArm_L,0.3047,,,
1773144508.98119,PC1,0,Width_Shoulder,0.3527,,,
1773144509.021352,PC1,0,0,0.54816,0.52531,-0.70938,0.9994140267372131
1773144509.021352,PC1,0,1,0.55761,0.46682,-0.67573,0.9987348914146423
1773144509.021352,PC1,0,2,0.56742,0.46762,-0.67569,0.9987074732780457
1773144509.021352,PC1,0,3,0.57631,0.46863,-0.67579,0.9985634088516235
1773144509.021352,PC1,0,4,0.52267,0.46274,-0.6981,0.9990426898002625
1773144509.021352,PC1,0,5,0.50682,0.46186,-0.69784,0.9991183280944824
1773144509.021352,PC1,0,6,0.49072,0.46176,-0.698,0.9989800453186035
1773144509.021352,PC1,0,7,0.57453,0.48563,-0.41807,0.9986267685890198
1773144509.021352,PC1,0,8,0.4515,0.48572,-0.51144,0.9991632103919983
1773144509.021352,PC1,0,9,0.55707,0.58909,-0.60782,0.999363899230957
1773144509.021352,PC1,0,10,0.52167,0.58929,-0.63435,0.9996011853218079
1773144509.021352,PC1,0,11,0.64885,0.73535,-0.19817,0.9979681968688965
1773144509.021352,PC1,0,12,0.35012,0.79345,-0.39303,0.9945352673530579
1773144509.021352,PC1,0,13,0.81377,0.95882,-0.07616,0.5651171803474426
1773144509.021352,PC1,0,14,0.31616,1.19972,-0.41567,0.24787209928035736
1773144509.021352,PC1,0,15,0.91784,1.21495,-0.26006,0.4927395284175873
1773144509.021352,PC1,0,16,0.33788,1.42187,-0.83108,0.197352796792984
1773144509.021352,PC1,0,17,0.96711,1.28498,-0.31321,0.4735233783721924
1773144509.021352,PC1,0,18,0.3278,1.51173,-0.91794,0.2193983495235443
1773144509.021352,PC1,0,19,0.94803,1.27521,-0.35815,0.5537212491035461
1773144509.021352,PC1,0,20,0.3524,1.51851,-0.96879,0.25566190481185913
1773144509.021352,PC1,0,21,0.91781,1.26394,-0.28114,0.5562018156051636
1773144509.021352,PC1,0,22,0.36578,1.48399,-0.8717,0.2494504153728485
1773144509.021352,PC1,0,23,0.56772,1.3717,-0.01291,0.004093355033546686
1773144509.021352,PC1,0,24,0.394,1.38295,0.01593,0.0023982238490134478
1773144509.021352,PC1,0,25,0.5607,1.86368,-0.13913,0.002254265593364835
1773144509.021352,PC1,0,26,0.4018,1.86516,-0.11736,0.0010090356227010489
1773144509.021352,PC1,0,27,0.55818,2.31042,0.09934,0.00023160025011748075
1773144509.021352,PC1,0,28,0.40365,2.30909,0.00643,4.763439574162476e-05
1773144509.021352,PC1,0,29,0.55801,2.38347,0.10522,0.00019786713528446853
1773144509.021352,PC1,0,30,0.40007,2.38661,0.00876,9.448833588976413e-05
1773144509.021352,PC1,0,31,0.54401,2.4522,-0.20333,0.00040460354648530483
1773144509.021352,PC1,0,32,0.42834,2.43646,-0.3325,0.0002108303742716089
1773144509.021352,PC1,0,Angle_Shoulder_L,145.4,,,
1773144509.021352,PC1,0,Length_UpperArm_L,0.3034,,,
1773144509.021352,PC1,0,Width_Shoulder,0.3614,,,
1773144509.101196,PC1,0,0,0.55577,0.52654,-0.69289,0.999410092830658
1773144509.101196,PC1,0,1,0.56399,0.46776,-0.65804,0.9987314939498901
1773144509.101196,PC1,0,2,0.57317,0.46824,-0.65801,0.9987158179283142
1773144509.101196,PC1,0,3,0.58132,0.46896,-0.65808,0.9985688924789429
1773144509.101196,PC1,0,4,0.52977,0.46408,-0.68348,0.9990389347076416
1773144509.101196,PC1,0,5,0.51425,0.46301,-0.68323,0.9991162419319153
1773144509.101196,PC1,0,6,0.49809,0.46267,-0.6834,0.9989635944366455
1773144509.101196,PC1,0,7,0.57608,0.48524,-0.40145,0.9986661672592163
1773144509.101196,PC1,0,8,0.45638,0.48568,-0.51726,0.9991793632507324
1773144509.101196,PC1,0,9,0.56297,0.58998,-0.59179,0.999347448348999
1773144509.101196,PC1,0,10,0.52923,0.59115,-0.62327,0.9995954632759094
1773144509.101196,PC1,0,11,0.64754,0.73334,-0.18591,0.9980254173278809
1773144509.101196,PC1,0,12,0.34953,0.79403,-0.41527,0.9941710233688354
1773144509.101196,PC1,0,13,0.81234,0.95812,-0.05714,0.5547705888748169
1773144509.101196,PC1,0,14,0.31616,1.19972,-0.41567,0.23358269035816193
1773144509.101196,PC1,0,15,0.9398,1.19421,-0.19829,0.5004075169563293
1773144509.101196,PC1,0,16,0.33788,1.42187,-0.83108,0.17421354353427887
1773144509.101196,PC1,0,17,0.96711,1.28498,-0.31321,0.4841589629650116
1773144509.101196,PC1,0,18,0.3278,1.51173,-0.91794,0.20008298754692078
1773144509.101196,PC1,0,19,0.95985,1.26931,-0.33986,0.5654404163360596
1773144509.101196,PC1,0,20,0.3524,1.51851,-0.96879,0.2372833639383316
1773144509.101196,PC1,0,21,0.92823,1.2598,-0.26289,0.5687347650527954
1773144509.101196,PC1,0,22,0.36578,1.48399,-0.8717,0.2304271161556244
1773144509.101196,PC1,0,23,0.56772,1.3717,-0.01291,0.003954217303544283
1773144509.101196,PC1,0,24,0.394,1.38295,0.01593,0.002225165255367756
1773144509.101196,PC1,0,25,0.5607,1.86368,-0.13913,0.00206708419136703
1773144509.101196,PC1,0,26,0.4018,1.86516,-0.11736,0.0009554477874189615
1773144509.101196,PC1,0,27,0.55818,2.31042,0.09934,0.00020502458210103214
1773144509.101196,PC1,0,28,0.40365,2.30909,0.00643,4.4358966988511384e-05
1773144509.101196,PC1,0,29,0.55801,2.38347,0.10522,0.0001779815211193636
1773144509.101196,PC1,0,30,0.40007,2.38661,0.00876,8.962372521637008e-05
1773144509.101196,PC1,0,31,0.54401,2.4522,-0.20333,0.000382509344490245
1773144509.101196,PC1,0,32,0.42834,2.43646,-0.3325,0.00019702226563822478
1773144509.101196,PC1,0,Angle_Elbow_L,126.91,,,
1773144509.101196,PC1,0,Angle_Shoulder_L,145.89,,,
1773144509.101196,PC1,0,Length_UpperArm_L,0.307,,,
1773144509.101196,PC1,0,Length_LowerArm_L,0.3032,,,
1773144509.101196,PC1,0,Width_Shoulder,0.3809,,,
1773144509.180156,PC1,0,0,0.56045,0.52737,-0.73995,0.9993175268173218
1773144509.180156,PC1,0,1,0.56794,0.46831,-0.70041,0.9986612796783447
1773144509.180156,PC1,0,2,0.57678,0.46842,-0.70045,0.9986838102340698
1773144509.180156,PC1,0,3,0.58457,0.46873,-0.70057,0.9985275268554688
1773144509.180156,PC1,0,4,0.53414,0.46503,-0.73154,0.9989057779312134
1773144509.180156,PC1,0,5,0.51881,0.46384,-0.73135,0.9990173578262329
1773144509.180156,PC1,0,6,0.50259,0.46339,-0.73158,0.9987893104553223
1773144509.180156,PC1,0,7,0.5774,0.48473,-0.42095,0.9987119436264038
1773144509.180156,PC1,0,8,0.4595,0.4857,-0.56039,0.9990307688713074
1773144509.180156,PC1,0,9,0.56685,0.59056,-0.6289,0.9992172718048096
1773144509.180156,PC1,0,10,0.53395,0.59253,-0.66798,0.9994409084320068
1773144509.180156,PC1,0,11,0.64674,0.73192,-0.18731,0.9978689551353455
1773144509.180156,PC1,0,12,0.34896,0.79511,-0.45172,0.9891425371170044
1773144509.180156,PC1,0,13,0.81058,0.95703,-0.06342,0.5588300824165344
1773144509.180156,PC1,0,14,0.31616,1.19972,-0.41567,0.2257383018732071
1773144509.180156,PC1,0,15,0.9487,1.19289,-0.28496,0.5032129287719727
1773144509.180156,PC1,0,16,0.33788,1.42187,-0.83108,0.16237874329090118
1773144509.180156,PC1,0,17,0.96711,1.28498,-0.31321,0.4888005554676056
1773144509.180156,PC1,0,18,0.3278,1.51173,-0.91794,0.18925441801548004
1773144509.180156,PC1,0,19,0.97528,1.26513,-0.37964,0.571782112121582
1773144509.180156,PC1,0,20,0.3524,1.51851,-0.96879,0.2268025130033493
1773144509.180156,PC1,0,21,0.94294,1.25648,-0.30158,0.5760754942893982
1773144509.180156,PC1,0,22,0.36578,1.48399,-0.8717,0.21694159507751465
1773144509.180156,PC1,0,23,0.56772,1.3717,-0.01291,0.004684985615313053
1773144509.180156,PC1,0,24,0.394,1.38295,0.01593,0.002378166653215885
1773144509.180156,PC1,0,25,0.5607,1.86368,-0.13913,0.002890489064157009
1773144509.180156,PC1,0,26,0.4018,1.86516,-0.11736,0.0016558038769289851
1773144509.180156,PC1,0,27,0.55818,2.31042,0.09934,0.00031937408493831754
1773144509.180156,PC1,0,28,0.40365,2.30909,0.00643,0.00020186742767691612
1773144509.180156,PC1,0,29,0.55801,2.38347,0.10522,0.00026171348872594535
1773144509.180156,PC1,0,30,0.40007,2.38661,0.00876,0.00023021144443191588
1773144509.180156,PC1,0,31,0.54401,2.4522,-0.20333,0.0007343017496168613
1773144509.180156,PC1,0,32,0.42834,2.43646,-0.3325,0.0006035107071511447
1773144509.180156,PC1,0,Angle_Elbow_L,116.76,,,
1773144509.180156,PC1,0,Angle_Shoulder_L,146.05,,,
1773144509.180156,PC1,0,Length_UpperArm_L,0.3047,,,
1773144509.180156,PC1,0,Length_LowerArm_L,0.3518,,,
1773144509.180156,PC1,0,Width_Shoulder,0.4032,,,
1773144509.220154,PC1,0,0,0.56203,0.52773,-0.76731,0.9992714524269104
1773144509.220154,PC1,0,1,0.56926,0.46859,-0.72539,0.9985837340354919
1773144509.220154,PC1,0,2,0.57797,0.46856,-0.72552,0.9986089468002319
1773144509.220154,PC1,0,3,0.58564,0.46871,-0.72574,0.9984459280967712
1773144509.220154,PC1,0,4,0.53562,0.46549,-0.75599,0.9988434314727783
1773144509.220154,PC1,0,5,0.52034,0.46425,-0.75588,0.9989597797393799
1773144509.220154,PC1,0,6,0.50412,0.46376,-0.75611,0.9987154603004456
1773144509.220154,PC1,0,7,0.57781,0.48455,-0.43695,0.9986512660980225
1773144509.220154,PC1,0,8,0.46067,0.48575,-0.57873,0.9989877343177795
1773144509.220154,PC1,0,9,0.56817,0.59078,-0.6531,0.9991558194160461
1773144509.220154,PC1,0,10,0.53561,0.59305,-0.69226,0.9994066953659058
1773144509.220154,PC1,0,11,0.64632,0.73121,-0.19405,0.9977198839187622
1773144509.220154,PC1,0,12,0.3488,0.79546,-0.46552,0.9887714982032776
1773144509.220154,PC1,0,13,0.80908,0.9558,-0.06661,0.5392722487449646
1773144509.220154,PC1,0,14,0.31616,1.19972,-0.41567,0.21625904738903046
1773144509.220154,PC1,0,15,0.9487,1.19289,-0.28496,0.4956418573856354
1773144509.220154,PC1,0,16,0.33788,1.42187,-0.83108,0.1516360640525818
1773144509.220154,PC1,0,17,0.96711,1.28498,-0.31321,0.4820173680782318
1773144509.220154,PC1,0,18,0.3278,1.51173,-0.91794,0.17823919653892517
1773144509.220154,PC1,0,19,0.98129,1.26118,-0.37372,0.5644395351409912
1773144509.220154,PC1,0,20,0.3524,1.51851,-0.96879,0.21456694602966309
1773144509.220154,PC1,0,21,0.9481,1.25298,-0.2975,0.5690588355064392
1773144509.220154,PC1,0,22,0.36578,1.48399,-0.8717,0.20478715002536774
1773144509.220154,PC1,0,23,0.56772,1.3717,-0.01291,0.004686106462031603
1773144509.220154,PC1,0,24,0.394,1.38295,0.01593,0.0023501466494053602
1773144509.220154,PC1,0,25,0.5607,1.86368,-0.13913,0.002838771091774106
1773144509.220154,PC1,0,26,0.4018,1.86516,-0.11736,0.0016197500517591834
1773144509.220154,PC1,0,27,0.55818,2.31042,0.09934,0.00031599661451764405
1773144509.220154,PC1,0,28,0.40365,2.30909,0.00643,0.00018835312221199274
1773144509.220154,PC1,0,29,0.55801,2.38347,0.10522,0.00026221940061077476
1773144509.220154,PC1,0,30,0.40007,2.38661,0.00876,0.0002232582337455824
1773144509.220154,PC1,0,31,0.54401,2.4522,-0.20333,0.0007314597605727613
1773144509.220154,PC1,0,32,0.42834,2.43646,-0.3325,0.0005780568462796509
1773144509.220154,PC1,0,Angle_Shoulder_L,146.39,,,
1773144509.220154,PC1,0,Length_UpperArm_L,0.3052,,,
1773144509.220154,PC1,0,Width_Shoulder,0.4079,,,
1773144509.379051,PC1,0,0,0.56568,0.52884,-0.82766,0.9990735650062561
1773144509.379051,PC1,0,1,0.57217,0.46931,-0.78593,0.9983470439910889
1773144509.379051,PC1,0,2,0.58063,0.46892,-0.78603,0.998421847820282
1773144509.379051,PC1,0,3,0.58807,0.46868,-0.78621,0.9982133507728577
1773144509.379051,PC1,0,4,0.53887,0.4667,-0.81671,0.9985543489456177
1773144509.379051,PC1,0,5,0.52352,0.46534,-0.81657,0.9987174272537231
1773144509.379051,PC1,0,6,0.5071,0.4648,-0.81678,0.998358964920044
1773144509.379051,PC1,0,7,0.57871,0.48375,-0.48188,0.9985582232475281
1773144509.379051,PC1,0,8,0.46271,0.48573,-0.6206,0.9987351894378662
1773144509.379051,PC1,0,9,0.57126,0.59173,-0.7064,0.9989412426948547
1773144509.379051,PC1,0,10,0.53969,0.5948,-0.74499,0.9991952776908875
1773144509.379051,PC1,0,11,0.64573,0.72933,-0.22046,0.9973216652870178
1773144509.379051,PC1,0,12,0.34919,0.79167,-0.50084,0.9824156761169434
1773144509.379051,PC1,0,13,0.80764,0.95257,-0.07936,0.5147347450256348
1773144509.379051,PC1,0,14,0.31616,1.19972,-0.41567,0.19771842658519745
1773144509.379051,PC1,0,15,0.94398,1.1891,-0.25191,0.5005471110343933
1773144509.379051,PC1,0,16,0.33788,1.42187,-0.83108,0.13219177722930908
1773144509.379051,PC1,0,17,0.96711,1.28498,-0.31321,0.4815989136695862
1773144509.379051,PC1,0,18,0.3278,1.51173,-0.91794,0.1546548455953598
1773144509.379051,PC1,0,19,0.98588,1.25289,-0.39298,0.5644983649253845
1773144509.379051,PC1,0,20,0.3524,1.51851,-0.96879,0.18941928446292877
1773144509.379051,PC1,0,21,0.95179,1.24429,-0.31658,0.5700768828392029
1773144509.379051,PC1,0,22,0.36578,1.48399,-0.8717,0.1781732738018036
1773144509.379051,PC1,0,23,0.56772,1.3717,-0.01291,0.004985797218978405
1773144509.379051,PC1,0,24,0.394,1.38295,0.01593,0.0023465107660740614
1773144509.379051,PC1,0,25,0.5607,1.86368,-0.13913,0.003589661791920662
1773144509.379051,PC1,0,26,0.4018,1.86516,-0.11736,0.001878145383670926
1773144509.379051,PC1,0,27,0.55818,2.31042,0.09934,0.00040160035132430494
1773144509.379051,PC1,0,28,0.40365,2.30909,0.00643,0.0001812518748920411
1773144509.379051,PC1,0,29,0.55801,2.38347,0.10522,0.00032484461553394794
1773144509.379051,PC1,0,30,0.40007,2.38661,0.00876,0.0002441917604301125
1773144509.379051,PC1,0,31,0.54401,2.4522,-0.20333,0.0008005296112969518
1773144509.379051,PC1,0,32,0.42834,2.43646,-0.3325,0.0005949989426881075
1773144509.379051,PC1,0,Angle_Elbow_L,120.34,,,
1773144509.379051,PC1,0,Angle_Shoulder_L,147.11,,,
1773144509.379051,PC1,0,Length_UpperArm_L,0.3098,,,
1773144509.379051,PC1,0,Length_LowerArm_L,0.323,,,
1773144509.379051,PC1,0,Width_Shoulder,0.4128,,,
1773144509.419373,PC1,0,0,0.566,0.52908,-0.81761,0.9991047978401184
1773144509.419373,PC1,0,1,0.57235,0.46948,-0.77783,0.9983733892440796
1773144509.419373,PC1,0,2,0.58078,0.46901,-0.7779,0.9984541535377502
1773144509.419373,PC1,0,3,0.5882,0.46868,-0.77803,0.9982389807701111
1773144509.419373,PC1,0,4,0.53912,0.46693,-0.80801,0.9985966682434082
1773144509.419373,PC1,0,5,0.52369,0.46553,-0.80786,0.9987617135047913
1773144509.419373,PC1,0,6,0.50721,0.46497,-0.80805,0.9984118938446045
1773144509.419373,PC1,0,7,0.57847,0.48358,-0.48345,0.9985782504081726
1773144509.419373,PC1,0,8,0.46269,0.48569,-0.61695,0.9987933039665222
1773144509.419373,PC1,0,9,0.57144,0.59195,-0.69998,0.9989650845527649
1773144509.419373,PC1,0,10,0.54013,0.59513,-0.7374,0.9992307424545288
1773144509.419373,PC1,0,11,0.64556,0.72881,-0.22266,0.9973866939544678
1773144509.419373,PC1,0,12,0.34908,0.79136,-0.50184,0.983532726764679
1773144509.419373,PC1,0,13,0.80688,0.9521,-0.07618,0.5072270631790161
1773144509.419373,PC1,0,14,0.31616,1.19972,-0.41567,0.20024217665195465
1773144509.419373,PC1,0,15,0.9395,1.18837,-0.24612,0.5057175755500793
1773144509.419373,PC1,0,16,0.33788,1.42187,-0.83108,0.13136078417301178
1773144509.419373,PC1,0,17,0.96711,1.28498,-0.31321,0.4879816174507141
1773144509.419373,PC1,0,18,0.3278,1.51173,-0.91794,0.1549363136291504
1773144509.419373,PC1,0,19,0.98127,1.25275,-0.38087,0.5701999068260193
1773144509.419373,PC1,0,20,0.3524,1.51851,-0.96879,0.19076529145240784
1773144509.419373,PC1,0,21,0.94724,1.24389,-0.30474,0.5762947797775269
1773144509.419373,PC1,0,22,0.36578,1.48399,-0.8717,0.1796787977218628
1773144509.419373,PC1,0,23,0.56772,1.3717,-0.01291,0.004793126601725817
1773144509.419373,PC1,0,24,0.394,1.38295,0.01593,0.0022621534299105406
1773144509.419373,PC1,0,25,0.5607,1.86368,-0.13913,0.0033703295048326254
1773144509.419373,PC1,0,26,0.4018,1.86516,-0.11736,0.0017510253237560391
1773144509.419373,PC1,0,27,0.55818,2.31042,0.09934,0.00037967474781908095
1773144509.419373,PC1,0,28,0.40365,2.30909,0.00643,0.0001659731933614239
1773144509.419373,PC1,0,29,0.55801,2.38347,0.10522,0.00031202033278532326
1773144509.419373,PC1,0,30,0.40007,2.38661,0.00876,0.00022608236758969724
1773144509.419373,PC1,0,31,0.54401,2.4522,-0.20333,0.0007666737074032426
1773144509.419373,PC1,0,32,0.42834,2.43646,-0.3325,0.0005528217297978699
1773144509.419373,PC1,0,Angle_Elbow_L,119.58,,,
1773144509.419373,PC1,0,Angle_Shoulder_L,147.44,,,
1773144509.419373,PC1,0,Length_UpperArm_L,0.312,,,
1773144509.419373,PC1,0,Length_LowerArm_L,0.3198,,,
1773144509.419373,PC1,0,Width_Shoulder,0.412,,,
1773144509.459518,PC1,0,0,0.56623,0.52979,-0.77787,0.9989332556724548
1773144509.459518,PC1,0,1,0.57248,0.47018,-0.73911,0.9980347156524658
1773144509.459518,PC1,0,2,0.58088,0.46961,-0.73916,0.9981536865234375
1773144509.459518,PC1,0,3,0.58829,0.46917,-0.73929,0.9979148507118225
1773144509.459518,PC1,0,4,0.5393,0.46751,-0.77018,0.998320460319519
1773144509.459518,PC1,0,5,0.52381,0.46596,-0.77001,0.9985179901123047
1773144509.459518,PC1,0,6,0.50732,0.46528,-0.77021,0.9981041550636292
1773144509.459518,PC1,0,7,0.57826,0.48363,-0.45323,0.9983134865760803
1773144509.459518,PC1,0,8,0.46285,0.4857,-0.58912,0.998602569103241
1773144509.459518,PC1,0,9,0.57156,0.59271,-0.66364,0.9988062977790833
1773144509.459518,PC1,0,10,0.54045,0.59563,-0.70191,0.9991319179534912
1773144509.459518,PC1,0,11,0.64504,0.72828,-0.2056,0.9973689317703247
1773144509.459518,PC1,0,12,0.34919,0.79057,-0.4867,0.9840755462646484
1773144509.459518,PC1,0,13,0.80688,0.9521,-0.07618,0.49793705344200134
1773144509.459518,PC1,0,14,0.31616,1.19972,-0.41567,0.20065465569496155
1773144509.459518,PC1,0,15,0.93141,1.18257,-0.23973,0.5078731179237366
1773144509.459518,PC1,0,16,0.33788,1.42187,-0.83108,0.1258283406496048
1773144509.459518,PC1,0,17,0.96711,1.28498,-0.31321,0.48906493186950684
1773144509.459518,PC1,0,18,0.3278,1.51173,-0.91794,0.1490490585565567
1773144509.459518,PC1,0,19,0.97255,1.2467,-0.36859,0.569745659828186
1773144509.459518,PC1,0,20,0.3524,1.51851,-0.96879,0.18388058245182037
1773144509.459518,PC1,0,21,0.93884,1.23798,-0.29312,0.5766481757164001
1773144509.459518,PC1,0,22,0.36578,1.48399,-0.8717,0.17358389496803284
1773144509.459518,PC1,0,23,0.56772,1.3717,-0.01291,0.004801519215106964
1773144509.459518,PC1,0,24,0.394,1.38295,0.01593,0.002258213935419917
1773144509.459518,PC1,0,25,0.5607,1.86368,-0.13913,0.003238019999116659
1773144509.459518,PC1,0,26,0.4018,1.86516,-0.11736,0.001691544079221785
1773144509.459518,PC1,0,27,0.55818,2.31042,0.09934,0.0003662540693767369
1773144509.459518,PC1,0,28,0.40365,2.30909,0.00643,0.00015456134860869497
1773144509.459518,PC1,0,29,0.55801,2.38347,0.10522,0.0003108019009232521
1773144509.459518,PC1,0,30,0.40007,2.38661,0.00876,0.0002155344991479069
1773144509.459518,PC1,0,31,0.54401,2.4522,-0.20333,0.0007398086017929018
1773144509.459518,PC1,0,32,0.42834,2.43646,-0.3325,0.0005184643086977303
1773144509.459518,PC1,0,Width_Shoulder,0.4128,,,
1773144509.49918,PC1,0,0,0.56592,0.53048,-0.74615,0.9989659190177917
1773144509.49918,PC1,0,1,0.57236,0.4709,-0.70824,0.9980958104133606
1773144509.49918,PC1,0,2,0.58084,0.47026,-0.70827,0.9981932044029236
1773144509.49918,PC1,0,3,0.58831,0.46979,-0.7084,0.9979751110076904
1773144509.49918,PC1,0,4,0.5391,0.46804,-0.7374,0.9983850121498108
1773144509.49918,PC1,0,5,0.52358,0.46636,-0.7372,0.9985632300376892
1773144509.49918,PC1,0,6,0.50707,0.46558,-0.73739,0.9981894493103027
1773144509.49918,PC1,0,7,0.57822,0.48401,-0.4283,0.998348593711853
1773144509.49918,PC1,0,8,0.46275,0.48574,-0.5542,0.998651385307312
1773144509.49918,PC1,0,9,0.5713,0.59371,-0.63464,0.998852550983429
1773144509.49918,PC1,0,10,0.54018,0.59614,-0.67018,0.9991753697395325
1773144509.49918,PC1,0,11,0.6449,0.72881,-0.19408,0.9973970651626587
1773144509.49918,PC1,0,12,0.34903,0.79041,-0.45068,0.9848939776420593
1773144509.49918,PC1,0,13,0.80688,0.9521,-0.07618,0.4923361539840698
1773144509.49918,PC1,0,14,0.31616,1.19972,-0.41567,0.19220879673957825
1773144509.49918,PC1,0,15,0.93141,1.18257,-0.23973,0.48707452416419983
1773144509.49918,PC1,0,16,0.33788,1.42187,-0.83108,0.11924425512552261
1773144509.49918,PC1,0,17,0.96711,1.28498,-0.31321,0.4713391065597534
1773144509.49918,PC1,0,18,0.3278,1.51173,-0.91794,0.14373879134655
1773144509.49918,PC1,0,19,0.95416,1.24984,-0.38306,0.5522757172584534
1773144509.49918,PC1,0,20,0.3524,1.51851,-0.96879,0.178911030292511
1773144509.49918,PC1,0,21,0.92234,1.23963,-0.30447,0.5586054921150208
1773144509.49918,PC1,0,22,0.36578,1.48399,-0.8717,0.16885307431221008
1773144509.49918,PC1,0,23,0.56772,1.3717,-0.01291,0.004520932678133249
1773144509.49918,PC1,0,24,0.394,1.38295,0.01593,0.0021481148432940245
1773144509.49918,PC1,0,25,0.5607,1.86368,-0.13913,0.0030462881550192833
1773144509.49918,PC1,0,26,0.4018,1.86516,-0.11736,0.0015642073703929782
1773144509.49918,PC1,0,27,0.55818,2.31042,0.09934,0.0003424708265811205
1773144509.49918,PC1,0,28,0.40365,2.30909,0.00643,0.00014102569548413157
1773144509.49918,PC1,0,29,0.55801,2.38347,0.10522,0.00029425095999613404
1773144509.49918,PC1,0,30,0.40007,2.38661,0.00876,0.00019893494027201086
1773144509.49918,PC1,0,31,0.54401,2.4522,-0.20333,0.0006860840367153287
1773144509.49918,PC1,0,32,0.42834,2.43646,-0.3325,0.00047512180753983557
1773144509.49918,PC1,0,Width_Shoulder,0.3965,,,
1773144509.630786,PC1,0,0,0.56558,0.53121,-0.79532,0.9990213513374329
1773144509.630786,PC1,0,1,0.57224,0.4717,-0.7566,0.9981744885444641
1773144509.630786,PC1,0,2,0.5808,0.47107,-0.75662,0.9982624053955078
1773144509.630786,PC1,0,3,0.58831,0.47057,-0.75673,0.9980226159095764
1773144509.630786,PC1,0,4,0.53889,0.46867,-0.78662,0.9984614253044128
1773144509.630786,PC1,0,5,0.52331,0.46684,-0.78642,0.9986346960067749
1773144509.630786,PC1,0,6,0.50668,0.46593,-0.7866,0.998268187046051
1773144509.630786,PC1,0,7,0.57821,0.48455,-0.46841,0.9983939528465271
1773144509.630786,PC1,0,8,0.4621,0.48596,-0.59742,0.9987227320671082
1773144509.630786,PC1,0,9,0.57103,0.59455,-0.68056,0.9988837838172913
1773144509.630786,PC1,0,10,0.53971,0.5968,-0.7171,0.9992051720619202
1773144509.630786,PC1,0,11,0.64478,0.72945,-0.21818,0.9973769783973694
1773144509.630786,PC1,0,12,0.34788,0.79169,-0.47773,0.9849443435668945
1773144509.630786,PC1,0,13,0.80462,0.95064,-0.0955,0.5055152773857117
1773144509.630786,PC1,0,14,0.31616,1.19972,-0.41567,0.18939673900604248
1773144509.630786,PC1,0,15,0.94684,1.18387,-0.26386,0.5090836882591248
1773144509.630786,PC1,0,16,0.33788,1.42187,-0.83108,0.11693864315748215
1773144509.630786,PC1,0,17,0.96711,1.28498,-0.31321,0.4912759065628052
1773144509.630786,PC1,0,18,0.3278,1.51173,-0.91794,0.14263951778411865
1773144509.630786,PC1,0,19,0.97043,1.25133,-0.39166,0.5718197822570801
1773144509.630786,PC1,0,20,0.3524,1.51851,-0.96879,0.17868684232234955
1773144509.630786,PC1,0,21,0.93745,1.24086,-0.31322,0.578726053237915
1773144509.630786,PC1,0,22,0.36578,1.48399,-0.8717,0.1685246229171753
1773144509.630786,PC1,0,23,0.56772,1.3717,-0.01291,0.004337955266237259
1773144509.630786,PC1,0,24,0.394,1.38295,0.01593,0.0020613325759768486
1773144509.630786,PC1,0,25,0.5607,1.86368,-0.13913,0.0028782300651073456
1773144509.630786,PC1,0,26,0.4018,1.86516,-0.11736,0.0014736497541889548
1773144509.630786,PC1,0,27,0.55818,2.31042,0.09934,0.0003243136452510953
1773144509.630786,PC1,0,28,0.40365,2.30909,0.00643,0.0001306150807067752
1773144509.630786,PC1,0,29,0.55801,2.38347,0.10522,0.00027619017055258155
1773144509.630786,PC1,0,30,0.40007,2.38661,0.00876,0.0001888112019514665
1773144509.630786,PC1,0,31,0.54401,2.4522,-0.20333,0.0006511274259537458
1773144509.630786,PC1,0,32,0.42834,2.43646,-0.3325,0.0004538727516774088
1773144509.630786,PC1,0,Angle_Elbow_L,123.98,,,
1773144509.630786,PC1,0,Angle_Shoulder_L,146.46,,,
1773144509.630786,PC1,0,Length_UpperArm_L,0.2992,,,
1773144509.630786,PC1,0,Length_LowerArm_L,0.3209,,,
1773144509.630786,PC1,0,Width_Shoulder,0.3992,,,
1773144509.6705039,PC1,0,0,0.56441,0.53277,-0.83673,0.9990559816360474
1773144509.6705039,PC1,0,1,0.57181,0.47325,-0.79861,0.9982405304908752
1773144509.6705039,PC1,0,2,0.58059,0.47259,-0.79861,0.9983217716217041
1773144509.6705039,PC1,0,3,0.58819,0.4721,-0.79871,0.998082160949707
1773144509.6705039,PC1,0,4,0.53809,0.46998,-0.82833,0.9985177516937256
1773144509.6705039,PC1,0,5,0.52242,0.46797,-0.82812,0.9986854195594788
1773144509.6705039,PC1,0,6,0.50563,0.46684,-0.8283,0.9983318448066711
1773144509.6705039,PC1,0,7,0.57823,0.48569,-0.50409,0.9984500408172607
1773144509.6705039,PC1,0,8,0.46102,0.48644,-0.63115,0.9987790584564209
1773144509.6705039,PC1,0,9,0.57003,0.59674,-0.71913,0.9989301562309265
1773144509.6705039,PC1,0,10,0.53854,0.5989,-0.75515,0.9992392659187317
1773144509.6705039,PC1,0,11,0.6448,0.73037,-0.23938,0.9974460601806641
1773144509.6705039,PC1,0,12,0.34657,0.79349,-0.49927,0.9853925704956055
1773144509.6705039,PC1,0,13,0.80329,0.94994,-0.10469,0.5100681185722351
1773144509.6705039,PC1,0,14,0.31616,1.19972,-0.41567,0.18840239942073822
1773144509.6705039,PC1,0,15,0.95412,1.1853,-0.27855,0.5101498961448669
1773144509.6705039,PC1,0,16,0.33788,1.42187,-0.83108,0.1126474142074585
1773144509.6705039,PC1,0,17,0.96711,1.28498,-0.31321,0.48899686336517334
1773144509.6705039,PC1,0,18,0.3278,1.51173,-0.91794,0.13714651763439178
1773144509.6705039,PC1,0,19,0.98853,1.25464,-0.4026,0.5700937509536743
1773144509.6705039,PC1,0,20,0.3524,1.51851,-0.96879,0.17245648801326752
1773144509.6705039,PC1,0,21,0.95453,1.24368,-0.32389,0.5769352316856384
1773144509.6705039,PC1,0,22,0.36578,1.48399,-0.8717,0.1626834124326706
1773144509.6705039,PC1,0,23,0.56772,1.3717,-0.01291,0.004513871390372515
1773144509.6705039,PC1,0,24,0.394,1.38295,0.01593,0.0021227423567324877
1773144509.6705039,PC1,0,25,0.5607,1.86368,-0.13913,0.002977520227432251
1773144509.6705039,PC1,0,26,0.4018,1.86516,-0.11736,0.0014672494726255536
1773144509.6705039,PC1,0,27,0.55818,2.31042,0.09934,0.0003374334773980081
1773144509.6705039,PC1,0,28,0.40365,2.30909,0.00643,0.00012545254139695317
1773144509.6705039,PC1,0,29,0.55801,2.38347,0.10522,0.0002860254899132997
1773144509.6705039,PC1,0,30,0.40007,2.38661,0.00876,0.00019147744751535356
1773144509.6705039,PC1,0,31,0.54401,2.4522,-0.20333,0.0006438029231503606
1773144509.6705039,PC1,0,32,0.42834,2.43646,-0.3325,0.0004424881481099874
1773144509.6705039,PC1,0,Angle_Elbow_L,121.6,,,
1773144509.6705039,PC1,0,Angle_Shoulder_L,147.21,,,
1773144509.6705039,PC1,0,Length_UpperArm_L,0.3024,,,
1773144509.6705039,PC1,0,Length_LowerArm_L,0.3292,,,
1773144509.6705039,PC1,0,Width_Shoulder,0.4006,,,
1773144509.750685,PC1,0,0,0.55943,0.53431,-0.80224,0.9991021156311035
1773144509.750685,PC1,0,1,0.56817,0.4745,-0.76531,0.9983417391777039
1773144509.750685,PC1,0,2,0.57761,0.47383,-0.76534,0.9984126091003418
1773144509.750685,PC1,0,3,0.58597,0.4733,-0.76545,0.998187243938446
1773144509.750685,PC1,0,4,0.53353,0.47129,-0.79171,0.9985920786857605
1773144509.750685,PC1,0,5,0.51793,0.46932,-0.79147,0.998745322227478
1773144509.750685,PC1,0,6,0.50112,0.46832,-0.79163,0.9984129667282104
1773144509.750685,PC1,0,7,0.57824,0.48703,-0.47315,0.9985340237617493
1773144509.750685,PC1,0,8,0.45815,0.48809,-0.58269,0.9988409280776978
1773144509.750685,PC1,0,9,0.56647,0.59907,-0.6854,0.9989994168281555
1773144509.750685,PC1,0,10,0.53353,0.60108,-0.71663,0.9992765784263611
1773144509.750685,PC1,0,11,0.64531,0.73307,-0.21796,0.997496485710144
1773144509.750685,PC1,0,12,0.34499,0.79724,-0.44782,0.9862381815910339
1773144509.750685,PC1,0,13,0.80329,0.94994,-0.10469,0.49134546518325806
1773144509.750685,PC1,0,14,0.31616,1.19972,-0.41567,0.19552607834339142
1773144509.750685,PC1,0,15,0.95412,1.1853,-0.27855,0.4881225824356079
1773144509.750685,PC1,0,16,0.33788,1.42187,-0.83108,0.11575868725776672
1773144509.750685,PC1,0,17,0.96711,1.28498,-0.31321,0.4673073887825012
1773144509.750685,PC1,0,18,0.3278,1.51173,-0.91794,0.13781926035881042
1773144509.750685,PC1,0,19,0.95985,1.25255,-0.43234,0.547866702079773
1773144509.750685,PC1,0,20,0.3524,1.51851,-0.96879,0.1745583862066269
1773144509.750685,PC1,0,21,0.92798,1.2418,-0.35198,0.55478435754776
1773144509.750685,PC1,0,22,0.36578,1.48399,-0.8717,0.1645696759223938
1773144509.750685,PC1,0,23,0.56772,1.3717,-0.01291,0.004601191729307175
1773144509.750685,PC1,0,24,0.394,1.38295,0.01593,0.0021738202776759863
1773144509.750685,PC1,0,25,0.5607,1.86368,-0.13913,0.003107568481937051
1773144509.750685,PC1,0,26,0.4018,1.86516,-0.11736,0.001534387469291687
1773144509.750685,PC1,0,27,0.55818,2.31042,0.09934,0.00034054010757245123
1773144509.750685,PC1,0,28,0.40365,2.30909,0.00643,0.00011777169129345566
1773144509.750685,PC1,0,29,0.55801,2.38347,0.10522,0.0002888330491259694
1773144509.750685,PC1,0,30,0.40007,2.38661,0.00876,0.0001909499551402405
1773144509.750685,PC1,0,31,0.54401,2.4522,-0.20333,0.0005987928016111255
1773144509.750685,PC1,0,32,0.42834,2.43646,-0.3325,0.0004128296277485788
1773144509.750685,PC1,0,Width_Shoulder,0.3836,,,
1773144509.790956,PC1,0,0,0.55471,0.53552,-0.78608,0.9992002248764038
1773144509.790956,PC1,0,1,0.56455,0.47551,-0.74964,0.9985089302062988
1773144509.790956,PC1,0,2,0.57466,0.47483,-0.74964,0.998568058013916
1773144509.790956,PC1,0,3,0.58376,0.47423,-0.74972,0.9983600974082947
1773144509.790956,PC1,0,4,0.52893,0.47223,-0.77428,0.9987483620643616
1773144509.790956,PC1,0,5,0.51321,0.47031,-0.77401,0.9988830089569092
1773144509.790956,PC1,0,6,0.49632,0.46956,-0.77417,0.9985985159873962
1773144509.790956,PC1,0,7,0.57793,0.48797,-0.46096,0.9986686706542969
1773144509.790956,PC1,0,8,0.45529,0.48939,-0.56097,0.9989860653877258
1773144509.790956,PC1,0,9,0.5629,0.60083,-0.6706,0.9991066455841064
1773144509.790956,PC1,0,10,0.52816,0.60279,-0.69909,0.9993639588356018
1773144509.790956,PC1,0,11,0.64626,0.73441,-0.20826,0.997617244720459
1773144509.790956,PC1,0,12,0.3441,0.79892,-0.42648,0.9874807596206665
1773144509.790956,PC1,0,13,0.80329,0.94994,-0.10469,0.47963640093803406
1773144509.790956,PC1,0,14,0.31616,1.19972,-0.41567,0.20146319270133972
1773144509.790956,PC1,0,15,0.95412,1.1853,-0.27855,0.4718812108039856
1773144509.790956,PC1,0,16,0.33788,1.42187,-0.83108,0.1210251897573471
1773144509.790956,PC1,0,17,0.96711,1.28498,-0.31321,0.45221173763275146
1773144509.790956,PC1,0,18,0.3278,1.51173,-0.91794,0.14359308779239655
1773144509.790956,PC1,0,19,0.92284,1.22942,-0.47215,0.5325455665588379
1773144509.790956,PC1,0,20,0.3524,1.51851,-0.96879,0.18427535891532898
1773144509.790956,PC1,0,21,0.89447,1.21979,-0.39367,0.5389255881309509
1773144509.790956,PC1,0,22,0.36578,1.48399,-0.8717,0.17254787683486938
1773144509.790956,PC1,0,23,0.56772,1.3717,-0.01291,0.004274978768080473
1773144509.790956,PC1,0,24,0.394,1.38295,0.01593,0.002031939337030053
1773144509.790956,PC1,0,25,0.5607,1.86368,-0.13913,0.0030053225345909595
1773144509.790956,PC1,0,26,0.4018,1.86516,-0.11736,0.0013980715302750468
1773144509.790956,PC1,0,27,0.55818,2.31042,0.09934,0.0003276231582276523
1773144509.790956,PC1,0,28,0.40365,2.30909,0.00643,0.00010244282020721585
1773144509.790956,PC1,0,29,0.55801,2.38347,0.10522,0.00028349048807285726
1773144509.790956,PC1,0,30,0.40007,2.38661,0.00876,0.00017150884377770126
1773144509.790956,PC1,0,31,0.54401,2.4522,-0.20333,0.0005580050637945533
1773144509.790956,PC1,0,32,0.42834,2.43646,-0.3325,0.0003711598110385239
1773144509.790956,PC1,0,Width_Shoulder,0.3783,,,
1773144509.909787,PC1,0,0,0.55174,0.53657,-0.74482,0.9992702603340149
1773144509.909787,PC1,0,1,0.56216,0.47643,-0.70792,0.9986307621002197
1773144509.909787,PC1,0,2,0.57269,0.47576,-0.70789,0.9986802935600281
1773144509.909787,PC1,0,3,0.5822,0.47519,-0.70796,0.9985010623931885
1773144509.909787,PC1,0,4,0.52601,0.4732,-0.73118,0.9988495707511902
1773144509.909787,PC1,0,5,0.51008,0.47134,-0.73088,0.9989657998085022
1773144509.909787,PC1,0,6,0.49318,0.47075,-0.73103,0.9987101554870605
1773144509.909787,PC1,0,7,0.57746,0.48876,-0.42668,0.9987818598747253
1773144509.909787,PC1,0,8,0.45327,0.49051,-0.52023,0.9990630745887756
1773144509.909787,PC1,0,9,0.56041,0.60204,-0.63351,0.9991827607154846
1773144509.909787,PC1,0,10,0.52498,0.60419,-0.66008,0.9994159936904907
1773144509.909787,PC1,0,11,0.64675,0.73574,-0.18563,0.9977321624755859
1773144509.909787,PC1,0,12,0.34481,0.80046,-0.40729,0.9885498881340027
1773144509.909787,PC1,0,13,0.80329,0.94994,-0.10469,0.4777234196662903
1773144509.909787,PC1,0,14,0.31616,1.19972,-0.41567,0.19772924482822418
1773144509.909787,PC1,0,15,0.95412,1.1853,-0.27855,0.46406373381614685
1773144509.909787,PC1,0,16,0.33788,1.42187,-0.83108,0.11365802586078644
1773144509.909787,PC1,0,17,0.96711,1.28498,-0.31321,0.44847792387008667
1773144509.909787,PC1,0,18,0.3278,1.51173,-0.91794,0.13925661146640778
1773144509.909787,PC1,0,19,0.9466,1.22679,-0.41778,0.5312078595161438
1773144509.909787,PC1,0,20,0.3524,1.51851,-0.96879,0.18007612228393555
1773144509.909787,PC1,0,21,0.91551,1.21683,-0.33444,0.5376509428024292
1773144509.909787,PC1,0,22,0.36578,1.48399,-0.8717,0.1687898337841034
1773144509.909787,PC1,0,23,0.56772,1.3717,-0.01291,0.004179377108812332
1773144509.909787,PC1,0,24,0.394,1.38295,0.01593,0.0019958147313445807
1773144509.909787,PC1,0,25,0.5607,1.86368,-0.13913,0.00279210670851171
1773144509.909787,PC1,0,26,0.4018,1.86516,-0.11736,0.00128367415163666
1773144509.909787,PC1,0,27,0.55818,2.31042,0.09934,0.0002976026153191924
1773144509.909787,PC1,0,28,0.40365,2.30909,0.00643,8.940358384279534e-05
1773144509.909787,PC1,0,29,0.55801,2.38347,0.10522,0.0002613477117847651
1773144509.909787,PC1,0,30,0.40007,2.38661,0.00876,0.000153701490489766
1773144509.909787,PC1,0,31,0.54401,2.4522,-0.20333,0.0005063413409516215
1773144509.909787,PC1,0,32,0.42834,2.43646,-0.3325,0.00032695947447791696
1773144509.909787,PC1,0,Width_Shoulder,0.3801,,,
1773144509.990331,PC1,0,0,0.54912,0.53749,-0.77871,0.9993030428886414
1773144509.990331,PC1,0,1,0.56024,0.47728,-0.74138,0.9986626505851746
1773144509.990331,PC1,0,2,0.5711,0.47669,-0.74137,0.9987152814865112
1773144509.990331,PC1,0,3,0.581,0.47623,-0.74146,0.998507022857666
1773144509.990331,PC1,0,4,0.52365,0.47407,-0.76301,0.9988768696784973
1773144509.990331,PC1,0,5,0.50761,0.47227,-0.76272,0.9990078806877136
1773144509.990331,PC1,0,6,0.49064,0.47186,-0.76289,0.9987456798553467
1773144509.990331,PC1,0,7,0.57739,0.48978,-0.45533,0.9988042116165161
1773144509.990331,PC1,0,8,0.45148,0.49163,-0.54225,0.9990890622138977
1773144509.990331,PC1,0,9,0.55835,0.60309,-0.66573,0.9991878271102905
1773144509.990331,PC1,0,10,0.52226,0.60523,-0.69032,0.9994018077850342
1773144509.990331,PC1,0,11,0.6477,0.73807,-0.20092,0.9976387619972229
1773144509.990331,PC1,0,12,0.34469,0.80149,-0.41732,0.9881008863449097
1773144509.990331,PC1,0,13,0.80459,0.95501,-0.07507,0.4864839017391205
1773144509.990331,PC1,0,14,0.31616,1.19972,-0.41567,0.2001163512468338
1773144509.990331,PC1,0,15,0.95412,1.1853,-0.27855,0.45789453387260437
1773144509.990331,PC1,0,16,0.33788,1.42187,-0.83108,0.1105610579252243
1773144509.990331,PC1,0,17,0.96711,1.28498,-0.31321,0.44097572565078735
1773144509.990331,PC1,0,18,0.3278,1.51173,-0.91794,0.13583219051361084
1773144509.990331,PC1,0,19,0.96971,1.2374,-0.40495,0.523119330406189
1773144509.990331,PC1,0,20,0.3524,1.51851,-0.96879,0.17738161981105804
1773144509.990331,PC1,0,21,0.93844,1.22622,-0.32272,0.5293247699737549
1773144509.990331,PC1,0,22,0.36578,1.48399,-0.8717,0.1663053184747696
1773144509.990331,PC1,0,23,0.56772,1.3717,-0.01291,0.004524379502981901
1773144509.990331,PC1,0,24,0.394,1.38295,0.01593,0.0021277936175465584
1773144509.990331,PC1,0,25,0.5607,1.86368,-0.13913,0.003002552781254053
1773144509.990331,PC1,0,26,0.4018,1.86516,-0.11736,0.001454666256904602
1773144509.990331,PC1,0,27,0.55818,2.31042,0.09934,0.00036033301148563623
1773144509.990331,PC1,0,28,0.40365,2.30909,0.00643,0.00011137792898807675
1773144509.990331,PC1,0,29,0.55801,2.38347,0.10522,0.00030717841582372785
1773144509.990331,PC1,0,30,0.40007,2.38661,0.00876,0.00021239249326754361
1773144509.990331,PC1,0,31,0.54401,2.4522,-0.20333,0.0005642022006213665
1773144509.990331,PC1,0,32,0.42834,2.43646,-0.3325,0.0004139248048886657
1773144509.990331,PC1,0,Width_Shoulder,0.3777,,,
1773144510.0703301,PC1,0,0,0.54186,0.53928,-0.83631,0.9993645548820496
1773144510.0703301,PC1,0,1,0.55538,0.47902,-0.79848,0.9988119006156921
1773144510.0703301,PC1,0,2,0.56709,0.47865,-0.79852,0.998858630657196
1773144510.0703301,PC1,0,3,0.57787,0.47851,-0.79862,0.9986650943756104
1773144510.0703301,PC1,0,4,0.51686,0.47573,-0.81661,0.9989762306213379
1773144510.0703301,PC1,0,5,0.50049,0.47416,-0.81638,0.9990890622138977
1773144510.0703301,PC1,0,6,0.48427,0.47403,-0.81656,0.9988424181938171
1773144510.0703301,PC1,0,7,0.57785,0.49286,-0.49855,0.998942494392395
1773144510.0703301,PC1,0,8,0.44895,0.49412,-0.5702,0.9991031289100647
1773144510.0703301,PC1,0,9,0.5534,0.60567,-0.71725,0.9992066025733948
1773144510.0703301,PC1,0,10,0.51427,0.60735,-0.73774,0.9993703365325928
1773144510.0703301,PC1,0,11,0.64961,0.74336,-0.22675,0.9970105290412903
1773144510.0703301,PC1,0,12,0.34567,0.79994,-0.42222,0.9852387309074402
1773144510.0703301,PC1,0,13,0.80459,0.95501,-0.07507,0.47393983602523804
1773144510.0703301,PC1,0,14,0.31616,1.19972,-0.41567,0.21073958277702332
1773144510.0703301,PC1,0,15,0.95412,1.1853,-0.27855,0.43416717648506165
1773144510.0703301,PC1,0,16,0.33788,1.42187,-0.83108,0.13189981877803802
1773144510.0703301,PC1,0,17,0.96711,1.28498,-0.31321,0.4206130802631378
1773144510.0703301,PC1,0,18,0.3278,1.51173,-0.91794,0.1539136916399002
1773144510.0703301,PC1,0,19,0.97498,1.22629,-0.44795,0.5062101483345032
1773144510.0703301,PC1,0,20,0.3524,1.51851,-0.96879,0.1999828815460205
1773144510.0703301,PC1,0,21,0.9442,1.21497,-0.36564,0.5154567956924438
1773144510.0703301,PC1,0,22,0.36578,1.48399,-0.8717,0.18623840808868408
1773144510.0703301,PC1,0,23,0.56772,1.3717,-0.01291,0.004128484521061182
1773144510.0703301,PC1,0,24,0.394,1.38295,0.01593,0.0019560803193598986
1773144510.0703301,PC1,0,25,0.5607,1.86368,-0.13913,0.0034616736229509115
1773144510.0703301,PC1,0,26,0.4018,1.86516,-0.11736,0.00165169732645154
1773144510.0703301,PC1,0,27,0.55818,2.31042,0.09934,0.00042865134309977293
1773144510.0703301,PC1,0,28,0.40365,2.30909,0.00643,0.00014898170775268227
1773144510.0703301,PC1,0,29,0.55801,2.38347,0.10522,0.00034963927464559674
1773144510.0703301,PC1,0,30,0.40007,2.38661,0.00876,0.00024037771800067276
1773144510.0703301,PC1,0,31,0.54401,2.4522,-0.20333,0.0006410444038920105
1773144510.0703301,PC1,0,32,0.42834,2.43646,-0.3325,0.0005486099398694932
1773144510.0703301,PC1,0,Width_Shoulder,0.3658,,,
1773144510.15193,PC1,0,0,0.53515,0.5398,-0.87271,0.9993329048156738
1773144510.15193,PC1,0,1,0.55035,0.47975,-0.83672,0.9988111257553101
1773144510.15193,PC1,0,2,0.56257,0.47953,-0.83692,0.9988311529159546
1773144510.15193,PC1,0,3,0.57381,0.47962,-0.83707,0.9986389875411987
1773144510.15193,PC1,0,4,0.51047,0.47613,-0.85028,0.9989622831344604
1773144510.15193,PC1,0,5,0.49424,0.47455,-0.85019,0.999060869216919
1773144510.15193,PC1,0,6,0.4788,0.47445,-0.85042,0.9988336563110352
1773144510.15193,PC1,0,7,0.57767,0.49471,-0.52259,0.9989215135574341
1773144510.15193,PC1,0,8,0.44744,0.49522,-0.57978,0.9990409016609192
1773144510.15193,PC1,0,9,0.54867,0.60671,-0.75192,0.999126136302948
1773144510.15193,PC1,0,10,0.50713,0.60757,-0.7673,0.9992338418960571
1773144510.15193,PC1,0,11,0.65096,0.74632,-0.23922,0.9958970546722412
1773144510.15193,PC1,0,12,0.34673,0.79983,-0.42536,0.9825374484062195
1773144510.15193,PC1,0,13,0.80459,0.95501,-0.07507,0.4625360667705536
1773144510.15193,PC1,0,14,0.31616,1.19972,-0.41567,0.2212735265493393
1773144510.15193,PC1,0,15,0.95412,1.1853,-0.27855,0.40403875708580017
1773144510.15193,PC1,0,16,0.33788,1.42187,-0.83108,0.134591743350029
1773144510.15193,PC1,0,17,0.96711,1.28498,-0.31321,0.3925774097442627
1773144510.15193,PC1,0,18,0.3278,1.51173,-0.91794,0.15556229650974274
1773144510.15193,PC1,0,19,0.97498,1.22629,-0.44795,0.478465735912323
1773144510.15193,PC1,0,20,0.3524,1.51851,-0.96879,0.2023729830980301
1773144510.15193,PC1,0,21,0.9539,1.20394,-0.36746,0.48950642347335815
1773144510.15193,PC1,0,22,0.36578,1.48399,-0.8717,0.18738879263401031
1773144510.15193,PC1,0,23,0.56772,1.3717,-0.01291,0.004349441267549992
1773144510.15193,PC1,0,24,0.394,1.38295,0.01593,0.002156684175133705
1773144510.15193,PC1,0,25,0.5607,1.86368,-0.13913,0.004330437630414963
1773144510.15193,PC1,0,26,0.4018,1.86516,-0.11736,0.0022595340851694345
1773144510.15193,PC1,0,27,0.55818,2.31042,0.09934,0.0005002390244044363
1773144510.15193,PC1,0,28,0.40365,2.30909,0.00643,0.00024552003014832735
1773144510.15193,PC1,0,29,0.55801,2.38347,0.10522,0.00039725680835545063
1773144510.15193,PC1,0,30,0.40007,2.38661,0.00876,0.00034294507349841297
1773144510.15193,PC1,0,31,0.54401,2.4522,-0.20333,0.0007209351169876754
1773144510.15193,PC1,0,32,0.42834,2.43646,-0.3325,0.0007835238357074559
1773144510.15193,PC1,0,Width_Shoulder,0.3606,,,
1773144510.2324271,PC1,0,0,0.52994,0.54014,-0.87256,0.9994162321090698
1773144510.2324271,PC1,0,1,0.54622,0.48022,-0.8389,0.9989429712295532
1773144510.2324271,PC1,0,2,0.5588,0.48017,-0.83898,0.9989601969718933
1773144510.2324271,PC1,0,3,0.57037,0.48046,-0.83905,0.9987791180610657
1773144510.2324271,PC1,0,4,0.50547,0.47629,-0.84987,0.9990866184234619
1773144510.2324271,PC1,0,5,0.48934,0.4747,-0.84968,0.9991741180419922
1773144510.2324271,PC1,0,6,0.47452,0.47457,-0.84987,0.9989770650863647
1773144510.2324271,PC1,0,7,0.57746,0.49612,-0.53726,0.9990225434303284
1773144510.2324271,PC1,0,8,0.44604,0.49606,-0.57804,0.999163031578064
1773144510.2324271,PC1,0,9,0.54477,0.60747,-0.75464,0.9992339611053467
1773144510.2324271,PC1,0,10,0.50151,0.60754,-0.76578,0.9993396997451782
1773144510.2324271,PC1,0,11,0.65194,0.74794,-0.25954,0.9958953857421875
1773144510.2324271,PC1,0,12,0.34703,0.80123,-0.41816,0.9845089316368103
1773144510.2324271,PC1,0,13,0.80459,0.95501,-0.07507,0.4447724521160126
1773144510.2324271,PC1,0,14,0.31616,1.19972,-0.41567,0.21934464573860168
1773144510.2324271,PC1,0,15,0.95412,1.1853,-0.27855,0.39437565207481384
1773144510.2324271,PC1,0,16,0.33788,1.42187,-0.83108,0.144961416721344
1773144510.2324271,PC1,0,17,0.96711,1.28498,-0.31321,0.38060128688812256
1773144510.2324271,PC1,0,18,0.3278,1.51173,-0.91794,0.16510654985904694
1773144510.2324271,PC1,0,19,0.97498,1.22629,-0.44795,0.46466824412345886
1773144510.2324271,PC1,0,20,0.3524,1.51851,-0.96879,0.21477140486240387
1773144510.2324271,PC1,0,21,0.9539,1.20394,-0.36746,0.47759148478507996
1773144510.2324271,PC1,0,22,0.36578,1.48399,-0.8717,0.19865620136260986
1773144510.2324271,PC1,0,23,0.56772,1.3717,-0.01291,0.0040306225419044495
1773144510.2324271,PC1,0,24,0.394,1.38295,0.01593,0.0020605947356671095
1773144510.2324271,PC1,0,25,0.5607,1.86368,-0.13913,0.004068057052791119
1773144510.2324271,PC1,0,26,0.4018,1.86516,-0.11736,0.001993704354390502
1773144510.2324271,PC1,0,27,0.55818,2.31042,0.09934,0.0005182671011425555
1773144510.2324271,PC1,0,28,0.40365,2.30909,0.00643,0.0002105987659888342
1773144510.2324271,PC1,0,29,0.55801,2.38347,0.10522,0.0003984979121014476
1773144510.2324271,PC1,0,30,0.40007,2.38661,0.00876,0.0003021007578354329
1773144510.2324271,PC1,0,31,0.54401,2.4522,-0.20333,0.0006715247873216867
1773144510.2324271,PC1,0,32,0.42834,2.43646,-0.3325,0.0006930629606358707
1773144510.2324271,PC1,0,Width_Shoulder,0.3478,,,
1773144510.312947,PC1,0,0,0.52631,0.54069,-0.86625,0.9994009733200073
1773144510.312947,PC1,0,1,0.5433,0.48088,-0.83265,0.998935341835022
1773144510.312947,PC1,0,2,0.5561,0.481,-0.83273,0.9989505410194397
1773144510.312947,PC1,0,3,0.56784,0.48149,-0.83279,0.9987629055976868
1773144510.312947,PC1,0,4,0.50208,0.47677,-0.84132,0.9990774989128113
1773144510.312947,PC1,0,5,0.48593,0.47525,-0.84113,0.9991648197174072
1773144510.312947,PC1,0,6,0.47151,0.47515,-0.84133,0.9989747405052185
1773144510.312947,PC1,0,7,0.57726,0.49737,-0.53493,0.9990099668502808
1773144510.312947,PC1,0,8,0.44487,0.4968,-0.56372,0.99909907579422
1773144510.312947,PC1,0,9,0.5419,0.6082,-0.74882,0.9991637468338013
1773144510.312947,PC1,0,10,0.49754,0.60767,-0.75701,0.9992760419845581
1773144510.312947,PC1,0,11,0.65262,0.74925,-0.26475,0.994665265083313
1773144510.312947,PC1,0,12,0.34775,0.80331,-0.39896,0.9821194410324097
1773144510.312947,PC1,0,13,0.80459,0.95501,-0.07507,0.4124222695827484
1773144510.312947,PC1,0,14,0.31616,1.19972,-0.41567,0.21018916368484497
1773144510.312947,PC1,0,15,0.95412,1.1853,-0.27855,0.36421990394592285
1773144510.312947,PC1,0,16,0.33788,1.42187,-0.83108,0.15319490432739258
1773144510.312947,PC1,0,17,0.96711,1.28498,-0.31321,0.3542909324169159
1773144510.312947,PC1,0,18,0.3278,1.51173,-0.91794,0.17322656512260437
1773144510.312947,PC1,0,19,0.97498,1.22629,-0.44795,0.435951828956604
1773144510.312947,PC1,0,20,0.3524,1.51851,-0.96879,0.22442780435085297
1773144510.312947,PC1,0,21,0.9539,1.20394,-0.36746,0.4495333731174469
1773144510.312947,PC1,0,22,0.36578,1.48399,-0.8717,0.20616461336612701
1773144510.312947,PC1,0,23,0.56772,1.3717,-0.01291,0.003824459621682763
1773144510.312947,PC1,0,24,0.394,1.38295,0.01593,0.00202801707200706
1773144510.312947,PC1,0,25,0.5607,1.86368,-0.13913,0.004582609981298447
1773144510.312947,PC1,0,26,0.4018,1.86516,-0.11736,0.002285680966451764
1773144510.312947,PC1,0,27,0.55818,2.31042,0.09934,0.0005796372424811125
1773144510.312947,PC1,0,28,0.40365,2.30909,0.00643,0.00025531917344778776
1773144510.312947,PC1,0,29,0.55801,2.38347,0.10522,0.00044133258052170277
1773144510.312947,PC1,0,30,0.40007,2.38661,0.00876,0.00034325712476857007
1773144510.312947,PC1,0,31,0.54401,2.4522,-0.20333,0.0007553681498393416
1773144510.312947,PC1,0,32,0.42834,2.43646,-0.3325,0.0008306149975396693
1773144510.312947,PC1,0,Width_Shoulder,0.3375,,,
1773144510.4318988,PC1,0,0,0.52243,0.54197,-0.89636,0.9993982315063477
1773144510.4318988,PC1,0,1,0.54065,0.48252,-0.86345,0.9989110827445984
1773144510.4318988,PC1,0,2,0.55366,0.48296,-0.86349,0.9989357590675354
1773144510.4318988,PC1,0,3,0.56561,0.48381,-0.86353,0.9986883997917175
1773144510.4318988,PC1,0,4,0.49846,0.47791,-0.87141,0.9990540742874146
1773144510.4318988,PC1,0,5,0.48224,0.47631,-0.87123,0.9991545081138611
1773144510.4318988,PC1,0,6,0.46803,0.47609,-0.87143,0.9989401698112488
1773144510.4318988,PC1,0,7,0.57728,0.49977,-0.56886,0.9989379048347473
1773144510.4318988,PC1,0,8,0.44364,0.49781,-0.59514,0.9990653991699219
1773144510.4318988,PC1,0,9,0.53883,0.60977,-0.77924,0.9991052746772766
1773144510.4318988,PC1,0,10,0.49316,0.60806,-0.78646,0.9992450475692749
1773144510.4318988,PC1,0,11,0.65339,0.75134,-0.28689,0.9929987788200378
1773144510.4318988,PC1,0,12,0.34938,0.80471,-0.43083,0.9809790253639221
1773144510.4318988,PC1,0,13,0.80459,0.95501,-0.07507,0.3926132619380951
1773144510.4318988,PC1,0,14,0.31616,1.19972,-0.41567,0.18731756508350372
1773144510.4318988,PC1,0,15,0.95412,1.1853,-0.27855,0.365732878446579
1773144510.4318988,PC1,0,16,0.33788,1.42187,-0.83108,0.15383169054985046
1773144510.4318988,PC1,0,17,0.96711,1.28498,-0.31321,0.3577491044998169
1773144510.4318988,PC1,0,18,0.3278,1.51173,-0.91794,0.17734353244304657
1773144510.4318988,PC1,0,19,0.97498,1.22629,-0.44795,0.437242716550827
1773144510.4318988,PC1,0,20,0.3524,1.51851,-0.96879,0.22893919050693512
1773144510.4318988,PC1,0,21,0.9539,1.20394,-0.36746,0.4531154930591583
1773144510.4318988,PC1,0,22,0.36578,1.48399,-0.8717,0.2128305584192276
1773144510.4318988,PC1,0,23,0.56772,1.3717,-0.01291,0.0033350896555930376
1773144510.4318988,PC1,0,24,0.394,1.38295,0.01593,0.0018317748326808214
1773144510.4318988,PC1,0,25,0.5607,1.86368,-0.13913,0.004205505829304457
1773144510.4318988,PC1,0,26,0.4018,1.86516,-0.11736,0.002016398822888732
1773144510.4318988,PC1,0,27,0.55818,2.31042,0.09934,0.0005527238827198744
1773144510.4318988,PC1,0,28,0.40365,2.30909,0.00643,0.00021623422799166292
1773144510.4318988,PC1,0,29,0.55801,2.38347,0.10522,0.0004206554149277508
1773144510.4318988,PC1,0,30,0.40007,2.38661,0.00876,0.0003028051578439772
1773144510.4318988,PC1,0,31,0.54401,2.4522,-0.20333,0.0006932776304893196
1773144510.4318988,PC1,0,32,0.42834,2.43646,-0.3325,0.0007344493642449379
1773144510.4318988,PC1,0,Width_Shoulder,0.3406,,,
1773144510.471642,PC1,0,0,0.52156,0.54289,-0.9097,0.9994006752967834
1773144510.471642,PC1,0,1,0.5402,0.48377,-0.87817,0.9988775253295898
1773144510.471642,PC1,0,2,0.55326,0.48427,-0.87819,0.9989015460014343
1773144510.471642,PC1,0,3,0.56529,0.48513,-0.87824,0.9986269474029541
1773144510.471642,PC1,0,4,0.49777,0.47909,-0.88599,0.9990375638008118
1773144510.471642,PC1,0,5,0.48144,0.47741,-0.8858,0.9991451501846313
1773144510.471642,PC1,0,6,0.46729,0.47697,-0.88599,0.9989216327667236
1773144510.471642,PC1,0,7,0.57739,0.50082,-0.58555,0.9988802075386047
1773144510.471642,PC1,0,8,0.44343,0.49844,-0.61137,0.999064028263092
1773144510.471642,PC1,0,9,0.53817,0.61058,-0.79279,0.9991069436073303
1773144510.471642,PC1,0,10,0.49222,0.60844,-0.79983,0.9992579221725464
1773144510.471642,PC1,0,11,0.6537,0.75174,-0.29769,0.9931530952453613
1773144510.471642,PC1,0,12,0.34999,0.80478,-0.4404,0.9819064140319824
1773144510.471642,PC1,0,13,0.80459,0.95501,-0.07507,0.4080369770526886
1773144510.471642,PC1,0,14,0.31616,1.19972,-0.41567,0.1836916208267212
1773144510.471642,PC1,0,15,0.95412,1.1853,-0.27855,0.3756371736526489
1773144510.471642,PC1,0,16,0.33788,1.42187,-0.83108,0.14896690845489502
1773144510.471642,PC1,0,17,0.96711,1.28498,-0.31321,0.36359304189682007
1773144510.471642,PC1,0,18,0.3278,1.51173,-0.91794,0.17266732454299927
1773144510.471642,PC1,0,19,0.97498,1.22629,-0.44795,0.4438205063343048
1773144510.471642,PC1,0,20,0.3524,1.51851,-0.96879,0.22333553433418274
1773144510.471642,PC1,0,21,0.9539,1.20394,-0.36746,0.46099981665611267
1773144510.471642,PC1,0,22,0.36578,1.48399,-0.8717,0.20853979885578156
1773144510.471642,PC1,0,23,0.56772,1.3717,-0.01291,0.003313469933345914
1773144510.471642,PC1,0,24,0.394,1.38295,0.01593,0.0018249988788738847
1773144510.471642,PC1,0,25,0.5607,1.86368,-0.13913,0.00392112834379077
1773144510.471642,PC1,0,26,0.4018,1.86516,-0.11736,0.0018747021676972508
1773144510.471642,PC1,0,27,0.55818,2.31042,0.09934,0.0005226770881563425
1773144510.471642,PC1,0,28,0.40365,2.30909,0.00643,0.00019942541257478297
1773144510.471642,PC1,0,29,0.55801,2.38347,0.10522,0.00039846808067522943
1773144510.471642,PC1,0,30,0.40007,2.38661,0.00876,0.0002840457309503108
1773144510.471642,PC1,0,31,0.54401,2.4522,-0.20333,0.0006552552804350853
1773144510.471642,PC1,0,32,0.42834,2.43646,-0.3325,0.0006877342239022255
1773144510.471642,PC1,0,Width_Shoulder,0.3397,,,
1773144510.567999,PC1,0,0,0.52083,0.54364,-0.90988,0.999416172504425
1773144510.567999,PC1,0,1,0.53983,0.4848,-0.87837,0.9988679885864258
1773144510.567999,PC1,0,2,0.5529,0.48535,-0.8784,0.9988978505134583
1773144510.567999,PC1,0,3,0.56498,0.48625,-0.87843,0.9986061453819275
1773144510.567999,PC1,0,4,0.49713,0.48005,-0.886,0.9990455508232117
1773144510.567999,PC1,0,5,0.48072,0.4783,-0.8858,0.99915611743927
1773144510.567999,PC1,0,6,0.46663,0.47771,-0.886,0.9989339113235474
1773144510.567999,PC1,0,7,0.57747,0.50173,-0.58868,0.9988480806350708
1773144510.567999,PC1,0,8,0.44327,0.49898,-0.61195,0.9990829229354858
1773144510.567999,PC1,0,9,0.53764,0.61125,-0.79402,0.9990934133529663
1773144510.567999,PC1,0,10,0.49139,0.60879,-0.80039,0.9992727041244507
1773144510.567999,PC1,0,11,0.65408,0.75265,-0.29809,0.992344319820404
1773144510.567999,PC1,0,12,0.35049,0.80551,-0.44511,0.9818665385246277
1773144510.567999,PC1,0,13,0.80459,0.95501,-0.07507,0.38072729110717773
1773144510.567999,PC1,0,14,0.31616,1.19972,-0.41567,0.18067625164985657
1773144510.567999,PC1,0,15,0.95412,1.1853,-0.27855,0.3500147759914398
1773144510.567999,PC1,0,16,0.33788,1.42187,-0.83108,0.14458301663398743
1773144510.567999,PC1,0,17,0.96711,1.28498,-0.31321,0.340755432844162
1773144510.567999,PC1,0,18,0.3278,1.51173,-0.91794,0.16621752083301544
1773144510.567999,PC1,0,19,0.97498,1.22629,-0.44795,0.41882097721099854
1773144510.567999,PC1,0,20,0.3524,1.51851,-0.96879,0.21612448990345
1773144510.567999,PC1,0,21,0.9539,1.20394,-0.36746,0.43637630343437195
1773144510.567999,PC1,0,22,0.36578,1.48399,-0.8717,0.20172183215618134
1773144510.567999,PC1,0,23,0.56772,1.3717,-0.01291,0.0031165920663625
1773144510.567999,PC1,0,24,0.394,1.38295,0.01593,0.0017275295685976744
1773144510.567999,PC1,0,25,0.5607,1.86368,-0.13913,0.0037539100740104914
1773144510.567999,PC1,0,26,0.4018,1.86516,-0.11736,0.0017528280150145292
1773144510.567999,PC1,0,27,0.55818,2.31042,0.09934,0.0004953205352649093
1773144510.567999,PC1,0,28,0.40365,2.30909,0.00643,0.0001829616230679676
1773144510.567999,PC1,0,29,0.55801,2.38347,0.10522,0.0003810705675277859
1773144510.567999,PC1,0,30,0.40007,2.38661,0.00876,0.00026306789368391037
1773144510.567999,PC1,0,31,0.54401,2.4522,-0.20333,0.0006201794021762908
1773144510.567999,PC1,0,32,0.42834,2.43646,-0.3325,0.0006408402696251869
1773144510.567999,PC1,0,Width_Shoulder,0.3414,,,
1773144510.666757,PC1,0,0,0.51974,0.54475,-0.85241,0.9994504451751709
1773144510.666757,PC1,0,1,0.53923,0.48634,-0.82265,0.9989122748374939
1773144510.666757,PC1,0,2,0.55232,0.48699,-0.82263,0.9989490509033203
1773144510.666757,PC1,0,3,0.56448,0.48793,-0.82259,0.9986587762832642
1773144510.666757,PC1,0,4,0.49615,0.48147,-0.82924,0.9990879893302917
1773144510.666757,PC1,0,5,0.47962,0.47959,-0.82896,0.9991962909698486
1773144510.666757,PC1,0,6,0.46563,0.47874,-0.82914,0.998977541923523
1773144510.666757,PC1,0,7,0.57759,0.50309,-0.54623,0.998888373374939
1773144510.666757,PC1,0,8,0.44292,0.49985,-0.56326,0.999136209487915
1773144510.666757,PC1,0,9,0.53685,0.61225,-0.74199,0.9991441369056702
1773144510.666757,PC1,0,10,0.49018,0.60924,-0.74658,0.999321699142456
1773144510.666757,PC1,0,11,0.65471,0.75399,-0.27184,0.9925937652587891
1773144510.666757,PC1,0,12,0.351,0.80592,-0.40713,0.9831545352935791
1773144510.666757,PC1,0,13,0.80459,0.95501,-0.07507,0.3674467206001282
1773144510.666757,PC1,0,14,0.31616,1.19972,-0.41567,0.1746908575296402
1773144510.666757,PC1,0,15,0.95412,1.1853,-0.27855,0.35752972960472107
1773144510.666757,PC1,0,16,0.33788,1.42187,-0.83108,0.1439046859741211
1773144510.666757,PC1,0,17,0.96711,1.28498,-0.31321,0.3536406457424164
1773144510.666757,PC1,0,18,0.3278,1.51173,-0.91794,0.1702377200126648
1773144510.666757,PC1,0,19,0.97498,1.22629,-0.44795,0.43259161710739136
1773144510.666757,PC1,0,20,0.3524,1.51851,-0.96879,0.2222592979669571
1773144510.666757,PC1,0,21,0.9539,1.20394,-0.36746,0.44968172907829285
1773144510.666757,PC1,0,22,0.36578,1.48399,-0.8717,0.20787589251995087
1773144510.666757,PC1,0,23,0.56772,1.3717,-0.01291,0.002958651166409254
1773144510.666757,PC1,0,24,0.394,1.38295,0.01593,0.0016478291945531964
1773144510.666757,PC1,0,25,0.5607,1.86368,-0.13913,0.0034520993940532207
1773144510.666757,PC1,0,26,0.4018,1.86516,-0.11736,0.001600089599378407
1773144510.666757,PC1,0,27,0.55818,2.31042,0.09934,0.0004525691329035908
1773144510.666757,PC1,0,28,0.40365,2.30909,0.00643,0.00016533526650164276
1773144510.666757,PC1,0,29,0.55801,2.38347,0.10522,0.00034978307667188346
1773144510.666757,PC1,0,30,0.40007,2.38661,0.00876,0.00023832620354369283
1773144510.666757,PC1,0,31,0.54401,2.4522,-0.20333,0.000572852382902056
1773144510.666757,PC1,0,32,0.42834,2.43646,-0.3325,0.0005831219023093581
1773144510.666757,PC1,0,Width_Shoulder,0.3365,,,
1773144510.763745,PC1,0,0,0.51939,0.54504,-0.86441,0.9993811845779419
1773144510.763745,PC1,0,1,0.53903,0.48675,-0.83403,0.9987526535987854
1773144510.763745,PC1,0,2,0.55213,0.48743,-0.83405,0.9987867474555969
1773144510.763745,PC1,0,3,0.56432,0.48841,-0.83404,0.9984469413757324
1773144510.763745,PC1,0,4,0.49582,0.4819,-0.84093,0.9989681243896484
1773144510.763745,PC1,0,5,0.47926,0.48001,-0.84069,0.9990994930267334
1773144510.763745,PC1,0,6,0.46533,0.4791,-0.84089,0.9988670349121094
1773144510.763745,PC1,0,7,0.57767,0.50356,-0.55409,0.998695433139801
1773144510.763745,PC1,0,8,0.44291,0.50021,-0.57311,0.9990366697311401
1773144510.763745,PC1,0,9,0.53669,0.61258,-0.75247,0.9990246891975403
1773144510.763745,PC1,0,10,0.4899,0.60941,-0.75769,0.9992619156837463
1773144510.763745,PC1,0,11,0.65501,0.7545,-0.27676,0.9916040301322937
1773144510.763745,PC1,0,12,0.35136,0.8067,-0.41396,0.9823159575462341
1773144510.763745,PC1,0,13,0.80459,0.95501,-0.07507,0.36015087366104126
1773144510.763745,PC1,0,14,0.31616,1.19972,-0.41567,0.17274942994117737
1773144510.763745,PC1,0,15,0.95412,1.1853,-0.27855,0.336124986410141
1773144510.763745,PC1,0,16,0.33788,1.42187,-0.83108,0.1377265602350235
1773144510.763745,PC1,0,17,0.96711,1.28498,-0.31321,0.3326282501220703
1773144510.763745,PC1,0,18,0.3278,1.51173,-0.91794,0.16229236125946045
1773144510.763745,PC1,0,19,0.97498,1.22629,-0.44795,0.409422904253006
1773144510.763745,PC1,0,20,0.3524,1.51851,-0.96879,0.21270248293876648
1773144510.763745,PC1,0,21,0.9539,1.20394,-0.36746,0.42609548568725586
1773144510.763745,PC1,0,22,0.36578,1.48399,-0.8717,0.19851462543010712
1773144510.763745,PC1,0,23,0.56772,1.3717,-0.01291,0.0029161861166357994
1773144510.763745,PC1,0,24,0.394,1.38295,0.01593,0.0016491211717948318
1773144510.763745,PC1,0,25,0.5607,1.86368,-0.13913,0.003667673794552684
1773144510.763745,PC1,0,26,0.4018,1.86516,-0.11736,0.0016507637919858098
1773144510.763745,PC1,0,27,0.55818,2.31042,0.09934,0.0004899025079794228
1773144510.763745,PC1,0,28,0.40365,2.30909,0.00643,0.00017480037058703601
1773144510.763745,PC1,0,29,0.55801,2.38347,0.10522,0.0003791974449995905
1773144510.763745,PC1,0,30,0.40007,2.38661,0.00876,0.00026142175192944705
1773144510.763745,PC1,0,31,0.54401,2.4522,-0.20333,0.0006140753976069391
1773144510.763745,PC1,0,32,0.42834,2.43646,-0.3325,0.0006226769764907658
1773144510.763745,PC1,0,Width_Shoulder,0.3373,,,
1773144510.8041742,PC1,0,0,0.51876,0.54727,-0.89208,0.9994186162948608
1773144510.8041742,PC1,0,1,0.53875,0.48907,-0.86274,0.9988077878952026
1773144510.8041742,PC1,0,2,0.55189,0.48979,-0.8627,0.9988383054733276
1773144510.8041742,PC1,0,3,0.56405,0.49085,-0.8627,0.9985025525093079
1773144510.8041742,PC1,0,4,0.49522,0.48419,-0.86853,0.9990241527557373
1773144510.8041742,PC1,0,5,0.47861,0.48188,-0.86828,0.9991484880447388
1773144510.8041742,PC1,0,6,0.46479,0.4805,-0.86848,0.9989283680915833
1773144510.8041742,PC1,0,7,0.57809,0.50524,-0.58291,0.998730480670929
1773144510.8041742,PC1,0,8,0.44293,0.50122,-0.59683,0.9990959763526917
1773144510.8041742,PC1,0,9,0.53644,0.61507,-0.77988,0.9990792274475098
1773144510.8041742,PC1,0,10,0.4894,0.61163,-0.7837,0.9993141889572144
1773144510.8041742,PC1,0,11,0.6566,0.757,-0.30336,0.991769015789032
1773144510.8041742,PC1,0,12,0.35154,0.80779,-0.42955,0.9836010932922363
1773144510.8041742,PC1,0,13,0.80459,0.95501,-0.07507,0.36049073934555054
1773144510.8041742,PC1,0,14,0.31616,1.19972,-0.41567,0.17558437585830688
1773144510.8041742,PC1,0,15,0.95412,1.1853,-0.27855,0.32774823904037476
1773144510.8041742,PC1,0,16,0.33788,1.42187,-0.83108,0.1391623169183731
1773144510.8041742,PC1,0,17,0.96711,1.28498,-0.31321,0.324680894613266
1773144510.8041742,PC1,0,18,0.3278,1.51173,-0.91794,0.16468080878257751
1773144510.8041742,PC1,0,19,0.97498,1.22629,-0.44795,0.40167245268821716
1773144510.8041742,PC1,0,20,0.3524,1.51851,-0.96879,0.21612811088562012
1773144510.8041742,PC1,0,21,0.9539,1.20394,-0.36746,0.4182230234146118
1773144510.8041742,PC1,0,22,0.36578,1.48399,-0.8717,0.20216859877109528
1773144510.8041742,PC1,0,23,0.56772,1.3717,-0.01291,0.0027803366538137197
1773144510.8041742,PC1,0,24,0.394,1.38295,0.01593,0.0015960496384650469
1773144510.8041742,PC1,0,25,0.5607,1.86368,-0.13913,0.0034115901216864586
1773144510.8041742,PC1,0,26,0.4018,1.86516,-0.11736,0.0015269190771505237
1773144510.8041742,PC1,0,27,0.55818,2.31042,0.09934,0.000454866501968354
1773144510.8041742,PC1,0,28,0.40365,2.30909,0.00643,0.0001597152731847018
1773144510.8041742,PC1,0,29,0.55801,2.38347,0.10522,0.00035114932688884437
1773144510.8041742,PC1,0,30,0.40007,2.38661,0.00876,0.00023970763140823692
1773144510.8041742,PC1,0,31,0.54401,2.4522,-0.20333,0.0005755113670602441
1773144510.8041742,PC1,0,32,0.42834,2.43646,-0.3325,0.0005741719505749643
1773144510.8041742,PC1,0,Width_Shoulder,0.334,,,
