Timestamp,Source,Person,Key,Value_X,Value_Y,Value_Z,Conf
1773142274.192294,PC1,0,0,0.69867,0.54993,-0.93575,0.9993348717689514
1773142274.192294,PC1,0,1,0.72659,0.47427,-0.92092,0.9989229440689087
1773142274.192294,PC1,0,2,0.74828,0.46648,-0.92124,0.9989522099494934
1773142274.192294,PC1,0,3,0.76978,0.45918,-0.92163,0.9988588094711304
1773142274.192294,PC1,0,4,0.68436,0.48998,-0.88551,0.9987794756889343
1773142274.192294,PC1,0,5,0.67391,0.49453,-0.88484,0.9986996650695801
1773142274.192294,PC1,0,6,0.66322,0.49974,-0.88521,0.9985679388046265
1773142274.192294,PC1,0,7,0.81586,0.47068,-0.61326,0.9991321563720703
1773142274.192294,PC1,0,8,0.67611,0.50961,-0.43458,0.9988576173782349
1773142274.192294,PC1,0,9,0.75002,0.61626,-0.8097,0.9997506737709045
1773142274.192294,PC1,0,10,0.6978,0.62557,-0.75725,0.9996413588523865
1773142274.192294,PC1,0,11,0.95977,0.70969,-0.42166,0.9975883960723877
1773142274.192294,PC1,0,12,0.63488,0.74656,-0.13607,0.9988734126091003
1773142274.192294,PC1,0,13,1.06577,1.17047,-0.53759,0.6189647316932678
1773142274.192294,PC1,0,14,0.56769,1.12778,-0.26696,0.5590447187423706
1773142274.192294,PC1,0,15,0.9726,0.91647,-1.14032,0.11275532096624374
1773142274.192294,PC1,0,16,0.65354,1.33536,-0.53365,0.18327276408672333
1773142274.192294,PC1,0,17,0.94837,0.82763,-1.10715,0.09366407245397568
1773142274.192294,PC1,0,18,0.63652,1.43162,-0.61184,0.17043207585811615
1773142274.192294,PC1,0,19,0.94366,0.86483,-1.17454,0.12915590405464172
1773142274.192294,PC1,0,20,0.68821,1.59944,-0.50351,0.22019743919372559
1773142274.192294,PC1,0,21,0.9569,0.8301,-1.01169,0.12528041005134583
1773142274.192294,PC1,0,22,0.6975,1.55405,-0.38186,0.2326473742723465
1773142274.192294,PC1,0,23,0.85629,1.77218,-0.0858,0.00800603162497282
1773142274.192294,PC1,0,24,0.62776,1.62716,0.0883,0.0070423646830022335
1773142274.192294,PC1,0,25,0.70962,2.45255,0.04366,0.005705541465431452
1773142274.192294,PC1,0,26,0.51581,2.32978,0.2184,0.0029381022322922945
1773142274.192294,PC1,0,27,0.56689,3.05225,0.56553,0.0013778017600998282
1773142274.192294,PC1,0,28,0.40126,2.94346,0.58946,0.0003507118672132492
1773142274.192294,PC1,0,29,0.55954,3.13612,0.59855,0.0004862617061007768
1773142274.192294,PC1,0,30,0.38563,3.02349,0.61914,0.0011288197711110115
1773142274.192294,PC1,0,31,0.49142,3.22083,0.1931,0.0005011437460780144
1773142274.192294,PC1,0,32,0.36927,3.1442,0.17554,0.0007571245077997446
1773142274.192294,PC1,0,Angle_Shoulder_L,146.13,,,
1773142274.192294,PC1,0,Angle_Shoulder_R,144.63,,,
1773142274.192294,PC1,0,Length_UpperArm_L,0.4868,,,
1773142274.192294,PC1,0,Length_UpperArm_R,0.4086,,,
1773142274.192294,PC1,0,Width_Shoulder,0.4341,,,
1773142274.2274492,PC1,0,0,0.70031,0.55059,-0.9374,0.9991995096206665
1773142274.2274492,PC1,0,1,0.7281,0.47481,-0.92121,0.9985975027084351
1773142274.2274492,PC1,0,2,0.74978,0.46697,-0.92145,0.998684823513031
1773142274.2274492,PC1,0,3,0.77132,0.45962,-0.92187,0.9985083937644958
1773142274.2274492,PC1,0,4,0.68591,0.49073,-0.88744,0.9984260201454163
1773142274.2274492,PC1,0,5,0.67529,0.49538,-0.8868,0.9984065294265747
1773142274.2274492,PC1,0,6,0.66459,0.50064,-0.88721,0.998214840888977
1773142274.2274492,PC1,0,7,0.81759,0.47099,-0.6101,0.9988651275634766
1773142274.2274492,PC1,0,8,0.6777,0.51028,-0.43836,0.9986315369606018
1773142274.2274492,PC1,0,9,0.75225,0.61703,-0.81016,0.9997038245201111
1773142274.2274492,PC1,0,10,0.69969,0.6265,-0.75946,0.9995787143707275
1773142274.2274492,PC1,0,11,0.96103,0.71,-0.41295,0.9975267648696899
1773142274.2274492,PC1,0,12,0.63556,0.74711,-0.15051,0.9988709092140198
1773142274.2274492,PC1,0,13,1.06738,1.17363,-0.52216,0.602521538734436
1773142274.2274492,PC1,0,14,0.57209,1.13543,-0.2666,0.5605558753013611
1773142274.2274492,PC1,0,15,0.9726,0.91647,-1.14032,0.10466567426919937
1773142274.2274492,PC1,0,16,0.65354,1.33536,-0.53365,0.17387504875659943
1773142274.2274492,PC1,0,17,0.94837,0.82763,-1.10715,0.08707723021507263
1773142274.2274492,PC1,0,18,0.63652,1.43162,-0.61184,0.1615995317697525
1773142274.2274492,PC1,0,19,0.94366,0.86483,-1.17454,0.12044908851385117
1773142274.2274492,PC1,0,20,0.68821,1.59944,-0.50351,0.20961454510688782
1773142274.2274492,PC1,0,21,0.9569,0.8301,-1.01169,0.11721212416887283
1773142274.2274492,PC1,0,22,0.6975,1.55405,-0.38186,0.221099391579628
1773142274.2274492,PC1,0,23,0.85629,1.77218,-0.0858,0.0076505327597260475
1773142274.2274492,PC1,0,24,0.62776,1.62716,0.0883,0.006783232092857361
1773142274.2274492,PC1,0,25,0.70962,2.45255,0.04366,0.005413990933448076
1773142274.2274492,PC1,0,26,0.51581,2.32978,0.2184,0.002861714456230402
1773142274.2274492,PC1,0,27,0.56689,3.05225,0.56553,0.0013043901417404413
1773142274.2274492,PC1,0,28,0.40126,2.94346,0.58946,0.0003407593467272818
1773142274.2274492,PC1,0,29,0.55954,3.13612,0.59855,0.00046275422209873796
1773142274.2274492,PC1,0,30,0.38563,3.02349,0.61914,0.0010839221067726612
1773142274.2274492,PC1,0,31,0.49142,3.22083,0.1931,0.0004914775490760803
1773142274.2274492,PC1,0,32,0.36927,3.1442,0.17554,0.0007373411790467799
1773142274.2274492,PC1,0,Angle_Shoulder_L,146.72,,,
1773142274.2274492,PC1,0,Angle_Shoulder_R,146.82,,,
1773142274.2274492,PC1,0,Length_UpperArm_L,0.488,,,
1773142274.2274492,PC1,0,Length_UpperArm_R,0.4102,,,
1773142274.2274492,PC1,0,Width_Shoulder,0.4197,,,
1773142274.29465,PC1,0,0,0.70205,0.55176,-0.95746,0.9992402195930481
1773142274.29465,PC1,0,1,0.72975,0.47543,-0.94078,0.9986670613288879
1773142274.29465,PC1,0,2,0.75149,0.46754,-0.94107,0.9987483620643616
1773142274.29465,PC1,0,3,0.77308,0.46016,-0.94152,0.9985846281051636
1773142274.29465,PC1,0,4,0.68757,0.49151,-0.90718,0.9984912276268005
1773142274.29465,PC1,0,5,0.67672,0.49625,-0.90647,0.9984598159790039
1773142274.29465,PC1,0,6,0.66605,0.50152,-0.9069,0.9982698559761047
1773142274.29465,PC1,0,7,0.81968,0.47138,-0.62328,0.9989298582077026
1773142274.29465,PC1,0,8,0.67909,0.51085,-0.45082,0.9986807703971863
1773142274.29465,PC1,0,9,0.75403,0.61821,-0.82713,0.9997206926345825
1773142274.29465,PC1,0,10,0.7016,0.62751,-0.77648,0.9995955228805542
1773142274.29465,PC1,0,11,0.962,0.71027,-0.41752,0.9976426362991333
1773142274.29465,PC1,0,12,0.63586,0.7476,-0.15818,0.9988117814064026
1773142274.29465,PC1,0,13,1.06949,1.1768,-0.52788,0.5880709290504456
1773142274.29465,PC1,0,14,0.57304,1.14086,-0.25578,0.5472220182418823
1773142274.29465,PC1,0,15,0.9726,0.91647,-1.14032,0.10204920172691345
1773142274.29465,PC1,0,16,0.65354,1.33536,-0.53365,0.1681841015815735
1773142274.29465,PC1,0,17,0.94837,0.82763,-1.10715,0.08605172485113144
1773142274.29465,PC1,0,18,0.63652,1.43162,-0.61184,0.15840187668800354
1773142274.29465,PC1,0,19,0.94366,0.86483,-1.17454,0.1206355169415474
1773142274.29465,PC1,0,20,0.68821,1.59944,-0.50351,0.20822787284851074
1773142274.29465,PC1,0,21,0.9569,0.8301,-1.01169,0.11737024784088135
1773142274.29465,PC1,0,22,0.6975,1.55405,-0.38186,0.2183956652879715
1773142274.29465,PC1,0,23,0.85629,1.77218,-0.0858,0.006982076913118362
1773142274.29465,PC1,0,24,0.62776,1.62716,0.0883,0.006179862190037966
1773142274.29465,PC1,0,25,0.70962,2.45255,0.04366,0.005011443980038166
1773142274.29465,PC1,0,26,0.51581,2.32978,0.2184,0.002657536184415221
1773142274.29465,PC1,0,27,0.56689,3.05225,0.56553,0.0011986804893240333
1773142274.29465,PC1,0,28,0.40126,2.94346,0.58946,0.00031339263659901917
1773142274.29465,PC1,0,29,0.55954,3.13612,0.59855,0.00042601427412591875
1773142274.29465,PC1,0,30,0.38563,3.02349,0.61914,0.0009984011994674802
1773142274.29465,PC1,0,31,0.49142,3.22083,0.1931,0.00045598813449032605
1773142274.29465,PC1,0,32,0.36927,3.1442,0.17554,0.0006939044105820358
1773142274.29465,PC1,0,Angle_Shoulder_L,146.34,,,
1773142274.29465,PC1,0,Angle_Shoulder_R,149.15,,,
1773142274.29465,PC1,0,Length_UpperArm_L,0.4913,,,
1773142274.29465,PC1,0,Length_UpperArm_R,0.41,,,
1773142274.29465,PC1,0,Width_Shoulder,0.4184,,,
1773142274.328064,PC1,0,0,0.70539,0.55339,-0.97087,0.9992663264274597
1773142274.328064,PC1,0,1,0.73299,0.47619,-0.95317,0.9987236857414246
1773142274.328064,PC1,0,2,0.75469,0.46833,-0.95339,0.9987973570823669
1773142274.328064,PC1,0,3,0.77652,0.461,-0.95387,0.9986383318901062
1773142274.328064,PC1,0,4,0.69067,0.49235,-0.92151,0.9985523223876953
1773142274.328064,PC1,0,5,0.67924,0.49723,-0.92078,0.9985250234603882
1773142274.328064,PC1,0,6,0.6686,0.50254,-0.92126,0.9983341693878174
1773142274.328064,PC1,0,7,0.82344,0.47197,-0.62869,0.9989830255508423
1773142274.328064,PC1,0,8,0.68162,0.51165,-0.46405,0.9987314343452454
1773142274.328064,PC1,0,9,0.75711,0.61993,-0.8371,0.9997296333312988
1773142274.328064,PC1,0,10,0.70487,0.62898,-0.78915,0.9996057748794556
1773142274.328064,PC1,0,11,0.96368,0.7109,-0.41449,0.9978172183036804
1773142274.328064,PC1,0,12,0.63656,0.74893,-0.169,0.9987200498580933
1773142274.328064,PC1,0,13,1.07211,1.1794,-0.51635,0.5931981205940247
1773142274.328064,PC1,0,14,0.57555,1.14844,-0.2656,0.5440088510513306
1773142274.328064,PC1,0,15,0.9726,0.91647,-1.14032,0.09697944670915604
1773142274.328064,PC1,0,16,0.65354,1.33536,-0.53365,0.15892809629440308
1773142274.328064,PC1,0,17,0.94837,0.82763,-1.10715,0.08266852796077728
1773142274.328064,PC1,0,18,0.63652,1.43162,-0.61184,0.15293365716934204
1773142274.328064,PC1,0,19,0.94366,0.86483,-1.17454,0.11704075336456299
1773142274.328064,PC1,0,20,0.68821,1.59944,-0.50351,0.20331518352031708
1773142274.328064,PC1,0,21,0.9569,0.8301,-1.01169,0.11360346525907516
1773142274.328064,PC1,0,22,0.6975,1.55405,-0.38186,0.21070393919944763
1773142274.328064,PC1,0,23,0.85629,1.77218,-0.0858,0.007689737249165773
1773142274.328064,PC1,0,24,0.62776,1.62716,0.0883,0.0067596882581710815
1773142274.328064,PC1,0,25,0.70962,2.45255,0.04366,0.005688182543963194
1773142274.328064,PC1,0,26,0.51581,2.32978,0.2184,0.0029511284083127975
1773142274.328064,PC1,0,27,0.56689,3.05225,0.56553,0.0013692132197320461
1773142274.328064,PC1,0,28,0.40126,2.94346,0.58946,0.00037285726284608245
1773142274.328064,PC1,0,29,0.55954,3.13612,0.59855,0.0004796719877049327
1773142274.328064,PC1,0,30,0.38563,3.02349,0.61914,0.00118172075599432
1773142274.328064,PC1,0,31,0.49142,3.22083,0.1931,0.0005248215747997165
1773142274.328064,PC1,0,32,0.36927,3.1442,0.17554,0.0007860136684030294
1773142274.328064,PC1,0,Angle_Shoulder_L,146.97,,,
1773142274.328064,PC1,0,Angle_Shoulder_R,149.33,,,
1773142274.328064,PC1,0,Length_UpperArm_L,0.4916,,,
1773142274.328064,PC1,0,Length_UpperArm_R,0.4155,,,
1773142274.328064,PC1,0,Width_Shoulder,0.4108,,,
1773142274.501421,PC1,0,0,0.71174,0.55536,-0.99814,0.9992261528968811
1773142274.501421,PC1,0,1,0.73988,0.47736,-0.97747,0.998683750629425
1773142274.501421,PC1,0,2,0.76206,0.46949,-0.97774,0.9987586736679077
1773142274.501421,PC1,0,3,0.78394,0.46232,-0.97815,0.9986029267311096
1773142274.501421,PC1,0,4,0.69649,0.49362,-0.94866,0.9984408617019653
1773142274.501421,PC1,0,5,0.68423,0.49875,-0.94791,0.9983921647071838
1773142274.501421,PC1,0,6,0.67339,0.50416,-0.94842,0.9981697201728821
1773142274.501421,PC1,0,7,0.83019,0.47367,-0.64463,0.99897700548172
1773142274.501421,PC1,0,8,0.68581,0.51374,-0.48403,0.9985417723655701
1773142274.501421,PC1,0,9,0.76227,0.6222,-0.8608,0.9996941089630127
1773142274.501421,PC1,0,10,0.71002,0.6314,-0.8171,0.9995158910751343
1773142274.501421,PC1,0,11,0.96763,0.71603,-0.42067,0.9977421164512634
1773142274.501421,PC1,0,12,0.64014,0.75414,-0.17096,0.998210072517395
1773142274.501421,PC1,0,13,1.0816,1.19055,-0.51829,0.5548718571662903
1773142274.501421,PC1,0,14,0.57242,1.15404,-0.2541,0.5251838564872742
1773142274.501421,PC1,0,15,0.9726,0.91647,-1.14032,0.08679680526256561
1773142274.501421,PC1,0,16,0.65354,1.33536,-0.53365,0.15987978875637054
1773142274.501421,PC1,0,17,0.94837,0.82763,-1.10715,0.07620689272880554
1773142274.501421,PC1,0,18,0.63652,1.43162,-0.61184,0.15684764087200165
1773142274.501421,PC1,0,19,0.94366,0.86483,-1.17454,0.11058004945516586
1773142274.501421,PC1,0,20,0.68821,1.59944,-0.50351,0.2139846235513687
1773142274.501421,PC1,0,21,0.9569,0.8301,-1.01169,0.10690569132566452
1773142274.501421,PC1,0,22,0.6975,1.55405,-0.38186,0.217057466506958
1773142274.501421,PC1,0,23,0.85629,1.77218,-0.0858,0.0061484635807573795
1773142274.501421,PC1,0,24,0.62776,1.62716,0.0883,0.005471797194331884
1773142274.501421,PC1,0,25,0.70962,2.45255,0.04366,0.005372905172407627
1773142274.501421,PC1,0,26,0.51581,2.32978,0.2184,0.0029709325172007084
1773142274.501421,PC1,0,27,0.56689,3.05225,0.56553,0.0012400709092617035
1773142274.501421,PC1,0,28,0.40126,2.94346,0.58946,0.00037490788963623345
1773142274.501421,PC1,0,29,0.55954,3.13612,0.59855,0.0004534134641289711
1773142274.501421,PC1,0,30,0.38563,3.02349,0.61914,0.0011700501199811697
1773142274.501421,PC1,0,31,0.49142,3.22083,0.1931,0.0005194388795644045
1773142274.501421,PC1,0,32,0.36927,3.1442,0.17554,0.000849105475936085
1773142274.501421,PC1,0,Angle_Shoulder_L,146.92,,,
1773142274.501421,PC1,0,Angle_Shoulder_R,150.74,,,
1773142274.501421,PC1,0,Length_UpperArm_L,0.4977,,,
1773142274.501421,PC1,0,Length_UpperArm_R,0.414,,,
1773142274.501421,PC1,0,Width_Shoulder,0.4136,,,
1773142274.536927,PC1,0,0,0.71411,0.55579,-1.02712,0.9992009997367859
1773142274.536927,PC1,0,1,0.74222,0.47756,-1.00689,0.9986053705215454
1773142274.536927,PC1,0,2,0.76454,0.46975,-1.00718,0.998678982257843
1773142274.536927,PC1,0,3,0.78642,0.46267,-1.00775,0.9984976649284363
1773142274.536927,PC1,0,4,0.69872,0.49368,-0.97899,0.9983593821525574
1773142274.536927,PC1,0,5,0.68623,0.4989,-0.97835,0.9983209371566772
1773142274.536927,PC1,0,6,0.67527,0.50435,-0.97876,0.9980778694152832
1773142274.536927,PC1,0,7,0.83262,0.47423,-0.66953,0.9988890886306763
1773142274.536927,PC1,0,8,0.6878,0.51409,-0.5139,0.9984315633773804
1773142274.536927,PC1,0,9,0.76408,0.62276,-0.88721,0.9996653199195862
1773142274.536927,PC1,0,10,0.71203,0.63185,-0.84485,0.9994432330131531
1773142274.536927,PC1,0,11,0.9685,0.71789,-0.4294,0.9976750016212463
1773142274.536927,PC1,0,12,0.64127,0.75606,-0.18523,0.9977835416793823
1773142274.536927,PC1,0,13,1.08382,1.18951,-0.48858,0.5386876463890076
1773142274.536927,PC1,0,14,0.56543,1.14772,-0.29081,0.5113582611083984
1773142274.536927,PC1,0,15,0.9726,0.91647,-1.14032,0.09188909083604813
1773142274.536927,PC1,0,16,0.65354,1.33536,-0.53365,0.17383843660354614
1773142274.536927,PC1,0,17,0.94837,0.82763,-1.10715,0.08257072418928146
1773142274.536927,PC1,0,18,0.63652,1.43162,-0.61184,0.173067107796669
1773142274.536927,PC1,0,19,0.94366,0.86483,-1.17454,0.11972077935934067
1773142274.536927,PC1,0,20,0.68821,1.59944,-0.50351,0.2326342612504959
1773142274.536927,PC1,0,21,0.9569,0.8301,-1.01169,0.11429180204868317
1773142274.536927,PC1,0,22,0.6975,1.55405,-0.38186,0.23231132328510284
1773142274.536927,PC1,0,23,0.85629,1.77218,-0.0858,0.005453960504382849
1773142274.536927,PC1,0,24,0.62776,1.62716,0.0883,0.004854625556617975
1773142274.536927,PC1,0,25,0.70962,2.45255,0.04366,0.005131338257342577
1773142274.536927,PC1,0,26,0.51581,2.32978,0.2184,0.0028466524090617895
1773142274.536927,PC1,0,27,0.56689,3.05225,0.56553,0.0012371116317808628
1773142274.536927,PC1,0,28,0.40126,2.94346,0.58946,0.00036037617246620357
1773142274.536927,PC1,0,29,0.55954,3.13612,0.59855,0.0004578707448672503
1773142274.536927,PC1,0,30,0.38563,3.02349,0.61914,0.0011109198676422238
1773142274.536927,PC1,0,31,0.49142,3.22083,0.1931,0.0005399658111855388
1773142274.536927,PC1,0,32,0.36927,3.1442,0.17554,0.000890045368578285
1773142274.536927,PC1,0,Angle_Shoulder_L,149.88,,,
1773142274.536927,PC1,0,Angle_Shoulder_R,146.67,,,
1773142274.536927,PC1,0,Length_UpperArm_L,0.4891,,,
1773142274.536927,PC1,0,Length_UpperArm_R,0.4127,,,
1773142274.536927,PC1,0,Width_Shoulder,0.4101,,,
1773142274.608696,PC1,0,0,0.71496,0.55599,-1.02776,0.9991583228111267
1773142274.608696,PC1,0,1,0.74312,0.4777,-1.0076,0.9985222816467285
1773142274.608696,PC1,0,2,0.76557,0.46994,-1.00794,0.9985814690589905
1773142274.608696,PC1,0,3,0.78739,0.46291,-1.00851,0.998397707939148
1773142274.608696,PC1,0,4,0.69951,0.49374,-0.98071,0.9982929229736328
1773142274.608696,PC1,0,5,0.68699,0.49898,-0.9801,0.9982444643974304
1773142274.608696,PC1,0,6,0.67594,0.50446,-0.98052,0.9980109930038452
1773142274.608696,PC1,0,7,0.83349,0.47458,-0.67015,0.9987784624099731
1773142274.608696,PC1,0,8,0.68866,0.5143,-0.52231,0.9983701109886169
1773142274.608696,PC1,0,9,0.76532,0.62303,-0.88749,0.9996604919433594
1773142274.608696,PC1,0,10,0.71278,0.63219,-0.84657,0.9994449019432068
1773142274.608696,PC1,0,11,0.96897,0.71856,-0.42358,0.9977367520332336
1773142274.608696,PC1,0,12,0.64144,0.75735,-0.19357,0.9979222416877747
1773142274.608696,PC1,0,13,1.08389,1.1898,-0.48105,0.5454162955284119
1773142274.608696,PC1,0,14,0.565,1.14909,-0.29022,0.5308921337127686
1773142274.608696,PC1,0,15,0.9726,0.91647,-1.14032,0.08732937276363373
1773142274.608696,PC1,0,16,0.65354,1.33536,-0.53365,0.17017312347888947
1773142274.608696,PC1,0,17,0.94837,0.82763,-1.10715,0.07836013287305832
1773142274.608696,PC1,0,18,0.63652,1.43162,-0.61184,0.16793940961360931
1773142274.608696,PC1,0,19,0.94366,0.86483,-1.17454,0.1136588528752327
1773142274.608696,PC1,0,20,0.68821,1.59944,-0.50351,0.2257956564426422
1773142274.608696,PC1,0,21,0.9569,0.8301,-1.01169,0.10869720578193665
1773142274.608696,PC1,0,22,0.6975,1.55405,-0.38186,0.22591114044189453
1773142274.608696,PC1,0,23,0.85629,1.77218,-0.0858,0.005849823355674744
1773142274.608696,PC1,0,24,0.62776,1.62716,0.0883,0.005223596002906561
1773142274.608696,PC1,0,25,0.70962,2.45255,0.04366,0.005446567200124264
1773142274.608696,PC1,0,26,0.51581,2.32978,0.2184,0.003048728918656707
1773142274.608696,PC1,0,27,0.56689,3.05225,0.56553,0.0014576985267922282
1773142274.608696,PC1,0,28,0.40126,2.94346,0.58946,0.00042361117084510624
1773142274.608696,PC1,0,29,0.55954,3.13612,0.59855,0.0005169305950403214
1773142274.608696,PC1,0,30,0.38563,3.02349,0.61914,0.0013309797504916787
1773142274.608696,PC1,0,31,0.49142,3.22083,0.1931,0.0005993261584080756
1773142274.608696,PC1,0,32,0.36927,3.1442,0.17554,0.0009717775392346084
1773142274.608696,PC1,0,Angle_Shoulder_L,149.98,,,
1773142274.608696,PC1,0,Angle_Shoulder_R,147.76,,,
1773142274.608696,PC1,0,Length_UpperArm_L,0.4884,,,
1773142274.608696,PC1,0,Length_UpperArm_R,0.4107,,,
1773142274.608696,PC1,0,Width_Shoulder,0.4021,,,
1773142274.641897,PC1,0,0,0.7163,0.55731,-1.02661,0.998949408531189
1773142274.641897,PC1,0,1,0.74481,0.47897,-1.00624,0.9982410073280334
1773142274.641897,PC1,0,2,0.76731,0.47146,-1.00661,0.9982807636260986
1773142274.641897,PC1,0,3,0.78935,0.46468,-1.00707,0.9981099963188171
1773142274.641897,PC1,0,4,0.70098,0.49442,-0.98011,0.9979191422462463
1773142274.641897,PC1,0,5,0.68822,0.49964,-0.97957,0.9977833032608032
1773142274.641897,PC1,0,6,0.67712,0.505,-0.98003,0.997538149356842
1773142274.641897,PC1,0,7,0.83514,0.47703,-0.6681,0.9985443353652954
1773142274.641897,PC1,0,8,0.68994,0.51492,-0.5249,0.9979012608528137
1773142274.641897,PC1,0,9,0.76705,0.62529,-0.8854,0.9995217323303223
1773142274.641897,PC1,0,10,0.71391,0.6334,-0.84588,0.9992089867591858
1773142274.641897,PC1,0,11,0.96809,0.71949,-0.42123,0.9974140524864197
1773142274.641897,PC1,0,12,0.64206,0.75831,-0.19427,0.9973561763763428
1773142274.641897,PC1,0,13,1.07921,1.18881,-0.475,0.5127575397491455
1773142274.641897,PC1,0,14,0.56892,1.14879,-0.25419,0.5069838762283325
1773142274.641897,PC1,0,15,0.9726,0.91647,-1.14032,0.0856841430068016
1773142274.641897,PC1,0,16,0.65354,1.33536,-0.53365,0.1718602478504181
1773142274.641897,PC1,0,17,0.94837,0.82763,-1.10715,0.08028019964694977
1773142274.641897,PC1,0,18,0.63652,1.43162,-0.61184,0.1751462072134018
1773142274.641897,PC1,0,19,0.94366,0.86483,-1.17454,0.117320217192173
1773142274.641897,PC1,0,20,0.68821,1.59944,-0.50351,0.23752960562705994
1773142274.641897,PC1,0,21,0.9569,0.8301,-1.01169,0.11187160760164261
1773142274.641897,PC1,0,22,0.6975,1.55405,-0.38186,0.23550809919834137
1773142274.641897,PC1,0,23,0.85629,1.77218,-0.0858,0.004996678326278925
1773142274.641897,PC1,0,24,0.62776,1.62716,0.0883,0.004472625907510519
1773142274.641897,PC1,0,25,0.70962,2.45255,0.04366,0.005114305764436722
1773142274.641897,PC1,0,26,0.51581,2.32978,0.2184,0.0028669913299381733
1773142274.641897,PC1,0,27,0.56689,3.05225,0.56553,0.001345733879134059
1773142274.641897,PC1,0,28,0.40126,2.94346,0.58946,0.00038598879473283887
1773142274.641897,PC1,0,29,0.55954,3.13612,0.59855,0.00048781762598082423
1773142274.641897,PC1,0,30,0.38563,3.02349,0.61914,0.0012314567575231194
1773142274.641897,PC1,0,31,0.49142,3.22083,0.1931,0.0005678699817508459
1773142274.641897,PC1,0,32,0.36927,3.1442,0.17554,0.0009260708466172218
1773142274.641897,PC1,0,Angle_Shoulder_L,150.54,,,
1773142274.641897,PC1,0,Angle_Shoulder_R,152.77,,,
1773142274.641897,PC1,0,Length_UpperArm_L,0.4853,,,
1773142274.641897,PC1,0,Length_UpperArm_R,0.4018,,,
1773142274.641897,PC1,0,Width_Shoulder,0.3991,,,
1773142274.675415,PC1,0,0,0.71676,0.5584,-1.01521,0.9990180730819702
1773142274.675415,PC1,0,1,0.74546,0.47988,-0.99541,0.9983428120613098
1773142274.675415,PC1,0,2,0.76796,0.47245,-0.99571,0.9983817338943481
1773142274.675415,PC1,0,3,0.79013,0.46574,-0.99619,0.9982130527496338
1773142274.675415,PC1,0,4,0.70154,0.49502,-0.96911,0.9980432987213135
1773142274.675415,PC1,0,5,0.68878,0.50013,-0.96849,0.9979217052459717
1773142274.675415,PC1,0,6,0.67767,0.50536,-0.96896,0.9976846575737
1773142274.675415,PC1,0,7,0.83598,0.47828,-0.66072,0.9986299276351929
1773142274.675415,PC1,0,8,0.69046,0.51516,-0.51733,0.9980423450469971
1773142274.675415,PC1,0,9,0.76758,0.62667,-0.8754,0.9995540976524353
1773142274.675415,PC1,0,10,0.7143,0.63402,-0.83574,0.999264121055603
1773142274.675415,PC1,0,11,0.96728,0.71978,-0.41521,0.9975248575210571
1773142274.675415,PC1,0,12,0.64244,0.75798,-0.19138,0.9975287318229675
1773142274.675415,PC1,0,13,1.07689,1.18824,-0.46849,0.508135974407196
1773142274.675415,PC1,0,14,0.56799,1.14679,-0.25472,0.5104263424873352
1773142274.675415,PC1,0,15,0.9726,0.91647,-1.14032,0.08481181412935257
1773142274.675415,PC1,0,16,0.65354,1.33536,-0.53365,0.17310687899589539
1773142274.675415,PC1,0,17,0.94837,0.82763,-1.10715,0.07986542582511902
1773142274.675415,PC1,0,18,0.63652,1.43162,-0.61184,0.17737603187561035
1773142274.675415,PC1,0,19,0.94366,0.86483,-1.17454,0.11742670834064484
1773142274.675415,PC1,0,20,0.68821,1.59944,-0.50351,0.24181857705116272
1773142274.675415,PC1,0,21,0.9569,0.8301,-1.01169,0.11246193945407867
1773142274.675415,PC1,0,22,0.6975,1.55405,-0.38186,0.24025610089302063
1773142274.675415,PC1,0,23,0.85629,1.77218,-0.0858,0.004659307189285755
1773142274.675415,PC1,0,24,0.62776,1.62716,0.0883,0.004180844873189926
1773142274.675415,PC1,0,25,0.70962,2.45255,0.04366,0.004819451831281185
1773142274.675415,PC1,0,26,0.51581,2.32978,0.2184,0.002688886597752571
1773142274.675415,PC1,0,27,0.56689,3.05225,0.56553,0.001253219204954803
1773142274.675415,PC1,0,28,0.40126,2.94346,0.58946,0.0003568511747289449
1773142274.675415,PC1,0,29,0.55954,3.13612,0.59855,0.00045603339094668627
1773142274.675415,PC1,0,30,0.38563,3.02349,0.61914,0.0011388459242880344
1773142274.675415,PC1,0,31,0.49142,3.22083,0.1931,0.0005329072009772062
1773142274.675415,PC1,0,32,0.36927,3.1442,0.17554,0.0008630594820715487
1773142274.675415,PC1,0,Angle_Shoulder_L,150.87,,,
1773142274.675415,PC1,0,Angle_Shoulder_R,152.45,,,
1773142274.675415,PC1,0,Length_UpperArm_L,0.4841,,,
1773142274.675415,PC1,0,Length_UpperArm_R,0.4009,,,
1773142274.675415,PC1,0,Width_Shoulder,0.3963,,,
1773142274.709119,PC1,0,0,0.71726,0.5595,-1.00763,0.9990251660346985
1773142274.709119,PC1,0,1,0.74603,0.48088,-0.98823,0.9983481168746948
1773142274.709119,PC1,0,2,0.76853,0.47347,-0.98855,0.9983786940574646
1773142274.709119,PC1,0,3,0.79079,0.46679,-0.98905,0.9982028007507324
1773142274.709119,PC1,0,4,0.702,0.49586,-0.9612,0.9980689287185669
1773142274.709119,PC1,0,5,0.68926,0.50087,-0.96058,0.9979520440101624
1773142274.709119,PC1,0,6,0.67815,0.50598,-0.96095,0.9977265000343323
1773142274.709119,PC1,0,7,0.83667,0.47931,-0.65833,0.9986270070075989
1773142274.709119,PC1,0,8,0.69089,0.51555,-0.51217,0.998083233833313
1773142274.709119,PC1,0,9,0.76811,0.6278,-0.8699,0.9995328187942505
1773142274.709119,PC1,0,10,0.71477,0.63456,-0.82927,0.9992451667785645
1773142274.709119,PC1,0,11,0.96685,0.71997,-0.41436,0.996801495552063
1773142274.709119,PC1,0,12,0.64274,0.75772,-0.18909,0.9970636963844299
1773142274.709119,PC1,0,13,1.07689,1.18824,-0.46849,0.482230544090271
1773142274.709119,PC1,0,14,0.56799,1.14679,-0.25472,0.49279919266700745
1773142274.709119,PC1,0,15,0.9726,0.91647,-1.14032,0.0805080235004425
1773142274.709119,PC1,0,16,0.65354,1.33536,-0.53365,0.17094913125038147
1773142274.709119,PC1,0,17,0.94837,0.82763,-1.10715,0.07695882767438889
1773142274.709119,PC1,0,18,0.63652,1.43162,-0.61184,0.17851564288139343
1773142274.709119,PC1,0,19,0.94366,0.86483,-1.17454,0.1136050671339035
1773142274.709119,PC1,0,20,0.68821,1.59944,-0.50351,0.24480050802230835
1773142274.709119,PC1,0,21,0.9569,0.8301,-1.01169,0.10922267287969589
1773142274.709119,PC1,0,22,0.6975,1.55405,-0.38186,0.24206309020519257
1773142274.709119,PC1,0,23,0.85629,1.77218,-0.0858,0.00424331845715642
1773142274.709119,PC1,0,24,0.62776,1.62716,0.0883,0.0038068366702646017
1773142274.709119,PC1,0,25,0.70962,2.45255,0.04366,0.004593593534082174
1773142274.709119,PC1,0,26,0.51581,2.32978,0.2184,0.002554059959948063
1773142274.709119,PC1,0,27,0.56689,3.05225,0.56553,0.0011742685455828905
1773142274.709119,PC1,0,28,0.40126,2.94346,0.58946,0.00033604991040192544
1773142274.709119,PC1,0,29,0.55954,3.13612,0.59855,0.00042703389772213995
1773142274.709119,PC1,0,30,0.38563,3.02349,0.61914,0.0010707926703616977
1773142274.709119,PC1,0,31,0.49142,3.22083,0.1931,0.0005045397556386888
1773142274.709119,PC1,0,32,0.36927,3.1442,0.17554,0.0008303315844386816
1773142274.709119,PC1,0,Width_Shoulder,0.3965,,,
1773142274.7420108,PC1,0,0,0.7177,0.5603,-0.99319,0.999025285243988
1773142274.7420108,PC1,0,1,0.7465,0.48171,-0.9734,0.9983198642730713
1773142274.7420108,PC1,0,2,0.76901,0.47432,-0.97367,0.9983562231063843
1773142274.7420108,PC1,0,3,0.79133,0.46767,-0.97418,0.9981555938720703
1773142274.7420108,PC1,0,4,0.70239,0.49655,-0.94794,0.998060941696167
1773142274.7420108,PC1,0,5,0.68966,0.50147,-0.94733,0.9979729652404785
1773142274.7420108,PC1,0,6,0.67855,0.50648,-0.94771,0.9977455735206604
1773142274.7420108,PC1,0,7,0.83719,0.48017,-0.64391,0.9985724091529846
1773142274.7420108,PC1,0,8,0.69125,0.51587,-0.5054,0.9981265664100647
1773142274.7420108,PC1,0,9,0.76861,0.62864,-0.8559,0.9995405077934265
1773142274.7420108,PC1,0,10,0.71517,0.63498,-0.81739,0.9992738962173462
1773142274.7420108,PC1,0,11,0.9667,0.71996,-0.39973,0.996965229511261
1773142274.7420108,PC1,0,12,0.64254,0.75753,-0.19296,0.9972952008247375
1773142274.7420108,PC1,0,13,1.07689,1.18824,-0.46849,0.4885179102420807
1773142274.7420108,PC1,0,14,0.56661,1.14468,-0.29246,0.513073742389679
1773142274.7420108,PC1,0,15,0.9726,0.91647,-1.14032,0.07722634822130203
1773142274.7420108,PC1,0,16,0.65354,1.33536,-0.53365,0.16699381172657013
1773142274.7420108,PC1,0,17,0.94837,0.82763,-1.10715,0.07310234755277634
1773142274.7420108,PC1,0,18,0.63652,1.43162,-0.61184,0.1723606437444687
1773142274.7420108,PC1,0,19,0.94366,0.86483,-1.17454,0.10797275602817535
1773142274.7420108,PC1,0,20,0.68821,1.59944,-0.50351,0.23634706437587738
1773142274.7420108,PC1,0,21,0.9569,0.8301,-1.01169,0.10411356389522552
1773142274.7420108,PC1,0,22,0.6975,1.55405,-0.38186,0.23412136733531952
1773142274.7420108,PC1,0,23,0.85629,1.77218,-0.0858,0.004851801786571741
1773142274.7420108,PC1,0,24,0.62776,1.62716,0.0883,0.00440454063937068
1773142274.7420108,PC1,0,25,0.70962,2.45255,0.04366,0.004691888578236103
1773142274.7420108,PC1,0,26,0.51581,2.32978,0.2184,0.0025921491906046867
1773142274.7420108,PC1,0,27,0.56689,3.05225,0.56553,0.001160064828582108
1773142274.7420108,PC1,0,28,0.40126,2.94346,0.58946,0.00033690923009999096
1773142274.7420108,PC1,0,29,0.55954,3.13612,0.59855,0.0004243076255079359
1773142274.7420108,PC1,0,30,0.38563,3.02349,0.61914,0.001071884878911078
1773142274.7420108,PC1,0,31,0.49142,3.22083,0.1931,0.0005082950228825212
1773142274.7420108,PC1,0,32,0.36927,3.1442,0.17554,0.000810176832601428
1773142274.7420108,PC1,0,Angle_Shoulder_R,147.84,,,
1773142274.7420108,PC1,0,Length_UpperArm_R,0.4069,,,
1773142274.7420108,PC1,0,Width_Shoulder,0.3863,,,
1773142274.883189,PC1,0,0,0.71854,0.56218,-0.98194,0.9991447329521179
1773142274.883189,PC1,0,1,0.74723,0.48364,-0.96509,0.998521089553833
1773142274.883189,PC1,0,2,0.7698,0.47634,-0.96525,0.9985596537590027
1773142274.883189,PC1,0,3,0.79217,0.46974,-0.96579,0.998380720615387
1773142274.883189,PC1,0,4,0.70299,0.49806,-0.93704,0.9982801675796509
1773142274.883189,PC1,0,5,0.69028,0.50281,-0.93637,0.9981967806816101
1773142274.883189,PC1,0,6,0.67918,0.50764,-0.93661,0.9979702234268188
1773142274.883189,PC1,0,7,0.83806,0.48174,-0.63943,0.9987671375274658
1773142274.883189,PC1,0,8,0.69189,0.51649,-0.4901,0.9983391761779785
1773142274.883189,PC1,0,9,0.76961,0.63043,-0.84567,0.9996048808097839
1773142274.883189,PC1,0,10,0.71604,0.63631,-0.80383,0.9993656873703003
1773142274.883189,PC1,0,11,0.96632,0.71989,-0.4061,0.9973506927490234
1773142274.883189,PC1,0,12,0.6423,0.75576,-0.18111,0.9975472092628479
1773142274.883189,PC1,0,13,1.07689,1.18824,-0.46849,0.4879133105278015
1773142274.883189,PC1,0,14,0.56169,1.13725,-0.30138,0.500805675983429
1773142274.883189,PC1,0,15,0.9726,0.91647,-1.14032,0.08499892801046371
1773142274.883189,PC1,0,16,0.65354,1.33536,-0.53365,0.18201397359371185
1773142274.883189,PC1,0,17,0.94837,0.82763,-1.10715,0.08058752864599228
1773142274.883189,PC1,0,18,0.63652,1.43162,-0.61184,0.1842854768037796
1773142274.883189,PC1,0,19,0.94366,0.86483,-1.17454,0.12026882916688919
1773142274.883189,PC1,0,20,0.68821,1.59944,-0.50351,0.25090137124061584
1773142274.883189,PC1,0,21,0.9569,0.8301,-1.01169,0.11647824198007584
1773142274.883189,PC1,0,22,0.6975,1.55405,-0.38186,0.2510107159614563
1773142274.883189,PC1,0,23,0.85629,1.77218,-0.0858,0.0041714501567184925
1773142274.883189,PC1,0,24,0.62776,1.62716,0.0883,0.003761960193514824
1773142274.883189,PC1,0,25,0.70962,2.45255,0.04366,0.004178724717348814
1773142274.883189,PC1,0,26,0.51581,2.32978,0.2184,0.002264981856569648
1773142274.883189,PC1,0,27,0.56689,3.05225,0.56553,0.0010357556166127324
1773142274.883189,PC1,0,28,0.40126,2.94346,0.58946,0.0002868394658435136
1773142274.883189,PC1,0,29,0.55954,3.13612,0.59855,0.0003812464710790664
1773142274.883189,PC1,0,30,0.38563,3.02349,0.61914,0.000916104472707957
1773142274.883189,PC1,0,31,0.49142,3.22083,0.1931,0.00044214751687832177
1773142274.883189,PC1,0,32,0.36927,3.1442,0.17554,0.0007018150645308197
1773142274.883189,PC1,0,Angle_Shoulder_R,144.9,,,
1773142274.883189,PC1,0,Length_UpperArm_R,0.408,,,
1773142274.883189,PC1,0,Width_Shoulder,0.3961,,,
1773142274.908095,PC1,0,0,0.71991,0.56387,-0.96139,0.9991837739944458
1773142274.908095,PC1,0,1,0.74795,0.48545,-0.94923,0.9985524415969849
1773142274.908095,PC1,0,2,0.7705,0.4783,-0.94931,0.9985933303833008
1773142274.908095,PC1,0,3,0.79294,0.47178,-0.94978,0.9984105229377747
1773142274.908095,PC1,0,4,0.70361,0.49948,-0.91906,0.9983405470848083
1773142274.908095,PC1,0,5,0.69095,0.50408,-0.91821,0.9982709288597107
1773142274.908095,PC1,0,6,0.67987,0.5088,-0.91847,0.9980429410934448
1773142274.908095,PC1,0,7,0.83885,0.48304,-0.63709,0.998803973197937
1773142274.908095,PC1,0,8,0.69265,0.51708,-0.47603,0.9984316825866699
1773142274.908095,PC1,0,9,0.77109,0.63215,-0.82967,0.999642014503479
1773142274.908095,PC1,0,10,0.71753,0.63765,-0.7844,0.9994307160377502
1773142274.908095,PC1,0,11,0.96657,0.72024,-0.42285,0.9977594614028931
1773142274.908095,PC1,0,12,0.64241,0.75358,-0.16586,0.9978815317153931
1773142274.908095,PC1,0,13,1.088,1.1785,-0.60306,0.5102862119674683
1773142274.908095,PC1,0,14,0.56169,1.13725,-0.30138,0.49727967381477356
1773142274.908095,PC1,0,15,0.9726,0.91647,-1.14032,0.10078131407499313
1773142274.908095,PC1,0,16,0.65354,1.33536,-0.53365,0.20065844058990479
1773142274.908095,PC1,0,17,0.94837,0.82763,-1.10715,0.09297151118516922
1773142274.908095,PC1,0,18,0.63652,1.43162,-0.61184,0.19529889523983002
1773142274.908095,PC1,0,19,0.94366,0.86483,-1.17454,0.1381220817565918
1773142274.908095,PC1,0,20,0.68821,1.59944,-0.50351,0.2595931887626648
1773142274.908095,PC1,0,21,0.9569,0.8301,-1.01169,0.13335010409355164
1773142274.908095,PC1,0,22,0.6975,1.55405,-0.38186,0.26398134231567383
1773142274.908095,PC1,0,23,0.85629,1.77218,-0.0858,0.003962071146816015
1773142274.908095,PC1,0,24,0.62776,1.62716,0.0883,0.0035724404733628035
1773142274.908095,PC1,0,25,0.70962,2.45255,0.04366,0.0039728665724396706
1773142274.908095,PC1,0,26,0.51581,2.32978,0.2184,0.002063478110358119
1773142274.908095,PC1,0,27,0.56689,3.05225,0.56553,0.0009942046599462628
1773142274.908095,PC1,0,28,0.40126,2.94346,0.58946,0.0002512282517272979
1773142274.908095,PC1,0,29,0.55954,3.13612,0.59855,0.00036091633955948055
1773142274.908095,PC1,0,30,0.38563,3.02349,0.61914,0.0008079518447630107
1773142274.908095,PC1,0,31,0.49142,3.22083,0.1931,0.00041017073090188205
1773142274.908095,PC1,0,32,0.36927,3.1442,0.17554,0.0006183808436617255
1773142274.908095,PC1,0,Angle_Shoulder_L,138.0,,,
1773142274.908095,PC1,0,Length_UpperArm_L,0.5072,,,
1773142274.908095,PC1,0,Width_Shoulder,0.415,,,
1773142274.933035,PC1,0,0,0.72022,0.56397,-0.95729,0.99900221824646
1773142274.933035,PC1,0,1,0.74808,0.48559,-0.94495,0.9981545209884644
1773142274.933035,PC1,0,2,0.77063,0.47847,-0.94509,0.9982318878173828
1773142274.933035,PC1,0,3,0.79307,0.47199,-0.94556,0.9979620575904846
1773142274.933035,PC1,0,4,0.70376,0.49957,-0.91575,0.9979153871536255
1773142274.933035,PC1,0,5,0.6911,0.50415,-0.91486,0.9978883266448975
1773142274.933035,PC1,0,6,0.68004,0.50885,-0.91515,0.9976047277450562
1773142274.933035,PC1,0,7,0.83899,0.48321,-0.63456,0.9984368085861206
1773142274.933035,PC1,0,8,0.69284,0.51713,-0.47769,0.9980804920196533
1773142274.933035,PC1,0,9,0.77138,0.63224,-0.82615,0.9995661973953247
1773142274.933035,PC1,0,10,0.71784,0.63778,-0.78208,0.999342679977417
1773142274.933035,PC1,0,11,0.96681,0.72082,-0.42029,0.99774569272995
1773142274.933035,PC1,0,12,0.64242,0.75333,-0.16971,0.9979777932167053
1773142274.933035,PC1,0,13,1.08641,1.17926,-0.58222,0.5008660554885864
1773142274.933035,PC1,0,14,0.56169,1.13725,-0.30138,0.49487024545669556
1773142274.933035,PC1,0,15,0.9726,0.91647,-1.14032,0.0939011350274086
1773142274.933035,PC1,0,16,0.65354,1.33536,-0.53365,0.186656653881073
1773142274.933035,PC1,0,17,0.94837,0.82763,-1.10715,0.08659449219703674
1773142274.933035,PC1,0,18,0.63652,1.43162,-0.61184,0.18201352655887604
1773142274.933035,PC1,0,19,0.94366,0.86483,-1.17454,0.12887056171894073
1773142274.933035,PC1,0,20,0.68821,1.59944,-0.50351,0.24285349249839783
1773142274.933035,PC1,0,21,0.9569,0.8301,-1.01169,0.12459281831979752
1773142274.933035,PC1,0,22,0.6975,1.55405,-0.38186,0.2470342516899109
1773142274.933035,PC1,0,23,0.85629,1.77218,-0.0858,0.004056404810398817
1773142274.933035,PC1,0,24,0.62776,1.62716,0.0883,0.003679752117022872
1773142274.933035,PC1,0,25,0.70962,2.45255,0.04366,0.003968588542193174
1773142274.933035,PC1,0,26,0.51581,2.32978,0.2184,0.0020543639548122883
1773142274.933035,PC1,0,27,0.56689,3.05225,0.56553,0.0009601657511666417
1773142274.933035,PC1,0,28,0.40126,2.94346,0.58946,0.0002459769893903285
1773142274.933035,PC1,0,29,0.55954,3.13612,0.59855,0.0003497479483485222
1773142274.933035,PC1,0,30,0.38563,3.02349,0.61914,0.0007893029833212495
1773142274.933035,PC1,0,31,0.49142,3.22083,0.1931,0.0004100784135516733
1773142274.933035,PC1,0,32,0.36927,3.1442,0.17554,0.000594689860008657
1773142274.933035,PC1,0,Angle_Shoulder_L,139.79,,,
1773142274.933035,PC1,0,Length_UpperArm_L,0.5007,,,
1773142274.933035,PC1,0,Width_Shoulder,0.4112,,,
1773142274.9889631,PC1,0,0,0.72093,0.56393,-0.98368,0.9985784292221069
1773142274.9889631,PC1,0,1,0.74864,0.48569,-0.97123,0.9976362586021423
1773142274.9889631,PC1,0,2,0.7711,0.47863,-0.97134,0.9977037906646729
1773142274.9889631,PC1,0,3,0.7934,0.47218,-0.97191,0.9973636865615845
1773142274.9889631,PC1,0,4,0.70423,0.49963,-0.94281,0.9973556995391846
1773142274.9889631,PC1,0,5,0.69156,0.50422,-0.94209,0.9973362684249878
1773142274.9889631,PC1,0,6,0.68049,0.50893,-0.9424,0.997054398059845
1773142274.9889631,PC1,0,7,0.83928,0.48341,-0.66102,0.9980446100234985
1773142274.9889631,PC1,0,8,0.69345,0.51723,-0.50923,0.9976827502250671
1773142274.9889631,PC1,0,9,0.77205,0.63206,-0.85158,0.9993335008621216
1773142274.9889631,PC1,0,10,0.7185,0.63792,-0.8088,0.9990139007568359
1773142274.9889631,PC1,0,11,0.96774,0.72189,-0.43236,0.9961736798286438
1773142274.9889631,PC1,0,12,0.64289,0.75321,-0.20232,0.9968514442443848
1773142274.9889631,PC1,0,13,1.08641,1.17926,-0.58222,0.47269096970558167
1773142274.9889631,PC1,0,14,0.56169,1.13725,-0.30138,0.4715918302536011
1773142274.9889631,PC1,0,15,0.9726,0.91647,-1.14032,0.08474990725517273
1773142274.9889631,PC1,0,16,0.65354,1.33536,-0.53365,0.1725977510213852
1773142274.9889631,PC1,0,17,0.94837,0.82763,-1.10715,0.07890299707651138
1773142274.9889631,PC1,0,18,0.63652,1.43162,-0.61184,0.17032024264335632
1773142274.9889631,PC1,0,19,0.94366,0.86483,-1.17454,0.11667435616254807
1773142274.9889631,PC1,0,20,0.68821,1.59944,-0.50351,0.22776414453983307
1773142274.9889631,PC1,0,21,0.9569,0.8301,-1.01169,0.11187613010406494
1773142274.9889631,PC1,0,22,0.6975,1.55405,-0.38186,0.22947564721107483
1773142274.9889631,PC1,0,23,0.85629,1.77218,-0.0858,0.003897879971191287
1773142274.9889631,PC1,0,24,0.62776,1.62716,0.0883,0.003614701796323061
1773142274.9889631,PC1,0,25,0.70962,2.45255,0.04366,0.005365797318518162
1773142274.9889631,PC1,0,26,0.51581,2.32978,0.2184,0.0029117800295352936
1773142274.9889631,PC1,0,27,0.56689,3.05225,0.56553,0.0010876823216676712
1773142274.9889631,PC1,0,28,0.40126,2.94346,0.58946,0.00036769852158613503
1773142274.9889631,PC1,0,29,0.55954,3.13612,0.59855,0.00037985813105478883
1773142274.9889631,PC1,0,30,0.38563,3.02349,0.61914,0.0009667917038314044
1773142274.9889631,PC1,0,31,0.49142,3.22083,0.1931,0.0005063433200120926
1773142274.9889631,PC1,0,32,0.36927,3.1442,0.17554,0.0009482468012720346
1773142274.9889631,PC1,0,Width_Shoulder,0.3993,,,
1773142275.0595891,PC1,0,0,0.72211,0.56308,-0.97415,0.9985363483428955
1773142275.0595891,PC1,0,1,0.75025,0.4846,-0.9591,0.9975250363349915
1773142275.0595891,PC1,0,2,0.77262,0.4776,-0.95915,0.9975913763046265
1773142275.0595891,PC1,0,3,0.79476,0.47125,-0.95973,0.9972478151321411
1773142275.0595891,PC1,0,4,0.70538,0.49885,-0.93061,0.9972478151321411
1773142275.0595891,PC1,0,5,0.69265,0.50351,-0.93,0.9972164034843445
1773142275.0595891,PC1,0,6,0.6815,0.50829,-0.93042,0.996936023235321
1773142275.0595891,PC1,0,7,0.83996,0.48274,-0.64996,0.9979656338691711
1773142275.0595891,PC1,0,8,0.69426,0.51689,-0.50027,0.9975296854972839
1773142275.0595891,PC1,0,9,0.77305,0.63097,-0.8429,0.9992676973342896
1773142275.0595891,PC1,0,10,0.71958,0.63717,-0.80045,0.9989345073699951
1773142275.0595891,PC1,0,11,0.9674,0.72319,-0.41375,0.9959900975227356
1773142275.0595891,PC1,0,12,0.64447,0.75347,-0.21149,0.9965704083442688
1773142275.0595891,PC1,0,13,1.08641,1.17926,-0.58222,0.45971691608428955
1773142275.0595891,PC1,0,14,0.56169,1.13725,-0.30138,0.4593679904937744
1773142275.0595891,PC1,0,15,0.9726,0.91647,-1.14032,0.0761706531047821
1773142275.0595891,PC1,0,16,0.65354,1.33536,-0.53365,0.15790978074073792
1773142275.0595891,PC1,0,17,0.94837,0.82763,-1.10715,0.07153123617172241
1773142275.0595891,PC1,0,18,0.63652,1.43162,-0.61184,0.15891863405704498
1773142275.0595891,PC1,0,19,0.94366,0.86483,-1.17454,0.10644374042749405
1773142275.0595891,PC1,0,20,0.68821,1.59944,-0.50351,0.21581634879112244
1773142275.0595891,PC1,0,21,0.9569,0.8301,-1.01169,0.10198038816452026
1773142275.0595891,PC1,0,22,0.6975,1.55405,-0.38186,0.21592669188976288
1773142275.0595891,PC1,0,23,0.85629,1.77218,-0.0858,0.0034385565668344498
1773142275.0595891,PC1,0,24,0.62776,1.62716,0.0883,0.0032013847958296537
1773142275.0595891,PC1,0,25,0.70962,2.45255,0.04366,0.005628631450235844
1773142275.0595891,PC1,0,26,0.51581,2.32978,0.2184,0.003083587624132633
1773142275.0595891,PC1,0,27,0.56689,3.05225,0.56553,0.0010128088761121035
1773142275.0595891,PC1,0,28,0.40126,2.94346,0.58946,0.00036886398447677493
1773142275.0595891,PC1,0,29,0.55954,3.13612,0.59855,0.0003563827776815742
1773142275.0595891,PC1,0,30,0.38563,3.02349,0.61914,0.00097349111456424
1773142275.0595891,PC1,0,31,0.49142,3.22083,0.1931,0.0004916666657663882
1773142275.0595891,PC1,0,32,0.36927,3.1442,0.17554,0.0009403842850588262
1773142275.0595891,PC1,0,Width_Shoulder,0.3822,,,
1773142275.128086,PC1,0,0,0.7253,0.55841,-1.01132,0.9983200430870056
1773142275.128086,PC1,0,1,0.75438,0.48086,-0.99537,0.9974899888038635
1773142275.128086,PC1,0,2,0.77681,0.47424,-0.99551,0.997563898563385
1773142275.128086,PC1,0,3,0.79851,0.46845,-0.99587,0.9972479343414307
1773142275.128086,PC1,0,4,0.70855,0.49493,-0.96545,0.997270405292511
1773142275.128086,PC1,0,5,0.69563,0.49948,-0.96498,0.9971984028816223
1773142275.128086,PC1,0,6,0.68421,0.50424,-0.96544,0.9969466328620911
1773142275.128086,PC1,0,7,0.84167,0.48103,-0.68656,0.9979676604270935
1773142275.128086,PC1,0,8,0.69563,0.51465,-0.53244,0.9975293874740601
1773142275.128086,PC1,0,9,0.77533,0.62749,-0.88068,0.998417317867279
1773142275.128086,PC1,0,10,0.72176,0.63343,-0.8369,0.997959554195404
1773142275.128086,PC1,0,11,0.96652,0.72283,-0.45532,0.9877447485923767
1773142275.128086,PC1,0,12,0.64606,0.75576,-0.22145,0.9912794232368469
1773142275.128086,PC1,0,13,1.08641,1.17926,-0.58222,0.4541100859642029
1773142275.128086,PC1,0,14,0.56169,1.13725,-0.30138,0.4333389699459076
1773142275.128086,PC1,0,15,0.9726,0.91647,-1.14032,0.09074805676937103
1773142275.128086,PC1,0,16,0.65354,1.33536,-0.53365,0.17759335041046143
1773142275.128086,PC1,0,17,0.94837,0.82763,-1.10715,0.08523478358983994
1773142275.128086,PC1,0,18,0.63652,1.43162,-0.61184,0.1787014752626419
1773142275.128086,PC1,0,19,0.94366,0.86483,-1.17454,0.12309641391038895
1773142275.128086,PC1,0,20,0.68821,1.59944,-0.50351,0.24005718529224396
1773142275.128086,PC1,0,21,0.9569,0.8301,-1.01169,0.11659995466470718
1773142275.128086,PC1,0,22,0.6975,1.55405,-0.38186,0.2384132295846939
1773142275.128086,PC1,0,23,0.85629,1.77218,-0.0858,0.003260543569922447
1773142275.128086,PC1,0,24,0.62776,1.62716,0.0883,0.0030240046326071024
1773142275.128086,PC1,0,25,0.70962,2.45255,0.04366,0.0073302267119288445
1773142275.128086,PC1,0,26,0.51581,2.32978,0.2184,0.004129283130168915
1773142275.128086,PC1,0,27,0.56689,3.05225,0.56553,0.0010062307119369507
1773142275.128086,PC1,0,28,0.40126,2.94346,0.58946,0.00042397333891130984
1773142275.128086,PC1,0,29,0.55954,3.13612,0.59855,0.00036563913454301655
1773142275.128086,PC1,0,30,0.38563,3.02349,0.61914,0.0009588306420482695
1773142275.128086,PC1,0,31,0.49142,3.22083,0.1931,0.0006033788667991757
1773142275.128086,PC1,0,32,0.36927,3.1442,0.17554,0.0011738414177671075
1773142275.128086,PC1,0,Width_Shoulder,0.3981,,,
1773142275.195991,PC1,0,0,0.72933,0.54948,-1.02718,0.9984698295593262
1773142275.195991,PC1,0,1,0.75936,0.47246,-1.0062,0.9977431893348694
1773142275.195991,PC1,0,2,0.78179,0.46655,-1.0063,0.9977836608886719
1773142275.195991,PC1,0,3,0.80299,0.46172,-1.00651,0.9974960088729858
1773142275.195991,PC1,0,4,0.7124,0.48572,-0.98001,0.9975594282150269
1773142275.195991,PC1,0,5,0.69947,0.49,-0.97962,0.9974871277809143
1773142275.195991,PC1,0,6,0.6878,0.49481,-0.98001,0.997286856174469
1773142275.195991,PC1,0,7,0.84427,0.47701,-0.6863,0.9981220364570618
1773142275.195991,PC1,0,8,0.69735,0.50927,-0.54833,0.9978165626525879
1773142275.195991,PC1,0,9,0.77835,0.62009,-0.89364,0.9985929131507874
1773142275.195991,PC1,0,10,0.7241,0.62564,-0.85482,0.9982014298439026
1773142275.195991,PC1,0,11,0.96759,0.72112,-0.44634,0.9873707294464111
1773142275.195991,PC1,0,12,0.64495,0.75913,-0.23666,0.9914619326591492
1773142275.195991,PC1,0,13,1.08641,1.17926,-0.58222,0.4214307963848114
1773142275.195991,PC1,0,14,0.56169,1.13725,-0.30138,0.4256376326084137
1773142275.195991,PC1,0,15,0.9726,0.91647,-1.14032,0.09030520170927048
1773142275.195991,PC1,0,16,0.65354,1.33536,-0.53365,0.17412246763706207
1773142275.195991,PC1,0,17,0.94837,0.82763,-1.10715,0.08723917603492737
1773142275.195991,PC1,0,18,0.63652,1.43162,-0.61184,0.17932043969631195
1773142275.195991,PC1,0,19,0.94366,0.86483,-1.17454,0.12427247315645218
1773142275.195991,PC1,0,20,0.68821,1.59944,-0.50351,0.24345330893993378
1773142275.195991,PC1,0,21,0.9569,0.8301,-1.01169,0.1166500374674797
1773142275.195991,PC1,0,22,0.6975,1.55405,-0.38186,0.2391631156206131
1773142275.195991,PC1,0,23,0.85629,1.77218,-0.0858,0.002909749513491988
1773142275.195991,PC1,0,24,0.62776,1.62716,0.0883,0.0027248880360275507
1773142275.195991,PC1,0,25,0.70962,2.45255,0.04366,0.006888627540320158
1773142275.195991,PC1,0,26,0.51581,2.32978,0.2184,0.003846206469461322
1773142275.195991,PC1,0,27,0.56689,3.05225,0.56553,0.0009027370251715183
1773142275.195991,PC1,0,28,0.40126,2.94346,0.58946,0.00037694739876315
1773142275.195991,PC1,0,29,0.55954,3.13612,0.59855,0.00032784719951450825
1773142275.195991,PC1,0,30,0.38563,3.02349,0.61914,0.0008529808837920427
1773142275.195991,PC1,0,31,0.49142,3.22083,0.1931,0.0005703067290596664
1773142275.195991,PC1,0,32,0.36927,3.1442,0.17554,0.0011274960124865174
1773142275.195991,PC1,0,Width_Shoulder,0.3867,,,
1773142275.266912,PC1,0,0,0.73142,0.54401,-1.02123,0.9986032843589783
1773142275.266912,PC1,0,1,0.76228,0.46765,-0.9997,0.9979331493377686
1773142275.266912,PC1,0,2,0.7846,0.46244,-0.99978,0.9979713559150696
1773142275.266912,PC1,0,3,0.80541,0.45832,-0.99996,0.9977048635482788
1773142275.266912,PC1,0,4,0.71445,0.47985,-0.97438,0.9977667927742004
1773142275.266912,PC1,0,5,0.70152,0.48383,-0.97398,0.9977027177810669
1773142275.266912,PC1,0,6,0.6897,0.48851,-0.97437,0.9975165724754333
1773142275.266912,PC1,0,7,0.8457,0.47509,-0.67598,0.9982746839523315
1773142275.266912,PC1,0,8,0.69814,0.5058,-0.54531,0.9980026483535767
1773142275.266912,PC1,0,9,0.77988,0.61616,-0.88828,0.9987227916717529
1773142275.266912,PC1,0,10,0.72501,0.62088,-0.85077,0.998367965221405
1773142275.266912,PC1,0,11,0.96862,0.72052,-0.43649,0.9884195923805237
1773142275.266912,PC1,0,12,0.64331,0.76111,-0.24071,0.9921837449073792
1773142275.266912,PC1,0,13,1.08641,1.17926,-0.58222,0.41824817657470703
1773142275.266912,PC1,0,14,0.56169,1.13725,-0.30138,0.43602606654167175
1773142275.266912,PC1,0,15,0.9726,0.91647,-1.14032,0.08811597526073456
1773142275.266912,PC1,0,16,0.65354,1.33536,-0.53365,0.1737196296453476
1773142275.266912,PC1,0,17,0.94837,0.82763,-1.10715,0.08592498302459717
1773142275.266912,PC1,0,18,0.63652,1.43162,-0.61184,0.18028058111667633
1773142275.266912,PC1,0,19,0.94366,0.86483,-1.17454,0.12330187857151031
1773142275.266912,PC1,0,20,0.68821,1.59944,-0.50351,0.24592538177967072
1773142275.266912,PC1,0,21,0.9569,0.8301,-1.01169,0.11634299159049988
1773142275.266912,PC1,0,22,0.6975,1.55405,-0.38186,0.24132338166236877
1773142275.266912,PC1,0,23,0.85629,1.77218,-0.0858,0.0028474973514676094
1773142275.266912,PC1,0,24,0.62776,1.62716,0.0883,0.0026566756423562765
1773142275.266912,PC1,0,25,0.70962,2.45255,0.04366,0.006556338630616665
1773142275.266912,PC1,0,26,0.51581,2.32978,0.2184,0.0036238825414329767
1773142275.266912,PC1,0,27,0.56689,3.05225,0.56553,0.0009101983741857111
1773142275.266912,PC1,0,28,0.40126,2.94346,0.58946,0.0003557273303158581
1773142275.266912,PC1,0,29,0.55954,3.13612,0.59855,0.00033598722075112164
1773142275.266912,PC1,0,30,0.38563,3.02349,0.61914,0.000825838535092771
1773142275.266912,PC1,0,31,0.49142,3.22083,0.1931,0.0005628296639770269
1773142275.266912,PC1,0,32,0.36927,3.1442,0.17554,0.0010798731818795204
1773142275.266912,PC1,0,Width_Shoulder,0.3818,,,
1773142275.3713138,PC1,0,0,0.73705,0.52915,-0.99607,0.9989068508148193
1773142275.3713138,PC1,0,1,0.76984,0.45405,-0.96738,0.9983494281768799
1773142275.3713138,PC1,0,2,0.79171,0.45071,-0.96758,0.9983834624290466
1773142275.3713138,PC1,0,3,0.81137,0.44856,-0.96771,0.998154878616333
1773142275.3713138,PC1,0,4,0.71969,0.46308,-0.94551,0.9982280135154724
1773142275.3713138,PC1,0,5,0.70668,0.46629,-0.94488,0.9981895685195923
1773142275.3713138,PC1,0,6,0.6948,0.47036,-0.94519,0.9980319142341614
1773142275.3713138,PC1,0,7,0.84931,0.47009,-0.63467,0.9985882639884949
1773142275.3713138,PC1,0,8,0.70013,0.4949,-0.51365,0.9984192848205566
1773142275.3713138,PC1,0,9,0.78386,0.60519,-0.85994,0.9990294575691223
1773142275.3713138,PC1,0,10,0.72698,0.60815,-0.8283,0.998763382434845
1773142275.3713138,PC1,0,11,0.96868,0.72055,-0.40517,0.9909425973892212
1773142275.3713138,PC1,0,12,0.63792,0.76687,-0.24134,0.9939866065979004
1773142275.3713138,PC1,0,13,1.08641,1.17926,-0.58222,0.4290536940097809
1773142275.3713138,PC1,0,14,0.56169,1.13725,-0.30138,0.4714362621307373
1773142275.3713138,PC1,0,15,0.9726,0.91647,-1.14032,0.07968024164438248
1773142275.3713138,PC1,0,16,0.65354,1.33536,-0.53365,0.17136013507843018
1773142275.3713138,PC1,0,17,0.94837,0.82763,-1.10715,0.07866951823234558
1773142275.3713138,PC1,0,18,0.63652,1.43162,-0.61184,0.1798865646123886
1773142275.3713138,PC1,0,19,0.94366,0.86483,-1.17454,0.11411722749471664
1773142275.3713138,PC1,0,20,0.68821,1.59944,-0.50351,0.24580484628677368
1773142275.3713138,PC1,0,21,0.9569,0.8301,-1.01169,0.10876144468784332
1773142275.3713138,PC1,0,22,0.6975,1.55405,-0.38186,0.24255773425102234
1773142275.3713138,PC1,0,23,0.85629,1.77218,-0.0858,0.003367731347680092
1773142275.3713138,PC1,0,24,0.62776,1.62716,0.0883,0.0032273386605083942
1773142275.3713138,PC1,0,25,0.70962,2.45255,0.04366,0.005731819197535515
1773142275.3713138,PC1,0,26,0.51581,2.32978,0.2184,0.003037234302610159
1773142275.3713138,PC1,0,27,0.56689,3.05225,0.56553,0.0010102714877575636
1773142275.3713138,PC1,0,28,0.40126,2.94346,0.58946,0.00031089287949725986
1773142275.3713138,PC1,0,29,0.55954,3.13612,0.59855,0.0003906424099113792
1773142275.3713138,PC1,0,30,0.38563,3.02349,0.61914,0.0007835861761122942
1773142275.3713138,PC1,0,31,0.49142,3.22083,0.1931,0.0005601510056294501
1773142275.3713138,PC1,0,32,0.36927,3.1442,0.17554,0.000930626061744988
1773142275.3713138,PC1,0,Width_Shoulder,0.372,,,
1773142275.40785,PC1,0,0,0.73825,0.52599,-0.99793,0.998984158039093
1773142275.40785,PC1,0,1,0.7713,0.45071,-0.96721,0.998447835445404
1773142275.40785,PC1,0,2,0.79309,0.44777,-0.96739,0.9984776377677917
1773142275.40785,PC1,0,3,0.81254,0.44604,-0.96761,0.9982531070709229
1773142275.40785,PC1,0,4,0.72083,0.45897,-0.94683,0.9983392953872681
1773142275.40785,PC1,0,5,0.70785,0.46195,-0.94615,0.9983077645301819
1773142275.40785,PC1,0,6,0.69597,0.46582,-0.94652,0.9981557726860046
1773142275.40785,PC1,0,7,0.85005,0.46892,-0.62998,0.9986509084701538
1773142275.40785,PC1,0,8,0.70066,0.49207,-0.51426,0.9985191822052002
1773142275.40785,PC1,0,9,0.78469,0.60281,-0.85988,0.9991036653518677
1773142275.40785,PC1,0,10,0.72735,0.60555,-0.83045,0.9988617300987244
1773142275.40785,PC1,0,11,0.96767,0.72086,-0.40078,0.9914917349815369
1773142275.40785,PC1,0,12,0.63609,0.76879,-0.24723,0.9943696856498718
1773142275.40785,PC1,0,13,1.08641,1.17926,-0.58222,0.41635653376579285
1773142275.40785,PC1,0,14,0.56169,1.13725,-0.30138,0.46562257409095764
1773142275.40785,PC1,0,15,0.9726,0.91647,-1.14032,0.07623059302568436
1773142275.40785,PC1,0,16,0.65354,1.33536,-0.53365,0.16793109476566315
1773142275.40785,PC1,0,17,0.94837,0.82763,-1.10715,0.0763438493013382
1773142275.40785,PC1,0,18,0.63652,1.43162,-0.61184,0.17814919352531433
1773142275.40785,PC1,0,19,0.94366,0.86483,-1.17454,0.11182750761508942
1773142275.40785,PC1,0,20,0.68821,1.59944,-0.50351,0.24567869305610657
1773142275.40785,PC1,0,21,0.9569,0.8301,-1.01169,0.10681486129760742
1773142275.40785,PC1,0,22,0.6975,1.55405,-0.38186,0.24225467443466187
1773142275.40785,PC1,0,23,0.85629,1.77218,-0.0858,0.0031275555957108736
1773142275.40785,PC1,0,24,0.62776,1.62716,0.0883,0.0029918814543634653
1773142275.40785,PC1,0,25,0.70962,2.45255,0.04366,0.005483404733240604
1773142275.40785,PC1,0,26,0.51581,2.32978,0.2184,0.002844244707375765
1773142275.40785,PC1,0,27,0.56689,3.05225,0.56553,0.000994168920442462
1773142275.40785,PC1,0,28,0.40126,2.94346,0.58946,0.00029378579347394407
1773142275.40785,PC1,0,29,0.55954,3.13612,0.59855,0.00038459344068542123
1773142275.40785,PC1,0,30,0.38563,3.02349,0.61914,0.0007543957326561213
1773142275.40785,PC1,0,31,0.49142,3.22083,0.1931,0.0005434934864751995
1773142275.40785,PC1,0,32,0.36927,3.1442,0.17554,0.0008854060433804989
1773142275.40785,PC1,0,Width_Shoulder,0.3685,,,
1773142275.448986,PC1,0,0,0.74002,0.52022,-0.98236,0.9990851283073425
1773142275.448986,PC1,0,1,0.77344,0.44518,-0.95067,0.998550534248352
1773142275.448986,PC1,0,2,0.79512,0.4429,-0.95079,0.998579204082489
1773142275.448986,PC1,0,3,0.8143,0.44182,-0.95106,0.9983583092689514
1773142275.448986,PC1,0,4,0.72264,0.45217,-0.93115,0.9984713196754456
1773142275.448986,PC1,0,5,0.70975,0.45484,-0.9305,0.9984568953514099
1773142275.448986,PC1,0,6,0.69786,0.4584,-0.93094,0.9983171820640564
1773142275.448986,PC1,0,7,0.85106,0.46647,-0.61126,0.9986786842346191
1773142275.448986,PC1,0,8,0.7016,0.48682,-0.50106,0.9986270666122437
1773142275.448986,PC1,0,9,0.78573,0.59832,-0.84524,0.9992266297340393
1773142275.448986,PC1,0,10,0.72778,0.60072,-0.8162,0.9990247488021851
1773142275.448986,PC1,0,11,0.96618,0.7202,-0.38284,0.9927664995193481
1773142275.448986,PC1,0,12,0.63322,0.77051,-0.24448,0.9953152537345886
1773142275.448986,PC1,0,13,1.08641,1.17926,-0.58222,0.4430676996707916
1773142275.448986,PC1,0,14,0.56169,1.13725,-0.30138,0.49030983448028564
1773142275.448986,PC1,0,15,0.9726,0.91647,-1.14032,0.07247266173362732
1773142275.448986,PC1,0,16,0.65354,1.33536,-0.53365,0.16758272051811218
1773142275.448986,PC1,0,17,0.94837,0.82763,-1.10715,0.07123719155788422
1773142275.448986,PC1,0,18,0.63652,1.43162,-0.61184,0.17620649933815002
1773142275.448986,PC1,0,19,0.94366,0.86483,-1.17454,0.10463292896747589
1773142275.448986,PC1,0,20,0.68821,1.59944,-0.50351,0.24245236814022064
1773142275.448986,PC1,0,21,0.9569,0.8301,-1.01169,0.10055635124444962
1773142275.448986,PC1,0,22,0.6975,1.55405,-0.38186,0.23979705572128296
1773142275.448986,PC1,0,23,0.85629,1.77218,-0.0858,0.00362526997923851
1773142275.448986,PC1,0,24,0.62776,1.62716,0.0883,0.003537285141646862
1773142275.448986,PC1,0,25,0.70962,2.45255,0.04366,0.004921572282910347
1773142275.448986,PC1,0,26,0.51581,2.32978,0.2184,0.002490830374881625
1773142275.448986,PC1,0,27,0.56689,3.05225,0.56553,0.0009388187318108976
1773142275.448986,PC1,0,28,0.40126,2.94346,0.58946,0.0002659292076714337
1773142275.448986,PC1,0,29,0.55954,3.13612,0.59855,0.0003712780016940087
1773142275.448986,PC1,0,30,0.38563,3.02349,0.61914,0.0007060687057673931
1773142275.448986,PC1,0,31,0.49142,3.22083,0.1931,0.0005123653681948781
1773142275.448986,PC1,0,32,0.36927,3.1442,0.17554,0.0007831193506717682
1773142275.448986,PC1,0,Width_Shoulder,0.3641,,,
1773142275.482836,PC1,0,0,0.74068,0.51786,-1.0351,0.999091386795044
1773142275.482836,PC1,0,1,0.77432,0.44304,-1.00248,0.9985985159873962
1773142275.482836,PC1,0,2,0.79591,0.44097,-1.00257,0.9986109733581543
1773142275.482836,PC1,0,3,0.81498,0.44017,-1.00278,0.9984013438224792
1773142275.482836,PC1,0,4,0.72333,0.44946,-0.98376,0.9985213875770569
1773142275.482836,PC1,0,5,0.71049,0.45194,-0.98325,0.9984978437423706
1773142275.482836,PC1,0,6,0.6986,0.45531,-0.9836,0.9983738660812378
1773142275.482836,PC1,0,7,0.85142,0.46561,-0.65091,0.9987055659294128
1773142275.482836,PC1,0,8,0.70188,0.48463,-0.54569,0.9986591339111328
1773142275.482836,PC1,0,9,0.78607,0.59647,-0.89274,0.999217689037323
1773142275.482836,PC1,0,10,0.72786,0.59864,-0.86474,0.9990202188491821
1773142275.482836,PC1,0,11,0.96557,0.72,-0.40508,0.9916564226150513
1773142275.482836,PC1,0,12,0.63186,0.77113,-0.26709,0.9944041967391968
1773142275.482836,PC1,0,13,1.08641,1.17926,-0.58222,0.4212855398654938
1773142275.482836,PC1,0,14,0.56169,1.13725,-0.30138,0.4754261076450348
1773142275.482836,PC1,0,15,0.9726,0.91647,-1.14032,0.0736897885799408
1773142275.482836,PC1,0,16,0.65354,1.33536,-0.53365,0.1735028177499771
1773142275.482836,PC1,0,17,0.94837,0.82763,-1.10715,0.07423681765794754
1773142275.482836,PC1,0,18,0.63652,1.43162,-0.61184,0.1844184547662735
1773142275.482836,PC1,0,19,0.94366,0.86483,-1.17454,0.10820326209068298
1773142275.482836,PC1,0,20,0.68821,1.59944,-0.50351,0.25289443135261536
1773142275.482836,PC1,0,21,0.9569,0.8301,-1.01169,0.10283727943897247
1773142275.482836,PC1,0,22,0.6975,1.55405,-0.38186,0.24645967781543732
1773142275.482836,PC1,0,23,0.85629,1.77218,-0.0858,0.0033567373175174
1773142275.482836,PC1,0,24,0.62776,1.62716,0.0883,0.003273250535130501
1773142275.482836,PC1,0,25,0.70962,2.45255,0.04366,0.0050091552548110485
1773142275.482836,PC1,0,26,0.51581,2.32978,0.2184,0.0025363878812640905
1773142275.482836,PC1,0,27,0.56689,3.05225,0.56553,0.0009195979801006615
1773142275.482836,PC1,0,28,0.40126,2.94346,0.58946,0.00026445495313964784
1773142275.482836,PC1,0,29,0.55954,3.13612,0.59855,0.00036590106901712716
1773142275.482836,PC1,0,30,0.38563,3.02349,0.61914,0.0006890398799441755
1773142275.482836,PC1,0,31,0.49142,3.22083,0.1931,0.0005161912995390594
1773142275.482836,PC1,0,32,0.36927,3.1442,0.17554,0.0008240623283199966
1773142275.482836,PC1,0,Width_Shoulder,0.3647,,,
1773142275.516344,PC1,0,0,0.74112,0.51613,-1.01492,0.999137818813324
1773142275.516344,PC1,0,1,0.7749,0.44147,-0.98051,0.9986745715141296
1773142275.516344,PC1,0,2,0.79644,0.4396,-0.98058,0.9986907839775085
1773142275.516344,PC1,0,3,0.81544,0.43903,-0.98075,0.9984829425811768
1773142275.516344,PC1,0,4,0.7238,0.44748,-0.96506,0.9986048936843872
1773142275.516344,PC1,0,5,0.71098,0.44983,-0.96454,0.9985933899879456
1773142275.516344,PC1,0,6,0.69905,0.45309,-0.96482,0.9984723329544067
1773142275.516344,PC1,0,7,0.85139,0.46495,-0.62467,0.998776376247406
1773142275.516344,PC1,0,8,0.70169,0.48306,-0.53529,0.9987497925758362
1773142275.516344,PC1,0,9,0.78607,0.59517,-0.87154,0.9992712140083313
1773142275.516344,PC1,0,10,0.72782,0.59706,-0.84768,0.999092698097229
1773142275.516344,PC1,0,11,0.96493,0.72024,-0.37722,0.9921355843544006
1773142275.516344,PC1,0,12,0.6289,0.7722,-0.27316,0.9948232769966125
1773142275.516344,PC1,0,13,1.08641,1.17926,-0.58222,0.4146338105201721
1773142275.516344,PC1,0,14,0.56169,1.13725,-0.30138,0.4822516143321991
1773142275.516344,PC1,0,15,0.9726,0.91647,-1.14032,0.08166304230690002
1773142275.516344,PC1,0,16,0.65354,1.33536,-0.53365,0.17860905826091766
1773142275.516344,PC1,0,17,0.94837,0.82763,-1.10715,0.08166719228029251
1773142275.516344,PC1,0,18,0.63652,1.43162,-0.61184,0.1901792585849762
1773142275.516344,PC1,0,19,0.94366,0.86483,-1.17454,0.11708100140094757
1773142275.516344,PC1,0,20,0.68821,1.59944,-0.50351,0.2592630386352539
1773142275.516344,PC1,0,21,0.9569,0.8301,-1.01169,0.11054980009794235
1773142275.516344,PC1,0,22,0.6975,1.55405,-0.38186,0.2504805326461792
1773142275.516344,PC1,0,23,0.85629,1.77218,-0.0858,0.003574402304366231
1773142275.516344,PC1,0,24,0.62776,1.62716,0.0883,0.0034992643631994724
1773142275.516344,PC1,0,25,0.70962,2.45255,0.04366,0.005260111764073372
1773142275.516344,PC1,0,26,0.51581,2.32978,0.2184,0.0026563710998743773
1773142275.516344,PC1,0,27,0.56689,3.05225,0.56553,0.0009405536693520844
1773142275.516344,PC1,0,28,0.40126,2.94346,0.58946,0.00025448412634432316
1773142275.516344,PC1,0,29,0.55954,3.13612,0.59855,0.0003850221401080489
1773142275.516344,PC1,0,30,0.38563,3.02349,0.61914,0.0006590351113118231
1773142275.516344,PC1,0,31,0.49142,3.22083,0.1931,0.0005425087874755263
1773142275.516344,PC1,0,32,0.36927,3.1442,0.17554,0.0007956541376188397
1773142275.516344,PC1,0,Width_Shoulder,0.3556,,,
1773142275.610525,PC1,0,0,0.74148,0.51431,-0.99839,0.9992136359214783
1773142275.610525,PC1,0,1,0.77534,0.43972,-0.96323,0.9987862706184387
1773142275.610525,PC1,0,2,0.79675,0.43791,-0.96329,0.998801052570343
1773142275.610525,PC1,0,3,0.81541,0.43743,-0.96343,0.9986076951026917
1773142275.610525,PC1,0,4,0.72416,0.44576,-0.94881,0.9987242221832275
1773142275.610525,PC1,0,5,0.71135,0.4481,-0.9483,0.9987151026725769
1773142275.610525,PC1,0,6,0.69941,0.45133,-0.94852,0.9986037611961365
1773142275.610525,PC1,0,7,0.85092,0.46414,-0.6078,0.9988709092140198
1773142275.610525,PC1,0,8,0.7015,0.48182,-0.52379,0.9988585710525513
1773142275.610525,PC1,0,9,0.78603,0.59322,-0.85612,0.9993365406990051
1773142275.610525,PC1,0,10,0.72767,0.59568,-0.83336,0.9991757869720459
1773142275.610525,PC1,0,11,0.9637,0.72063,-0.36137,0.9926823377609253
1773142275.610525,PC1,0,12,0.62666,0.77304,-0.2769,0.9952626824378967
1773142275.610525,PC1,0,13,1.08641,1.17926,-0.58222,0.3961758017539978
1773142275.610525,PC1,0,14,0.56169,1.13725,-0.30138,0.4765571355819702
1773142275.610525,PC1,0,15,0.9726,0.91647,-1.14032,0.07942865043878555
1773142275.610525,PC1,0,16,0.65354,1.33536,-0.53365,0.1805235743522644
1773142275.610525,PC1,0,17,0.94837,0.82763,-1.10715,0.08177020400762558
1773142275.610525,PC1,0,18,0.63652,1.43162,-0.61184,0.19603298604488373
1773142275.610525,PC1,0,19,0.94366,0.86483,-1.17454,0.11809472739696503
1773142275.610525,PC1,0,20,0.68821,1.59944,-0.50351,0.2675059735774994
1773142275.610525,PC1,0,21,0.9569,0.8301,-1.01169,0.11205488443374634
1773142275.610525,PC1,0,22,0.6975,1.55405,-0.38186,0.25871771574020386
1773142275.610525,PC1,0,23,0.85629,1.77218,-0.0858,0.0033251335844397545
1773142275.610525,PC1,0,24,0.62776,1.62716,0.0883,0.003262694925069809
1773142275.610525,PC1,0,25,0.70962,2.45255,0.04366,0.004809641279280186
1773142275.610525,PC1,0,26,0.51581,2.32978,0.2184,0.002423237543553114
1773142275.610525,PC1,0,27,0.56689,3.05225,0.56553,0.0008743014186620712
1773142275.610525,PC1,0,28,0.40126,2.94346,0.58946,0.00023192142543848604
1773142275.610525,PC1,0,29,0.55954,3.13612,0.59855,0.00035945148556493223
1773142275.610525,PC1,0,30,0.38563,3.02349,0.61914,0.0006025192560628057
1773142275.610525,PC1,0,31,0.49142,3.22083,0.1931,0.0005063514690846205
1773142275.610525,PC1,0,32,0.36927,3.1442,0.17554,0.0007302910671569407
1773142275.610525,PC1,0,Width_Shoulder,0.3514,,,
1773142275.638813,PC1,0,0,0.74126,0.51281,-0.98711,0.9992495775222778
1773142275.638813,PC1,0,1,0.77504,0.4382,-0.95112,0.9988200068473816
1773142275.638813,PC1,0,2,0.79647,0.43645,-0.95101,0.9988356828689575
1773142275.638813,PC1,0,3,0.81501,0.43605,-0.95117,0.9986304044723511
1773142275.638813,PC1,0,4,0.72369,0.44421,-0.93732,0.9987685084342957
1773142275.638813,PC1,0,5,0.71092,0.44655,-0.93682,0.9987695217132568
1773142275.638813,PC1,0,6,0.69888,0.44979,-0.93692,0.9986578226089478
1773142275.638813,PC1,0,7,0.85019,0.46344,-0.60059,0.9988887310028076
1773142275.638813,PC1,0,8,0.70073,0.48081,-0.51883,0.9989110231399536
1773142275.638813,PC1,0,9,0.78556,0.59164,-0.84485,0.9993733167648315
1773142275.638813,PC1,0,10,0.72693,0.59456,-0.82288,0.9992295503616333
1773142275.638813,PC1,0,11,0.96274,0.72126,-0.35129,0.9929775595664978
1773142275.638813,PC1,0,12,0.62494,0.77366,-0.27977,0.9955459833145142
1773142275.638813,PC1,0,13,1.08641,1.17926,-0.58222,0.3806714117527008
1773142275.638813,PC1,0,14,0.56169,1.13725,-0.30138,0.4700598120689392
1773142275.638813,PC1,0,15,0.9726,0.91647,-1.14032,0.07521847635507584
1773142275.638813,PC1,0,16,0.65354,1.33536,-0.53365,0.17233110964298248
1773142275.638813,PC1,0,17,0.94837,0.82763,-1.10715,0.077731654047966
1773142275.638813,PC1,0,18,0.63652,1.43162,-0.61184,0.18784677982330322
1773142275.638813,PC1,0,19,0.94366,0.86483,-1.17454,0.1128099113702774
1773142275.638813,PC1,0,20,0.68821,1.59944,-0.50351,0.25791695713996887
1773142275.638813,PC1,0,21,0.9569,0.8301,-1.01169,0.10724423825740814
1773142275.638813,PC1,0,22,0.6975,1.55405,-0.38186,0.24889884889125824
1773142275.638813,PC1,0,23,0.85629,1.77218,-0.0858,0.0031082103960216045
1773142275.638813,PC1,0,24,0.62776,1.62716,0.0883,0.003052467480301857
1773142275.638813,PC1,0,25,0.70962,2.45255,0.04366,0.004514706786721945
1773142275.638813,PC1,0,26,0.51581,2.32978,0.2184,0.002257046289741993
1773142275.638813,PC1,0,27,0.56689,3.05225,0.56553,0.0008114082156680524
1773142275.638813,PC1,0,28,0.40126,2.94346,0.58946,0.000214696628972888
1773142275.638813,PC1,0,29,0.55954,3.13612,0.59855,0.0003357497917022556
1773142275.638813,PC1,0,30,0.38563,3.02349,0.61914,0.0005587419727817178
1773142275.638813,PC1,0,31,0.49142,3.22083,0.1931,0.0004782331525348127
1773142275.638813,PC1,0,32,0.36927,3.1442,0.17554,0.0006789163453504443
1773142275.638813,PC1,0,Width_Shoulder,0.3492,,,
1773142275.663001,PC1,0,0,0.74072,0.51029,-0.94321,0.999290406703949
1773142275.663001,PC1,0,1,0.77427,0.43565,-0.9054,0.9988715648651123
1773142275.663001,PC1,0,2,0.79572,0.43398,-0.9053,0.9988874793052673
1773142275.663001,PC1,0,3,0.8141,0.43369,-0.90541,0.9986787438392639
1773142275.663001,PC1,0,4,0.72228,0.4416,-0.89434,0.9988332986831665
1773142275.663001,PC1,0,5,0.70947,0.44395,-0.89383,0.99884432554245
1773142275.663001,PC1,0,6,0.69699,0.44721,-0.89405,0.998737633228302
1773142275.663001,PC1,0,7,0.84821,0.46229,-0.56241,0.9989076852798462
1773142275.663001,PC1,0,8,0.69787,0.47977,-0.4944,0.9989796280860901
1773142275.663001,PC1,0,9,0.78462,0.58898,-0.80617,0.999409019947052
1773142275.663001,PC1,0,10,0.72522,0.59266,-0.78761,0.9992857575416565
1773142275.663001,PC1,0,11,0.95911,0.7317,-0.32223,0.9931307435035706
1773142275.663001,PC1,0,12,0.61801,0.78283,-0.28377,0.9958668947219849
1773142275.663001,PC1,0,13,1.08641,1.17926,-0.58222,0.359807550907135
1773142275.663001,PC1,0,14,0.56169,1.13725,-0.30138,0.4725598394870758
1773142275.663001,PC1,0,15,0.9726,0.91647,-1.14032,0.07100522518157959
1773142275.663001,PC1,0,16,0.65354,1.33536,-0.53365,0.1680382639169693
1773142275.663001,PC1,0,17,0.94837,0.82763,-1.10715,0.07419094443321228
1773142275.663001,PC1,0,18,0.63652,1.43162,-0.61184,0.18417741358280182
1773142275.663001,PC1,0,19,0.94366,0.86483,-1.17454,0.10812541097402573
1773142275.663001,PC1,0,20,0.68821,1.59944,-0.50351,0.25444602966308594
1773142275.663001,PC1,0,21,0.9569,0.8301,-1.01169,0.10304447263479233
1773142275.663001,PC1,0,22,0.6975,1.55405,-0.38186,0.24526484310626984
1773142275.663001,PC1,0,23,0.85629,1.77218,-0.0858,0.0030156609136611223
1773142275.663001,PC1,0,24,0.62776,1.62716,0.0883,0.003002312034368515
1773142275.663001,PC1,0,25,0.70962,2.45255,0.04366,0.0043223341926932335
1773142275.663001,PC1,0,26,0.51581,2.32978,0.2184,0.002140360651537776
1773142275.663001,PC1,0,27,0.56689,3.05225,0.56553,0.0007773685501888394
1773142275.663001,PC1,0,28,0.40126,2.94346,0.58946,0.000201841612579301
1773142275.663001,PC1,0,29,0.55954,3.13612,0.59855,0.00032204636954702437
1773142275.663001,PC1,0,30,0.38563,3.02349,0.61914,0.0005304545629769564
1773142275.663001,PC1,0,31,0.49142,3.22083,0.1931,0.0004624096618499607
1773142275.663001,PC1,0,32,0.36927,3.1442,0.17554,0.0006406204192899168
1773142275.663001,PC1,0,Width_Shoulder,0.347,,,
1773142275.726876,PC1,0,0,0.74015,0.5079,-0.92662,0.9993960857391357
1773142275.726876,PC1,0,1,0.77352,0.43334,-0.88609,0.9990338087081909
1773142275.726876,PC1,0,2,0.79479,0.43173,-0.88599,0.9990496039390564
1773142275.726876,PC1,0,3,0.81276,0.43156,-0.88605,0.9988657236099243
1773142275.726876,PC1,0,4,0.72131,0.4397,-0.87736,0.9990051984786987
1773142275.726876,PC1,0,5,0.70841,0.44224,-0.87665,0.9990200400352478
1773142275.726876,PC1,0,6,0.69587,0.4456,-0.87698,0.9989275932312012
1773142275.726876,PC1,0,7,0.8465,0.46126,-0.54705,0.9990612864494324
1773142275.726876,PC1,0,8,0.69625,0.47916,-0.48085,0.9991373419761658
1773142275.726876,PC1,0,9,0.78398,0.58601,-0.79038,0.9995037913322449
1773142275.726876,PC1,0,10,0.72411,0.5907,-0.77398,0.9994037747383118
1773142275.726876,PC1,0,11,0.95736,0.73459,-0.31143,0.9940456748008728
1773142275.726876,PC1,0,12,0.61488,0.78677,-0.28205,0.9964689612388611
1773142275.726876,PC1,0,13,1.08641,1.17926,-0.58222,0.3389555811882019
1773142275.726876,PC1,0,14,0.56169,1.13725,-0.30138,0.4615381062030792
1773142275.726876,PC1,0,15,0.9726,0.91647,-1.14032,0.06804773956537247
1773142275.726876,PC1,0,16,0.65354,1.33536,-0.53365,0.16133303940296173
1773142275.726876,PC1,0,17,0.94837,0.82763,-1.10715,0.07231516391038895
1773142275.726876,PC1,0,18,0.63652,1.43162,-0.61184,0.18034879863262177
1773142275.726876,PC1,0,19,0.94366,0.86483,-1.17454,0.1064896211028099
1773142275.726876,PC1,0,20,0.68821,1.59944,-0.50351,0.2508975565433502
1773142275.726876,PC1,0,21,0.9569,0.8301,-1.01169,0.10192765295505524
1773142275.726876,PC1,0,22,0.6975,1.55405,-0.38186,0.24085180461406708
1773142275.726876,PC1,0,23,0.85629,1.77218,-0.0858,0.0027591728139668703
1773142275.726876,PC1,0,24,0.62776,1.62716,0.0883,0.0027624734211713076
1773142275.726876,PC1,0,25,0.70962,2.45255,0.04366,0.0037914281710982323
1773142275.726876,PC1,0,26,0.51581,2.32978,0.2184,0.0018498643767088652
1773142275.726876,PC1,0,27,0.56689,3.05225,0.56553,0.0006913961260579526
1773142275.726876,PC1,0,28,0.40126,2.94346,0.58946,0.00017115332593675703
1773142275.726876,PC1,0,29,0.55954,3.13612,0.59855,0.0002898100356105715
1773142275.726876,PC1,0,30,0.38563,3.02349,0.61914,0.00045225961366668344
1773142275.726876,PC1,0,31,0.49142,3.22083,0.1931,0.0004215695080347359
1773142275.726876,PC1,0,32,0.36927,3.1442,0.17554,0.0005561875877901912
1773142275.726876,PC1,0,Width_Shoulder,0.3477,,,
1773142275.758364,PC1,0,0,0.73928,0.50624,-0.93889,0.999436616897583
1773142275.758364,PC1,0,1,0.77237,0.43135,-0.89742,0.9990910887718201
1773142275.758364,PC1,0,2,0.79349,0.42973,-0.89733,0.9991055727005005
1773142275.758364,PC1,0,3,0.81134,0.42964,-0.89738,0.9989275932312012
1773142275.758364,PC1,0,4,0.72027,0.43819,-0.88844,0.9990654587745667
1773142275.758364,PC1,0,5,0.70732,0.44094,-0.88774,0.9990816116333008
1773142275.758364,PC1,0,6,0.69478,0.44449,-0.88811,0.9989930987358093
1773142275.758364,PC1,0,7,0.84486,0.46041,-0.55395,0.9991052150726318
1773142275.758364,PC1,0,8,0.69476,0.4788,-0.48655,0.9991870522499084
1773142275.758364,PC1,0,9,0.78316,0.58411,-0.80188,0.9995361566543579
1773142275.758364,PC1,0,10,0.72288,0.58951,-0.78474,0.999444305896759
1773142275.758364,PC1,0,11,0.95654,0.73581,-0.31814,0.9939972758293152
1773142275.758364,PC1,0,12,0.61295,0.78897,-0.2841,0.9963682293891907
1773142275.758364,PC1,0,13,1.08641,1.17926,-0.58222,0.318929523229599
1773142275.758364,PC1,0,14,0.56169,1.13725,-0.30138,0.44373267889022827
1773142275.758364,PC1,0,15,0.9726,0.91647,-1.14032,0.06378009915351868
1773142275.758364,PC1,0,16,0.65354,1.33536,-0.53365,0.1557391881942749
1773142275.758364,PC1,0,17,0.94837,0.82763,-1.10715,0.06869883835315704
1773142275.758364,PC1,0,18,0.63652,1.43162,-0.61184,0.17572332918643951
1773142275.758364,PC1,0,19,0.94366,0.86483,-1.17454,0.10201693326234818
1773142275.758364,PC1,0,20,0.68821,1.59944,-0.50351,0.24678713083267212
1773142275.758364,PC1,0,21,0.9569,0.8301,-1.01169,0.09771054238080978
1773142275.758364,PC1,0,22,0.6975,1.55405,-0.38186,0.2358541041612625
1773142275.758364,PC1,0,23,0.85629,1.77218,-0.0858,0.002525478834286332
1773142275.758364,PC1,0,24,0.62776,1.62716,0.0883,0.0025248227175325155
1773142275.758364,PC1,0,25,0.70962,2.45255,0.04366,0.003606467042118311
1773142275.758364,PC1,0,26,0.51581,2.32978,0.2184,0.0017307719681411982
1773142275.758364,PC1,0,27,0.56689,3.05225,0.56553,0.0006684471154585481
1773142275.758364,PC1,0,28,0.40126,2.94346,0.58946,0.00016096017498057336
1773142275.758364,PC1,0,29,0.55954,3.13612,0.59855,0.00027920748107135296
1773142275.758364,PC1,0,30,0.38563,3.02349,0.61914,0.00042721806676127017
1773142275.758364,PC1,0,31,0.49142,3.22083,0.1931,0.0004080979560967535
1773142275.758364,PC1,0,32,0.36927,3.1442,0.17554,0.0005342350341379642
1773142275.758364,PC1,0,Width_Shoulder,0.3493,,,
1773142275.7896729,PC1,0,0,0.73824,0.50484,-0.94632,0.9994787573814392
1773142275.7896729,PC1,0,1,0.77113,0.42947,-0.90488,0.9991568326950073
1773142275.7896729,PC1,0,2,0.79213,0.42777,-0.90492,0.9991728663444519
1773142275.7896729,PC1,0,3,0.80995,0.42773,-0.90495,0.999004065990448
1773142275.7896729,PC1,0,4,0.71922,0.43691,-0.89591,0.9991335868835449
1773142275.7896729,PC1,0,5,0.70625,0.43988,-0.8952,0.9991521239280701
1773142275.7896729,PC1,0,6,0.69376,0.44363,-0.89558,0.9990672469139099
1773142275.7896729,PC1,0,7,0.84341,0.45943,-0.55503,0.9991732239723206
1773142275.7896729,PC1,0,8,0.69363,0.4785,-0.48848,0.9992512464523315
1773142275.7896729,PC1,0,9,0.78233,0.5824,-0.80985,0.999575138092041
1773142275.7896729,PC1,0,10,0.72181,0.58851,-0.79163,0.9994907975196838
1773142275.7896729,PC1,0,11,0.95597,0.73631,-0.32146,0.9944122433662415
1773142275.7896729,PC1,0,12,0.61165,0.79048,-0.28493,0.996638834476471
1773142275.7896729,PC1,0,13,1.08641,1.17926,-0.58222,0.3276579678058624
1773142275.7896729,PC1,0,14,0.56169,1.13725,-0.30138,0.44780275225639343
1773142275.7896729,PC1,0,15,0.9726,0.91647,-1.14032,0.06617408990859985
1773142275.7896729,PC1,0,16,0.65354,1.33536,-0.53365,0.15928293764591217
1773142275.7896729,PC1,0,17,0.94837,0.82763,-1.10715,0.07063226401805878
1773142275.7896729,PC1,0,18,0.63652,1.43162,-0.61184,0.18081223964691162
1773142275.7896729,PC1,0,19,0.94366,0.86483,-1.17454,0.10482166707515717
1773142275.7896729,PC1,0,20,0.68821,1.59944,-0.50351,0.25262635946273804
1773142275.7896729,PC1,0,21,0.9569,0.8301,-1.01169,0.1006288230419159
1773142275.7896729,PC1,0,22,0.6975,1.55405,-0.38186,0.2407362312078476
1773142275.7896729,PC1,0,23,0.85629,1.77218,-0.0858,0.0025381569284945726
1773142275.7896729,PC1,0,24,0.62776,1.62716,0.0883,0.0025386016350239515
1773142275.7896729,PC1,0,25,0.70962,2.45255,0.04366,0.0034549308475106955
1773142275.7896729,PC1,0,26,0.51581,2.32978,0.2184,0.0016446314984932542
1773142275.7896729,PC1,0,27,0.56689,3.05225,0.56553,0.0006541447364725173
1773142275.7896729,PC1,0,28,0.40126,2.94346,0.58946,0.00015195048763416708
1773142275.7896729,PC1,0,29,0.55954,3.13612,0.59855,0.0002762099902611226
1773142275.7896729,PC1,0,30,0.38563,3.02349,0.61914,0.0004040597996208817
1773142275.7896729,PC1,0,31,0.49142,3.22083,0.1931,0.00040411794907413423
1773142275.7896729,PC1,0,32,0.36927,3.1442,0.17554,0.0005140856374055147
1773142275.7896729,PC1,0,Width_Shoulder,0.3505,,,
1773142275.895576,PC1,0,0,0.73648,0.50274,-0.9321,0.9995363354682922
1773142275.895576,PC1,0,1,0.76861,0.42683,-0.89233,0.9992462992668152
1773142275.895576,PC1,0,2,0.78926,0.42495,-0.89238,0.9992660880088806
1773142275.895576,PC1,0,3,0.80702,0.42489,-0.89255,0.999111533164978
1773142275.895576,PC1,0,4,0.7172,0.43527,-0.88314,0.9992286562919617
1773142275.895576,PC1,0,5,0.70422,0.43864,-0.88247,0.9992506504058838
1773142275.895576,PC1,0,6,0.69189,0.44276,-0.88272,0.9991724491119385
1773142275.895576,PC1,0,7,0.84037,0.45783,-0.54494,0.9992681741714478
1773142275.895576,PC1,0,8,0.69126,0.47821,-0.47828,0.9993465542793274
1773142275.895576,PC1,0,9,0.78064,0.57963,-0.79789,0.9996334910392761
1773142275.895576,PC1,0,10,0.71995,0.58693,-0.77873,0.9995625019073486
1773142275.895576,PC1,0,11,0.95486,0.73453,-0.31628,0.9951412081718445
1773142275.895576,PC1,0,12,0.60934,0.79235,-0.28307,0.9971079230308533
1773142275.895576,PC1,0,13,1.08641,1.17926,-0.58222,0.32035261392593384
1773142275.895576,PC1,0,14,0.56169,1.13725,-0.30138,0.4480796754360199
1773142275.895576,PC1,0,15,0.9726,0.91647,-1.14032,0.06375294923782349
1773142275.895576,PC1,0,16,0.65354,1.33536,-0.53365,0.15151669085025787
1773142275.895576,PC1,0,17,0.94837,0.82763,-1.10715,0.06735119223594666
1773142275.895576,PC1,0,18,0.63652,1.43162,-0.61184,0.1705762892961502
1773142275.895576,PC1,0,19,0.94366,0.86483,-1.17454,0.10095593333244324
1773142275.895576,PC1,0,20,0.68821,1.59944,-0.50351,0.23988230526447296
1773142275.895576,PC1,0,21,0.9569,0.8301,-1.01169,0.09748408943414688
1773142275.895576,PC1,0,22,0.6975,1.55405,-0.38186,0.22859309613704681
1773142275.895576,PC1,0,23,0.85629,1.77218,-0.0858,0.0024555365089327097
1773142275.895576,PC1,0,24,0.62776,1.62716,0.0883,0.002445644000545144
1773142275.895576,PC1,0,25,0.70962,2.45255,0.04366,0.003088368335738778
1773142275.895576,PC1,0,26,0.51581,2.32978,0.2184,0.0014403114328160882
1773142275.895576,PC1,0,27,0.56689,3.05225,0.56553,0.0005932511994615197
1773142275.895576,PC1,0,28,0.40126,2.94346,0.58946,0.00013074265734758228
1773142275.895576,PC1,0,29,0.55954,3.13612,0.59855,0.0002576049300841987
1773142275.895576,PC1,0,30,0.38563,3.02349,0.61914,0.00035155052319169044
1773142275.895576,PC1,0,31,0.49142,3.22083,0.1931,0.00037365496973507106
1773142275.895576,PC1,0,32,0.36927,3.1442,0.17554,0.0004554256738629192
1773142275.895576,PC1,0,Width_Shoulder,0.3519,,,
1773142275.9310122,PC1,0,0,0.73456,0.50124,-0.93206,0.9995912909507751
1773142275.9310122,PC1,0,1,0.76582,0.42478,-0.89338,0.9993330836296082
1773142275.9310122,PC1,0,2,0.7863,0.42269,-0.8935,0.9993537664413452
1773142275.9310122,PC1,0,3,0.80409,0.42255,-0.89372,0.9992138147354126
1773142275.9310122,PC1,0,4,0.71481,0.43423,-0.88413,0.9993159770965576
1773142275.9310122,PC1,0,5,0.70188,0.43795,-0.88342,0.9993382096290588
1773142275.9310122,PC1,0,6,0.68974,0.44242,-0.88364,0.9992634654045105
1773142275.9310122,PC1,0,7,0.83749,0.45622,-0.5459,0.9993549585342407
1773142275.9310122,PC1,0,8,0.68859,0.47807,-0.47885,0.9994192123413086
1773142275.9310122,PC1,0,9,0.77888,0.57751,-0.79713,0.9996834993362427
1773142275.9310122,PC1,0,10,0.71834,0.5858,-0.77787,0.9996197819709778
1773142275.9310122,PC1,0,11,0.95414,0.72895,-0.31776,0.9957330226898193
1773142275.9310122,PC1,0,12,0.60774,0.79303,-0.28215,0.9973745346069336
1773142275.9310122,PC1,0,13,1.08641,1.17926,-0.58222,0.3106001019477844
1773142275.9310122,PC1,0,14,0.56169,1.13725,-0.30138,0.43674466013908386
1773142275.9310122,PC1,0,15,0.9726,0.91647,-1.14032,0.058836568146944046
1773142275.9310122,PC1,0,16,0.65354,1.33536,-0.53365,0.1466991901397705
1773142275.9310122,PC1,0,17,0.94837,0.82763,-1.10715,0.062478262931108475
1773142275.9310122,PC1,0,18,0.63652,1.43162,-0.61184,0.16425205767154694
1773142275.9310122,PC1,0,19,0.94366,0.86483,-1.17454,0.09471610188484192
1773142275.9310122,PC1,0,20,0.68821,1.59944,-0.50351,0.23174022138118744
1773142275.9310122,PC1,0,21,0.9569,0.8301,-1.01169,0.09150487929582596
1773142275.9310122,PC1,0,22,0.6975,1.55405,-0.38186,0.2196303755044937
1773142275.9310122,PC1,0,23,0.85629,1.77218,-0.0858,0.002485451055690646
1773142275.9310122,PC1,0,24,0.62776,1.62716,0.0883,0.0024599889293313026
1773142275.9310122,PC1,0,25,0.70962,2.45255,0.04366,0.0028343643061816692
1773142275.9310122,PC1,0,26,0.51581,2.32978,0.2184,0.0012941015884280205
1773142275.9310122,PC1,0,27,0.56689,3.05225,0.56553,0.0005740454071201384
1773142275.9310122,PC1,0,28,0.40126,2.94346,0.58946,0.00011686202196869999
1773142275.9310122,PC1,0,29,0.55954,3.13612,0.59855,0.00025362963788211346
1773142275.9310122,PC1,0,30,0.38563,3.02349,0.61914,0.0003139760228805244
1773142275.9310122,PC1,0,31,0.49142,3.22083,0.1931,0.00035870110150426626
1773142275.9310122,PC1,0,32,0.36927,3.1442,0.17554,0.00041409797267988324
1773142275.9310122,PC1,0,Width_Shoulder,0.3541,,,
1773142275.9971242,PC1,0,0,0.73342,0.50061,-0.92292,0.9996187090873718
1773142275.9971242,PC1,0,1,0.76419,0.42399,-0.88478,0.9993695020675659
1773142275.9971242,PC1,0,2,0.78455,0.42179,-0.88487,0.9993901252746582
1773142275.9971242,PC1,0,3,0.80233,0.42163,-0.88508,0.9992579817771912
1773142275.9971242,PC1,0,4,0.71342,0.4339,-0.87499,0.9993545413017273
1773142275.9971242,PC1,0,5,0.70055,0.43777,-0.87429,0.999377429485321
1773142275.9971242,PC1,0,6,0.68851,0.44239,-0.87456,0.9993058443069458
1773142275.9971242,PC1,0,7,0.83586,0.45512,-0.54099,0.9993884563446045
1773142275.9971242,PC1,0,8,0.6873,0.47796,-0.47199,0.9994511604309082
1773142275.9971242,PC1,0,9,0.77774,0.57653,-0.78921,0.9997075796127319
1773142275.9971242,PC1,0,10,0.71747,0.58517,-0.7695,0.9996483325958252
1773142275.9971242,PC1,0,11,0.95388,0.72611,-0.31436,0.9960808753967285
1773142275.9971242,PC1,0,12,0.6071,0.79285,-0.2794,0.9975871443748474
1773142275.9971242,PC1,0,13,1.08641,1.17926,-0.58222,0.3214692175388336
1773142275.9971242,PC1,0,14,0.56169,1.13725,-0.30138,0.4411790072917938
1773142275.9971242,PC1,0,15,0.9726,0.91647,-1.14032,0.0566229484975338
1773142275.9971242,PC1,0,16,0.65354,1.33536,-0.53365,0.1398370862007141
1773142275.9971242,PC1,0,17,0.94837,0.82763,-1.10715,0.05947711691260338
1773142275.9971242,PC1,0,18,0.63652,1.43162,-0.61184,0.15552294254302979
1773142275.9971242,PC1,0,19,0.94366,0.86483,-1.17454,0.09076535701751709
1773142275.9971242,PC1,0,20,0.68821,1.59944,-0.50351,0.22036400437355042
1773142275.9971242,PC1,0,21,0.9569,0.8301,-1.01169,0.08765536546707153
1773142275.9971242,PC1,0,22,0.6975,1.55405,-0.38186,0.2089078426361084
1773142275.9971242,PC1,0,23,0.85629,1.77218,-0.0858,0.002573255216702819
1773142275.9971242,PC1,0,24,0.62776,1.62716,0.0883,0.0025516513269394636
1773142275.9971242,PC1,0,25,0.70962,2.45255,0.04366,0.0027906009927392006
1773142275.9971242,PC1,0,26,0.51581,2.32978,0.2184,0.0012691300362348557
1773142275.9971242,PC1,0,27,0.56689,3.05225,0.56553,0.0005530417547561228
1773142275.9971242,PC1,0,28,0.40126,2.94346,0.58946,0.00011346047540428117
1773142275.9971242,PC1,0,29,0.55954,3.13612,0.59855,0.00024513195967301726
1773142275.9971242,PC1,0,30,0.38563,3.02349,0.61914,0.00030356671777553856
1773142275.9971242,PC1,0,31,0.49142,3.22083,0.1931,0.000354581861756742
1773142275.9971242,PC1,0,32,0.36927,3.1442,0.17554,0.0004029855190310627
1773142275.9971242,PC1,0,Width_Shoulder,0.3549,,,
1773142276.06493,PC1,0,0,0.7276,0.50145,-0.97001,0.9995599985122681
1773142276.06493,PC1,0,1,0.75669,0.42478,-0.93309,0.9993143677711487
1773142276.06493,PC1,0,2,0.77636,0.42204,-0.9331,0.9993321895599365
1773142276.06493,PC1,0,3,0.79362,0.42144,-0.93337,0.9991949796676636
1773142276.06493,PC1,0,4,0.70748,0.43559,-0.92081,0.9992952346801758
1773142276.06493,PC1,0,5,0.69488,0.43954,-0.92029,0.999308168888092
1773142276.06493,PC1,0,6,0.68286,0.44446,-0.92061,0.9992289543151855
1773142276.06493,PC1,0,7,0.82661,0.453,-0.58826,0.9993565678596497
1773142276.06493,PC1,0,8,0.68171,0.47806,-0.51157,0.9993959069252014
1773142276.06493,PC1,0,9,0.77049,0.57536,-0.83365,0.9996600151062012
1773142276.06493,PC1,0,10,0.71271,0.58474,-0.81204,0.9995988011360168
1773142276.06493,PC1,0,11,0.94903,0.72053,-0.34716,0.9948483109474182
1773142276.06493,PC1,0,12,0.60314,0.792,-0.28323,0.9955404996871948
1773142276.06493,PC1,0,13,1.08641,1.17926,-0.58222,0.3430015444755554
1773142276.06493,PC1,0,14,0.56169,1.13725,-0.30138,0.4078632593154907
1773142276.06493,PC1,0,15,0.9726,0.91647,-1.14032,0.11330369114875793
1773142276.06493,PC1,0,16,0.65354,1.33536,-0.53365,0.1360836923122406
1773142276.06493,PC1,0,17,0.94837,0.82763,-1.10715,0.10765323042869568
1773142276.06493,PC1,0,18,0.63652,1.43162,-0.61184,0.14726410806179047
1773142276.06493,PC1,0,19,0.94366,0.86483,-1.17454,0.14329499006271362
1773142276.06493,PC1,0,20,0.68821,1.59944,-0.50351,0.206618070602417
1773142276.06493,PC1,0,21,0.9569,0.8301,-1.01169,0.13111065328121185
1773142276.06493,PC1,0,22,0.6975,1.55405,-0.38186,0.19312909245491028
1773142276.06493,PC1,0,23,0.85629,1.77218,-0.0858,0.0023597038816660643
1773142276.06493,PC1,0,24,0.62776,1.62716,0.0883,0.002282137516885996
1773142276.06493,PC1,0,25,0.70962,2.45255,0.04366,0.0030290051363408566
1773142276.06493,PC1,0,26,0.51581,2.32978,0.2184,0.0012876868713647127
1773142276.06493,PC1,0,27,0.56689,3.05225,0.56553,0.0004732751986011863
1773142276.06493,PC1,0,28,0.40126,2.94346,0.58946,0.00010143903637072071
1773142276.06493,PC1,0,29,0.55954,3.13612,0.59855,0.0002134788519470021
1773142276.06493,PC1,0,30,0.38563,3.02349,0.61914,0.00025651336181908846
1773142276.06493,PC1,0,31,0.49142,3.22083,0.1931,0.0003278499352745712
1773142276.06493,PC1,0,32,0.36927,3.1442,0.17554,0.0003899538132827729
1773142276.06493,PC1,0,Width_Shoulder,0.3589,,,
1773142276.131724,PC1,0,0,0.7159,0.50291,-0.96847,0.9994990825653076
1773142276.131724,PC1,0,1,0.74342,0.42709,-0.93284,0.9992606043815613
1773142276.131724,PC1,0,2,0.7623,0.42423,-0.93302,0.9992732405662537
1773142276.131724,PC1,0,3,0.77907,0.42339,-0.93328,0.9991577863693237
1773142276.131724,PC1,0,4,0.69551,0.43768,-0.92001,0.9992220997810364
1773142276.131724,PC1,0,5,0.68299,0.44151,-0.91951,0.9992326498031616
1773142276.131724,PC1,0,6,0.6711,0.4464,-0.9198,0.9991454482078552
1773142276.131724,PC1,0,7,0.81054,0.45255,-0.59422,0.9993487596511841
1773142276.131724,PC1,0,8,0.66949,0.47829,-0.5207,0.9992908835411072
1773142276.131724,PC1,0,9,0.75676,0.5755,-0.83388,0.9996579885482788
1773142276.131724,PC1,0,10,0.70139,0.58479,-0.81232,0.9995662569999695
1773142276.131724,PC1,0,11,0.93291,0.71688,-0.35853,0.9955000877380371
1773142276.131724,PC1,0,12,0.59077,0.79197,-0.27674,0.9951398968696594
1773142276.131724,PC1,0,13,1.08641,1.17926,-0.58222,0.37760069966316223
1773142276.131724,PC1,0,14,0.56169,1.13725,-0.30138,0.4032384753227234
1773142276.131724,PC1,0,15,0.9726,0.91647,-1.14032,0.10226532816886902
1773142276.131724,PC1,0,16,0.65354,1.33536,-0.53365,0.13647732138633728
1773142276.131724,PC1,0,17,0.94837,0.82763,-1.10715,0.09596935659646988
1773142276.131724,PC1,0,18,0.63652,1.43162,-0.61184,0.1438348889350891
1773142276.131724,PC1,0,19,0.94366,0.86483,-1.17454,0.12985363602638245
1773142276.131724,PC1,0,20,0.68821,1.59944,-0.50351,0.2014613002538681
1773142276.131724,PC1,0,21,0.9569,0.8301,-1.01169,0.12076537311077118
1773142276.131724,PC1,0,22,0.6975,1.55405,-0.38186,0.19095319509506226
1773142276.131724,PC1,0,23,0.85629,1.77218,-0.0858,0.002467040903866291
1773142276.131724,PC1,0,24,0.62776,1.62716,0.0883,0.002204682445153594
1773142276.131724,PC1,0,25,0.70962,2.45255,0.04366,0.0033001136034727097
1773142276.131724,PC1,0,26,0.51581,2.32978,0.2184,0.0012900029541924596
1773142276.131724,PC1,0,27,0.56689,3.05225,0.56553,0.000452732783742249
1773142276.131724,PC1,0,28,0.40126,2.94346,0.58946,9.35626812861301e-05
1773142276.131724,PC1,0,29,0.55954,3.13612,0.59855,0.0002035000652540475
1773142276.131724,PC1,0,30,0.38563,3.02349,0.61914,0.00023308370145969093
1773142276.131724,PC1,0,31,0.49142,3.22083,0.1931,0.0002877641818486154
1773142276.131724,PC1,0,32,0.36927,3.1442,0.17554,0.0003339465183671564
1773142276.131724,PC1,0,Width_Shoulder,0.3597,,,
1773142276.198231,PC1,0,0,0.69822,0.50429,-0.91564,0.9995170831680298
1773142276.198231,PC1,0,1,0.72433,0.42983,-0.8844,0.9993050694465637
1773142276.198231,PC1,0,2,0.74267,0.42699,-0.88454,0.9993167519569397
1773142276.198231,PC1,0,3,0.75922,0.42594,-0.88479,0.9992145895957947
1773142276.198231,PC1,0,4,0.67731,0.43976,-0.87004,0.9992610812187195
1773142276.198231,PC1,0,5,0.66475,0.44338,-0.86945,0.9992619156837463
1773142276.198231,PC1,0,6,0.65339,0.44806,-0.86973,0.9991788864135742
1773142276.198231,PC1,0,7,0.78968,0.4526,-0.56014,0.9994022846221924
1773142276.198231,PC1,0,8,0.65216,0.47847,-0.4782,0.9993229508399963
1773142276.198231,PC1,0,9,0.73811,0.5762,-0.78609,0.9996849298477173
1773142276.198231,PC1,0,10,0.68435,0.58488,-0.76231,0.9995942115783691
1773142276.198231,PC1,0,11,0.91128,0.71189,-0.33565,0.996116042137146
1773142276.198231,PC1,0,12,0.57487,0.7917,-0.22364,0.995549201965332
1773142276.198231,PC1,0,13,1.08641,1.17926,-0.58222,0.42476901412010193
1773142276.198231,PC1,0,14,0.56169,1.13725,-0.30138,0.4207993149757385
1773142276.198231,PC1,0,15,0.9726,0.91647,-1.14032,0.12303408235311508
1773142276.198231,PC1,0,16,0.65354,1.33536,-0.53365,0.17785418033599854
1773142276.198231,PC1,0,17,0.94837,0.82763,-1.10715,0.10921039432287216
1773142276.198231,PC1,0,18,0.63652,1.43162,-0.61184,0.179780974984169
1773142276.198231,PC1,0,19,0.94366,0.86483,-1.17454,0.14825810492038727
1773142276.198231,PC1,0,20,0.68821,1.59944,-0.50351,0.24224288761615753
1773142276.198231,PC1,0,21,0.9569,0.8301,-1.01169,0.14326564967632294
1773142276.198231,PC1,0,22,0.6975,1.55405,-0.38186,0.23513732850551605
1773142276.198231,PC1,0,23,0.85629,1.77218,-0.0858,0.0028244582936167717
1773142276.198231,PC1,0,24,0.62776,1.62716,0.0883,0.00234997202642262
1773142276.198231,PC1,0,25,0.70962,2.45255,0.04366,0.0031307069584727287
1773142276.198231,PC1,0,26,0.51581,2.32978,0.2184,0.0011921076802536845
1773142276.198231,PC1,0,27,0.56689,3.05225,0.56553,0.00041236967081204057
1773142276.198231,PC1,0,28,0.40126,2.94346,0.58946,8.289729885291308e-05
1773142276.198231,PC1,0,29,0.55954,3.13612,0.59855,0.00019137246999889612
1773142276.198231,PC1,0,30,0.38563,3.02349,0.61914,0.000210398284252733
1773142276.198231,PC1,0,31,0.49142,3.22083,0.1931,0.0002510276681277901
1773142276.198231,PC1,0,32,0.36927,3.1442,0.17554,0.0002882495173253119
1773142276.198231,PC1,0,Width_Shoulder,0.3634,,,
1773142276.265443,PC1,0,0,0.68035,0.50492,-0.85759,0.9995625615119934
1773142276.265443,PC1,0,1,0.70583,0.43174,-0.8298,0.9993726015090942
1773142276.265443,PC1,0,2,0.72374,0.4289,-0.82998,0.9993875622749329
1773142276.265443,PC1,0,3,0.73999,0.42769,-0.83023,0.9992995858192444
1773142276.265443,PC1,0,4,0.66048,0.44119,-0.81255,0.9993195533752441
1773142276.265443,PC1,0,5,0.64815,0.44464,-0.8119,0.9993127584457397
1773142276.265443,PC1,0,6,0.63739,0.44915,-0.81217,0.9992218613624573
1773142276.265443,PC1,0,7,0.77031,0.45257,-0.51942,0.9994835257530212
1773142276.265443,PC1,0,8,0.6372,0.47834,-0.42239,0.9993617534637451
1773142276.265443,PC1,0,9,0.71961,0.57638,-0.73416,0.9997202157974243
1773142276.265443,PC1,0,10,0.66708,0.58434,-0.7062,0.999604344367981
1773142276.265443,PC1,0,11,0.89078,0.70413,-0.31805,0.9967427253723145
1773142276.265443,PC1,0,12,0.56013,0.78945,-0.16719,0.9960116744041443
1773142276.265443,PC1,0,13,1.08641,1.17926,-0.58222,0.47834423184394836
1773142276.265443,PC1,0,14,0.56169,1.13725,-0.30138,0.4868593215942383
1773142276.265443,PC1,0,15,0.9726,0.91647,-1.14032,0.1826392114162445
1773142276.265443,PC1,0,16,0.65354,1.33536,-0.53365,0.3066723644733429
1773142276.265443,PC1,0,17,0.94837,0.82763,-1.10715,0.15627606213092804
1773142276.265443,PC1,0,18,0.63652,1.43162,-0.61184,0.29665568470954895
1773142276.265443,PC1,0,19,0.94366,0.86483,-1.17454,0.20636533200740814
1773142276.265443,PC1,0,20,0.68821,1.59944,-0.50351,0.3554801046848297
1773142276.265443,PC1,0,21,0.9569,0.8301,-1.01169,0.20963549613952637
1773142276.265443,PC1,0,22,0.6975,1.55405,-0.38186,0.3537183105945587
1773142276.265443,PC1,0,23,0.85629,1.77218,-0.0858,0.002655984368175268
1773142276.265443,PC1,0,24,0.62776,1.62716,0.0883,0.002274896949529648
1773142276.265443,PC1,0,25,0.70962,2.45255,0.04366,0.0027233047876507044
1773142276.265443,PC1,0,26,0.51581,2.32978,0.2184,0.0010589028242975473
1773142276.265443,PC1,0,27,0.56689,3.05225,0.56553,0.0003537365992087871
1773142276.265443,PC1,0,28,0.40126,2.94346,0.58946,6.962203769944608e-05
1773142276.265443,PC1,0,29,0.55954,3.13612,0.59855,0.0001674878440098837
1773142276.265443,PC1,0,30,0.38563,3.02349,0.61914,0.00017688871594145894
1773142276.265443,PC1,0,31,0.49142,3.22083,0.1931,0.00021041635773144662
1773142276.265443,PC1,0,32,0.36927,3.1442,0.17554,0.00023987240274436772
1773142276.265443,PC1,0,Width_Shoulder,0.3733,,,
1773142276.436071,PC1,0,0,0.64397,0.50622,-0.74591,0.9996386766433716
1773142276.436071,PC1,0,1,0.66819,0.43568,-0.72035,0.9994909167289734
1773142276.436071,PC1,0,2,0.68512,0.43277,-0.72061,0.9995021224021912
1773142276.436071,PC1,0,3,0.70076,0.43132,-0.72073,0.9994378685951233
1773142276.436071,PC1,0,4,0.62542,0.44446,-0.70362,0.9994366765022278
1773142276.436071,PC1,0,5,0.61352,0.44752,-0.70288,0.9994182586669922
1773142276.436071,PC1,0,6,0.60332,0.45147,-0.70301,0.9993391036987305
1773142276.436071,PC1,0,7,0.72953,0.45328,-0.42541,0.9995930194854736
1773142276.436071,PC1,0,8,0.60326,0.47826,-0.32976,0.9994558691978455
1773142276.436071,PC1,0,9,0.68161,0.57554,-0.62935,0.9997735023498535
1773142276.436071,PC1,0,10,0.63109,0.5821,-0.60228,0.9996581077575684
1773142276.436071,PC1,0,11,0.84742,0.6902,-0.25335,0.9975141286849976
1773142276.436071,PC1,0,12,0.5289,0.78099,-0.07372,0.9965260624885559
1773142276.436071,PC1,0,13,0.96055,0.96708,-0.4508,0.5454235672950745
1773142276.436071,PC1,0,14,0.38326,1.09592,-0.25559,0.5306462645530701
1773142276.436071,PC1,0,15,0.9726,0.91647,-1.14032,0.2810693085193634
1773142276.436071,PC1,0,16,0.65354,1.33536,-0.53365,0.3984154462814331
1773142276.436071,PC1,0,17,0.94837,0.82763,-1.10715,0.2300817370414734
1773142276.436071,PC1,0,18,0.63652,1.43162,-0.61184,0.37617743015289307
1773142276.436071,PC1,0,19,0.94366,0.86483,-1.17454,0.29060107469558716
1773142276.436071,PC1,0,20,0.68821,1.59944,-0.50351,0.4370875656604767
1773142276.436071,PC1,0,21,0.9569,0.8301,-1.01169,0.29342591762542725
1773142276.436071,PC1,0,22,0.6975,1.55405,-0.38186,0.44087404012680054
1773142276.436071,PC1,0,23,0.85629,1.77218,-0.0858,0.002729786792770028
1773142276.436071,PC1,0,24,0.62776,1.62716,0.0883,0.002344880485907197
1773142276.436071,PC1,0,25,0.70962,2.45255,0.04366,0.0023569385521113873
1773142276.436071,PC1,0,26,0.51581,2.32978,0.2184,0.0009206318063661456
1773142276.436071,PC1,0,27,0.56689,3.05225,0.56553,0.000280946638667956
1773142276.436071,PC1,0,28,0.40126,2.94346,0.58946,5.419919398264028e-05
1773142276.436071,PC1,0,29,0.55954,3.13612,0.59855,0.00013720561400987208
1773142276.436071,PC1,0,30,0.38563,3.02349,0.61914,0.00013888742250856012
1773142276.436071,PC1,0,31,0.49142,3.22083,0.1931,0.00016370417142752558
1773142276.436071,PC1,0,32,0.36927,3.1442,0.17554,0.00018563335470389575
1773142276.436071,PC1,0,Angle_Shoulder_L,133.24,,,
1773142276.436071,PC1,0,Angle_Shoulder_R,133.84,,,
1773142276.436071,PC1,0,Length_UpperArm_L,0.3584,,,
1773142276.436071,PC1,0,Length_UpperArm_R,0.3918,,,
1773142276.436071,PC1,0,Width_Shoulder,0.3768,,,
1773142276.506827,PC1,0,0,0.63332,0.50702,-0.70445,0.999652624130249
1773142276.506827,PC1,0,1,0.65746,0.43753,-0.68047,0.9995056986808777
1773142276.506827,PC1,0,2,0.67426,0.43465,-0.68073,0.9995140433311462
1773142276.506827,PC1,0,3,0.68963,0.43316,-0.68083,0.9994582533836365
1773142276.506827,PC1,0,4,0.61507,0.44594,-0.66366,0.9994542598724365
1773142276.506827,PC1,0,5,0.60331,0.44877,-0.66296,0.9994297027587891
1773142276.506827,PC1,0,6,0.59297,0.45248,-0.66306,0.9993581175804138
1773142276.506827,PC1,0,7,0.718,0.45409,-0.39796,0.9996083974838257
1773142276.506827,PC1,0,8,0.59243,0.47863,-0.30178,0.9994633793830872
1773142276.506827,PC1,0,9,0.66978,0.57549,-0.59264,0.9997751712799072
1773142276.506827,PC1,0,10,0.62032,0.58184,-0.5654,0.9996570348739624
1773142276.506827,PC1,0,11,0.83341,0.68844,-0.2382,0.9977099895477295
1773142276.506827,PC1,0,12,0.51678,0.77996,-0.05819,0.9967092275619507
1773142276.506827,PC1,0,13,0.95202,0.96674,-0.43888,0.559053897857666
1773142276.506827,PC1,0,14,0.36819,1.09732,-0.25279,0.5634297728538513
1773142276.506827,PC1,0,15,0.9726,0.91647,-1.14032,0.3054946959018707
1773142276.506827,PC1,0,16,0.65354,1.33536,-0.53365,0.4531339704990387
1773142276.506827,PC1,0,17,0.94837,0.82763,-1.10715,0.25186488032341003
1773142276.506827,PC1,0,18,0.63652,1.43162,-0.61184,0.4295663833618164
1773142276.506827,PC1,0,19,0.94366,0.86483,-1.17454,0.31690657138824463
1773142276.506827,PC1,0,20,0.68821,1.59944,-0.50351,0.4868779480457306
1773142276.506827,PC1,0,21,0.9569,0.8301,-1.01169,0.3210625946521759
1773142276.506827,PC1,0,22,0.6975,1.55405,-0.38186,0.49079999327659607
1773142276.506827,PC1,0,23,0.85629,1.77218,-0.0858,0.002593510551378131
1773142276.506827,PC1,0,24,0.62776,1.62716,0.0883,0.002243932569399476
1773142276.506827,PC1,0,25,0.70962,2.45255,0.04366,0.0023065507411956787
1773142276.506827,PC1,0,26,0.51581,2.32978,0.2184,0.0008869518642313778
1773142276.506827,PC1,0,27,0.56689,3.05225,0.56553,0.00025850176461972296
1773142276.506827,PC1,0,28,0.40126,2.94346,0.58946,4.9599628255236894e-05
1773142276.506827,PC1,0,29,0.55954,3.13612,0.59855,0.000126303915749304
1773142276.506827,PC1,0,30,0.38563,3.02349,0.61914,0.00012610259000211954
1773142276.506827,PC1,0,31,0.49142,3.22083,0.1931,0.00015062933380249888
1773142276.506827,PC1,0,32,0.36927,3.1442,0.17554,0.00016863897326402366
1773142276.506827,PC1,0,Angle_Shoulder_L,133.93,,,
1773142276.506827,PC1,0,Angle_Shoulder_R,132.94,,,
1773142276.506827,PC1,0,Length_UpperArm_L,0.363,,,
1773142276.506827,PC1,0,Length_UpperArm_R,0.4008,,,
1773142276.506827,PC1,0,Width_Shoulder,0.3755,,,
1773142276.539839,PC1,0,0,0.61257,0.50825,-0.64804,0.999649703502655
1773142276.539839,PC1,0,1,0.63654,0.4407,-0.62629,0.999509334564209
1773142276.539839,PC1,0,2,0.65295,0.43787,-0.62648,0.9995203614234924
1773142276.539839,PC1,0,3,0.66786,0.43636,-0.62659,0.9994792342185974
1773142276.539839,PC1,0,4,0.5951,0.44851,-0.60916,0.9994507431983948
1773142276.539839,PC1,0,5,0.58356,0.45086,-0.60853,0.9994142055511475
1773142276.539839,PC1,0,6,0.57342,0.45413,-0.6086,0.9993454217910767
1773142276.539839,PC1,0,7,0.69499,0.45575,-0.3616,0.9996293783187866
1773142276.539839,PC1,0,8,0.57284,0.47917,-0.26249,0.9994416236877441
1773142276.539839,PC1,0,9,0.64813,0.57544,-0.54332,0.9997750520706177
1773142276.539839,PC1,0,10,0.59908,0.58137,-0.51559,0.999642550945282
1773142276.539839,PC1,0,11,0.80785,0.68591,-0.2172,0.9980494976043701
1773142276.539839,PC1,0,12,0.49746,0.77803,-0.03245,0.996970534324646
1773142276.539839,PC1,0,13,0.93276,0.96682,-0.41821,0.5946863889694214
1773142276.539839,PC1,0,14,0.35278,1.09947,-0.24063,0.568731963634491
1773142276.539839,PC1,0,15,0.9726,0.91647,-1.14032,0.3299092650413513
1773142276.539839,PC1,0,16,0.65354,1.33536,-0.53365,0.4791875183582306
1773142276.539839,PC1,0,17,0.94837,0.82763,-1.10715,0.2675711512565613
1773142276.539839,PC1,0,18,0.63652,1.43162,-0.61184,0.45229995250701904
1773142276.539839,PC1,0,19,0.94366,0.86483,-1.17454,0.33577224612236023
1773142276.539839,PC1,0,20,0.16202,0.87812,-0.91633,0.5124270915985107
1773142276.539839,PC1,0,21,0.9569,0.8301,-1.01169,0.3421880602836609
1773142276.539839,PC1,0,22,0.19035,0.89134,-0.83871,0.5204901695251465
1773142276.539839,PC1,0,23,0.85629,1.77218,-0.0858,0.0025829148944467306
1773142276.539839,PC1,0,24,0.62776,1.62716,0.0883,0.002227324526757002
1773142276.539839,PC1,0,25,0.70962,2.45255,0.04366,0.0021644686348736286
1773142276.539839,PC1,0,26,0.51581,2.32978,0.2184,0.0008234399720095098
1773142276.539839,PC1,0,27,0.56689,3.05225,0.56553,0.00022672006161883473
1773142276.539839,PC1,0,28,0.40126,2.94346,0.58946,4.299806823837571e-05
1773142276.539839,PC1,0,29,0.55954,3.13612,0.59855,0.00011370044376235455
1773142276.539839,PC1,0,30,0.38563,3.02349,0.61914,0.00010817018483066931
1773142276.539839,PC1,0,31,0.49142,3.22083,0.1931,0.0001311577798333019
1773142276.539839,PC1,0,32,0.36927,3.1442,0.17554,0.00014175017713569105
1773142276.539839,PC1,0,Angle_Shoulder_L,135.71,,,
1773142276.539839,PC1,0,Angle_Shoulder_R,132.66,,,
1773142276.539839,PC1,0,Length_UpperArm_L,0.3673,,,
1773142276.539839,PC1,0,Length_UpperArm_R,0.4094,,,
1773142276.539839,PC1,0,Width_Shoulder,0.3728,,,
1773142276.573511,PC1,0,0,0.60325,0.50878,-0.62657,0.9996721744537354
1773142276.573511,PC1,0,1,0.62704,0.44218,-0.60605,0.9995425343513489
1773142276.573511,PC1,0,2,0.64323,0.43933,-0.60613,0.9995512962341309
1773142276.573511,PC1,0,3,0.6579,0.43777,-0.6063,0.9995165467262268
1773142276.573511,PC1,0,4,0.58618,0.44971,-0.58733,0.9994890689849854
1773142276.573511,PC1,0,5,0.57478,0.45184,-0.58672,0.9994508028030396
1773142276.573511,PC1,0,6,0.56492,0.45489,-0.58678,0.9993886947631836
1773142276.573511,PC1,0,7,0.68478,0.45645,-0.35081,0.9996551275253296
1773142276.573511,PC1,0,8,0.56446,0.47938,-0.24519,0.9994721412658691
1773142276.573511,PC1,0,9,0.63828,0.57543,-0.52586,0.9997910857200623
1773142276.573511,PC1,0,10,0.58966,0.5812,-0.49606,0.9996657371520996
1773142276.573511,PC1,0,11,0.79751,0.68506,-0.21219,0.9982165098190308
1773142276.573511,PC1,0,12,0.49021,0.77741,-0.02073,0.9971858859062195
1773142276.573511,PC1,0,13,0.92389,0.96702,-0.41144,0.614270806312561
1773142276.573511,PC1,0,14,0.35361,1.10998,-0.23067,0.5577815175056458
1773142276.573511,PC1,0,15,0.9726,0.91647,-1.14032,0.3552742898464203
1773142276.573511,PC1,0,16,0.65354,1.33536,-0.53365,0.4784899652004242
1773142276.573511,PC1,0,17,0.94837,0.82763,-1.10715,0.2879941463470459
1773142276.573511,PC1,0,18,0.63652,1.43162,-0.61184,0.45309582352638245
1773142276.573511,PC1,0,19,0.94366,0.86483,-1.17454,0.35750633478164673
1773142276.573511,PC1,0,20,0.18507,0.924,-0.92133,0.515643298625946
1773142276.573511,PC1,0,21,0.9569,0.8301,-1.01169,0.3618251085281372
1773142276.573511,PC1,0,22,0.21199,0.93536,-0.84259,0.5243641138076782
1773142276.573511,PC1,0,23,0.85629,1.77218,-0.0858,0.002566171810030937
1773142276.573511,PC1,0,24,0.62776,1.62716,0.0883,0.0022220145910978317
1773142276.573511,PC1,0,25,0.70962,2.45255,0.04366,0.0020759524777531624
1773142276.573511,PC1,0,26,0.51581,2.32978,0.2184,0.0007713933009654284
1773142276.573511,PC1,0,27,0.56689,3.05225,0.56553,0.0002132901718141511
1773142276.573511,PC1,0,28,0.40126,2.94346,0.58946,3.944520358345471e-05
1773142276.573511,PC1,0,29,0.55954,3.13612,0.59855,0.0001074746178346686
1773142276.573511,PC1,0,30,0.38563,3.02349,0.61914,9.967191726900637e-05
1773142276.573511,PC1,0,31,0.49142,3.22083,0.1931,0.00012198626063764095
1773142276.573511,PC1,0,32,0.36927,3.1442,0.17554,0.00012998627789784223
1773142276.573511,PC1,0,Angle_Shoulder_L,136.62,,,
1773142276.573511,PC1,0,Angle_Shoulder_R,134.07,,,
1773142276.573511,PC1,0,Length_UpperArm_L,0.3677,,,
1773142276.573511,PC1,0,Length_UpperArm_R,0.4163,,,
1773142276.573511,PC1,0,Width_Shoulder,0.3737,,,
1773142276.64532,PC1,0,0,0.59452,0.50924,-0.6115,0.9996780157089233
1773142276.64532,PC1,0,1,0.61788,0.44354,-0.59059,0.9995419383049011
1773142276.64532,PC1,0,2,0.6339,0.44072,-0.59038,0.9995531439781189
1773142276.64532,PC1,0,3,0.64848,0.43912,-0.59067,0.9995239973068237
1773142276.64532,PC1,0,4,0.57723,0.45083,-0.5702,0.9994829297065735
1773142276.64532,PC1,0,5,0.56589,0.45282,-0.56957,0.999440610408783
1773142276.64532,PC1,0,6,0.55611,0.45571,-0.56965,0.9993715882301331
1773142276.64532,PC1,0,7,0.67522,0.45725,-0.34671,0.9996652603149414
1773142276.64532,PC1,0,8,0.55561,0.47978,-0.2379,0.9994356036186218
1773142276.64532,PC1,0,9,0.62933,0.57542,-0.5127,0.9997889399528503
1773142276.64532,PC1,0,10,0.58087,0.58105,-0.48118,0.9996468424797058
1773142276.64532,PC1,0,11,0.7872,0.6844,-0.22359,0.9983512759208679
1773142276.64532,PC1,0,12,0.48101,0.77697,-0.01707,0.9972257614135742
1773142276.64532,PC1,0,13,0.91496,0.96716,-0.40573,0.6350911855697632
1773142276.64532,PC1,0,14,0.34172,1.11492,-0.22468,0.5904871225357056
1773142276.64532,PC1,0,15,0.9726,0.91647,-1.14032,0.3578054904937744
1773142276.64532,PC1,0,16,0.18347,0.89521,-0.79301,0.5201382637023926
1773142276.64532,PC1,0,17,0.94837,0.82763,-1.10715,0.2870106101036072
1773142276.64532,PC1,0,18,0.63652,1.43162,-0.61184,0.4885474741458893
1773142276.64532,PC1,0,19,0.94366,0.86483,-1.17454,0.36097773909568787
1773142276.64532,PC1,0,20,0.17281,0.89528,-0.9216,0.5497002005577087
1773142276.64532,PC1,0,21,0.9569,0.8301,-1.01169,0.37002673745155334
1773142276.64532,PC1,0,22,0.19853,0.91131,-0.84182,0.5591297745704651
1773142276.64532,PC1,0,23,0.85629,1.77218,-0.0858,0.0024693391751497984
1773142276.64532,PC1,0,24,0.62776,1.62716,0.0883,0.0021302637178450823
1773142276.64532,PC1,0,25,0.70962,2.45255,0.04366,0.002068690489977598
1773142276.64532,PC1,0,26,0.51581,2.32978,0.2184,0.0007752926903776824
1773142276.64532,PC1,0,27,0.56689,3.05225,0.56553,0.00020259861776139587
1773142276.64532,PC1,0,28,0.40126,2.94346,0.58946,3.7393197999335825e-05
1773142276.64532,PC1,0,29,0.55954,3.13612,0.59855,0.00010312916128896177
1773142276.64532,PC1,0,30,0.38563,3.02349,0.61914,9.355761721963063e-05
1773142276.64532,PC1,0,31,0.49142,3.22083,0.1931,0.00011329574772389606
1773142276.64532,PC1,0,32,0.36927,3.1442,0.17554,0.00011906616418855265
1773142276.64532,PC1,0,Angle_Elbow_R,104.39,,,
1773142276.64532,PC1,0,Angle_Shoulder_L,138.71,,,
1773142276.64532,PC1,0,Angle_Shoulder_R,134.05,,,
1773142276.64532,PC1,0,Length_UpperArm_L,0.3598,,,
1773142276.64532,PC1,0,Length_UpperArm_R,0.4204,,,
1773142276.64532,PC1,0,Length_LowerArm_R,0.6295,,,
1773142276.64532,PC1,0,Width_Shoulder,0.3808,,,
1773142276.715016,PC1,0,0,0.57206,0.51035,-0.5661,0.9996803998947144
1773142276.715016,PC1,0,1,0.59512,0.44677,-0.54623,0.9995521903038025
1773142276.715016,PC1,0,2,0.61089,0.444,-0.54599,0.9995619058609009
1773142276.715016,PC1,0,3,0.62479,0.44232,-0.54633,0.9995520114898682
1773142276.715016,PC1,0,4,0.55483,0.45346,-0.52646,0.9994966983795166
1773142276.715016,PC1,0,5,0.54349,0.45515,-0.52586,0.9994425773620605
1773142276.715016,PC1,0,6,0.53389,0.45764,-0.52593,0.9993806481361389
1773142276.715016,PC1,0,7,0.65117,0.45929,-0.32018,0.9996822476387024
1773142276.715016,PC1,0,8,0.53324,0.48069,-0.2138,0.9994072318077087
1773142276.715016,PC1,0,9,0.60606,0.57559,-0.47439,0.9997942447662354
1773142276.715016,PC1,0,10,0.55781,0.58078,-0.44342,0.9996518492698669
1773142276.715016,PC1,0,11,0.76152,0.68316,-0.22114,0.9986850023269653
1773142276.715016,PC1,0,12,0.46044,0.77722,-0.01079,0.9974536299705505
1773142276.715016,PC1,0,13,0.89104,0.96808,-0.37563,0.6685481071472168
1773142276.715016,PC1,0,14,0.33466,1.13296,-0.2118,0.5596374273300171
1773142276.715016,PC1,0,15,0.9726,0.91647,-1.14032,0.36088740825653076
1773142276.715016,PC1,0,16,0.1874,0.91335,-0.80201,0.4878624379634857
1773142276.715016,PC1,0,17,0.94837,0.82763,-1.10715,0.28435903787612915
1773142276.715016,PC1,0,18,0.63652,1.43162,-0.61184,0.45532652735710144
1773142276.715016,PC1,0,19,0.94366,0.86483,-1.17454,0.3607015609741211
1773142276.715016,PC1,0,20,0.19151,0.97577,-0.92674,0.5235180854797363
1773142276.715016,PC1,0,21,0.9569,0.8301,-1.01169,0.3699398338794708
1773142276.715016,PC1,0,22,0.2158,0.98838,-0.84094,0.5387213230133057
1773142276.715016,PC1,0,23,0.85629,1.77218,-0.0858,0.0025522576179355383
1773142276.715016,PC1,0,24,0.62776,1.62716,0.0883,0.0021778366062790155
1773142276.715016,PC1,0,25,0.70962,2.45255,0.04366,0.0019592430908232927
1773142276.715016,PC1,0,26,0.51581,2.32978,0.2184,0.0006879019201733172
1773142276.715016,PC1,0,27,0.56689,3.05225,0.56553,0.0001820006873458624
1773142276.715016,PC1,0,28,0.40126,2.94346,0.58946,3.245809057261795e-05
1773142276.715016,PC1,0,29,0.55954,3.13612,0.59855,9.734740160638466e-05
1773142276.715016,PC1,0,30,0.38563,3.02349,0.61914,8.035837527131662e-05
1773142276.715016,PC1,0,31,0.49142,3.22083,0.1931,9.587706881575286e-05
1773142276.715016,PC1,0,32,0.36927,3.1442,0.17554,9.463172318646684e-05
1773142276.715016,PC1,0,Angle_Shoulder_L,143.12,,,
1773142276.715016,PC1,0,Angle_Shoulder_R,136.36,,,
1773142276.715016,PC1,0,Length_UpperArm_L,0.349,,,
1773142276.715016,PC1,0,Length_UpperArm_R,0.4275,,,
1773142276.715016,PC1,0,Width_Shoulder,0.3791,,,
1773142276.779634,PC1,0,0,0.5655,0.51067,-0.55284,0.9996728301048279
1773142276.779634,PC1,0,1,0.58848,0.44765,-0.53394,0.9995245933532715
1773142276.779634,PC1,0,2,0.60414,0.44491,-0.53375,0.9995336532592773
1773142276.779634,PC1,0,3,0.61788,0.44322,-0.5341,0.9995353817939758
1773142276.779634,PC1,0,4,0.5483,0.45413,-0.51446,0.9994663000106812
1773142276.779634,PC1,0,5,0.53691,0.45574,-0.51389,0.9994017481803894
1773142276.779634,PC1,0,6,0.52734,0.45811,-0.51395,0.999345600605011
1773142276.779634,PC1,0,7,0.64402,0.45987,-0.31131,0.9996702671051025
1773142276.779634,PC1,0,8,0.52659,0.48092,-0.20547,0.9993522763252258
1773142276.779634,PC1,0,9,0.59921,0.5756,-0.46347,0.9997775554656982
1773142276.779634,PC1,0,10,0.55084,0.5807,-0.43267,0.9996225237846375
1773142276.779634,PC1,0,11,0.75412,0.68294,-0.22192,0.9987325668334961
1773142276.779634,PC1,0,12,0.45403,0.77784,-0.01069,0.997414767742157
1773142276.779634,PC1,0,13,0.88347,0.96812,-0.36546,0.6834507584571838
1773142276.779634,PC1,0,14,0.32602,1.13725,-0.20344,0.5868973731994629
1773142276.779634,PC1,0,15,0.9726,0.91647,-1.14032,0.35285043716430664
1773142276.779634,PC1,0,16,0.17472,0.91538,-0.77874,0.5271763801574707
1773142276.779634,PC1,0,17,0.94837,0.82763,-1.10715,0.2809227406978607
1773142276.779634,PC1,0,18,0.63652,1.43162,-0.61184,0.49279823899269104
1773142276.779634,PC1,0,19,0.94366,0.86483,-1.17454,0.36001887917518616
1773142276.779634,PC1,0,20,0.17516,0.95278,-0.91516,0.5578811168670654
1773142276.779634,PC1,0,21,0.9569,0.8301,-1.01169,0.37377941608428955
1773142276.779634,PC1,0,22,0.19885,0.95633,-0.8298,0.5733528733253479
1773142276.779634,PC1,0,23,0.85629,1.77218,-0.0858,0.0024489169009029865
1773142276.779634,PC1,0,24,0.62776,1.62716,0.0883,0.0020956930238753557
1773142276.779634,PC1,0,25,0.70962,2.45255,0.04366,0.0019194077467545867
1773142276.779634,PC1,0,26,0.51581,2.32978,0.2184,0.0007050365093164146
1773142276.779634,PC1,0,27,0.56689,3.05225,0.56553,0.00017158336413558573
1773142276.779634,PC1,0,28,0.40126,2.94346,0.58946,3.129079777863808e-05
1773142276.779634,PC1,0,29,0.55954,3.13612,0.59855,9.240762301487848e-05
1773142276.779634,PC1,0,30,0.38563,3.02349,0.61914,7.50761100789532e-05
1773142276.779634,PC1,0,31,0.49142,3.22083,0.1931,8.908629388315603e-05
1773142276.779634,PC1,0,32,0.36927,3.1442,0.17554,8.670116221765056e-05
1773142276.779634,PC1,0,Angle_Elbow_R,100.73,,,
1773142276.779634,PC1,0,Angle_Shoulder_L,144.75,,,
1773142276.779634,PC1,0,Angle_Shoulder_R,136.96,,,
1773142276.779634,PC1,0,Length_UpperArm_L,0.3445,,,
1773142276.779634,PC1,0,Length_UpperArm_R,0.4275,,,
1773142276.779634,PC1,0,Length_LowerArm_R,0.6349,,,
1773142276.779634,PC1,0,Width_Shoulder,0.379,,,
1773142276.812097,PC1,0,0,0.55943,0.51092,-0.54622,0.9996660351753235
1773142276.812097,PC1,0,1,0.58225,0.44836,-0.52788,0.9995025396347046
1773142276.812097,PC1,0,2,0.59786,0.44563,-0.52772,0.9995109438896179
1773142276.812097,PC1,0,3,0.61156,0.44391,-0.52806,0.9995169639587402
1773142276.812097,PC1,0,4,0.54233,0.45464,-0.5086,0.9994438290596008
1773142276.812097,PC1,0,5,0.53105,0.45619,-0.50805,0.9993805289268494
1773142276.812097,PC1,0,6,0.52164,0.45847,-0.5081,0.9993264675140381
1773142276.812097,PC1,0,7,0.63783,0.4603,-0.30829,0.9996415972709656
1773142276.812097,PC1,0,8,0.52106,0.48109,-0.20349,0.9993252158164978
1773142276.812097,PC1,0,9,0.59299,0.57554,-0.45767,0.9997721910476685
1773142276.812097,PC1,0,10,0.54478,0.58063,-0.42702,0.9996247291564941
1773142276.812097,PC1,0,11,0.74793,0.68307,-0.22085,0.9987969398498535
1773142276.812097,PC1,0,12,0.44986,0.77807,-0.02313,0.9975438714027405
1773142276.812097,PC1,0,13,0.87626,0.96812,-0.33631,0.6894783973693848
1773142276.812097,PC1,0,14,0.33029,1.14161,-0.18402,0.5595180988311768
1773142276.812097,PC1,0,15,0.9726,0.91647,-1.14032,0.3342329263687134
1773142276.812097,PC1,0,16,0.17472,0.91538,-0.77874,0.4830603301525116
1773142276.812097,PC1,0,17,0.94837,0.82763,-1.10715,0.2662285268306732
1773142276.812097,PC1,0,18,0.63652,1.43162,-0.61184,0.45353564620018005
1773142276.812097,PC1,0,19,0.94366,0.86483,-1.17454,0.34451475739479065
1773142276.812097,PC1,0,20,0.19042,1.04322,-0.85875,0.5170212984085083
1773142276.812097,PC1,0,21,0.9569,0.8301,-1.01169,0.3571871817111969
1773142276.812097,PC1,0,22,0.21374,1.04002,-0.7703,0.5315126180648804
1773142276.812097,PC1,0,23,0.85629,1.77218,-0.0858,0.002446516649797559
1773142276.812097,PC1,0,24,0.62776,1.62716,0.0883,0.0020650397054851055
1773142276.812097,PC1,0,25,0.70962,2.45255,0.04366,0.0018221978098154068
1773142276.812097,PC1,0,26,0.51581,2.32978,0.2184,0.0006680678925476968
1773142276.812097,PC1,0,27,0.56689,3.05225,0.56553,0.00016638488159514964
1773142276.812097,PC1,0,28,0.40126,2.94346,0.58946,3.0610801331931725e-05
1773142276.812097,PC1,0,29,0.55954,3.13612,0.59855,9.323826088802889e-05
1773142276.812097,PC1,0,30,0.38563,3.02349,0.61914,7.427772652590647e-05
1773142276.812097,PC1,0,31,0.49142,3.22083,0.1931,8.766228711465374e-05
1773142276.812097,PC1,0,32,0.36927,3.1442,0.17554,8.20062414277345e-05
1773142276.812097,PC1,0,Angle_Shoulder_L,148.45,,,
1773142276.812097,PC1,0,Angle_Shoulder_R,140.3,,,
1773142276.812097,PC1,0,Length_UpperArm_L,0.3332,,,
1773142276.812097,PC1,0,Length_UpperArm_R,0.4151,,,
1773142276.812097,PC1,0,Width_Shoulder,0.3701,,,
1773142276.9410691,PC1,0,0,0.54407,0.51248,-0.52467,0.999696671962738
1773142276.9410691,PC1,0,1,0.56699,0.45113,-0.50835,0.9995322227478027
1773142276.9410691,PC1,0,2,0.58255,0.4487,-0.50835,0.999544084072113
1773142276.9410691,PC1,0,3,0.59606,0.44715,-0.50872,0.9995589256286621
1773142276.9410691,PC1,0,4,0.52711,0.45646,-0.48928,0.9994768500328064
1773142276.9410691,PC1,0,5,0.51581,0.45776,-0.48881,0.9994179606437683
1773142276.9410691,PC1,0,6,0.50654,0.45979,-0.48892,0.9993638396263123
1773142276.9410691,PC1,0,7,0.62189,0.46331,-0.30037,0.9996695518493652
1773142276.9410691,PC1,0,8,0.50566,0.48262,-0.19326,0.9993367791175842
1773142276.9410691,PC1,0,9,0.57728,0.57609,-0.44171,0.9997851252555847
1773142276.9410691,PC1,0,10,0.52895,0.58121,-0.41113,0.9996421933174133
1773142276.9410691,PC1,0,11,0.73087,0.68692,-0.22466,0.999015748500824
1773142276.9410691,PC1,0,12,0.43663,0.77854,-0.02726,0.9976775646209717
1773142276.9410691,PC1,0,13,0.85642,0.96944,-0.28972,0.699371874332428
1773142276.9410691,PC1,0,14,0.3305,1.14627,-0.15483,0.5295654535293579
1773142276.9410691,PC1,0,15,0.9726,0.91647,-1.14032,0.2914722263813019
1773142276.9410691,PC1,0,16,0.17451,0.94195,-0.73322,0.455291748046875
1773142276.9410691,PC1,0,17,0.94837,0.82763,-1.10715,0.23265331983566284
1773142276.9410691,PC1,0,18,0.63652,1.43162,-0.61184,0.42655518651008606
1773142276.9410691,PC1,0,19,0.94366,0.86483,-1.17454,0.312519371509552
1773142276.9410691,PC1,0,20,0.18641,1.08361,-0.80506,0.49592775106430054
1773142276.9410691,PC1,0,21,0.9569,0.8301,-1.01169,0.32789504528045654
1773142276.9410691,PC1,0,22,0.19804,1.05732,-0.75459,0.5128660798072815
1773142276.9410691,PC1,0,23,0.85629,1.77218,-0.0858,0.0021550063975155354
1773142276.9410691,PC1,0,24,0.62776,1.62716,0.0883,0.0018426969181746244
1773142276.9410691,PC1,0,25,0.70962,2.45255,0.04366,0.001658935216255486
1773142276.9410691,PC1,0,26,0.51581,2.32978,0.2184,0.0005972303333692253
1773142276.9410691,PC1,0,27,0.56689,3.05225,0.56553,0.00013550336007028818
1773142276.9410691,PC1,0,28,0.40126,2.94346,0.58946,2.6222745873383246e-05
1773142276.9410691,PC1,0,29,0.55954,3.13612,0.59855,7.943488890305161e-05
1773142276.9410691,PC1,0,30,0.38563,3.02349,0.61914,6.130044494057074e-05
1773142276.9410691,PC1,0,31,0.49142,3.22083,0.1931,7.09297601133585e-05
1773142276.9410691,PC1,0,32,0.36927,3.1442,0.17554,6.19741840637289e-05
1773142276.9410691,PC1,0,Angle_Shoulder_L,155.83,,,
1773142276.9410691,PC1,0,Angle_Shoulder_R,144.02,,,
1773142276.9410691,PC1,0,Length_UpperArm_L,0.3159,,,
1773142276.9410691,PC1,0,Length_UpperArm_R,0.4034,,,
1773142276.9410691,PC1,0,Width_Shoulder,0.366,,,
1773142276.974281,PC1,0,0,0.54194,0.51278,-0.51977,0.9996939897537231
1773142276.974281,PC1,0,1,0.56482,0.45161,-0.50372,0.9995245933532715
1773142276.974281,PC1,0,2,0.5804,0.44926,-0.50375,0.9995377659797668
1773142276.974281,PC1,0,3,0.59386,0.44775,-0.5041,0.9995577335357666
1773142276.974281,PC1,0,4,0.52481,0.45675,-0.48484,0.9994637966156006
1773142276.974281,PC1,0,5,0.51347,0.458,-0.48437,0.9993988275527954
1773142276.974281,PC1,0,6,0.50415,0.45999,-0.4845,0.9993441700935364
1773142276.974281,PC1,0,7,0.61962,0.46392,-0.29705,0.9996734857559204
1773142276.974281,PC1,0,8,0.5029,0.48305,-0.19086,0.9992978572845459
1773142276.974281,PC1,0,9,0.57513,0.57619,-0.43747,0.9997796416282654
1773142276.974281,PC1,0,10,0.52654,0.58137,-0.40715,0.9996218085289001
1773142276.974281,PC1,0,11,0.7283,0.68776,-0.22442,0.9990503191947937
1773142276.974281,PC1,0,12,0.43435,0.77874,-0.02539,0.9975213408470154
1773142276.974281,PC1,0,13,0.85354,0.97045,-0.28932,0.7031315565109253
1773142276.974281,PC1,0,14,0.32569,1.14251,-0.16363,0.5348520874977112
1773142276.974281,PC1,0,15,0.9726,0.91647,-1.14032,0.2937195301055908
1773142276.974281,PC1,0,16,0.17451,0.94195,-0.73322,0.48070475459098816
1773142276.974281,PC1,0,17,0.94837,0.82763,-1.10715,0.2358238250017166
1773142276.974281,PC1,0,18,0.63652,1.43162,-0.61184,0.44943326711654663
1773142276.974281,PC1,0,19,0.94366,0.86483,-1.17454,0.31834691762924194
1773142276.974281,PC1,0,20,0.15242,0.99817,-0.84701,0.5196515321731567
1773142276.974281,PC1,0,21,0.9569,0.8301,-1.01169,0.3352977931499481
1773142276.974281,PC1,0,22,0.1866,1.02881,-0.76727,0.5380861759185791
1773142276.974281,PC1,0,23,0.85629,1.77218,-0.0858,0.002076208358630538
1773142276.974281,PC1,0,24,0.62776,1.62716,0.0883,0.0017805068055167794
1773142276.974281,PC1,0,25,0.70962,2.45255,0.04366,0.0016664625145494938
1773142276.974281,PC1,0,26,0.51581,2.32978,0.2184,0.000606831512413919
1773142276.974281,PC1,0,27,0.56689,3.05225,0.56553,0.0001297968119615689
1773142276.974281,PC1,0,28,0.40126,2.94346,0.58946,2.546364521549549e-05
1773142276.974281,PC1,0,29,0.55954,3.13612,0.59855,7.60667899157852e-05
1773142276.974281,PC1,0,30,0.38563,3.02349,0.61914,5.7417808420723304e-05
1773142276.974281,PC1,0,31,0.49142,3.22083,0.1931,6.757114169886336e-05
1773142276.974281,PC1,0,32,0.36927,3.1442,0.17554,5.780713399872184e-05
1773142276.974281,PC1,0,Angle_Shoulder_L,156.02,,,
1773142276.974281,PC1,0,Angle_Shoulder_R,142.51,,,
1773142276.974281,PC1,0,Length_UpperArm_L,0.3159,,,
1773142276.974281,PC1,0,Length_UpperArm_R,0.404,,,
1773142276.974281,PC1,0,Width_Shoulder,0.3665,,,
1773142277.0074182,PC1,0,0,0.54029,0.51301,-0.51658,0.9996938109397888
1773142277.0074182,PC1,0,1,0.56315,0.45199,-0.50068,0.9995164275169373
1773142277.0074182,PC1,0,2,0.57874,0.4497,-0.50074,0.9995237588882446
1773142277.0074182,PC1,0,3,0.59213,0.44823,-0.50108,0.9995479583740234
1773142277.0074182,PC1,0,4,0.52302,0.45698,-0.48198,0.9994642734527588
1773142277.0074182,PC1,0,5,0.51163,0.45819,-0.48151,0.9994003176689148
1773142277.0074182,PC1,0,6,0.50228,0.46014,-0.48166,0.9993525147438049
1773142277.0074182,PC1,0,7,0.61786,0.46439,-0.29484,0.999650239944458
1773142277.0074182,PC1,0,8,0.50073,0.4834,-0.1895,0.9992998242378235
1773142277.0074182,PC1,0,9,0.57342,0.57622,-0.43473,0.9997745156288147
1773142277.0074182,PC1,0,10,0.52462,0.58149,-0.40455,0.9996288418769836
1773142277.0074182,PC1,0,11,0.72634,0.68847,-0.22041,0.9990527629852295
1773142277.0074182,PC1,0,12,0.43258,0.77892,-0.0298,0.997619092464447
1773142277.0074182,PC1,0,13,0.85156,0.97124,-0.27911,0.6997388601303101
1773142277.0074182,PC1,0,14,0.3321,1.14568,-0.16241,0.5064581632614136
1773142277.0074182,PC1,0,15,0.9726,0.91647,-1.14032,0.2800225019454956
1773142277.0074182,PC1,0,16,0.17451,0.94195,-0.73322,0.44263389706611633
1773142277.0074182,PC1,0,17,0.94837,0.82763,-1.10715,0.2244309037923813
1773142277.0074182,PC1,0,18,0.63652,1.43162,-0.61184,0.4167003333568573
1773142277.0074182,PC1,0,19,0.94366,0.86483,-1.17454,0.30449405312538147
1773142277.0074182,PC1,0,20,0.15242,0.99817,-0.84701,0.4854104220867157
1773142277.0074182,PC1,0,21,0.9569,0.8301,-1.01169,0.32034796476364136
1773142277.0074182,PC1,0,22,0.20608,1.09388,-0.74787,0.5026076436042786
1773142277.0074182,PC1,0,23,0.85629,1.77218,-0.0858,0.0020321549382060766
1773142277.0074182,PC1,0,24,0.62776,1.62716,0.0883,0.0017386265099048615
1773142277.0074182,PC1,0,25,0.70962,2.45255,0.04366,0.0015741866081953049
1773142277.0074182,PC1,0,26,0.51581,2.32978,0.2184,0.0005676342989318073
1773142277.0074182,PC1,0,27,0.56689,3.05225,0.56553,0.00012379360850900412
1773142277.0074182,PC1,0,28,0.40126,2.94346,0.58946,2.4627028324175626e-05
1773142277.0074182,PC1,0,29,0.55954,3.13612,0.59855,7.372631807811558e-05
1773142277.0074182,PC1,0,30,0.38563,3.02349,0.61914,5.5620286730118096e-05
1773142277.0074182,PC1,0,31,0.49142,3.22083,0.1931,6.655278411926702e-05
1773142277.0074182,PC1,0,32,0.36927,3.1442,0.17554,5.579006392508745e-05
1773142277.0074182,PC1,0,Angle_Shoulder_L,156.96,,,
1773142277.0074182,PC1,0,Angle_Shoulder_R,143.85,,,
1773142277.0074182,PC1,0,Length_UpperArm_L,0.3148,,,
1773142277.0074182,PC1,0,Length_UpperArm_R,0.4027,,,
1773142277.0074182,PC1,0,Width_Shoulder,0.3617,,,
1773142277.039853,PC1,0,0,0.53889,0.51322,-0.51164,0.9996689558029175
1773142277.039853,PC1,0,1,0.56174,0.45231,-0.49629,0.9994865655899048
1773142277.039853,PC1,0,2,0.57736,0.45008,-0.49635,0.9994890689849854
1773142277.039853,PC1,0,3,0.59071,0.44864,-0.49668,0.9995196461677551
1773142277.039853,PC1,0,4,0.52152,0.45716,-0.47737,0.9994361996650696
1773142277.039853,PC1,0,5,0.51013,0.45835,-0.47687,0.9993647933006287
1773142277.039853,PC1,0,6,0.50075,0.46028,-0.47706,0.9993261694908142
1773142277.039853,PC1,0,7,0.61644,0.4648,-0.29262,0.9996213316917419
1773142277.039853,PC1,0,8,0.49899,0.48368,-0.18649,0.9992735981941223
1773142277.039853,PC1,0,9,0.572,0.57624,-0.43069,0.9997566342353821
1773142277.039853,PC1,0,10,0.52301,0.5816,-0.40011,0.9996151924133301
1773142277.039853,PC1,0,11,0.72477,0.68908,-0.21434,0.9990454316139221
1773142277.039853,PC1,0,12,0.43117,0.77857,-0.03127,0.9976696968078613
1773142277.039853,PC1,0,13,0.85035,0.97072,-0.28084,0.7046002149581909
1773142277.039853,PC1,0,14,0.3321,1.14568,-0.16241,0.4905439019203186
1773142277.039853,PC1,0,15,0.9726,0.91647,-1.14032,0.2777034640312195
1773142277.039853,PC1,0,16,0.17451,0.94195,-0.73322,0.4137890040874481
1773142277.039853,PC1,0,17,0.94837,0.82763,-1.10715,0.2211356908082962
1773142277.039853,PC1,0,18,0.63652,1.43162,-0.61184,0.39299774169921875
1773142277.039853,PC1,0,19,0.94366,0.86483,-1.17454,0.2994307577610016
1773142277.039853,PC1,0,20,0.15242,0.99817,-0.84701,0.4613959491252899
1773142277.039853,PC1,0,21,0.9569,0.8301,-1.01169,0.31459736824035645
1773142277.039853,PC1,0,22,0.20608,1.09388,-0.74787,0.4788016974925995
1773142277.039853,PC1,0,23,0.85629,1.77218,-0.0858,0.002158804563805461
1773142277.039853,PC1,0,24,0.62776,1.62716,0.0883,0.0018470471259206533
1773142277.039853,PC1,0,25,0.70962,2.45255,0.04366,0.0015784329734742641
1773142277.039853,PC1,0,26,0.51581,2.32978,0.2184,0.0005699418834410608
1773142277.039853,PC1,0,27,0.56689,3.05225,0.56553,0.00012454942043405026
1773142277.039853,PC1,0,28,0.40126,2.94346,0.58946,2.6496229111216962e-05
1773142277.039853,PC1,0,29,0.55954,3.13612,0.59855,7.574132905574515e-05
1773142277.039853,PC1,0,30,0.38563,3.02349,0.61914,6.0129659686936066e-05
1773142277.039853,PC1,0,31,0.49142,3.22083,0.1931,6.989053508732468e-05
1773142277.039853,PC1,0,32,0.36927,3.1442,0.17554,5.702592898160219e-05
1773142277.039853,PC1,0,Angle_Shoulder_L,155.91,,,
1773142277.039853,PC1,0,Length_UpperArm_L,0.3155,,,
1773142277.039853,PC1,0,Width_Shoulder,0.3574,,,
1773142277.076681,PC1,0,0,0.53763,0.51335,-0.5094,0.9996576309204102
1773142277.076681,PC1,0,1,0.56058,0.45255,-0.49398,0.9994776844978333
1773142277.076681,PC1,0,2,0.57622,0.45037,-0.49402,0.9994770288467407
1773142277.076681,PC1,0,3,0.58957,0.44897,-0.49428,0.999504566192627
1773142277.076681,PC1,0,4,0.52025,0.45728,-0.47501,0.9994301795959473
1773142277.076681,PC1,0,5,0.50881,0.45846,-0.47445,0.9993595480918884
1773142277.076681,PC1,0,6,0.49942,0.46037,-0.47472,0.9993206262588501
1773142277.076681,PC1,0,7,0.61531,0.46514,-0.29197,0.9996122717857361
1773142277.076681,PC1,0,8,0.49759,0.48388,-0.18528,0.9992843270301819
1773142277.076681,PC1,0,9,0.57077,0.57626,-0.429,0.9997520446777344
1773142277.076681,PC1,0,10,0.52165,0.58163,-0.39823,0.9996152520179749
1773142277.076681,PC1,0,11,0.72355,0.69035,-0.20979,0.9990461468696594
1773142277.076681,PC1,0,12,0.43007,0.77767,-0.03278,0.9977077841758728
1773142277.076681,PC1,0,13,0.85307,0.97067,-0.30135,0.7125886082649231
1773142277.076681,PC1,0,14,0.3321,1.14568,-0.16241,0.47539564967155457
1773142277.076681,PC1,0,15,0.9726,0.91647,-1.14032,0.31169015169143677
1773142277.076681,PC1,0,16,0.17451,0.94195,-0.73322,0.3939286768436432
1773142277.076681,PC1,0,17,0.94837,0.82763,-1.10715,0.2480296641588211
1773142277.076681,PC1,0,18,0.63652,1.43162,-0.61184,0.3797181248664856
1773142277.076681,PC1,0,19,0.94366,0.86483,-1.17454,0.3258495032787323
1773142277.076681,PC1,0,20,0.15242,0.99817,-0.84701,0.4513390362262726
1773142277.076681,PC1,0,21,0.9569,0.8301,-1.01169,0.33946943283081055
1773142277.076681,PC1,0,22,0.20608,1.09388,-0.74787,0.469505250453949
1773142277.076681,PC1,0,23,0.85629,1.77218,-0.0858,0.0022176140919327736
1773142277.076681,PC1,0,24,0.62776,1.62716,0.0883,0.001865032478235662
1773142277.076681,PC1,0,25,0.70962,2.45255,0.04366,0.0015766785945743322
1773142277.076681,PC1,0,26,0.51581,2.32978,0.2184,0.0005449475138448179
1773142277.076681,PC1,0,27,0.56689,3.05225,0.56553,0.00012208751286379993
1773142277.076681,PC1,0,28,0.40126,2.94346,0.58946,2.5059005565708503e-05
1773142277.076681,PC1,0,29,0.55954,3.13612,0.59855,7.525351975345984e-05
1773142277.076681,PC1,0,30,0.38563,3.02349,0.61914,5.799980499432422e-05
1773142277.076681,PC1,0,31,0.49142,3.22083,0.1931,7.044480298645794e-05
1773142277.076681,PC1,0,32,0.36927,3.1442,0.17554,5.555489406106062e-05
1773142277.076681,PC1,0,Angle_Shoulder_L,152.04,,,
1773142277.076681,PC1,0,Length_UpperArm_L,0.3221,,,
1773142277.076681,PC1,0,Width_Shoulder,0.3537,,,
1773142277.108608,PC1,0,0,0.53659,0.51328,-0.52175,0.999668300151825
1773142277.108608,PC1,0,1,0.55965,0.4526,-0.50458,0.9994844198226929
1773142277.108608,PC1,0,2,0.57532,0.45047,-0.50461,0.999488115310669
1773142277.108608,PC1,0,3,0.58871,0.44909,-0.50482,0.9995013475418091
1773142277.108608,PC1,0,4,0.51923,0.45725,-0.48618,0.9994409680366516
1773142277.108608,PC1,0,5,0.50778,0.45843,-0.48562,0.9993815422058105
1773142277.108608,PC1,0,6,0.4984,0.46029,-0.48594,0.9993372559547424
1773142277.108608,PC1,0,7,0.6144,0.46531,-0.29731,0.9996115565299988
1773142277.108608,PC1,0,8,0.4965,0.48376,-0.19234,0.9993190765380859
1773142277.108608,PC1,0,9,0.56979,0.57599,-0.43933,0.9997591972351074
1773142277.108608,PC1,0,10,0.5206,0.58145,-0.40908,0.9996315836906433
1773142277.108608,PC1,0,11,0.72372,0.69196,-0.20554,0.9990794062614441
1773142277.108608,PC1,0,12,0.42926,0.77668,-0.03644,0.9978105425834656
1773142277.108608,PC1,0,13,0.86076,0.96567,-0.32742,0.7223626375198364
1773142277.108608,PC1,0,14,0.3321,1.14568,-0.16241,0.4867686331272125
1773142277.108608,PC1,0,15,0.9726,0.91647,-1.14032,0.3451225161552429
1773142277.108608,PC1,0,16,0.17451,0.94195,-0.73322,0.3830133080482483
1773142277.108608,PC1,0,17,0.94837,0.82763,-1.10715,0.27193838357925415
1773142277.108608,PC1,0,18,0.63652,1.43162,-0.61184,0.3705531358718872
1773142277.108608,PC1,0,19,0.94366,0.86483,-1.17454,0.3512997627258301
1773142277.108608,PC1,0,20,0.15242,0.99817,-0.84701,0.44829484820365906
1773142277.108608,PC1,0,21,0.9569,0.8301,-1.01169,0.36009344458580017
1773142277.108608,PC1,0,22,0.20608,1.09388,-0.74787,0.46413353085517883
1773142277.108608,PC1,0,23,0.85629,1.77218,-0.0858,0.0021459709387272596
1773142277.108608,PC1,0,24,0.62776,1.62716,0.0883,0.0017841976368799806
1773142277.108608,PC1,0,25,0.70962,2.45255,0.04366,0.0017068454762920737
1773142277.108608,PC1,0,26,0.51581,2.32978,0.2184,0.0005450869794003665
1773142277.108608,PC1,0,27,0.56689,3.05225,0.56553,0.000134035391965881
1773142277.108608,PC1,0,28,0.40126,2.94346,0.58946,2.4800514438538812e-05
1773142277.108608,PC1,0,29,0.55954,3.13612,0.59855,8.24962044134736e-05
1773142277.108608,PC1,0,30,0.38563,3.02349,0.61914,6.283727998379618e-05
1773142277.108608,PC1,0,31,0.49142,3.22083,0.1931,8.013437036424875e-05
1773142277.108608,PC1,0,32,0.36927,3.1442,0.17554,5.983752271276899e-05
1773142277.108608,PC1,0,Angle_Shoulder_L,146.77,,,
1773142277.108608,PC1,0,Length_UpperArm_L,0.3295,,,
1773142277.108608,PC1,0,Width_Shoulder,0.35,,,
1773142277.211287,PC1,0,0,0.53578,0.51327,-0.54084,0.999700665473938
1773142277.211287,PC1,0,1,0.55908,0.45264,-0.52056,0.9995352029800415
1773142277.211287,PC1,0,2,0.57487,0.45061,-0.52066,0.9995384812355042
1773142277.211287,PC1,0,3,0.58838,0.44936,-0.52074,0.999550461769104
1773142277.211287,PC1,0,4,0.51832,0.45704,-0.5025,0.9994955062866211
1773142277.211287,PC1,0,5,0.50689,0.45811,-0.50188,0.9994412660598755
1773142277.211287,PC1,0,6,0.49752,0.45989,-0.50216,0.9994008541107178
1773142277.211287,PC1,0,7,0.6138,0.466,-0.30388,0.9996499419212341
1773142277.211287,PC1,0,8,0.49548,0.48366,-0.20058,0.999384880065918
1773142277.211287,PC1,0,9,0.569,0.57603,-0.45592,0.9997827410697937
1773142277.211287,PC1,0,10,0.5197,0.58137,-0.42637,0.9996665120124817
1773142277.211287,PC1,0,11,0.72498,0.69784,-0.20453,0.9991487860679626
1773142277.211287,PC1,0,12,0.42718,0.77814,-0.03942,0.9974783062934875
1773142277.211287,PC1,0,13,0.87263,0.96758,-0.39961,0.7422195672988892
1773142277.211287,PC1,0,14,0.3321,1.14568,-0.16241,0.4811543822288513
1773142277.211287,PC1,0,15,0.9726,0.91647,-1.14032,0.410170316696167
1773142277.211287,PC1,0,16,0.17451,0.94195,-0.73322,0.4288424551486969
1773142277.211287,PC1,0,17,0.94837,0.82763,-1.10715,0.3436751663684845
1773142277.211287,PC1,0,18,0.63652,1.43162,-0.61184,0.41383063793182373
1773142277.211287,PC1,0,19,0.94366,0.86483,-1.17454,0.41533175110816956
1773142277.211287,PC1,0,20,0.15242,0.99817,-0.84701,0.4893135130405426
1773142277.211287,PC1,0,21,0.9569,0.8301,-1.01169,0.42297688126564026
1773142277.211287,PC1,0,22,0.21365,1.02578,-0.82296,0.5046805739402771
1773142277.211287,PC1,0,23,0.85629,1.77218,-0.0858,0.0020412469748407602
1773142277.211287,PC1,0,24,0.62776,1.62716,0.0883,0.0016641611000522971
1773142277.211287,PC1,0,25,0.70962,2.45255,0.04366,0.0017444579862058163
1773142277.211287,PC1,0,26,0.51581,2.32978,0.2184,0.000517526175826788
1773142277.211287,PC1,0,27,0.56689,3.05225,0.56553,0.00013016731827519834
1773142277.211287,PC1,0,28,0.40126,2.94346,0.58946,2.2629412342212163e-05
1773142277.211287,PC1,0,29,0.55954,3.13612,0.59855,7.915524474810809e-05
1773142277.211287,PC1,0,30,0.38563,3.02349,0.61914,5.7426812418270856e-05
1773142277.211287,PC1,0,31,0.49142,3.22083,0.1931,8.129113120958209e-05
1773142277.211287,PC1,0,32,0.36927,3.1442,0.17554,5.85743946430739e-05
1773142277.211287,PC1,0,Angle_Shoulder_L,136.51,,,
1773142277.211287,PC1,0,Length_UpperArm_L,0.3642,,,
1773142277.211287,PC1,0,Width_Shoulder,0.3498,,,
1773142277.237014,PC1,0,0,0.5352,0.51327,-0.58104,0.999728262424469
1773142277.237014,PC1,0,1,0.55875,0.45245,-0.55829,0.9995796084403992
1773142277.237014,PC1,0,2,0.57474,0.4505,-0.55837,0.9995827078819275
1773142277.237014,PC1,0,3,0.58838,0.44938,-0.55843,0.9995933771133423
1773142277.237014,PC1,0,4,0.51769,0.45683,-0.53916,0.9995425343513489
1773142277.237014,PC1,0,5,0.50627,0.45786,-0.53855,0.9994927048683167
1773142277.237014,PC1,0,6,0.4969,0.45959,-0.53878,0.9994548559188843
1773142277.237014,PC1,0,7,0.6138,0.46675,-0.32691,0.9996836185455322
1773142277.237014,PC1,0,8,0.49477,0.48402,-0.2196,0.9994423985481262
1773142277.237014,PC1,0,9,0.56878,0.57606,-0.49132,0.999803364276886
1773142277.237014,PC1,0,10,0.51905,0.58135,-0.46067,0.9996973276138306
1773142277.237014,PC1,0,11,0.72877,0.70554,-0.21273,0.9991934895515442
1773142277.237014,PC1,0,12,0.4258,0.77946,-0.04138,0.9973697066307068
1773142277.237014,PC1,0,13,0.88326,0.97197,-0.46764,0.7600623369216919
1773142277.237014,PC1,0,14,0.3321,1.14568,-0.16241,0.467958927154541
1773142277.237014,PC1,0,15,0.9726,0.91647,-1.14032,0.46778959035873413
1773142277.237014,PC1,0,16,0.17451,0.94195,-0.73322,0.42582225799560547
1773142277.237014,PC1,0,17,0.94837,0.82763,-1.10715,0.40630900859832764
1773142277.237014,PC1,0,18,0.63652,1.43162,-0.61184,0.4136887490749359
1773142277.237014,PC1,0,19,0.94366,0.86483,-1.17454,0.4714341461658478
1773142277.237014,PC1,0,20,0.15242,0.99817,-0.84701,0.49401649832725525
1773142277.237014,PC1,0,21,0.9569,0.8301,-1.01169,0.4771779179573059
1773142277.237014,PC1,0,22,0.22138,1.05703,-0.80509,0.5062225461006165
1773142277.237014,PC1,0,23,0.85629,1.77218,-0.0858,0.002236295025795698
1773142277.237014,PC1,0,24,0.62776,1.62716,0.0883,0.0016830508830025792
1773142277.237014,PC1,0,25,0.70962,2.45255,0.04366,0.001843634294345975
1773142277.237014,PC1,0,26,0.51581,2.32978,0.2184,0.0005193516262806952
1773142277.237014,PC1,0,27,0.56689,3.05225,0.56553,0.0001550009474158287
1773142277.237014,PC1,0,28,0.40126,2.94346,0.58946,2.2130490833660588e-05
1773142277.237014,PC1,0,29,0.55954,3.13612,0.59855,9.818763646762818e-05
1773142277.237014,PC1,0,30,0.38563,3.02349,0.61914,5.946688543190248e-05
1773142277.237014,PC1,0,31,0.49142,3.22083,0.1931,0.00011810725118266419
1773142277.237014,PC1,0,32,0.36927,3.1442,0.17554,8.446783613180742e-05
1773142277.237014,PC1,0,Angle_Shoulder_L,129.24,,,
1773142277.237014,PC1,0,Length_UpperArm_L,0.3998,,,
1773142277.237014,PC1,0,Width_Shoulder,0.3558,,,
1773142277.2921972,PC1,0,0,0.53559,0.51345,-0.642,0.9997782111167908
1773142277.2921972,PC1,0,1,0.55938,0.45162,-0.62628,0.9996575713157654
1773142277.2921972,PC1,0,2,0.57597,0.44978,-0.62716,0.9996600151062012
1773142277.2921972,PC1,0,3,0.59025,0.44894,-0.62731,0.9996688365936279
1773142277.2921972,PC1,0,4,0.51721,0.45615,-0.59959,0.9996263384819031
1773142277.2921972,PC1,0,5,0.50563,0.4573,-0.59897,0.9995843768119812
1773142277.2921972,PC1,0,6,0.49599,0.45907,-0.59925,0.9995527267456055
1773142277.2921972,PC1,0,7,0.61569,0.46902,-0.35322,0.999742329120636
1773142277.2921972,PC1,0,8,0.49324,0.48572,-0.2572,0.9995440244674683
1773142277.2921972,PC1,0,9,0.5706,0.5763,-0.55003,0.9998394846916199
1773142277.2921972,PC1,0,10,0.51924,0.58174,-0.51349,0.9997520446777344
1773142277.2921972,PC1,0,11,0.7369,0.72553,-0.20252,0.9993177652359009
1773142277.2921972,PC1,0,12,0.42239,0.78115,-0.04942,0.997225284576416
1773142277.2921972,PC1,0,13,0.9119,0.98882,-0.53934,0.7970333099365234
1773142277.2921972,PC1,0,14,0.3321,1.14568,-0.16241,0.41286635398864746
1773142277.2921972,PC1,0,15,0.83542,0.78804,-1.08001,0.568012535572052
1773142277.2921972,PC1,0,16,0.17451,0.94195,-0.73322,0.3932197093963623
1773142277.2921972,PC1,0,17,0.82627,0.53316,-1.24081,0.516562283039093
1773142277.2921972,PC1,0,18,0.63652,1.43162,-0.61184,0.3950682580471039
1773142277.2921972,PC1,0,19,0.7935,0.60893,-1.09578,0.5697857141494751
1773142277.2921972,PC1,0,20,0.15242,0.99817,-0.84701,0.482959121465683
1773142277.2921972,PC1,0,21,0.78175,0.67496,-1.05739,0.5737238526344299
1773142277.2921972,PC1,0,22,0.24069,1.16565,-0.7635,0.49291419982910156
1773142277.2921972,PC1,0,23,0.85629,1.77218,-0.0858,0.0023748516105115414
1773142277.2921972,PC1,0,24,0.62776,1.62716,0.0883,0.0015886061592027545
1773142277.2921972,PC1,0,25,0.70962,2.45255,0.04366,0.0016776048578321934
1773142277.2921972,PC1,0,26,0.51581,2.32978,0.2184,0.0004497304907999933
1773142277.2921972,PC1,0,27,0.56689,3.05225,0.56553,0.00013538010534830391
1773142277.2921972,PC1,0,28,0.40126,2.94346,0.58946,1.8372322301729582e-05
1773142277.2921972,PC1,0,29,0.55954,3.13612,0.59855,8.808484562905505e-05
1773142277.2921972,PC1,0,30,0.38563,3.02349,0.61914,5.0022357754642144e-05
1773142277.2921972,PC1,0,31,0.49142,3.22083,0.1931,0.0001176906080218032
1773142277.2921972,PC1,0,32,0.36927,3.1442,0.17554,7.870970875956118e-05
1773142277.2921972,PC1,0,Angle_Elbow_L,115.54,,,
1773142277.2921972,PC1,0,Angle_Shoulder_L,121.64,,,
1773142277.2921972,PC1,0,Length_UpperArm_L,0.4619,,,
1773142277.2921972,PC1,0,Length_LowerArm_L,0.5818,,,
1773142277.2921972,PC1,0,Width_Shoulder,0.3542,,,
1773142277.323083,PC1,0,0,0.53606,0.51354,-0.65685,0.9997981786727905
1773142277.323083,PC1,0,1,0.55981,0.45143,-0.63809,0.999688446521759
1773142277.323083,PC1,0,2,0.57657,0.44952,-0.63883,0.9996909499168396
1773142277.323083,PC1,0,3,0.59099,0.44864,-0.63889,0.9996989369392395
1773142277.323083,PC1,0,4,0.51743,0.45611,-0.61335,0.9996583461761475
1773142277.323083,PC1,0,5,0.50588,0.45734,-0.61275,0.9996188879013062
1773142277.323083,PC1,0,6,0.49627,0.45917,-0.61299,0.9995871186256409
1773142277.323083,PC1,0,7,0.61647,0.4691,-0.36225,0.9997658729553223
1773142277.323083,PC1,0,8,0.49351,0.4859,-0.26937,0.9995827078819275
1773142277.323083,PC1,0,9,0.57145,0.57618,-0.562,0.999853789806366
1773142277.323083,PC1,0,10,0.51989,0.5818,-0.52784,0.999772846698761
1773142277.323083,PC1,0,11,0.73806,0.7283,-0.20329,0.9993736743927002
1773142277.323083,PC1,0,12,0.4232,0.77994,-0.0547,0.9971051216125488
1773142277.323083,PC1,0,13,0.91936,0.98763,-0.55574,0.8145819306373596
1773142277.323083,PC1,0,14,0.3321,1.14568,-0.16241,0.38350000977516174
1773142277.323083,PC1,0,15,0.84101,0.76887,-1.08847,0.6108723282814026
1773142277.323083,PC1,0,16,0.17451,0.94195,-0.73322,0.37425264716148376
1773142277.323083,PC1,0,17,0.82821,0.53295,-1.24169,0.5639970302581787
1773142277.323083,PC1,0,18,0.63652,1.43162,-0.61184,0.3844885528087616
1773142277.323083,PC1,0,19,0.79531,0.59366,-1.10493,0.6120639443397522
1773142277.323083,PC1,0,20,0.15242,0.99817,-0.84701,0.47542011737823486
1773142277.323083,PC1,0,21,0.78379,0.65839,-1.06607,0.6153226494789124
1773142277.323083,PC1,0,22,0.24069,1.16565,-0.7635,0.48387959599494934
1773142277.323083,PC1,0,23,0.85629,1.77218,-0.0858,0.0023464770056307316
1773142277.323083,PC1,0,24,0.62776,1.62716,0.0883,0.001513028866611421
1773142277.323083,PC1,0,25,0.70962,2.45255,0.04366,0.0015560348983854055
1773142277.323083,PC1,0,26,0.51581,2.32978,0.2184,0.0004126627463847399
1773142277.323083,PC1,0,27,0.56689,3.05225,0.56553,0.00012614029401447624
1773142277.323083,PC1,0,28,0.40126,2.94346,0.58946,1.669165794737637e-05
1773142277.323083,PC1,0,29,0.55954,3.13612,0.59855,8.265008364105597e-05
1773142277.323083,PC1,0,30,0.38563,3.02349,0.61914,4.573285696096718e-05
1773142277.323083,PC1,0,31,0.49142,3.22083,0.1931,0.00011474046914372593
1773142277.323083,PC1,0,32,0.36927,3.1442,0.17554,7.490819552913308e-05
1773142277.323083,PC1,0,Angle_Elbow_L,115.11,,,
1773142277.323083,PC1,0,Angle_Shoulder_L,119.9,,,
1773142277.323083,PC1,0,Length_UpperArm_L,0.4736,,,
1773142277.323083,PC1,0,Length_LowerArm_L,0.5812,,,
1773142277.323083,PC1,0,Width_Shoulder,0.352,,,
1773142277.462534,PC1,0,0,0.53986,0.51289,-0.72095,0.9998629093170166
1773142277.462534,PC1,0,1,0.56349,0.45066,-0.69796,0.9997895359992981
1773142277.462534,PC1,0,2,0.58022,0.44865,-0.69829,0.999791145324707
1773142277.462534,PC1,0,3,0.59466,0.44778,-0.69815,0.9997962117195129
1773142277.462534,PC1,0,4,0.52092,0.45552,-0.6748,0.9997671842575073
1773142277.462534,PC1,0,5,0.5093,0.45684,-0.67422,0.9997383952140808
1773142277.462534,PC1,0,6,0.49963,0.45872,-0.67434,0.9997149705886841
1773142277.462534,PC1,0,7,0.62005,0.46887,-0.43399,0.9998428821563721
1773142277.462534,PC1,0,8,0.49627,0.48483,-0.32865,0.9997154474258423
1773142277.462534,PC1,0,9,0.57473,0.57456,-0.62391,0.9999006390571594
1773142277.462534,PC1,0,10,0.52396,0.5798,-0.59041,0.9998434782028198
1773142277.462534,PC1,0,11,0.74233,0.7325,-0.27367,0.999538242816925
1773142277.462534,PC1,0,12,0.42707,0.77519,-0.09765,0.9973647594451904
1773142277.462534,PC1,0,13,0.9384,0.97983,-0.65708,0.8689940571784973
1773142277.462534,PC1,0,14,0.3321,1.14568,-0.16241,0.4962029755115509
1773142277.462534,PC1,0,15,0.86151,0.71892,-1.10253,0.7441398501396179
1773142277.462534,PC1,0,16,0.28887,0.86713,-0.99955,0.5303012728691101
1773142277.462534,PC1,0,17,0.84312,0.53479,-1.22061,0.7118735909461975
1773142277.462534,PC1,0,18,0.30121,0.71694,-1.13442,0.5294445753097534
1773142277.462534,PC1,0,19,0.81104,0.55383,-1.09446,0.7435634732246399
1773142277.462534,PC1,0,20,0.25277,0.84508,-0.83869,0.6004551649093628
1773142277.462534,PC1,0,21,0.79797,0.61392,-1.07421,0.7451814413070679
1773142277.462534,PC1,0,22,0.28423,0.96145,-0.81402,0.60750812292099
1773142277.462534,PC1,0,23,0.85629,1.77218,-0.0858,0.004077332094311714
1773142277.462534,PC1,0,24,0.62776,1.62716,0.0883,0.0023995900992304087
1773142277.462534,PC1,0,25,0.70962,2.45255,0.04366,0.0015216943575069308
1773142277.462534,PC1,0,26,0.51581,2.32978,0.2184,0.00034337450051680207
1773142277.462534,PC1,0,27,0.56689,3.05225,0.56553,0.00011282351624686271
1773142277.462534,PC1,0,28,0.40126,2.94346,0.58946,1.2223593330418225e-05
1773142277.462534,PC1,0,29,0.55954,3.13612,0.59855,7.575649942737073e-05
1773142277.462534,PC1,0,30,0.38563,3.02349,0.61914,3.7415153201436624e-05
1773142277.462534,PC1,0,31,0.49142,3.22083,0.1931,0.00010249854676658288
1773142277.462534,PC1,0,32,0.36927,3.1442,0.17554,6.866546755190939e-05
1773142277.462534,PC1,0,Angle_Elbow_L,110.6,,,
1773142277.462534,PC1,0,Angle_Shoulder_L,113.46,,,
1773142277.462534,PC1,0,Length_UpperArm_L,0.4966,,,
1773142277.462534,PC1,0,Length_LowerArm_L,0.5219,,,
1773142277.462534,PC1,0,Width_Shoulder,0.3636,,,
1773142277.5725389,PC1,0,0,0.54342,0.51307,-0.65856,0.9998962879180908
1773142277.5725389,PC1,0,1,0.56823,0.45096,-0.63774,0.9998376965522766
1773142277.5725389,PC1,0,2,0.58534,0.44906,-0.63757,0.999839186668396
1773142277.5725389,PC1,0,3,0.59996,0.44842,-0.63724,0.9998418092727661
1773142277.5725389,PC1,0,4,0.52504,0.45584,-0.60799,0.9998189210891724
1773142277.5725389,PC1,0,5,0.5131,0.45737,-0.60745,0.999796450138092
1773142277.5725389,PC1,0,6,0.50321,0.45954,-0.6075,0.9997768402099609
1773142277.5725389,PC1,0,7,0.62601,0.47028,-0.39774,0.9998797178268433
1773142277.5725389,PC1,0,8,0.49973,0.48583,-0.2644,0.9997799396514893
1773142277.5725389,PC1,0,9,0.57864,0.57601,-0.57325,0.9999208450317383
1773142277.5725389,PC1,0,10,0.52689,0.58013,-0.53109,0.9998742341995239
1773142277.5725389,PC1,0,11,0.74686,0.73666,-0.24722,0.9996099472045898
1773142277.5725389,PC1,0,12,0.43198,0.76833,-0.07325,0.9978545904159546
1773142277.5725389,PC1,0,13,0.94564,0.97839,-0.6344,0.8945816159248352
1773142277.5725389,PC1,0,14,0.32128,1.15315,-0.37563,0.6121969819068909
1773142277.5725389,PC1,0,15,0.85627,0.69158,-0.98915,0.8131745457649231
1773142277.5725389,PC1,0,16,0.32076,0.81968,-1.03172,0.6554485559463501
1773142277.5725389,PC1,0,17,0.8376,0.52437,-1.07998,0.7890557646751404
1773142277.5725389,PC1,0,18,0.31796,0.67206,-1.15396,0.6524813771247864
1773142277.5725389,PC1,0,19,0.80539,0.52866,-0.94496,0.8122101426124573
1773142277.5725389,PC1,0,20,0.30452,0.72566,-0.95713,0.7049018144607544
1773142277.5725389,PC1,0,21,0.79053,0.58678,-0.94846,0.8132138252258301
1773142277.5725389,PC1,0,22,0.33203,0.8151,-0.9293,0.7096562385559082
1773142277.5725389,PC1,0,23,0.85629,1.77218,-0.0858,0.003329033264890313
1773142277.5725389,PC1,0,24,0.62776,1.62716,0.0883,0.002008829964324832
1773142277.5725389,PC1,0,25,0.70962,2.45255,0.04366,0.0012351383920758963
1773142277.5725389,PC1,0,26,0.51581,2.32978,0.2184,0.0002750683343037963
1773142277.5725389,PC1,0,27,0.56689,3.05225,0.56553,8.915895887184888e-05
1773142277.5725389,PC1,0,28,0.40126,2.94346,0.58946,9.149618563242257e-06
1773142277.5725389,PC1,0,29,0.55954,3.13612,0.59855,6.0830614529550076e-05
1773142277.5725389,PC1,0,30,0.38563,3.02349,0.61914,2.829537152138073e-05
1773142277.5725389,PC1,0,31,0.49142,3.22083,0.1931,8.199225703720003e-05
1773142277.5725389,PC1,0,32,0.36927,3.1442,0.17554,5.4155709221959114e-05
1773142277.5725389,PC1,0,Angle_Elbow_L,102.54,,,
1773142277.5725389,PC1,0,Angle_Elbow_R,100.95,,,
1773142277.5725389,PC1,0,Angle_Shoulder_L,113.97,,,
1773142277.5725389,PC1,0,Angle_Shoulder_R,127.74,,,
1773142277.5725389,PC1,0,Length_UpperArm_L,0.4979,,,
1773142277.5725389,PC1,0,Length_LowerArm_L,0.4649,,,
1773142277.5725389,PC1,0,Length_UpperArm_R,0.5018,,,
1773142277.5725389,PC1,0,Length_LowerArm_R,0.736,,,
1773142277.5725389,PC1,0,Width_Shoulder,0.3611,,,
1773142277.6367319,PC1,0,0,0.54721,0.51414,-0.61157,0.9999143481254578
1773142277.6367319,PC1,0,1,0.57254,0.45225,-0.58782,0.9998650550842285
1773142277.6367319,PC1,0,2,0.58952,0.45049,-0.58758,0.9998659491539001
1773142277.6367319,PC1,0,3,0.60414,0.45014,-0.58731,0.9998681545257568
1773142277.6367319,PC1,0,4,0.52898,0.4575,-0.55999,0.9998493790626526
1773142277.6367319,PC1,0,5,0.51681,0.45928,-0.55956,0.9998302459716797
1773142277.6367319,PC1,0,6,0.50658,0.46171,-0.55951,0.999814510345459
1773142277.6367319,PC1,0,7,0.63062,0.47217,-0.35315,0.9998999238014221
1773142277.6367319,PC1,0,8,0.50308,0.48734,-0.22241,0.9998178482055664
1773142277.6367319,PC1,0,9,0.58259,0.57811,-0.52753,0.999933123588562
1773142277.6367319,PC1,0,10,0.52963,0.58111,-0.48773,0.9998944997787476
1773142277.6367319,PC1,0,11,0.74899,0.73753,-0.21032,0.9996486306190491
1773142277.6367319,PC1,0,12,0.4388,0.75633,-0.04668,0.9981762766838074
1773142277.6367319,PC1,0,13,0.94658,0.97971,-0.57893,0.9112175703048706
1773142277.6367319,PC1,0,14,0.32106,1.10796,-0.38868,0.6818450093269348
1773142277.6367319,PC1,0,15,0.84452,0.67757,-0.87536,0.8482572436332703
1773142277.6367319,PC1,0,16,0.34716,0.77133,-1.00642,0.7187529802322388
1773142277.6367319,PC1,0,17,0.82661,0.51623,-0.95587,0.8277282118797302
1773142277.6367319,PC1,0,18,0.3435,0.62697,-1.12004,0.7121945023536682
1773142277.6367319,PC1,0,19,0.79555,0.51504,-0.82791,0.8465219140052795
1773142277.6367319,PC1,0,20,0.34508,0.65694,-0.98429,0.7551901340484619
1773142277.6367319,PC1,0,21,0.78104,0.57164,-0.83642,0.8470814228057861
1773142277.6367319,PC1,0,22,0.37052,0.73257,-0.94189,0.7586676478385925
1773142277.6367319,PC1,0,23,0.85629,1.77218,-0.0858,0.0032891277223825455
1773142277.6367319,PC1,0,24,0.62776,1.62716,0.0883,0.0020989805925637484
1773142277.6367319,PC1,0,25,0.70962,2.45255,0.04366,0.0011411122977733612
1773142277.6367319,PC1,0,26,0.51581,2.32978,0.2184,0.0002522470022086054
1773142277.6367319,PC1,0,27,0.56689,3.05225,0.56553,8.205803896998987e-05
1773142277.6367319,PC1,0,28,0.40126,2.94346,0.58946,7.822151928849053e-06
1773142277.6367319,PC1,0,29,0.55954,3.13612,0.59855,5.5802167480578646e-05
1773142277.6367319,PC1,0,30,0.38563,3.02349,0.61914,2.450900137773715e-05
1773142277.6367319,PC1,0,31,0.49142,3.22083,0.1931,7.292761438293383e-05
1773142277.6367319,PC1,0,32,0.36927,3.1442,0.17554,4.801959221367724e-05
1773142277.6367319,PC1,0,Angle_Elbow_L,94.34,,,
1773142277.6367319,PC1,0,Angle_Elbow_R,104.65,,,
1773142277.6367319,PC1,0,Angle_Shoulder_L,116.83,,,
1773142277.6367319,PC1,0,Angle_Shoulder_R,123.83,,,
1773142277.6367319,PC1,0,Length_UpperArm_L,0.4833,,,
1773142277.6367319,PC1,0,Length_LowerArm_L,0.4354,,,
1773142277.6367319,PC1,0,Length_UpperArm_R,0.5045,,,
1773142277.6367319,PC1,0,Length_LowerArm_R,0.704,,,
1773142277.6367319,PC1,0,Width_Shoulder,0.3512,,,
1773142277.702365,PC1,0,0,0.55007,0.51544,-0.59872,0.9999287724494934
1773142277.702365,PC1,0,1,0.57559,0.45391,-0.57193,0.9998846054077148
1773142277.702365,PC1,0,2,0.59238,0.45239,-0.57161,0.9998857378959656
1773142277.702365,PC1,0,3,0.60717,0.45233,-0.57134,0.9998865723609924
1773142277.702365,PC1,0,4,0.53209,0.45926,-0.54573,0.9998711943626404
1773142277.702365,PC1,0,5,0.51984,0.46118,-0.54546,0.9998556971549988
1773142277.702365,PC1,0,6,0.50947,0.46375,-0.54526,0.9998416900634766
1773142277.702365,PC1,0,7,0.634,0.47407,-0.33777,0.9999147653579712
1773142277.702365,PC1,0,8,0.50621,0.48885,-0.21082,0.9998463988304138
1773142277.702365,PC1,0,9,0.58529,0.57996,-0.51436,0.999941349029541
1773142277.702365,PC1,0,10,0.532,0.58191,-0.47678,0.9999082684516907
1773142277.702365,PC1,0,11,0.75011,0.73794,-0.19507,0.9996784925460815
1773142277.702365,PC1,0,12,0.44369,0.74933,-0.04199,0.9984155297279358
1773142277.702365,PC1,0,13,0.94644,0.98136,-0.5369,0.9236687421798706
1773142277.702365,PC1,0,14,0.32166,1.07973,-0.40094,0.7372568249702454
1773142277.702365,PC1,0,15,0.83575,0.66662,-0.79636,0.8768936991691589
1773142277.702365,PC1,0,16,0.36584,0.74179,-0.99222,0.7711156010627747
1773142277.702365,PC1,0,17,0.81764,0.50979,-0.86911,0.8597248196601868
1773142277.702365,PC1,0,18,0.36403,0.59877,-1.09867,0.7636164426803589
1773142277.702365,PC1,0,19,0.78669,0.50585,-0.74329,0.8749311566352844
1773142277.702365,PC1,0,20,0.37241,0.61567,-0.97647,0.7986047267913818
1773142277.702365,PC1,0,21,0.77303,0.56088,-0.75744,0.8752502799034119
1773142277.702365,PC1,0,22,0.39578,0.68206,-0.94032,0.8010097146034241
1773142277.702365,PC1,0,23,0.85629,1.77218,-0.0858,0.0029806599486619234
1773142277.702365,PC1,0,24,0.62776,1.62716,0.0883,0.0019518369808793068
1773142277.702365,PC1,0,25,0.70962,2.45255,0.04366,0.001024358905851841
1773142277.702365,PC1,0,26,0.51581,2.32978,0.2184,0.00022435265418607742
1773142277.702365,PC1,0,27,0.56689,3.05225,0.56553,7.364484190475196e-05
1773142277.702365,PC1,0,28,0.40126,2.94346,0.58946,6.618344741582405e-06
1773142277.702365,PC1,0,29,0.55954,3.13612,0.59855,4.991002788301557e-05
1773142277.702365,PC1,0,30,0.38563,3.02349,0.61914,2.106572537741158e-05
1773142277.702365,PC1,0,31,0.49142,3.22083,0.1931,6.507410580525175e-05
1773142277.702365,PC1,0,32,0.36927,3.1442,0.17554,4.32340384577401e-05
1773142277.702365,PC1,0,Angle_Elbow_L,87.17,,,
1773142277.702365,PC1,0,Angle_Elbow_R,106.1,,,
1773142277.702365,PC1,0,Angle_Shoulder_L,119.2,,,
1773142277.702365,PC1,0,Angle_Shoulder_R,121.38,,,
1773142277.702365,PC1,0,Length_UpperArm_L,0.4633,,,
1773142277.702365,PC1,0,Length_LowerArm_L,0.4227,,,
1773142277.702365,PC1,0,Length_UpperArm_R,0.5029,,,
1773142277.702365,PC1,0,Length_LowerArm_R,0.6825,,,
1773142277.702365,PC1,0,Width_Shoulder,0.3427,,,
1773142277.7353,PC1,0,0,0.55133,0.51608,-0.57959,0.9999353289604187
1773142277.7353,PC1,0,1,0.57699,0.4547,-0.55123,0.9998947381973267
1773142277.7353,PC1,0,2,0.59372,0.45335,-0.55087,0.9998956322669983
1773142277.7353,PC1,0,3,0.60856,0.45344,-0.5506,0.9998964667320251
1773142277.7353,PC1,0,4,0.53347,0.46002,-0.52693,0.9998824596405029
1773142277.7353,PC1,0,5,0.52115,0.46199,-0.52664,0.9998681545257568
1773142277.7353,PC1,0,6,0.51071,0.46462,-0.52646,0.999855637550354
1773142277.7353,PC1,0,7,0.63563,0.47495,-0.31829,0.9999223351478577
1773142277.7353,PC1,0,8,0.50746,0.4896,-0.19819,0.9998603463172913
1773142277.7353,PC1,0,9,0.58648,0.5808,-0.49561,0.9999459981918335
1773142277.7353,PC1,0,10,0.53295,0.5823,-0.46042,0.9999159574508667
1773142277.7353,PC1,0,11,0.75046,0.73808,-0.17618,0.9997000694274902
1773142277.7353,PC1,0,12,0.44553,0.74643,-0.03666,0.9985333681106567
1773142277.7353,PC1,0,13,0.94628,0.98204,-0.50716,0.9300393462181091
1773142277.7353,PC1,0,14,0.32204,1.06971,-0.409,0.7608805298805237
1773142277.7353,PC1,0,15,0.83167,0.66224,-0.74616,0.8890718221664429
1773142277.7353,PC1,0,16,0.37477,0.72864,-0.97479,0.7928125262260437
1773142277.7353,PC1,0,17,0.81291,0.50707,-0.81515,0.873248279094696
1773142277.7353,PC1,0,18,0.3731,0.58597,-1.08104,0.7841107845306396
1773142277.7353,PC1,0,19,0.78205,0.50201,-0.6916,0.8869456052780151
1773142277.7353,PC1,0,20,0.38318,0.59695,-0.96054,0.815835177898407
1773142277.7353,PC1,0,21,0.76886,0.55625,-0.70778,0.8871455192565918
1773142277.7353,PC1,0,22,0.40579,0.65983,-0.92844,0.8176063895225525
1773142277.7353,PC1,0,23,0.85629,1.77218,-0.0858,0.0029427034314721823
1773142277.7353,PC1,0,24,0.62776,1.62716,0.0883,0.0019334884127601981
1773142277.7353,PC1,0,25,0.70962,2.45255,0.04366,0.0009816898964345455
1773142277.7353,PC1,0,26,0.51581,2.32978,0.2184,0.00021306528651621193
1773142277.7353,PC1,0,27,0.56689,3.05225,0.56553,6.914361438248307e-05
1773142277.7353,PC1,0,28,0.40126,2.94346,0.58946,6.10359256825177e-06
1773142277.7353,PC1,0,29,0.55954,3.13612,0.59855,4.6949393436079845e-05
1773142277.7353,PC1,0,30,0.38563,3.02349,0.61914,1.9398257791181095e-05
1773142277.7353,PC1,0,31,0.49142,3.22083,0.1931,6.213004962773994e-05
1773142277.7353,PC1,0,32,0.36927,3.1442,0.17554,4.064730819663964e-05
1773142277.7353,PC1,0,Angle_Elbow_L,83.52,,,
1773142277.7353,PC1,0,Angle_Elbow_R,106.18,,,
1773142277.7353,PC1,0,Angle_Shoulder_L,120.65,,,
1773142277.7353,PC1,0,Angle_Shoulder_R,120.54,,,
1773142277.7353,PC1,0,Length_UpperArm_L,0.4554,,,
1773142277.7353,PC1,0,Length_LowerArm_L,0.4154,,,
1773142277.7353,PC1,0,Length_UpperArm_R,0.5083,,,
1773142277.7353,PC1,0,Length_LowerArm_R,0.6627,,,
1773142277.7353,PC1,0,Width_Shoulder,0.3354,,,
1773142277.799818,PC1,0,0,0.5546,0.51788,-0.55738,0.999945342540741
1773142277.799818,PC1,0,1,0.58023,0.457,-0.52683,0.9999094605445862
1773142277.799818,PC1,0,2,0.59662,0.45606,-0.52642,0.9999098777770996
1773142277.799818,PC1,0,3,0.61117,0.45646,-0.52612,0.9999107122421265
1773142277.799818,PC1,0,4,0.53656,0.46185,-0.50511,0.9998986721038818
1773142277.799818,PC1,0,5,0.52396,0.4638,-0.50475,0.9998857975006104
1773142277.799818,PC1,0,6,0.5132,0.46649,-0.50461,0.999875545501709
1773142277.799818,PC1,0,7,0.63847,0.47722,-0.29403,0.9999333024024963
1773142277.799818,PC1,0,8,0.50946,0.49094,-0.18048,0.9998806715011597
1773142277.799818,PC1,0,9,0.58931,0.58298,-0.47336,0.9999522566795349
1773142277.799818,PC1,0,10,0.5349,0.58358,-0.44125,0.9999264478683472
1773142277.799818,PC1,0,11,0.7507,0.73782,-0.15274,0.999729573726654
1773142277.799818,PC1,0,12,0.44797,0.7425,-0.03203,0.9986953139305115
1773142277.799818,PC1,0,13,0.94533,0.98331,-0.47839,0.9391010999679565
1773142277.799818,PC1,0,14,0.32324,1.05682,-0.41551,0.7993828058242798
1773142277.799818,PC1,0,15,0.82377,0.65469,-0.69414,0.9098696708679199
1773142277.799818,PC1,0,16,0.38801,0.71023,-0.95604,0.8297005891799927
1773142277.799818,PC1,0,17,0.80425,0.50201,-0.75903,0.896332859992981
1773142277.799818,PC1,0,18,0.38716,0.56795,-1.06063,0.8186987042427063
1773142277.799818,PC1,0,19,0.77339,0.4952,-0.63604,0.9074552059173584
1773142277.799818,PC1,0,20,0.39925,0.57233,-0.94515,0.844990074634552
1773142277.799818,PC1,0,21,0.76076,0.54909,-0.65576,0.9074200987815857
1773142277.799818,PC1,0,22,0.42085,0.63018,-0.91872,0.8456813097000122
1773142277.799818,PC1,0,23,0.85629,1.77218,-0.0858,0.002715095179155469
1773142277.799818,PC1,0,24,0.62776,1.62716,0.0883,0.001797410543076694
1773142277.799818,PC1,0,25,0.70962,2.45255,0.04366,0.0009054607362486422
1773142277.799818,PC1,0,26,0.51581,2.32978,0.2184,0.00019239231187384576
1773142277.799818,PC1,0,27,0.56689,3.05225,0.56553,6.230473081814125e-05
1773142277.799818,PC1,0,28,0.40126,2.94346,0.58946,5.1816346058330964e-06
1773142277.799818,PC1,0,29,0.55954,3.13612,0.59855,4.18973395426292e-05
1773142277.799818,PC1,0,30,0.38563,3.02349,0.61914,1.6551475710002705e-05
1773142277.799818,PC1,0,31,0.49142,3.22083,0.1931,5.7338376791449264e-05
1773142277.799818,PC1,0,32,0.36927,3.1442,0.17554,3.652720988611691e-05
1773142277.799818,PC1,0,Angle_Elbow_L,79.44,,,
1773142277.799818,PC1,0,Angle_Elbow_R,105.88,,,
1773142277.799818,PC1,0,Angle_Shoulder_L,121.92,,,
1773142277.799818,PC1,0,Angle_Shoulder_R,119.83,,,
1773142277.799818,PC1,0,Length_UpperArm_L,0.4519,,,
1773142277.799818,PC1,0,Length_LowerArm_L,0.4115,,,
1773142277.799818,PC1,0,Length_UpperArm_R,0.5113,,,
1773142277.799818,PC1,0,Length_LowerArm_R,0.6454,,,
1773142277.799818,PC1,0,Width_Shoulder,0.3259,,,
1773142277.8663611,PC1,0,0,0.55952,0.51941,-0.60153,0.9999562501907349
1773142277.8663611,PC1,0,1,0.58449,0.4587,-0.56781,0.9999204874038696
1773142277.8663611,PC1,0,2,0.60046,0.4581,-0.56737,0.9999231696128845
1773142277.8663611,PC1,0,3,0.61452,0.4588,-0.56697,0.9999194145202637
1773142277.8663611,PC1,0,4,0.54081,0.46348,-0.54772,0.9999113082885742
1773142277.8663611,PC1,0,5,0.52805,0.46549,-0.54738,0.9999048113822937
1773142277.8663611,PC1,0,6,0.51705,0.46835,-0.54732,0.9998933672904968
1773142277.8663611,PC1,0,7,0.64179,0.47923,-0.32965,0.9999426603317261
1773142277.8663611,PC1,0,8,0.5126,0.4926,-0.22116,0.999902606010437
1773142277.8663611,PC1,0,9,0.59358,0.58448,-0.51529,0.9999561905860901
1773142277.8663611,PC1,0,10,0.53869,0.58446,-0.48483,0.9999338984489441
1773142277.8663611,PC1,0,11,0.75088,0.73413,-0.18601,0.9997504353523254
1773142277.8663611,PC1,0,12,0.4529,0.73797,-0.07765,0.9988998174667358
1773142277.8663611,PC1,0,13,0.94238,0.98285,-0.54342,0.949593722820282
1773142277.8663611,PC1,0,14,0.3271,1.04044,-0.47353,0.846983790397644
1773142277.8663611,PC1,0,15,0.81174,0.64043,-0.76711,0.9339852333068848
1773142277.8663611,PC1,0,16,0.40254,0.68772,-1.00314,0.8739811182022095
1773142277.8663611,PC1,0,17,0.79053,0.49366,-0.82763,0.9232085347175598
1773142277.8663611,PC1,0,18,0.40318,0.54946,-1.10479,0.8620659708976746
1773142277.8663611,PC1,0,19,0.76201,0.4849,-0.68614,0.931293249130249
1773142277.8663611,PC1,0,20,0.41958,0.54804,-0.99714,0.8815785050392151
1773142277.8663611,PC1,0,21,0.75015,0.5375,-0.71951,0.9309762120246887
1773142277.8663611,PC1,0,22,0.43913,0.60025,-0.98365,0.881233274936676
1773142277.8663611,PC1,0,23,0.85629,1.77218,-0.0858,0.0025476522278040648
1773142277.8663611,PC1,0,24,0.62776,1.62716,0.0883,0.00173298385925591
1773142277.8663611,PC1,0,25,0.70962,2.45255,0.04366,0.0010033531580120325
1773142277.8663611,PC1,0,26,0.51581,2.32978,0.2184,0.00022527779219672084
1773142277.8663611,PC1,0,27,0.56689,3.05225,0.56553,8.326562965521589e-05
1773142277.8663611,PC1,0,28,0.40126,2.94346,0.58946,6.3705892898724414e-06
1773142277.8663611,PC1,0,29,0.55954,3.13612,0.59855,4.9367157771484926e-05
1773142277.8663611,PC1,0,30,0.38563,3.02349,0.61914,2.2509302652906626e-05
1773142277.8663611,PC1,0,31,0.49142,3.22083,0.1931,6.502265750896186e-05
1773142277.8663611,PC1,0,32,0.36927,3.1442,0.17554,5.453342237160541e-05
1773142277.8663611,PC1,0,Angle_Elbow_L,81.49,,,
1773142277.8663611,PC1,0,Angle_Elbow_R,106.49,,,
1773142277.8663611,PC1,0,Angle_Shoulder_L,117.93,,,
1773142277.8663611,PC1,0,Angle_Shoulder_R,115.97,,,
1773142277.8663611,PC1,0,Length_UpperArm_L,0.4757,,,
1773142277.8663611,PC1,0,Length_LowerArm_L,0.4294,,,
1773142277.8663611,PC1,0,Length_UpperArm_R,0.5138,,,
1773142277.8663611,PC1,0,Length_LowerArm_R,0.6408,,,
1773142277.8663611,PC1,0,Width_Shoulder,0.3171,,,
1773142277.987977,PC1,0,0,0.56279,0.51982,-0.63365,0.9999616146087646
1773142277.987977,PC1,0,1,0.58731,0.45915,-0.59967,0.9999248385429382
1773142277.987977,PC1,0,2,0.60302,0.45876,-0.59922,0.99992835521698
1773142277.987977,PC1,0,3,0.61674,0.45974,-0.59898,0.9999223351478577
1773142277.987977,PC1,0,4,0.54366,0.46399,-0.58005,0.9999165534973145
1773142277.987977,PC1,0,5,0.53091,0.46613,-0.57997,0.9999133348464966
1773142277.987977,PC1,0,6,0.5199,0.46931,-0.57995,0.999901533126831
1773142277.987977,PC1,0,7,0.6439,0.48058,-0.35928,0.9999464154243469
1773142277.987977,PC1,0,8,0.51478,0.49368,-0.25315,0.9999126195907593
1773142277.987977,PC1,0,9,0.59627,0.58488,-0.54497,0.999956488609314
1773142277.987977,PC1,0,10,0.54126,0.58466,-0.51562,0.9999359250068665
1773142277.987977,PC1,0,11,0.74993,0.73171,-0.2105,0.9997466206550598
1773142277.987977,PC1,0,12,0.45533,0.738,-0.0995,0.9989873170852661
1773142277.987977,PC1,0,13,0.93966,0.97869,-0.57736,0.9546306133270264
1773142277.987977,PC1,0,14,0.32906,1.03127,-0.49706,0.8701527714729309
1773142277.987977,PC1,0,15,0.80365,0.62628,-0.78952,0.9462076425552368
1773142277.987977,PC1,0,16,0.41291,0.67488,-1.00789,0.8967581987380981
1773142277.987977,PC1,0,17,0.78054,0.4845,-0.84922,0.9365580081939697
1773142277.987977,PC1,0,18,0.41499,0.5407,-1.10703,0.8849151730537415
1773142277.987977,PC1,0,19,0.75358,0.47436,-0.7105,0.9430809617042542
1773142277.987977,PC1,0,20,0.4323,0.53436,-1.00198,0.9009212255477905
1773142277.987977,PC1,0,21,0.74287,0.52611,-0.7437,0.9425605535507202
1773142277.987977,PC1,0,22,0.45016,0.58231,-0.98975,0.8998902440071106
1773142277.987977,PC1,0,23,0.85629,1.77218,-0.0858,0.0023437305353581905
1773142277.987977,PC1,0,24,0.62776,1.62716,0.0883,0.0016110134311020374
1773142277.987977,PC1,0,25,0.70962,2.45255,0.04366,0.0010624236892908812
1773142277.987977,PC1,0,26,0.51581,2.32978,0.2184,0.00022944049851503223
1773142277.987977,PC1,0,27,0.56689,3.05225,0.56553,9.103116462938488e-05
1773142277.987977,PC1,0,28,0.40126,2.94346,0.58946,6.75325873089605e-06
1773142277.987977,PC1,0,29,0.55954,3.13612,0.59855,5.179758227313869e-05
1773142277.987977,PC1,0,30,0.38563,3.02349,0.61914,2.3237844288814813e-05
1773142277.987977,PC1,0,31,0.49142,3.22083,0.1931,7.318644929910079e-05
1773142277.987977,PC1,0,32,0.36927,3.1442,0.17554,6.480263255070895e-05
1773142277.987977,PC1,0,Angle_Elbow_L,80.33,,,
1773142277.987977,PC1,0,Angle_Elbow_R,105.93,,,
1773142277.987977,PC1,0,Angle_Shoulder_L,115.88,,,
1773142277.987977,PC1,0,Angle_Shoulder_R,113.81,,,
1773142277.987977,PC1,0,Length_UpperArm_L,0.4812,,,
1773142277.987977,PC1,0,Length_LowerArm_L,0.4332,,,
1773142277.987977,PC1,0,Length_UpperArm_R,0.5099,,,
1773142277.987977,PC1,0,Length_LowerArm_R,0.6285,,,
1773142277.987977,PC1,0,Width_Shoulder,0.3149,,,
1773142278.055902,PC1,0,0,0.56396,0.52008,-0.60213,0.9999675154685974
1773142278.055902,PC1,0,1,0.58834,0.45949,-0.56802,0.9999342560768127
1773142278.055902,PC1,0,2,0.60395,0.45917,-0.56757,0.9999373555183411
1773142278.055902,PC1,0,3,0.61757,0.46026,-0.56727,0.9999319314956665
1773142278.055902,PC1,0,4,0.54493,0.46445,-0.54759,0.9999269843101501
1773142278.055902,PC1,0,5,0.53227,0.4667,-0.54746,0.9999241828918457
1773142278.055902,PC1,0,6,0.52137,0.47003,-0.5474,0.9999141693115234
1773142278.055902,PC1,0,7,0.64461,0.4814,-0.33307,0.99995356798172
1773142278.055902,PC1,0,8,0.51589,0.49454,-0.22283,0.9999251961708069
1773142278.055902,PC1,0,9,0.59717,0.5849,-0.51617,0.9999611973762512
1773142278.055902,PC1,0,10,0.54225,0.58481,-0.4858,0.9999432563781738
1773142278.055902,PC1,0,11,0.74885,0.73039,-0.19355,0.9997606873512268
1773142278.055902,PC1,0,12,0.45688,0.73745,-0.06897,0.9990807175636292
1773142278.055902,PC1,0,13,0.93847,0.97454,-0.54621,0.9602640867233276
1773142278.055902,PC1,0,14,0.32982,1.02141,-0.45589,0.8907577395439148
1773142278.055902,PC1,0,15,0.8,0.61788,-0.72401,0.9561455845832825
1773142278.055902,PC1,0,16,0.41729,0.66584,-0.94581,0.9147598743438721
1773142278.055902,PC1,0,17,0.77593,0.47962,-0.78069,0.947429895401001
1773142278.055902,PC1,0,18,0.42029,0.53547,-1.04266,0.9018042087554932
1773142278.055902,PC1,0,19,0.74942,0.46929,-0.64343,0.9526975154876709
1773142278.055902,PC1,0,20,0.43865,0.52873,-0.93778,0.9151116013526917
1773142278.055902,PC1,0,21,0.73932,0.51946,-0.67877,0.952114999294281
1773142278.055902,PC1,0,22,0.45558,0.57409,-0.92812,0.913772463798523
1773142278.055902,PC1,0,23,0.85629,1.77218,-0.0858,0.002157078590244055
1773142278.055902,PC1,0,24,0.62776,1.62716,0.0883,0.0014840649673715234
1773142278.055902,PC1,0,25,0.70962,2.45255,0.04366,0.0009386223391629755
1773142278.055902,PC1,0,26,0.51581,2.32978,0.2184,0.0001997836516238749
1773142278.055902,PC1,0,27,0.56689,3.05225,0.56553,7.814626587787643e-05
1773142278.055902,PC1,0,28,0.40126,2.94346,0.58946,5.6553435570094734e-06
1773142278.055902,PC1,0,29,0.55954,3.13612,0.59855,4.443529178388417e-05
1773142278.055902,PC1,0,30,0.38563,3.02349,0.61914,1.952704224095214e-05
1773142278.055902,PC1,0,31,0.49142,3.22083,0.1931,6.300405948422849e-05
1773142278.055902,PC1,0,32,0.36927,3.1442,0.17554,5.5421318393200636e-05
1773142278.055902,PC1,0,Angle_Elbow_L,75.17,,,
1773142278.055902,PC1,0,Angle_Elbow_R,104.78,,,
1773142278.055902,PC1,0,Angle_Shoulder_L,117.81,,,
1773142278.055902,PC1,0,Angle_Shoulder_R,114.83,,,
1773142278.055902,PC1,0,Length_UpperArm_L,0.469,,,
1773142278.055902,PC1,0,Length_LowerArm_L,0.4219,,,
1773142278.055902,PC1,0,Length_UpperArm_R,0.4965,,,
1773142278.055902,PC1,0,Length_LowerArm_R,0.6116,,,
1773142278.055902,PC1,0,Width_Shoulder,0.3175,,,
1773142278.1267042,PC1,0,0,0.56451,0.52015,-0.57854,0.9999722838401794
1773142278.1267042,PC1,0,1,0.58883,0.45981,-0.54574,0.9999396800994873
1773142278.1267042,PC1,0,2,0.6043,0.45947,-0.54529,0.9999434947967529
1773142278.1267042,PC1,0,3,0.61791,0.46061,-0.54493,0.9999367594718933
1773142278.1267042,PC1,0,4,0.54578,0.46501,-0.5238,0.9999331831932068
1773142278.1267042,PC1,0,5,0.53321,0.46732,-0.52368,0.9999323487281799
1773142278.1267042,PC1,0,6,0.52241,0.4707,-0.52355,0.9999220371246338
1773142278.1267042,PC1,0,7,0.64488,0.48186,-0.3174,0.9999588131904602
1773142278.1267042,PC1,0,8,0.51688,0.4951,-0.20131,0.9999351501464844
1773142278.1267042,PC1,0,9,0.59756,0.58449,-0.49536,0.9999646544456482
1773142278.1267042,PC1,0,10,0.54278,0.58443,-0.46304,0.9999487400054932
1773142278.1267042,PC1,0,11,0.74784,0.72877,-0.18392,0.9997846484184265
1773142278.1267042,PC1,0,12,0.45885,0.73592,-0.04616,0.9992075562477112
1773142278.1267042,PC1,0,13,0.93765,0.97071,-0.52207,0.9641543626785278
1773142278.1267042,PC1,0,14,0.33085,1.01534,-0.42284,0.9067866802215576
1773142278.1267042,PC1,0,15,0.7971,0.61171,-0.67291,0.9643418192863464
1773142278.1267042,PC1,0,16,0.41989,0.66084,-0.90495,0.9304170608520508
1773142278.1267042,PC1,0,17,0.77257,0.47626,-0.7281,0.956878662109375
1773142278.1267042,PC1,0,18,0.42373,0.53231,-0.99945,0.9188356399536133
1773142278.1267042,PC1,0,19,0.74638,0.46594,-0.59531,0.9611072540283203
1773142278.1267042,PC1,0,20,0.44296,0.5255,-0.89569,0.9295995235443115
1773142278.1267042,PC1,0,21,0.73658,0.51482,-0.62964,0.9605536460876465
1773142278.1267042,PC1,0,22,0.45935,0.56928,-0.88784,0.928299605846405
1773142278.1267042,PC1,0,23,0.85629,1.77218,-0.0858,0.0019325128523632884
1773142278.1267042,PC1,0,24,0.62776,1.62716,0.0883,0.0013440862530842423
1773142278.1267042,PC1,0,25,0.70962,2.45255,0.04366,0.0008185072219930589
1773142278.1267042,PC1,0,26,0.51581,2.32978,0.2184,0.00017414038302376866
1773142278.1267042,PC1,0,27,0.56689,3.05225,0.56553,6.674090400338173e-05
1773142278.1267042,PC1,0,28,0.40126,2.94346,0.58946,4.76761215395527e-06
1773142278.1267042,PC1,0,29,0.55954,3.13612,0.59855,3.8167054299265146e-05
1773142278.1267042,PC1,0,30,0.38563,3.02349,0.61914,1.6650599718559533e-05
1773142278.1267042,PC1,0,31,0.49142,3.22083,0.1931,5.4120493587106466e-05
1773142278.1267042,PC1,0,32,0.36927,3.1442,0.17554,4.7619461838621646e-05
1773142278.1267042,PC1,0,Angle_Elbow_L,70.7,,,
1773142278.1267042,PC1,0,Angle_Elbow_R,104.0,,,
1773142278.1267042,PC1,0,Angle_Shoulder_L,119.43,,,
1773142278.1267042,PC1,0,Angle_Shoulder_R,115.87,,,
1773142278.1267042,PC1,0,Length_UpperArm_L,0.4571,,,
1773142278.1267042,PC1,0,Length_LowerArm_L,0.414,,,
1773142278.1267042,PC1,0,Length_UpperArm_R,0.4862,,,
1773142278.1267042,PC1,0,Length_LowerArm_R,0.605,,,
1773142278.1267042,PC1,0,Width_Shoulder,0.3202,,,
1773142278.16747,PC1,0,0,0.56464,0.52013,-0.57214,0.9999739527702332
1773142278.16747,PC1,0,1,0.58895,0.45994,-0.53979,0.9999409317970276
1773142278.16747,PC1,0,2,0.60439,0.45961,-0.53935,0.9999448657035828
1773142278.16747,PC1,0,3,0.61801,0.46078,-0.53897,0.9999377727508545
1773142278.16747,PC1,0,4,0.54604,0.46521,-0.51746,0.9999348521232605
1773142278.16747,PC1,0,5,0.53351,0.46755,-0.51735,0.9999343752861023
1773142278.16747,PC1,0,6,0.52274,0.47093,-0.51718,0.9999242424964905
1773142278.16747,PC1,0,7,0.64495,0.48203,-0.31352,0.9999603033065796
1773142278.16747,PC1,0,8,0.5172,0.49526,-0.19569,0.9999385476112366
1773142278.16747,PC1,0,9,0.59767,0.58434,-0.48965,0.9999656081199646
1773142278.16747,PC1,0,10,0.54294,0.58418,-0.45677,0.9999507069587708
1773142278.16747,PC1,0,11,0.74734,0.72804,-0.18209,0.9997907280921936
1773142278.16747,PC1,0,12,0.45947,0.7347,-0.03996,0.9992598295211792
1773142278.16747,PC1,0,13,0.93745,0.96921,-0.51581,0.9658771753311157
1773142278.16747,PC1,0,14,0.33123,1.01343,-0.41465,0.9139465093612671
1773142278.16747,PC1,0,15,0.79599,0.60938,-0.66004,0.96779865026474
1773142278.16747,PC1,0,16,0.42054,0.65944,-0.89671,0.9369651675224304
1773142278.16747,PC1,0,17,0.77141,0.47507,-0.71455,0.960726261138916
1773142278.16747,PC1,0,18,0.42466,0.53143,-0.99051,0.9256550669670105
1773142278.16747,PC1,0,19,0.74515,0.46481,-0.58262,0.9644944071769714
1773142278.16747,PC1,0,20,0.44429,0.52449,-0.88698,0.9353324770927429
1773142278.16747,PC1,0,21,0.73522,0.51324,-0.61712,0.9639449715614319
1773142278.16747,PC1,0,22,0.46046,0.5678,-0.87976,0.9340304136276245
1773142278.16747,PC1,0,23,0.85629,1.77218,-0.0858,0.0018911466468125582
1773142278.16747,PC1,0,24,0.62776,1.62716,0.0883,0.0013351370580494404
1773142278.16747,PC1,0,25,0.70962,2.45255,0.04366,0.0007716633845120668
1773142278.16747,PC1,0,26,0.51581,2.32978,0.2184,0.0001649465411901474
1773142278.16747,PC1,0,27,0.56689,3.05225,0.56553,6.192998989718035e-05
1773142278.16747,PC1,0,28,0.40126,2.94346,0.58946,4.391939000925049e-06
1773142278.16747,PC1,0,29,0.55954,3.13612,0.59855,3.558184107532725e-05
1773142278.16747,PC1,0,30,0.38563,3.02349,0.61914,1.5411134882015176e-05
1773142278.16747,PC1,0,31,0.49142,3.22083,0.1931,5.04587369505316e-05
1773142278.16747,PC1,0,32,0.36927,3.1442,0.17554,4.428606916917488e-05
1773142278.16747,PC1,0,Angle_Elbow_L,69.5,,,
1773142278.16747,PC1,0,Angle_Elbow_R,103.93,,,
1773142278.16747,PC1,0,Angle_Shoulder_L,119.87,,,
1773142278.16747,PC1,0,Angle_Shoulder_R,116.14,,,
1773142278.16747,PC1,0,Length_UpperArm_L,0.4535,,,
1773142278.16747,PC1,0,Length_LowerArm_L,0.4127,,,
1773142278.16747,PC1,0,Length_UpperArm_R,0.4843,,,
1773142278.16747,PC1,0,Length_LowerArm_R,0.6047,,,
1773142278.16747,PC1,0,Width_Shoulder,0.3211,,,
1773142278.223226,PC1,0,0,0.56447,0.51997,-0.56401,0.9999762773513794
1773142278.223226,PC1,0,1,0.58911,0.4602,-0.53379,0.9999392628669739
1773142278.223226,PC1,0,2,0.60451,0.45991,-0.53335,0.999944806098938
1773142278.223226,PC1,0,3,0.61819,0.46116,-0.53294,0.9999350905418396
1773142278.223226,PC1,0,4,0.54634,0.46545,-0.50967,0.999934196472168
1773142278.223226,PC1,0,5,0.53394,0.46774,-0.50967,0.999936044216156
1773142278.223226,PC1,0,6,0.52329,0.47098,-0.50933,0.9999246001243591
1773142278.223226,PC1,0,7,0.64505,0.48236,-0.31397,0.999961256980896
1773142278.223226,PC1,0,8,0.51785,0.49526,-0.1897,0.9999426603317261
1773142278.223226,PC1,0,9,0.59749,0.58405,-0.48384,0.9999655485153198
1773142278.223226,PC1,0,10,0.54299,0.5835,-0.44886,0.9999521374702454
1773142278.223226,PC1,0,11,0.74598,0.72642,-0.18383,0.999791145324707
1773142278.223226,PC1,0,12,0.46074,0.73065,-0.03426,0.9993352890014648
1773142278.223226,PC1,0,13,0.93854,0.96601,-0.51093,0.9687802791595459
1773142278.223226,PC1,0,14,0.33212,1.01048,-0.40749,0.9240999817848206
1773142278.223226,PC1,0,15,0.79383,0.60373,-0.64329,0.9737589955329895
1773142278.223226,PC1,0,16,0.42099,0.66596,-0.89189,0.9483609199523926
1773142278.223226,PC1,0,17,0.76916,0.47179,-0.69445,0.9675292372703552
1773142278.223226,PC1,0,18,0.42403,0.5349,-0.98582,0.9381168484687805
1773142278.223226,PC1,0,19,0.74251,0.46204,-0.56367,0.9705164432525635
1773142278.223226,PC1,0,20,0.44643,0.52532,-0.88296,0.9459386467933655
1773142278.223226,PC1,0,21,0.73219,0.50984,-0.60022,0.9700086116790771
1773142278.223226,PC1,0,22,0.46257,0.5687,-0.87534,0.9446857571601868
1773142278.223226,PC1,0,23,0.85629,1.77218,-0.0858,0.0018232151633128524
1773142278.223226,PC1,0,24,0.62776,1.62716,0.0883,0.0013127279235050082
1773142278.223226,PC1,0,25,0.70962,2.45255,0.04366,0.000696364208124578
1773142278.223226,PC1,0,26,0.51581,2.32978,0.2184,0.00015066015475895256
1773142278.223226,PC1,0,27,0.56689,3.05225,0.56553,5.385321128414944e-05
1773142278.223226,PC1,0,28,0.40126,2.94346,0.58946,3.7534327930188738e-06
1773142278.223226,PC1,0,29,0.55954,3.13612,0.59855,3.161621862091124e-05
1773142278.223226,PC1,0,30,0.38563,3.02349,0.61914,1.3397176189755555e-05
1773142278.223226,PC1,0,31,0.49142,3.22083,0.1931,4.428507963893935e-05
1773142278.223226,PC1,0,32,0.36927,3.1442,0.17554,3.878763527609408e-05
1773142278.223226,PC1,0,Angle_Elbow_L,67.3,,,
1773142278.223226,PC1,0,Angle_Elbow_R,104.53,,,
1773142278.223226,PC1,0,Angle_Shoulder_L,120.26,,,
1773142278.223226,PC1,0,Angle_Shoulder_R,116.45,,,
1773142278.223226,PC1,0,Length_UpperArm_L,0.4489,,,
1773142278.223226,PC1,0,Length_LowerArm_L,0.412,,,
1773142278.223226,PC1,0,Length_UpperArm_R,0.4839,,,
1773142278.223226,PC1,0,Length_LowerArm_R,0.601,,,
1773142278.223226,PC1,0,Width_Shoulder,0.3221,,,
1773142278.335171,PC1,0,0,0.5634,0.51909,-0.52497,0.9999806880950928
1773142278.335171,PC1,0,1,0.58863,0.45957,-0.49444,0.9999464750289917
1773142278.335171,PC1,0,2,0.60417,0.45965,-0.49399,0.9999532103538513
1773142278.335171,PC1,0,3,0.61793,0.46128,-0.49354,0.9999426603317261
1773142278.335171,PC1,0,4,0.54583,0.46389,-0.47249,0.9999420642852783
1773142278.335171,PC1,0,5,0.53362,0.46596,-0.47234,0.9999455809593201
1773142278.335171,PC1,0,6,0.52319,0.46884,-0.47203,0.9999327659606934
1773142278.335171,PC1,0,7,0.6447,0.48234,-0.27748,0.999967634677887
1773142278.335171,PC1,0,8,0.51779,0.49372,-0.16539,0.999951183795929
1773142278.335171,PC1,0,9,0.59641,0.58426,-0.44574,0.9999682307243347
1773142278.335171,PC1,0,10,0.54273,0.58173,-0.41413,0.9999549388885498
1773142278.335171,PC1,0,11,0.74311,0.7237,-0.15355,0.9997897744178772
1773142278.335171,PC1,0,12,0.45511,0.73042,-0.01992,0.9992021918296814
1773142278.335171,PC1,0,13,0.94223,0.95668,-0.50256,0.9755419492721558
1773142278.335171,PC1,0,14,0.34648,1.04866,-0.38677,0.9039069414138794
1773142278.335171,PC1,0,15,0.79296,0.59746,-0.6794,0.9824501872062683
1773142278.335171,PC1,0,16,0.42036,0.74078,-0.90649,0.9596002101898193
1773142278.335171,PC1,0,17,0.76635,0.46752,-0.73408,0.9775727391242981
1773142278.335171,PC1,0,18,0.41564,0.6193,-1.00113,0.9492712616920471
1773142278.335171,PC1,0,19,0.73962,0.45838,-0.60775,0.9795317649841309
1773142278.335171,PC1,0,20,0.43625,0.59758,-0.91507,0.9555962085723877
1773142278.335171,PC1,0,21,0.72962,0.50673,-0.638,0.9790257215499878
1773142278.335171,PC1,0,22,0.45348,0.63896,-0.89703,0.9544886946678162
1773142278.335171,PC1,0,23,0.85629,1.77218,-0.0858,0.0023070683237165213
1773142278.335171,PC1,0,24,0.62776,1.62716,0.0883,0.0015206151874735951
1773142278.335171,PC1,0,25,0.70962,2.45255,0.04366,0.0008323242072947323
1773142278.335171,PC1,0,26,0.51581,2.32978,0.2184,0.00016340578440576792
1773142278.335171,PC1,0,27,0.56689,3.05225,0.56553,6.446008774219081e-05
1773142278.335171,PC1,0,28,0.40126,2.94346,0.58946,4.464530775294406e-06
1773142278.335171,PC1,0,29,0.55954,3.13612,0.59855,3.524124622344971e-05
1773142278.335171,PC1,0,30,0.38563,3.02349,0.61914,1.3629331078846008e-05
1773142278.335171,PC1,0,31,0.49142,3.22083,0.1931,5.149991557118483e-05
1773142278.335171,PC1,0,32,0.36927,3.1442,0.17554,3.940363967558369e-05
1773142278.335171,PC1,0,Angle_Elbow_L,74.9,,,
1773142278.335171,PC1,0,Angle_Elbow_R,106.23,,,
1773142278.335171,PC1,0,Angle_Shoulder_L,119.3,,,
1773142278.335171,PC1,0,Angle_Shoulder_R,122.2,,,
1773142278.335171,PC1,0,Length_UpperArm_L,0.4645,,,
1773142278.335171,PC1,0,Length_LowerArm_L,0.4273,,,
1773142278.335171,PC1,0,Length_UpperArm_R,0.4977,,,
1773142278.335171,PC1,0,Length_LowerArm_R,0.6086,,,
1773142278.335171,PC1,0,Width_Shoulder,0.3176,,,
1773142278.491978,PC1,0,0,0.56155,0.51773,-0.57587,0.9999786615371704
1773142278.491978,PC1,0,1,0.58518,0.45848,-0.54655,0.9999512434005737
1773142278.491978,PC1,0,2,0.60109,0.45857,-0.54624,0.9999574422836304
1773142278.491978,PC1,0,3,0.61505,0.46003,-0.54605,0.99994957447052
1773142278.491978,PC1,0,4,0.54311,0.46217,-0.52958,0.9999421834945679
1773142278.491978,PC1,0,5,0.53139,0.464,-0.52923,0.999940812587738
1773142278.491978,PC1,0,6,0.52155,0.46651,-0.52912,0.9999221563339233
1773142278.491978,PC1,0,7,0.64094,0.47956,-0.30656,0.9999718070030212
1773142278.491978,PC1,0,8,0.51746,0.49098,-0.22291,0.999946653842926
1773142278.491978,PC1,0,9,0.59454,0.58216,-0.48476,0.9999707937240601
1773142278.491978,PC1,0,10,0.54301,0.57976,-0.46044,0.9999540448188782
1773142278.491978,PC1,0,11,0.73787,0.71508,-0.15703,0.9997901916503906
1773142278.491978,PC1,0,12,0.45693,0.72414,-0.03374,0.9979514479637146
1773142278.491978,PC1,0,13,0.94368,0.93074,-0.53619,0.9826894998550415
1773142278.491978,PC1,0,14,0.37675,1.02199,-0.25896,0.6493535041809082
1773142278.491978,PC1,0,15,0.79337,0.58959,-0.79932,0.9884393811225891
1773142278.491978,PC1,0,16,0.39853,1.00761,-0.74703,0.7210529446601868
1773142278.491978,PC1,0,17,0.76208,0.46363,-0.86813,0.9817751049995422
1773142278.491978,PC1,0,18,0.3862,0.99606,-0.82729,0.7338253259658813
1773142278.491978,PC1,0,19,0.73721,0.4539,-0.75382,0.9833009243011475
1773142278.491978,PC1,0,20,0.40613,0.97463,-0.78999,0.7718300819396973
1773142278.491978,PC1,0,21,0.72942,0.5013,-0.76293,0.9819738864898682
1773142278.491978,PC1,0,22,0.42128,0.98153,-0.75509,0.7689470052719116
1773142278.491978,PC1,0,23,0.85629,1.77218,-0.0858,0.005502911750227213
1773142278.491978,PC1,0,24,0.62776,1.62716,0.0883,0.002709890715777874
1773142278.491978,PC1,0,25,0.70962,2.45255,0.04366,0.001303120981901884
1773142278.491978,PC1,0,26,0.51581,2.32978,0.2184,0.0002501584531273693
1773142278.491978,PC1,0,27,0.56689,3.05225,0.56553,9.114243584917858e-05
1773142278.491978,PC1,0,28,0.40126,2.94346,0.58946,8.41972723719664e-06
1773142278.491978,PC1,0,29,0.55954,3.13612,0.59855,5.597003473667428e-05
1773142278.491978,PC1,0,30,0.38563,3.02349,0.61914,2.173125176341273e-05
1773142278.491978,PC1,0,31,0.49142,3.22083,0.1931,0.00011677706788759679
1773142278.491978,PC1,0,32,0.36927,3.1442,0.17554,7.716206891927868e-05
1773142278.491978,PC1,0,Angle_Elbow_L,88.77,,,
1773142278.491978,PC1,0,Angle_Elbow_R,123.82,,,
1773142278.491978,PC1,0,Angle_Shoulder_L,115.21,,,
1773142278.491978,PC1,0,Angle_Shoulder_R,132.85,,,
1773142278.491978,PC1,0,Length_UpperArm_L,0.4823,,,
1773142278.491978,PC1,0,Length_LowerArm_L,0.4563,,,
1773142278.491978,PC1,0,Length_UpperArm_R,0.3819,,,
1773142278.491978,PC1,0,Length_LowerArm_R,0.4888,,,
1773142278.491978,PC1,0,Width_Shoulder,0.3069,,,
1773142278.523214,PC1,0,0,0.56101,0.5167,-0.57339,0.9999790191650391
1773142278.523214,PC1,0,1,0.58445,0.45772,-0.54433,0.9999528527259827
1773142278.523214,PC1,0,2,0.60033,0.45764,-0.54403,0.9999584555625916
1773142278.523214,PC1,0,3,0.61439,0.45884,-0.54384,0.9999513030052185
1773142278.523214,PC1,0,4,0.54263,0.46158,-0.52763,0.9999435544013977
1773142278.523214,PC1,0,5,0.531,0.4634,-0.52726,0.9999415278434753
1773142278.523214,PC1,0,6,0.52127,0.46589,-0.52718,0.9999232292175293
1773142278.523214,PC1,0,7,0.64004,0.47789,-0.30604,0.999972403049469
1773142278.523214,PC1,0,8,0.51748,0.49026,-0.22392,0.9999474287033081
1773142278.523214,PC1,0,9,0.59395,0.5804,-0.48269,0.9999718070030212
1773142278.523214,PC1,0,10,0.54298,0.57878,-0.45876,0.9999551773071289
1773142278.523214,PC1,0,11,0.73764,0.71381,-0.15813,0.9997842311859131
1773142278.523214,PC1,0,12,0.45893,0.72311,-0.03708,0.9979184865951538
1773142278.523214,PC1,0,13,0.94444,0.92481,-0.5458,0.98359215259552
1773142278.523214,PC1,0,14,0.38693,1.0182,-0.23843,0.6003660559654236
1773142278.523214,PC1,0,15,0.79375,0.58674,-0.81758,0.9893065094947815
1773142278.523214,PC1,0,16,0.40335,1.05837,-0.71646,0.6690818071365356
1773142278.523214,PC1,0,17,0.76174,0.46173,-0.8888,0.9823496341705322
1773142278.523214,PC1,0,18,0.3907,1.06406,-0.7932,0.6881313920021057
1773142278.523214,PC1,0,19,0.73697,0.45219,-0.77355,0.9837930798530579
1773142278.523214,PC1,0,20,0.41135,1.04304,-0.76747,0.7314990162849426
1773142278.523214,PC1,0,21,0.72979,0.49919,-0.78128,0.9824180603027344
1773142278.523214,PC1,0,22,0.42558,1.04407,-0.72816,0.7307402491569519
1773142278.523214,PC1,0,23,0.85629,1.77218,-0.0858,0.006477379705756903
1773142278.523214,PC1,0,24,0.62776,1.62716,0.0883,0.0031966257374733686
1773142278.523214,PC1,0,25,0.70962,2.45255,0.04366,0.0012944129994139075
1773142278.523214,PC1,0,26,0.51581,2.32978,0.2184,0.00024532704264856875
1773142278.523214,PC1,0,27,0.56689,3.05225,0.56553,9.156365558737889e-05
1773142278.523214,PC1,0,28,0.40126,2.94346,0.58946,8.119975973386317e-06
1773142278.523214,PC1,0,29,0.55954,3.13612,0.59855,5.7916353398468345e-05
1773142278.523214,PC1,0,30,0.38563,3.02349,0.61914,2.166937520087231e-05
1773142278.523214,PC1,0,31,0.49142,3.22083,0.1931,0.00011833754979306832
1773142278.523214,PC1,0,32,0.36927,3.1442,0.17554,7.647704478586093e-05
1773142278.523214,PC1,0,Angle_Elbow_L,90.73,,,
1773142278.523214,PC1,0,Angle_Elbow_R,127.68,,,
1773142278.523214,PC1,0,Angle_Shoulder_L,114.11,,,
1773142278.523214,PC1,0,Angle_Shoulder_R,135.56,,,
1773142278.523214,PC1,0,Length_UpperArm_L,0.4874,,,
1773142278.523214,PC1,0,Length_LowerArm_L,0.4592,,,
1773142278.523214,PC1,0,Length_UpperArm_R,0.3644,,,
1773142278.523214,PC1,0,Length_LowerArm_R,0.48,,,
1773142278.523214,PC1,0,Width_Shoulder,0.304,,,
1773142278.644038,PC1,0,0,0.55943,0.51472,-0.57321,0.9999788403511047
1773142278.644038,PC1,0,1,0.58285,0.45617,-0.54219,0.9999531507492065
1773142278.644038,PC1,0,2,0.59868,0.45572,-0.54197,0.9999588131904602
1773142278.644038,PC1,0,3,0.61297,0.45647,-0.54171,0.9999521970748901
1773142278.644038,PC1,0,4,0.54155,0.46041,-0.52737,0.999942421913147
1773142278.644038,PC1,0,5,0.53009,0.46222,-0.52697,0.9999396800994873
1773142278.644038,PC1,0,6,0.52054,0.46468,-0.52691,0.9999191164970398
1773142278.644038,PC1,0,7,0.63844,0.47519,-0.2999,0.9999726414680481
1773142278.644038,PC1,0,8,0.51739,0.48916,-0.22576,0.9999467134475708
1773142278.644038,PC1,0,9,0.59226,0.57723,-0.48143,0.9999723434448242
1773142278.644038,PC1,0,10,0.54266,0.57707,-0.45968,0.9999547600746155
1773142278.644038,PC1,0,11,0.73741,0.71199,-0.15564,0.9997895956039429
1773142278.644038,PC1,0,12,0.46144,0.7239,-0.04392,0.9977834224700928
1773142278.644038,PC1,0,13,0.9465,0.91277,-0.55138,0.985714852809906
1773142278.644038,PC1,0,14,0.40224,1.03999,-0.2019,0.5217676758766174
1773142278.644038,PC1,0,15,0.79423,0.57885,-0.83835,0.990796685218811
1773142278.644038,PC1,0,16,0.4039,1.14666,-0.63989,0.5944967865943909
1773142278.644038,PC1,0,17,0.761,0.45756,-0.91372,0.983044445514679
1773142278.644038,PC1,0,18,0.38586,1.1798,-0.70699,0.6254293918609619
1773142278.644038,PC1,0,19,0.73628,0.44844,-0.79884,0.9844326972961426
1773142278.644038,PC1,0,20,0.40578,1.15998,-0.7197,0.6796815395355225
1773142278.644038,PC1,0,21,0.73017,0.49469,-0.80283,0.9830305576324463
1773142278.644038,PC1,0,22,0.42051,1.15157,-0.65212,0.6799576878547668
1773142278.644038,PC1,0,23,0.85629,1.77218,-0.0858,0.008031199686229229
1773142278.644038,PC1,0,24,0.62776,1.62716,0.0883,0.0037718480452895164
1773142278.644038,PC1,0,25,0.70962,2.45255,0.04366,0.001395213301293552
1773142278.644038,PC1,0,26,0.51581,2.32978,0.2184,0.0002600638254079968
1773142278.644038,PC1,0,27,0.56689,3.05225,0.56553,9.701465751277283e-05
1773142278.644038,PC1,0,28,0.40126,2.94346,0.58946,8.00656562205404e-06
1773142278.644038,PC1,0,29,0.55954,3.13612,0.59855,6.627508264500648e-05
1773142278.644038,PC1,0,30,0.38563,3.02349,0.61914,2.245793439215049e-05
1773142278.644038,PC1,0,31,0.49142,3.22083,0.1931,0.00012986623914912343
1773142278.644038,PC1,0,32,0.36927,3.1442,0.17554,7.859867037041113e-05
1773142278.644038,PC1,0,Angle_Elbow_L,93.68,,,
1773142278.644038,PC1,0,Angle_Elbow_R,129.53,,,
1773142278.644038,PC1,0,Angle_Shoulder_L,112.47,,,
1773142278.644038,PC1,0,Angle_Shoulder_R,143.15,,,
1773142278.644038,PC1,0,Length_UpperArm_L,0.4906,,,
1773142278.644038,PC1,0,Length_LowerArm_L,0.4659,,,
1773142278.644038,PC1,0,Length_UpperArm_R,0.3583,,,
1773142278.644038,PC1,0,Length_LowerArm_R,0.4508,,,
1773142278.644038,PC1,0,Width_Shoulder,0.298,,,
1773142278.644114,PC1,0,0,0.55721,0.51306,-0.54828,0.9999793767929077
1773142278.644114,PC1,0,1,0.58062,0.4549,-0.51937,0.9999547600746155
1773142278.644114,PC1,0,2,0.59634,0.45417,-0.51908,0.9999596476554871
1773142278.644114,PC1,0,3,0.61097,0.45458,-0.5189,0.9999539256095886
1773142278.644114,PC1,0,4,0.54012,0.45941,-0.50402,0.9999441504478455
1773142278.644114,PC1,0,5,0.52889,0.46119,-0.50359,0.9999403357505798
1773142278.644114,PC1,0,6,0.51942,0.46363,-0.50356,0.999921441078186
1773142278.644114,PC1,0,7,0.63664,0.4731,-0.28746,0.9999732375144958
1773142278.644114,PC1,0,8,0.5168,0.48832,-0.21025,0.9999468326568604
1773142278.644114,PC1,0,9,0.58974,0.5745,-0.46043,0.999972939491272
1773142278.644114,PC1,0,10,0.54158,0.57569,-0.43787,0.9999555349349976
1773142278.644114,PC1,0,11,0.73729,0.71051,-0.15479,0.999789834022522
1773142278.644114,PC1,0,12,0.46285,0.72529,-0.03845,0.9977588057518005
1773142278.644114,PC1,0,13,0.94796,0.90292,-0.53395,0.9866048693656921
1773142278.644114,PC1,0,14,0.40224,1.03999,-0.2019,0.4864766001701355
1773142278.644114,PC1,0,15,0.79511,0.57148,-0.79393,0.9912396669387817
1773142278.644114,PC1,0,16,0.37998,1.20199,-0.57757,0.5542555451393127
1773142278.644114,PC1,0,17,0.76109,0.4523,-0.86484,0.9825618863105774
1773142278.644114,PC1,0,18,0.35326,1.24878,-0.63935,0.5910665392875671
1773142278.644114,PC1,0,19,0.73591,0.44353,-0.75109,0.9839909076690674
1773142278.644114,PC1,0,20,0.37153,1.23199,-0.66659,0.6498353481292725
1773142278.644114,PC1,0,21,0.73047,0.48963,-0.7585,0.9824559092521667
1773142278.644114,PC1,0,22,0.38938,1.2192,-0.59824,0.6521307229995728
1773142278.644114,PC1,0,23,0.85629,1.77218,-0.0858,0.008602311834692955
1773142278.644114,PC1,0,24,0.62776,1.62716,0.0883,0.00412924587726593
1773142278.644114,PC1,0,25,0.70962,2.45255,0.04366,0.0015325305284932256
1773142278.644114,PC1,0,26,0.51581,2.32978,0.2184,0.0002745055826380849
1773142278.644114,PC1,0,27,0.56689,3.05225,0.56553,9.586080705048516e-05
1773142278.644114,PC1,0,28,0.40126,2.94346,0.58946,7.9355468187714e-06
1773142278.644114,PC1,0,29,0.55954,3.13612,0.59855,6.690193549729884e-05
1773142278.644114,PC1,0,30,0.38563,3.02349,0.61914,2.305311500094831e-05
1773142278.644114,PC1,0,31,0.49142,3.22083,0.1931,0.00013153273903299123
1773142278.644114,PC1,0,32,0.36927,3.1442,0.17554,7.62577255954966e-05
1773142278.644114,PC1,0,Angle_Elbow_L,90.7,,,
1773142278.644114,PC1,0,Angle_Shoulder_L,112.59,,,
1773142278.644114,PC1,0,Length_UpperArm_L,0.4745,,,
1773142278.644114,PC1,0,Length_LowerArm_L,0.4481,,,
1773142278.644114,PC1,0,Width_Shoulder,0.2984,,,
1773142278.704562,PC1,0,0,0.55656,0.51279,-0.57968,0.999973714351654
1773142278.704562,PC1,0,1,0.57993,0.4547,-0.5502,0.999949038028717
1773142278.704562,PC1,0,2,0.59562,0.45381,-0.54994,0.999955415725708
1773142278.704562,PC1,0,3,0.61035,0.45407,-0.5498,0.9999495148658752
1773142278.704562,PC1,0,4,0.53963,0.45941,-0.53441,0.9999337792396545
1773142278.704562,PC1,0,5,0.52848,0.46118,-0.53398,0.9999279379844666
1773142278.704562,PC1,0,6,0.51899,0.46364,-0.53403,0.9999014735221863
1773142278.704562,PC1,0,7,0.63609,0.47245,-0.31076,0.9999717473983765
1773142278.704562,PC1,0,8,0.51651,0.48819,-0.2311,0.9999368190765381
1773142278.704562,PC1,0,9,0.58903,0.57378,-0.48859,0.9999701976776123
1773142278.704562,PC1,0,10,0.54127,0.57543,-0.46546,0.9999476671218872
1773142278.704562,PC1,0,11,0.73725,0.70959,-0.17261,0.9997755885124207
1773142278.704562,PC1,0,12,0.46331,0.72578,-0.04369,0.9968926906585693
1773142278.704562,PC1,0,13,0.94833,0.90028,-0.56321,0.9872012138366699
1773142278.704562,PC1,0,14,0.40224,1.03999,-0.2019,0.4539874196052551
1773142278.704562,PC1,0,15,0.79538,0.56929,-0.84581,0.9918606281280518
1773142278.704562,PC1,0,16,0.37327,1.21701,-0.56773,0.520965039730072
1773142278.704562,PC1,0,17,0.76116,0.45083,-0.92086,0.9833196997642517
1773142278.704562,PC1,0,18,0.34439,1.26439,-0.62936,0.5579048991203308
1773142278.704562,PC1,0,19,0.73595,0.44211,-0.80975,0.9846721887588501
1773142278.704562,PC1,0,20,0.36282,1.24793,-0.65574,0.6189771294593811
1773142278.704562,PC1,0,21,0.73063,0.48814,-0.81167,0.9828880429267883
1773142278.704562,PC1,0,22,0.38165,1.23499,-0.5894,0.6205071806907654
1773142278.704562,PC1,0,23,0.85629,1.77218,-0.0858,0.00927861500531435
1773142278.704562,PC1,0,24,0.62776,1.62716,0.0883,0.004365148488432169
1773142278.704562,PC1,0,25,0.70962,2.45255,0.04366,0.0019156831549480557
1773142278.704562,PC1,0,26,0.51581,2.32978,0.2184,0.0003608550759963691
1773142278.704562,PC1,0,27,0.56689,3.05225,0.56553,0.00013602217950392514
1773142278.704562,PC1,0,28,0.40126,2.94346,0.58946,1.32987561300979e-05
1773142278.704562,PC1,0,29,0.55954,3.13612,0.59855,8.957720274338499e-05
1773142278.704562,PC1,0,30,0.38563,3.02349,0.61914,3.5984558053314686e-05
1773142278.704562,PC1,0,31,0.49142,3.22083,0.1931,0.00018052576342597604
1773142278.704562,PC1,0,32,0.36927,3.1442,0.17554,0.00012933951802551746
1773142278.704562,PC1,0,Angle_Elbow_L,93.85,,,
1773142278.704562,PC1,0,Angle_Shoulder_L,111.2,,,
1773142278.704562,PC1,0,Length_UpperArm_L,0.4832,,,
1773142278.704562,PC1,0,Length_LowerArm_L,0.4613,,,
1773142278.704562,PC1,0,Width_Shoulder,0.3032,,,
1773142278.775208,PC1,0,0,0.55406,0.51354,-0.59364,0.9999721050262451
1773142278.775208,PC1,0,1,0.57743,0.45533,-0.56851,0.9999439716339111
1773142278.775208,PC1,0,2,0.59321,0.45396,-0.56841,0.9999501705169678
1773142278.775208,PC1,0,3,0.6081,0.45375,-0.56807,0.9999449849128723
1773142278.775208,PC1,0,4,0.53787,0.46076,-0.55087,0.9999266266822815
1773142278.775208,PC1,0,5,0.52699,0.4626,-0.55043,0.9999170899391174
1773142278.775208,PC1,0,6,0.51743,0.46517,-0.5505,0.9998893737792969
1773142278.775208,PC1,0,7,0.63461,0.47137,-0.33876,0.9999683499336243
1773142278.775208,PC1,0,8,0.51575,0.48854,-0.25193,0.9999284744262695
1773142278.775208,PC1,0,9,0.58685,0.57329,-0.50608,0.9999685883522034
1773142278.775208,PC1,0,10,0.54023,0.57576,-0.48127,0.9999449253082275
1773142278.775208,PC1,0,11,0.73736,0.70831,-0.19348,0.9997785687446594
1773142278.775208,PC1,0,12,0.46377,0.72702,-0.04792,0.9970307946205139
1773142278.775208,PC1,0,13,0.95054,0.90175,-0.5868,0.988370418548584
1773142278.775208,PC1,0,14,0.40224,1.03999,-0.2019,0.39197543263435364
1773142278.775208,PC1,0,15,0.79562,0.57084,-0.87491,0.9926995635032654
1773142278.775208,PC1,0,16,0.37327,1.21701,-0.56773,0.458051860332489
1773142278.775208,PC1,0,17,0.76071,0.45114,-0.95084,0.9835038185119629
1773142278.775208,PC1,0,18,0.33786,1.32566,-0.57397,0.5048690438270569
1773142278.775208,PC1,0,19,0.73514,0.44371,-0.84016,0.9848619103431702
1773142278.775208,PC1,0,20,0.35647,1.31113,-0.60706,0.5722477436065674
1773142278.775208,PC1,0,21,0.73005,0.49011,-0.84067,0.9828475713729858
1773142278.775208,PC1,0,22,0.37547,1.29352,-0.5424,0.5755816698074341
1773142278.775208,PC1,0,23,0.85629,1.77218,-0.0858,0.008969430811703205
1773142278.775208,PC1,0,24,0.62776,1.62716,0.0883,0.004231261555105448
1773142278.775208,PC1,0,25,0.70962,2.45255,0.04366,0.0017534196376800537
1773142278.775208,PC1,0,26,0.51581,2.32978,0.2184,0.0003256969794165343
1773142278.775208,PC1,0,27,0.56689,3.05225,0.56553,0.00012050927034579217
1773142278.775208,PC1,0,28,0.40126,2.94346,0.58946,1.151027754531242e-05
1773142278.775208,PC1,0,29,0.55954,3.13612,0.59855,8.112870273180306e-05
1773142278.775208,PC1,0,30,0.38563,3.02349,0.61914,3.160398409818299e-05
1773142278.775208,PC1,0,31,0.49142,3.22083,0.1931,0.00016684002184774727
1773142278.775208,PC1,0,32,0.36927,3.1442,0.17554,0.00011321857164148241
1773142278.775208,PC1,0,Angle_Elbow_L,94.12,,,
1773142278.775208,PC1,0,Angle_Shoulder_L,110.69,,,
1773142278.775208,PC1,0,Length_UpperArm_L,0.4874,,,
1773142278.775208,PC1,0,Length_LowerArm_L,0.4653,,,
1773142278.775208,PC1,0,Width_Shoulder,0.3105,,,
1773142278.8120189,PC1,0,0,0.55251,0.51433,-0.58612,0.999970555305481
1773142278.8120189,PC1,0,1,0.57564,0.45592,-0.56286,0.9999375343322754
1773142278.8120189,PC1,0,2,0.59147,0.45428,-0.5627,0.9999438524246216
1773142278.8120189,PC1,0,3,0.60643,0.45379,-0.56239,0.9999379515647888
1773142278.8120189,PC1,0,4,0.53675,0.46179,-0.54394,0.9999189376831055
1773142278.8120189,PC1,0,5,0.52608,0.46368,-0.54349,0.9999087452888489
1773142278.8120189,PC1,0,6,0.51654,0.46632,-0.54355,0.9998805522918701
1773142278.8120189,PC1,0,7,0.63384,0.47095,-0.34523,0.9999626874923706
1773142278.8120189,PC1,0,8,0.51551,0.48889,-0.24838,0.9999217391014099
1773142278.8120189,PC1,0,9,0.58569,0.57353,-0.50164,0.9999659657478333
1773142278.8120189,PC1,0,10,0.53969,0.57621,-0.4751,0.999940812587738
1773142278.8120189,PC1,0,11,0.7377,0.70784,-0.19979,0.9997696876525879
1773142278.8120189,PC1,0,12,0.46454,0.7277,-0.04742,0.9971722364425659
1773142278.8120189,PC1,0,13,0.95166,0.90497,-0.58651,0.9888156652450562
1773142278.8120189,PC1,0,14,0.40224,1.03999,-0.2019,0.3719560205936432
1773142278.8120189,PC1,0,15,0.79308,0.57594,-0.86464,0.9929577708244324
1773142278.8120189,PC1,0,16,0.37327,1.21701,-0.56773,0.44091349840164185
1773142278.8120189,PC1,0,17,0.75777,0.45393,-0.93859,0.9830927848815918
1773142278.8120189,PC1,0,18,0.33786,1.32566,-0.57397,0.49259626865386963
1773142278.8120189,PC1,0,19,0.73278,0.44779,-0.82497,0.9844887852668762
1773142278.8120189,PC1,0,20,0.35268,1.34374,-0.56942,0.5646857619285583
1773142278.8120189,PC1,0,21,0.72749,0.49506,-0.82888,0.9823888540267944
1773142278.8120189,PC1,0,22,0.3721,1.3244,-0.50532,0.5691432952880859
1773142278.8120189,PC1,0,23,0.85629,1.77218,-0.0858,0.008590458892285824
1773142278.8120189,PC1,0,24,0.62776,1.62716,0.0883,0.0041497633792459965
1773142278.8120189,PC1,0,25,0.70962,2.45255,0.04366,0.0016578610520809889
1773142278.8120189,PC1,0,26,0.51581,2.32978,0.2184,0.0003103924391325563
1773142278.8120189,PC1,0,27,0.56689,3.05225,0.56553,0.00011237191210966557
1773142278.8120189,PC1,0,28,0.40126,2.94346,0.58946,1.0737781849456951e-05
1773142278.8120189,PC1,0,29,0.55954,3.13612,0.59855,7.699102570768446e-05
1773142278.8120189,PC1,0,30,0.38563,3.02349,0.61914,2.9817410904797725e-05
1773142278.8120189,PC1,0,31,0.49142,3.22083,0.1931,0.00015961728058755398
1773142278.8120189,PC1,0,32,0.36927,3.1442,0.17554,0.00010593450133455917
1773142278.8120189,PC1,0,Angle_Elbow_L,92.26,,,
1773142278.8120189,PC1,0,Angle_Shoulder_L,111.26,,,
1773142278.8120189,PC1,0,Length_UpperArm_L,0.4839,,,
1773142278.8120189,PC1,0,Length_LowerArm_L,0.4591,,,
1773142278.8120189,PC1,0,Width_Shoulder,0.3134,,,
1773142278.8504162,PC1,0,0,0.55102,0.51497,-0.56624,0.9999697208404541
1773142278.8504162,PC1,0,1,0.57414,0.45639,-0.54361,0.9999322891235352
1773142278.8504162,PC1,0,2,0.59002,0.45454,-0.54343,0.9999383091926575
1773142278.8504162,PC1,0,3,0.60506,0.45383,-0.54313,0.9999319314956665
1773142278.8504162,PC1,0,4,0.53584,0.46244,-0.52499,0.9999151825904846
1773142278.8504162,PC1,0,5,0.52535,0.46428,-0.52454,0.9999048113822937
1773142278.8504162,PC1,0,6,0.51581,0.46684,-0.52463,0.9998777508735657
1773142278.8504162,PC1,0,7,0.63332,0.47095,-0.33409,0.9999573826789856
1773142278.8504162,PC1,0,8,0.51537,0.48909,-0.23714,0.9999196529388428
1773142278.8504162,PC1,0,9,0.58412,0.57401,-0.48435,0.9999622702598572
1773142278.8504162,PC1,0,10,0.53901,0.57659,-0.45792,0.9999380707740784
1773142278.8504162,PC1,0,11,0.73836,0.70862,-0.19112,0.9997504949569702
1773142278.8504162,PC1,0,12,0.46459,0.72938,-0.04691,0.9972964525222778
1773142278.8504162,PC1,0,13,0.95378,0.90933,-0.55793,0.9892079830169678
1773142278.8504162,PC1,0,14,0.40224,1.03999,-0.2019,0.3477889597415924
1773142278.8504162,PC1,0,15,0.78787,0.586,-0.81434,0.992709755897522
1773142278.8504162,PC1,0,16,0.37327,1.21701,-0.56773,0.42160269618034363
1773142278.8504162,PC1,0,17,0.75216,0.46224,-0.88399,0.9808492660522461
1773142278.8504162,PC1,0,18,0.33786,1.32566,-0.57397,0.4799729585647583
1773142278.8504162,PC1,0,19,0.72721,0.45807,-0.76829,0.9826040267944336
1773142278.8504162,PC1,0,20,0.3447,1.3724,-0.53288,0.5555539727210999
1773142278.8504162,PC1,0,21,0.72225,0.506,-0.77731,0.9802524447441101
1773142278.8504162,PC1,0,22,0.36478,1.35148,-0.47006,0.5601092576980591
1773142278.8504162,PC1,0,23,0.85629,1.77218,-0.0858,0.008135272189974785
1773142278.8504162,PC1,0,24,0.62776,1.62716,0.0883,0.0039735278114676476
1773142278.8504162,PC1,0,25,0.70962,2.45255,0.04366,0.0015786730218678713
1773142278.8504162,PC1,0,26,0.51581,2.32978,0.2184,0.0002942370483651757
1773142278.8504162,PC1,0,27,0.56689,3.05225,0.56553,0.00010388829105067998
1773142278.8504162,PC1,0,28,0.40126,2.94346,0.58946,9.932423381542321e-06
1773142278.8504162,PC1,0,29,0.55954,3.13612,0.59855,7.226923480629921e-05
1773142278.8504162,PC1,0,30,0.38563,3.02349,0.61914,2.7565307391341776e-05
1773142278.8504162,PC1,0,31,0.49142,3.22083,0.1931,0.0001524744729977101
1773142278.8504162,PC1,0,32,0.36927,3.1442,0.17554,9.764175774762407e-05
1773142278.8504162,PC1,0,Angle_Elbow_L,88.2,,,
1773142278.8504162,PC1,0,Angle_Shoulder_L,112.94,,,
1773142278.8504162,PC1,0,Length_UpperArm_L,0.4704,,,
1773142278.8504162,PC1,0,Length_LowerArm_L,0.4448,,,
1773142278.8504162,PC1,0,Width_Shoulder,0.3101,,,
1773142278.883444,PC1,0,0,0.55052,0.51528,-0.58858,0.9999297261238098
1773142278.883444,PC1,0,1,0.57381,0.45633,-0.56264,0.9998771548271179
1773142278.883444,PC1,0,2,0.58962,0.45427,-0.56259,0.9998953342437744
1773142278.883444,PC1,0,3,0.60459,0.45337,-0.56226,0.9998787641525269
1773142278.883444,PC1,0,4,0.53567,0.46263,-0.5461,0.9998521208763123
1773142278.883444,PC1,0,5,0.5252,0.46446,-0.54574,0.9998499751091003
1773142278.883444,PC1,0,6,0.51572,0.46696,-0.54582,0.999799907207489
1773142278.883444,PC1,0,7,0.63319,0.47096,-0.3396,0.9999338388442993
1773142278.883444,PC1,0,8,0.51578,0.48926,-0.25163,0.9998494386672974
1773142278.883444,PC1,0,9,0.58388,0.57436,-0.50127,0.9999187588691711
1773142278.883444,PC1,0,10,0.53888,0.57689,-0.47736,0.9998615980148315
1773142278.883444,PC1,0,11,0.73982,0.70925,-0.18888,0.9994018077850342
1773142278.883444,PC1,0,12,0.46463,0.7315,-0.06904,0.9946300387382507
1773142278.883444,PC1,0,13,0.95544,0.91281,-0.56552,0.9874435663223267
1773142278.883444,PC1,0,14,0.40224,1.03999,-0.2019,0.337772399187088
1773142278.883444,PC1,0,15,0.78089,0.60275,-0.83374,0.9918420314788818
1773142278.883444,PC1,0,16,0.37327,1.21701,-0.56773,0.4359602928161621
1773142278.883444,PC1,0,17,0.74167,0.48426,-0.90398,0.9784519672393799
1773142278.883444,PC1,0,18,0.33786,1.32566,-0.57397,0.48577994108200073
1773142278.883444,PC1,0,19,0.71822,0.47915,-0.79137,0.980518639087677
1773142278.883444,PC1,0,20,0.37181,1.28868,-0.63979,0.5599822402000427
1773142278.883444,PC1,0,21,0.71452,0.52616,-0.79738,0.976797342300415
1773142278.883444,PC1,0,22,0.38922,1.27519,-0.57684,0.5569638609886169
1773142278.883444,PC1,0,23,0.85629,1.77218,-0.0858,0.007915151305496693
1773142278.883444,PC1,0,24,0.62776,1.62716,0.0883,0.003911217208951712
1773142278.883444,PC1,0,25,0.70962,2.45255,0.04366,0.003138476749882102
1773142278.883444,PC1,0,26,0.51581,2.32978,0.2184,0.0006782101700082421
1773142278.883444,PC1,0,27,0.56689,3.05225,0.56553,0.00018077617278322577
1773142278.883444,PC1,0,28,0.40126,2.94346,0.58946,3.485500565147959e-05
1773142278.883444,PC1,0,29,0.55954,3.13612,0.59855,0.00010470843699295074
1773142278.883444,PC1,0,30,0.38563,3.02349,0.61914,4.750216248794459e-05
1773142278.883444,PC1,0,31,0.49142,3.22083,0.1931,0.0003439064894337207
1773142278.883444,PC1,0,32,0.36927,3.1442,0.17554,0.00027980131562799215
1773142278.883444,PC1,0,Angle_Elbow_L,90.07,,,
1773142278.883444,PC1,0,Angle_Shoulder_L,112.17,,,
1773142278.883444,PC1,0,Length_UpperArm_L,0.4794,,,
1773142278.883444,PC1,0,Length_LowerArm_L,0.4456,,,
1773142278.883444,PC1,0,Width_Shoulder,0.301,,,
1773142278.949329,PC1,0,0,0.55016,0.51571,-0.61867,0.999924898147583
1773142278.949329,PC1,0,1,0.57362,0.45641,-0.58949,0.9998701810836792
1773142278.949329,PC1,0,2,0.58942,0.45415,-0.58938,0.9998900890350342
1773142278.949329,PC1,0,3,0.60436,0.45307,-0.5891,0.9998690485954285
1773142278.949329,PC1,0,4,0.53554,0.46301,-0.57289,0.9998452663421631
1773142278.949329,PC1,0,5,0.52509,0.46484,-0.57251,0.999846339225769
1773142278.949329,PC1,0,6,0.51565,0.46732,-0.57266,0.9997920989990234
1773142278.949329,PC1,0,7,0.63329,0.47099,-0.35251,0.9999293088912964
1773142278.949329,PC1,0,8,0.51607,0.48993,-0.26365,0.9998441338539124
1773142278.949329,PC1,0,9,0.58389,0.57469,-0.52723,0.9999169111251831
1773142278.949329,PC1,0,10,0.53881,0.57784,-0.50274,0.999857485294342
1773142278.949329,PC1,0,11,0.74243,0.7097,-0.19978,0.9993296265602112
1773142278.949329,PC1,0,12,0.46465,0.7355,-0.08416,0.9945182204246521
1773142278.949329,PC1,0,13,0.95777,0.91656,-0.59652,0.9867235422134399
1773142278.949329,PC1,0,14,0.40224,1.03999,-0.2019,0.3603089451789856
1773142278.949329,PC1,0,15,0.7746,0.62333,-0.88929,0.9921151399612427
1773142278.949329,PC1,0,16,0.37327,1.21701,-0.56773,0.4732314944267273
1773142278.949329,PC1,0,17,0.73094,0.51312,-0.96417,0.9784575700759888
1773142278.949329,PC1,0,18,0.39895,1.21275,-0.89465,0.5127836465835571
1773142278.949329,PC1,0,19,0.70938,0.50347,-0.85085,0.9805211424827576
1773142278.949329,PC1,0,20,0.39024,1.24816,-0.74276,0.5848059058189392
1773142278.949329,PC1,0,21,0.70774,0.54916,-0.85274,0.9767030477523804
1773142278.949329,PC1,0,22,0.40597,1.23821,-0.6773,0.5799625515937805
1773142278.949329,PC1,0,23,0.85629,1.77218,-0.0858,0.008168498985469341
1773142278.949329,PC1,0,24,0.62776,1.62716,0.0883,0.004215856548398733
1773142278.949329,PC1,0,25,0.70962,2.45255,0.04366,0.0031321661081165075
1773142278.949329,PC1,0,26,0.51581,2.32978,0.2184,0.0006742571131326258
1773142278.949329,PC1,0,27,0.56689,3.05225,0.56553,0.00019825650088023394
1773142278.949329,PC1,0,28,0.40126,2.94346,0.58946,3.2866613764781505e-05
1773142278.949329,PC1,0,29,0.55954,3.13612,0.59855,0.0001283005258301273
1773142278.949329,PC1,0,30,0.38563,3.02349,0.61914,4.793651169165969e-05
1773142278.949329,PC1,0,31,0.49142,3.22083,0.1931,0.00034053143463097513
1773142278.949329,PC1,0,32,0.36927,3.1442,0.17554,0.0002703437639866024
1773142278.949329,PC1,0,Angle_Elbow_L,94.09,,,
1773142278.949329,PC1,0,Angle_Shoulder_L,110.71,,,
1773142278.949329,PC1,0,Length_UpperArm_L,0.4966,,,
1773142278.949329,PC1,0,Length_LowerArm_L,0.453,,,
1773142278.949329,PC1,0,Width_Shoulder,0.302,,,
1773142279.020598,PC1,0,0,0.5529,0.51608,-0.63778,0.9999338984489441
1773142279.020598,PC1,0,1,0.57646,0.45599,-0.60312,0.9998827576637268
1773142279.020598,PC1,0,2,0.59189,0.45341,-0.60297,0.9998992681503296
1773142279.020598,PC1,0,3,0.6061,0.45208,-0.60259,0.9998790621757507
1773142279.020598,PC1,0,4,0.53692,0.46326,-0.58882,0.9998602867126465
1773142279.020598,PC1,0,5,0.52599,0.46515,-0.58846,0.9998607039451599
1773142279.020598,PC1,0,6,0.5162,0.46758,-0.58864,0.9998116493225098
1773142279.020598,PC1,0,7,0.63393,0.47121,-0.35197,0.9999330043792725
1773142279.020598,PC1,0,8,0.51608,0.49143,-0.27441,0.9998621344566345
1773142279.020598,PC1,0,9,0.58612,0.57434,-0.54422,0.9999289512634277
1773142279.020598,PC1,0,10,0.53943,0.57964,-0.52226,0.9998763203620911
1773142279.020598,PC1,0,11,0.74744,0.71105,-0.21561,0.9993956089019775
1773142279.020598,PC1,0,12,0.45855,0.74684,-0.09828,0.9951136708259583
1773142279.020598,PC1,0,13,0.96358,0.92499,-0.64763,0.9876787662506104
1773142279.020598,PC1,0,14,0.40224,1.03999,-0.2019,0.39815273880958557
1773142279.020598,PC1,0,15,0.75596,0.67435,-1.0143,0.9935429692268372
1773142279.020598,PC1,0,16,0.28629,1.09403,-0.84023,0.5661981701850891
1773142279.020598,PC1,0,17,0.70334,0.58603,-1.08723,0.9814130067825317
1773142279.020598,PC1,0,18,0.33585,1.18021,-0.93711,0.5974968075752258
1773142279.020598,PC1,0,19,0.68696,0.5662,-0.97899,0.9831797480583191
1773142279.020598,PC1,0,20,0.33579,1.18718,-0.8817,0.6618643999099731
1773142279.020598,PC1,0,21,0.69073,0.60467,-0.97978,0.980006754398346
1773142279.020598,PC1,0,22,0.35508,1.18353,-0.78865,0.6602513194084167
1773142279.020598,PC1,0,23,0.85629,1.77218,-0.0858,0.008179252035915852
1773142279.020598,PC1,0,24,0.62776,1.62716,0.0883,0.004433323163539171
1773142279.020598,PC1,0,25,0.70962,2.45255,0.04366,0.0026202399749308825
1773142279.020598,PC1,0,26,0.51581,2.32978,0.2184,0.0005496867815963924
1773142279.020598,PC1,0,27,0.56689,3.05225,0.56553,0.0001642326678847894
1773142279.020598,PC1,0,28,0.40126,2.94346,0.58946,2.4960132577689365e-05
1773142279.020598,PC1,0,29,0.55954,3.13612,0.59855,0.00011073454516008496
1773142279.020598,PC1,0,30,0.38563,3.02349,0.61914,3.788395406445488e-05
1773142279.020598,PC1,0,31,0.49142,3.22083,0.1931,0.0002720600750762969
1773142279.020598,PC1,0,32,0.36927,3.1442,0.17554,0.00020760830375365913
1773142279.020598,PC1,0,Angle_Elbow_L,103.37,,,
1773142279.020598,PC1,0,Angle_Shoulder_L,108.83,,,
1773142279.020598,PC1,0,Length_UpperArm_L,0.5283,,,
1773142279.020598,PC1,0,Length_LowerArm_L,0.4903,,,
1773142279.020598,PC1,0,Width_Shoulder,0.3139,,,
1773142279.095784,PC1,0,0,0.5577,0.51514,-0.65884,0.9999346137046814
1773142279.095784,PC1,0,1,0.57999,0.45499,-0.62229,0.9998827576637268
1773142279.095784,PC1,0,2,0.59484,0.45233,-0.62211,0.99989914894104
1773142279.095784,PC1,0,3,0.60811,0.45089,-0.62177,0.9998782873153687
1773142279.095784,PC1,0,4,0.53937,0.46259,-0.60781,0.9998576045036316
1773142279.095784,PC1,0,5,0.52786,0.46457,-0.60742,0.9998560547828674
1773142279.095784,PC1,0,6,0.51754,0.46705,-0.60754,0.9998046159744263
1773142279.095784,PC1,0,7,0.63429,0.47075,-0.36196,0.9999317526817322
1773142279.095784,PC1,0,8,0.51625,0.49181,-0.28182,0.9998601078987122
1773142279.095784,PC1,0,9,0.59029,0.57215,-0.56214,0.9999328255653381
1773142279.095784,PC1,0,10,0.54149,0.57964,-0.53946,0.9998810291290283
1773142279.095784,PC1,0,11,0.75024,0.70976,-0.22867,0.9994252324104309
1773142279.095784,PC1,0,12,0.45465,0.75437,-0.10278,0.9953715205192566
1773142279.095784,PC1,0,13,0.9669,0.93,-0.68072,0.9877944588661194
1773142279.095784,PC1,0,14,0.40224,1.03999,-0.2019,0.39333295822143555
1773142279.095784,PC1,0,15,0.74454,0.69339,-1.07063,0.9940550327301025
1773142279.095784,PC1,0,16,0.30958,1.11311,-0.84688,0.576908528804779
1773142279.095784,PC1,0,17,0.68841,0.60995,-1.14997,0.9819542169570923
1773142279.095784,PC1,0,18,0.33369,1.18249,-0.94205,0.6041211485862732
1773142279.095784,PC1,0,19,0.67466,0.58798,-1.03917,0.9836744070053101
1773142279.095784,PC1,0,20,0.33958,1.16619,-0.91266,0.6720954775810242
1773142279.095784,PC1,0,21,0.67996,0.625,-1.03545,0.9805697798728943
1773142279.095784,PC1,0,22,0.35753,1.1621,-0.82286,0.6710366010665894
1773142279.095784,PC1,0,23,0.85629,1.77218,-0.0858,0.008280814625322819
1773142279.095784,PC1,0,24,0.62776,1.62716,0.0883,0.004513771738857031
1773142279.095784,PC1,0,25,0.70962,2.45255,0.04366,0.00234891171567142
1773142279.095784,PC1,0,26,0.51581,2.32978,0.2184,0.00048799830256029963
1773142279.095784,PC1,0,27,0.56689,3.05225,0.56553,0.0001525732659501955
1773142279.095784,PC1,0,28,0.40126,2.94346,0.58946,2.1116282368893735e-05
1773142279.095784,PC1,0,29,0.55954,3.13612,0.59855,0.00010623599519021809
1773142279.095784,PC1,0,30,0.38563,3.02349,0.61914,3.369307523826137e-05
1773142279.095784,PC1,0,31,0.49142,3.22083,0.1931,0.0002464056306052953
1773142279.095784,PC1,0,32,0.36927,3.1442,0.17554,0.00017992468201555312
1773142279.095784,PC1,0,Angle_Elbow_L,105.87,,,
1773142279.095784,PC1,0,Angle_Shoulder_L,108.01,,,
1773142279.095784,PC1,0,Length_UpperArm_L,0.5475,,,
1773142279.095784,PC1,0,Length_LowerArm_L,0.5074,,,
1773142279.095784,PC1,0,Width_Shoulder,0.3244,,,
1773142279.1332638,PC1,0,0,0.55816,0.5147,-0.65517,0.9999357461929321
1773142279.1332638,PC1,0,1,0.58027,0.45462,-0.61965,0.9998812079429626
1773142279.1332638,PC1,0,2,0.59515,0.45189,-0.61941,0.9998993277549744
1773142279.1332638,PC1,0,3,0.60838,0.45032,-0.61904,0.9998759031295776
1773142279.1332638,PC1,0,4,0.53942,0.46236,-0.60435,0.9998562335968018
1773142279.1332638,PC1,0,5,0.52793,0.46437,-0.60394,0.9998568892478943
1773142279.1332638,PC1,0,6,0.51751,0.46686,-0.60412,0.9998031854629517
1773142279.1332638,PC1,0,7,0.63446,0.4703,-0.3614,0.9999316930770874
1773142279.1332638,PC1,0,8,0.51622,0.49192,-0.27784,0.9998621940612793
1773142279.1332638,PC1,0,9,0.59057,0.57116,-0.55878,0.9999319314956665
1773142279.1332638,PC1,0,10,0.54167,0.57919,-0.53511,0.999880850315094
1773142279.1332638,PC1,0,11,0.75109,0.70841,-0.22675,0.9994286894798279
1773142279.1332638,PC1,0,12,0.45348,0.75595,-0.10024,0.9955465197563171
1773142279.1332638,PC1,0,13,0.9679,0.93164,-0.67557,0.987823486328125
1773142279.1332638,PC1,0,14,0.40224,1.03999,-0.2019,0.3807596266269684
1773142279.1332638,PC1,0,15,0.74071,0.69561,-1.04637,0.994265615940094
1773142279.1332638,PC1,0,16,0.32584,1.13477,-0.84849,0.5718854069709778
1773142279.1332638,PC1,0,17,0.68371,0.61436,-1.12472,0.9822515249252319
1773142279.1332638,PC1,0,18,0.34256,1.20251,-0.94464,0.6043239235877991
1773142279.1332638,PC1,0,19,0.67092,0.59046,-1.01083,0.9839221239089966
1773142279.1332638,PC1,0,20,0.3507,1.18259,-0.93057,0.67352294921875
1773142279.1332638,PC1,0,21,0.67638,0.62665,-1.00983,0.9808725118637085
1773142279.1332638,PC1,0,22,0.36794,1.17625,-0.83477,0.6717656254768372
1773142279.1332638,PC1,0,23,0.85629,1.77218,-0.0858,0.007954847998917103
1773142279.1332638,PC1,0,24,0.62776,1.62716,0.0883,0.004375978372991085
1773142279.1332638,PC1,0,25,0.70962,2.45255,0.04366,0.002205125754699111
1773142279.1332638,PC1,0,26,0.51581,2.32978,0.2184,0.0004558023065328598
1773142279.1332638,PC1,0,27,0.56689,3.05225,0.56553,0.00014445783745031804
1773142279.1332638,PC1,0,28,0.40126,2.94346,0.58946,1.942039125424344e-05
1773142279.1332638,PC1,0,29,0.55954,3.13612,0.59855,0.00010157974611502141
1773142279.1332638,PC1,0,30,0.38563,3.02349,0.61914,3.141055640298873e-05
1773142279.1332638,PC1,0,31,0.49142,3.22083,0.1931,0.00023596742539666593
1773142279.1332638,PC1,0,32,0.36927,3.1442,0.17554,0.00016707643226254731
1773142279.1332638,PC1,0,Angle_Elbow_L,103.8,,,
1773142279.1332638,PC1,0,Angle_Shoulder_L,108.56,,,
1773142279.1332638,PC1,0,Length_UpperArm_L,0.5461,,,
1773142279.1332638,PC1,0,Length_LowerArm_L,0.4948,,,
1773142279.1332638,PC1,0,Width_Shoulder,0.3269,,,
1773142279.209546,PC1,0,0,0.55811,0.5146,-0.65618,0.999925971031189
1773142279.209546,PC1,0,1,0.57976,0.45431,-0.62123,0.9998577833175659
1773142279.209546,PC1,0,2,0.59468,0.4515,-0.62101,0.9998838901519775
1773142279.209546,PC1,0,3,0.60803,0.4497,-0.62061,0.9998501539230347
1773142279.209546,PC1,0,4,0.53917,0.46227,-0.6053,0.999832034111023
1773142279.209546,PC1,0,5,0.52785,0.46433,-0.60487,0.9998396635055542
1773142279.209546,PC1,0,6,0.51742,0.46685,-0.60513,0.9997733235359192
1773142279.209546,PC1,0,7,0.63457,0.46955,-0.36294,0.9999216794967651
1773142279.209546,PC1,0,8,0.51626,0.49203,-0.27613,0.9998442530632019
1773142279.209546,PC1,0,9,0.59067,0.57044,-0.55935,0.9999167323112488
1773142279.209546,PC1,0,10,0.54183,0.5789,-0.53472,0.9998553395271301
1773142279.209546,PC1,0,11,0.75259,0.70644,-0.22558,0.9993345141410828
1773142279.209546,PC1,0,12,0.45279,0.75726,-0.10053,0.9951570630073547
1773142279.209546,PC1,0,13,0.96831,0.93252,-0.6714,0.9864943027496338
1773142279.209546,PC1,0,14,0.40224,1.03999,-0.2019,0.38158607482910156
1773142279.209546,PC1,0,15,0.73779,0.69145,-1.02793,0.9941592812538147
1773142279.209546,PC1,0,16,0.34542,1.13197,-0.86521,0.5762403011322021
1773142279.209546,PC1,0,17,0.68024,0.60694,-1.10538,0.9815512895584106
1773142279.209546,PC1,0,18,0.35884,1.18755,-0.96016,0.6034054756164551
1773142279.209546,PC1,0,19,0.66809,0.58491,-0.9892,0.9832322001457214
1773142279.209546,PC1,0,20,0.36745,1.1649,-0.9457,0.6728420257568359
1773142279.209546,PC1,0,21,0.67365,0.62114,-0.99034,0.9799951314926147
1773142279.209546,PC1,0,22,0.38336,1.16079,-0.85618,0.668865978717804
1773142279.209546,PC1,0,23,0.85629,1.77218,-0.0858,0.007515936624258757
1773142279.209546,PC1,0,24,0.62776,1.62716,0.0883,0.004176192916929722
1773142279.209546,PC1,0,25,0.70962,2.45255,0.04366,0.0021382858976721764
1773142279.209546,PC1,0,26,0.51581,2.32978,0.2184,0.0004422219062689692
1773142279.209546,PC1,0,27,0.56689,3.05225,0.56553,0.00014032227045390755
1773142279.209546,PC1,0,28,0.40126,2.94346,0.58946,1.8237054973724298e-05
1773142279.209546,PC1,0,29,0.55954,3.13612,0.59855,9.920452430378646e-05
1773142279.209546,PC1,0,30,0.38563,3.02349,0.61914,3.001979348482564e-05
1773142279.209546,PC1,0,31,0.49142,3.22083,0.1931,0.00023133242211770266
1773142279.209546,PC1,0,32,0.36927,3.1442,0.17554,0.00016028406389523298
1773142279.209546,PC1,0,Angle_Elbow_L,101.88,,,
1773142279.209546,PC1,0,Angle_Shoulder_L,108.99,,,
1773142279.209546,PC1,0,Length_UpperArm_L,0.5444,,,
1773142279.209546,PC1,0,Length_LowerArm_L,0.4882,,,
1773142279.209546,PC1,0,Width_Shoulder,0.3288,,,
1773142279.287497,PC1,0,0,0.55613,0.51679,-0.62141,0.9999159574508667
1773142279.287497,PC1,0,1,0.57696,0.45609,-0.59185,0.999830424785614
1773142279.287497,PC1,0,2,0.59235,0.4532,-0.59168,0.999859094619751
1773142279.287497,PC1,0,3,0.60631,0.45101,-0.59129,0.9998237490653992
1773142279.287497,PC1,0,4,0.53725,0.4637,-0.57443,0.999796450138092
1773142279.287497,PC1,0,5,0.52648,0.46576,-0.57403,0.9997962117195129
1773142279.287497,PC1,0,6,0.51617,0.46833,-0.57418,0.99972003698349
1773142279.287497,PC1,0,7,0.63432,0.46933,-0.35077,0.9999049305915833
1773142279.287497,PC1,0,8,0.5153,0.49349,-0.2574,0.9998059868812561
1773142279.287497,PC1,0,9,0.58918,0.57342,-0.52964,0.9999042749404907
1773142279.287497,PC1,0,10,0.5412,0.58057,-0.50256,0.9998358488082886
1773142279.287497,PC1,0,11,0.75189,0.70749,-0.21239,0.9993742108345032
1773142279.287497,PC1,0,12,0.45101,0.75892,-0.08369,0.9951095581054688
1773142279.287497,PC1,0,13,0.96731,0.93376,-0.61155,0.9871866703033447
1773142279.287497,PC1,0,14,0.40224,1.03999,-0.2019,0.3312826156616211
1773142279.287497,PC1,0,15,0.73802,0.66043,-0.91255,0.9940987825393677
1773142279.287497,PC1,0,16,0.37337,1.21293,-0.72472,0.5093265175819397
1773142279.287497,PC1,0,17,0.68557,0.56332,-0.98431,0.9800379276275635
1773142279.287497,PC1,0,18,0.36922,1.27491,-0.80514,0.5465532541275024
1773142279.287497,PC1,0,19,0.67023,0.54681,-0.86479,0.9818978309631348
1773142279.287497,PC1,0,20,0.3801,1.25541,-0.81009,0.6203685402870178
1773142279.287497,PC1,0,21,0.67306,0.58667,-0.8731,0.9782049655914307
1773142279.287497,PC1,0,22,0.39754,1.24403,-0.73069,0.616488516330719
1773142279.287497,PC1,0,23,0.85629,1.77218,-0.0858,0.007030867971479893
1773142279.287497,PC1,0,24,0.62776,1.62716,0.0883,0.0038945849519222975
1773142279.287497,PC1,0,25,0.70962,2.45255,0.04366,0.0020829294808208942
1773142279.287497,PC1,0,26,0.51581,2.32978,0.2184,0.000418057112256065
1773142279.287497,PC1,0,27,0.56689,3.05225,0.56553,0.0001345581840723753
1773142279.287497,PC1,0,28,0.40126,2.94346,0.58946,1.6315998436766677e-05
1773142279.287497,PC1,0,29,0.55954,3.13612,0.59855,9.960064198821783e-05
1773142279.287497,PC1,0,30,0.38563,3.02349,0.61914,2.962876169476658e-05
1773142279.287497,PC1,0,31,0.49142,3.22083,0.1931,0.00022911893029231578
1773142279.287497,PC1,0,32,0.36927,3.1442,0.17554,0.0001449507544748485
1773142279.287497,PC1,0,Angle_Elbow_L,92.16,,,
1773142279.287497,PC1,0,Angle_Shoulder_L,112.22,,,
1773142279.287497,PC1,0,Length_UpperArm_L,0.5069,,,
1773142279.287497,PC1,0,Length_LowerArm_L,0.4668,,,
1773142279.287497,PC1,0,Width_Shoulder,0.3313,,,
1773142279.349525,PC1,0,0,0.55063,0.5221,-0.62371,0.9999234080314636
1773142279.349525,PC1,0,1,0.57195,0.46082,-0.6064,0.9998476505279541
1773142279.349525,PC1,0,2,0.58812,0.45777,-0.60612,0.9998706579208374
1773142279.349525,PC1,0,3,0.60291,0.45512,-0.6059,0.9998430609703064
1773142279.349525,PC1,0,4,0.5328,0.46784,-0.5843,0.9998164772987366
1773142279.349525,PC1,0,5,0.52241,0.46977,-0.58379,0.999805748462677
1773142279.349525,PC1,0,6,0.51224,0.47231,-0.58392,0.9997376203536987
1773142279.349525,PC1,0,7,0.63179,0.47023,-0.3986,0.9999144673347473
1773142279.349525,PC1,0,8,0.51278,0.49552,-0.27894,0.9998243451118469
1773142279.349525,PC1,0,9,0.58458,0.57943,-0.53899,0.9999173879623413
1773142279.349525,PC1,0,10,0.53826,0.58479,-0.50618,0.9998602271080017
1773142279.349525,PC1,0,11,0.74672,0.7085,-0.2516,0.9994817972183228
1773142279.349525,PC1,0,12,0.45159,0.75147,-0.08683,0.9958925247192383
1773142279.349525,PC1,0,13,0.96245,0.9357,-0.60292,0.9870697259902954
1773142279.349525,PC1,0,14,0.40224,1.03999,-0.2019,0.29153376817703247
1773142279.349525,PC1,0,15,0.75471,0.60699,-0.84469,0.9943791627883911
1773142279.349525,PC1,0,16,0.37337,1.21293,-0.72472,0.4383751451969147
1773142279.349525,PC1,0,17,0.71396,0.49571,-0.91177,0.9796255230903625
1773142279.349525,PC1,0,18,0.34973,1.32673,-0.70503,0.47590333223342896
1773142279.349525,PC1,0,19,0.69073,0.48292,-0.79337,0.9813374280929565
1773142279.349525,PC1,0,20,0.35626,1.32631,-0.68271,0.5541753172874451
1773142279.349525,PC1,0,21,0.68619,0.52863,-0.80502,0.9777738451957703
1773142279.349525,PC1,0,22,0.37686,1.30912,-0.6151,0.555803120136261
1773142279.349525,PC1,0,23,0.85629,1.77218,-0.0858,0.007579152937978506
1773142279.349525,PC1,0,24,0.62776,1.62716,0.0883,0.00423253932967782
1773142279.349525,PC1,0,25,0.70962,2.45255,0.04366,0.001859984127804637
1773142279.349525,PC1,0,26,0.51581,2.32978,0.2184,0.0003510240640025586
1773142279.349525,PC1,0,27,0.56689,3.05225,0.56553,0.0001162422850029543
1773142279.349525,PC1,0,28,0.40126,2.94346,0.58946,1.2934423466504086e-05
1773142279.349525,PC1,0,29,0.55954,3.13612,0.59855,8.890013123163953e-05
1773142279.349525,PC1,0,30,0.38563,3.02349,0.61914,2.6026897103292868e-05
1773142279.349525,PC1,0,31,0.49142,3.22083,0.1931,0.00019861276086885482
1773142279.349525,PC1,0,32,0.36927,3.1442,0.17554,0.00011806433758465573
1773142279.349525,PC1,0,Angle_Elbow_L,80.77,,,
1773142279.349525,PC1,0,Angle_Shoulder_L,114.1,,,
1773142279.349525,PC1,0,Length_UpperArm_L,0.4707,,,
1773142279.349525,PC1,0,Length_LowerArm_L,0.4579,,,
1773142279.349525,PC1,0,Width_Shoulder,0.3407,,,
